"","row","col","corr"
"1","Ahr","Arnt",0.0580807430654775
"3","Arnt","Arntl",1.30782250630413
"7","Ahr","Atf2",0.00170599165583088
"14","Atf1","Atf3",0.165082538538733
"15","Atf2","Atf3",0.00743133628702382
"19","Atf1","Atf4",0.0046686957470568
"25","Atf1","Atf7",0.133197882351714
"26","Atf2","Atf7",3.68076302731409
"27","Atf3","Atf7",0.0555414761537904
"32","Atf1","Batf",0.0359416656989467
"41","Atf2","Bbx",0.00737505800822717
"45","Batf","Bbx",0.0194722751611565
"52","Atf4","Bcl6",0.00361939151236324
"55","Bbx","Bcl6",0.0247865712269156
"56","Ahr","Bhlhe40",0.0042329512164054
"57","Arnt","Bhlhe40",0.590027655897444
"58","Arntl","Bhlhe40",0.231457899242599
"75","Batf","Cbfb",0.00866982396595124
"76","Bbx","Cbfb",0.00695756574375008
"87","Batf","Cdx1",0.039521175723384
"88","Bbx","Cdx1",0.0340548035216867
"95","Atf1","Creb1",1.12037672832177
"96","Atf2","Creb1",0.175582445897749
"97","Atf3","Creb1",0.206606659045463
"99","Atf7","Creb1",0.706440343986452
"100","Batf","Creb1",0.0132216299953063
"109","Atf1","Crem",0.434259604807441
"110","Atf2","Crem",0.239114378840848
"111","Atf3","Crem",0.205223341660623
"113","Atf7","Crem",0.926142318627562
"120","Creb1","Crem",0.534183087008886
"130","Bbx","Ctcf",0.0101043997721159
"133","Cbfb","Ctcf",0.0454573290369924
"141","Atf2","Ddit3",0.0893722311121866
"143","Atf4","Ddit3",1.09531445549691
"145","Batf","Ddit3",0.0101444992296356
"146","Bbx","Ddit3",0.0134969342414811
"150","Cdx1","Ddit3",0.00135511283870484
"151","Creb1","Ddit3",0.0219184741413507
"172","Ahr","E2f3",0.000349237735162448
"186","Creb1","E2f3",0.0116914453559474
"190","E2f1","E2f3",0.257772748947926
"194","Atf1","E2f4",0.00676017551554318
"199","Batf","E2f4",0.0467705412505744
"208","Ddit3","E2f4",0.000404819942492669
"209","E2f1","E2f4",2.35145211262454
"210","E2f3","E2f4",0.0525814583359488
"226","Crem","Egr1",0.047429805979642
"229","E2f1","Egr1",0.131036059259043
"232","Ahr","Egr2",0.0125056201591921
"247","Crem","Egr2",0.0171021744999126
"253","Egr1","Egr2",3.19008407711414
"254","Ahr","Elf1",0.0472089694988874
"257","Atf1","Elf1",0.0393807260657345
"273","E2f3","Elf1",0.0554669933954265
"278","Arnt","Elf2",0.0174359453683448
"283","Atf4","Elf2",0.0140399990251337
"287","Bcl6","Elf2",0.0212226946864985
"289","Cbfb","Elf2",0.0120291485097626
"293","Ctcf","Elf2",0.0531342936628435
"294","Ddit3","Elf2",0.0011568419109401
"300","Elf1","Elf2",0.426780091310925
"324","Elf1","Elf4",0.247533310593451
"325","Elf2","Elf4",0.697627349297335
"349","Elf1","Elk1",0.164601688413384
"350","Elf2","Elk1",0.215025409489142
"351","Elf4","Elk1",0.437691288379438
"353","Arnt","Elk3",0.00790513870955031
"362","Bcl6","Elk3",0.027258454788626
"375","Elf1","Elk3",0.0188803178316374
"377","Elf4","Elk3",0.391864209175408
"378","Elk1","Elk3",1.70832878118407
"398","E2f3","Elk4",0.000840464959440215
"402","Elf1","Elk4",0.338466159870968
"403","Elf2","Elk4",0.176212121764614
"405","Elk1","Elk4",0.43571999646735
"406","Elk3","Elk4",0.340821066544843
"423","Ctcf","Ets1",0.00833221603774871
"430","Elf1","Ets1",0.179938533301217
"431","Elf2","Ets1",0.0579944000983338
"432","Elf4","Ets1",0.0289400204104578
"435","Elk4","Ets1",0.916300075500752
"442","Atf4","Etv3",0.00102950985302431
"461","Elf4","Etv3",0.469788117180792
"463","Elk3","Etv3",0.663043397460969
"464","Elk4","Etv3",0.0490235506305479
"465","Ets1","Etv3",0.0327256155760067
"474","Batf","Etv6",0.00851849578166524
"475","Bbx","Etv6",0.0143725418092953
"476","Bcl6","Etv6",0.0359338128252041
"478","Cbfb","Etv6",0.0320495808036524
"482","Ctcf","Etv6",0.0317760392532772
"484","E2f1","Etv6",0.0229628695460888
"487","Egr1","Etv6",0.0338084852582675
"490","Elf2","Etv6",0.75944008230951
"491","Elf4","Etv6",0.00165178413749882
"492","Elk1","Etv6",0.0729013816558859
"495","Ets1","Etv6",0.99047817782231
"496","Etv3","Etv6",0.0870529420062659
"511","Creb1","Fli1",0.011151974806697
"518","Egr1","Fli1",0.0351144116089655
"519","Egr2","Fli1",0.0124136121969804
"520","Elf1","Fli1",0.28736505866066
"522","Elf4","Fli1",0.0746980761139801
"523","Elk1","Fli1",0.334541745149053
"524","Elk3","Fli1",0.066945467990377
"525","Elk4","Fli1",1.34813194976779
"526","Ets1","Fli1",0.98966573529223
"527","Etv3","Fli1",0.472909319551399
"532","Atf1","Fos",0.0615474455427221
"537","Batf","Fos",0.442809198714465
"543","Creb1","Fos",0.0510722530288839
"549","E2f4","Fos",0.0209827251750987
"565","Atf1","Fosb",0.0542616706652671
"568","Atf4","Fosb",0.038039919869806
"570","Batf","Fosb",0.803026903369485
"575","Cdx1","Fosb",0.0010383280041684
"576","Creb1","Fosb",0.0819564845263914
"580","E2f1","Fosb",0.00695985069491976
"589","Elk3","Fosb",0.0116771666538898
"595","Fos","Fosb",3.31245594830834
"598","Arntl","Fosl2",0.00520044992215358
"601","Atf3","Fosl2",1.71669779675604
"604","Batf","Fosl2",0.245190101340837
"623","Elk3","Fosl2",0.0248611176873158
"629","Fos","Fosl2",1.01152691702714
"630","Fosb","Fosl2",0.84606695835903
"635","Atf2","Foxj3",0.00908908974416499
"639","Batf","Foxj3",0.0138148629363549
"644","Cdx1","Foxj3",0.039124084856742
"648","Ddit3","Foxj3",0.010273658270977
"662","Etv6","Foxj3",0.0054385277864506
"667","Ahr","Foxn3",0.00797945572641573
"668","Arnt","Foxn3",0.000794926609270238
"670","Atf1","Foxn3",0.0117677254358529
"671","Atf2","Foxn3",0.00337446724371006
"680","Cdx1","Foxn3",0.0215532908530095
"684","Ddit3","Foxn3",0.000839034541159099
"689","Egr2","Foxn3",0.0684666215591187
"698","Etv6","Foxn3",0.0102187269826304
"699","Fli1","Foxn3",0.00315401071161521
"703","Foxj3","Foxn3",0.286783582417088
"707","Atf1","Foxo1",0.0012726929275895
"712","Batf","Foxo1",0.036073206767856
"713","Bbx","Foxo1",0.0495895368047287
"714","Bcl6","Foxo1",0.015583548471834
"720","Ctcf","Foxo1",0.00253108381360424
"733","Ets1","Foxo1",0.0139369321252101
"735","Etv6","Foxo1",0.0557536065027945
"740","Foxj3","Foxo1",0.0974439085671014
"741","Foxn3","Foxo1",0.160238108435873
"767","Elf4","Foxo3",0.00972050824750176
"778","Foxj3","Foxo3",0.373020339828874
"779","Foxn3","Foxo3",0.411300071801694
"780","Foxo1","Foxo3",1.07248030306818
"796","Crem","Foxp1",0.00764425788201162
"817","Foxj3","Foxp1",0.0798419207756086
"818","Foxn3","Foxp1",0.415363338285464
"819","Foxo1","Foxp1",0.320407494828233
"820","Foxo3","Foxp1",1.71316482854841
"822","Arnt","Gabpa",0.0184845477754618
"844","Elf1","Gabpa",0.856837963506354
"846","Elf4","Gabpa",0.0974908614201707
"847","Elk1","Gabpa",2.08895017649554
"848","Elk3","Gabpa",0.438410774902063
"849","Elk4","Gabpa",0.726212097694921
"850","Ets1","Gabpa",0.411109597096345
"851","Etv3","Gabpa",0.245883392361409
"852","Etv6","Gabpa",0.0660379808230555
"853","Fli1","Gabpa",1.32542113832839
"854","Fos","Gabpa",0.00697304317548817
"871","Bbx","Gata3",0.05597873001067
"872","Bcl6","Gata3",0.042849896731061
"875","Cdx1","Gata3",0.0331266480531197
"878","Ctcf","Gata3",0.00751849613794405
"879","Ddit3","Gata3",0.0630181386349941
"887","Elf4","Gata3",0.000441516257266283
"893","Etv6","Gata3",0.0444877813610216
"898","Foxj3","Gata3",0.0071330972256588
"899","Foxn3","Gata3",0.0579362816061927
"900","Foxo1","Gata3",0.0207378153812275
"905","Arnt","Gfi1",0.00762014775766045
"907","Atf1","Gfi1",0.020383143163923
"913","Bbx","Gfi1",0.0181464295248683
"917","Cdx1","Gfi1",0.0199516023009342
"920","Ctcf","Gfi1",0.00475856361371207
"940","Foxj3","Gfi1",0.0250530512990846
"946","Gata3","Gfi1",0.0230895372181505
"948","Arnt","Glis3",0.00614974100214429
"950","Atf1","Glis3",0.0308256604227607
"951","Atf2","Glis3",0.00724722061861487
"953","Atf4","Glis3",0.0179238497901021
"954","Atf7","Glis3",0.00313379964284007
"955","Batf","Glis3",0.0195695751491677
"956","Bbx","Glis3",0.0122859839218648
"957","Bcl6","Glis3",0.00891556349442897
"963","Ctcf","Glis3",0.0122460822754634
"966","E2f3","Glis3",0.0189568694007905
"971","Elf2","Glis3",0.028640211408
"984","Foxn3","Glis3",0.00615406799944874
"985","Foxo1","Glis3",0.0123927382994542
"990","Gfi1","Glis3",0.0126279337873838
"994","Atf1","Gmeb1",0.236517548082547
"997","Atf4","Gmeb1",0.047804372098689
"998","Atf7","Gmeb1",0.0221577877923112
"1004","Cdx1","Gmeb1",0.0185636412747151
"1009","E2f1","Gmeb1",0.0167313790106003
"1018","Elk3","Gmeb1",0.0106991106535408
"1023","Fli1","Gmeb1",0.0330259867719033
"1032","Gabpa","Gmeb1",0.00457343815367636
"1040","Atf2","Hic1",0.0117804472981781
"1045","Bbx","Hic1",0.0354189894474564
"1046","Bcl6","Hic1",0.00565482183458819
"1048","Cbfb","Hic1",0.00211758367835322
"1049","Cdx1","Hic1",0.00913781468082793
"1052","Ctcf","Hic1",0.156216316557294
"1055","E2f3","Hic1",0.0173368762815879
"1060","Elf2","Hic1",0.0176759547071685
"1065","Ets1","Hic1",0.000986053128662731
"1067","Etv6","Hic1",0.0101377741583623
"1072","Foxj3","Hic1",0.0240356882340269
"1073","Foxn3","Hic1",0.00276506164554326
"1078","Gata3","Hic1",0.0405658793906482
"1079","Gfi1","Hic1",0.0166650993242
"1080","Glis3","Hic1",0.0175910820394925
"1085","Atf1","Hlx",0.000425770158154537
"1088","Atf4","Hlx",0.000757245512733812
"1092","Bcl6","Hlx",0.000411581186960251
"1095","Cdx1","Hlx",0.0245883775175336
"1099","Ddit3","Hlx",0.00404907020088298
"1118","Foxj3","Hlx",0.0063417956227102
"1119","Foxn3","Hlx",0.0105947653415688
"1128","Hic1","Hlx",0.0131038368082345
"1137","Batf","Hmg20b",0.0238458587769634
"1138","Bbx","Hmg20b",0.00321872084227836
"1142","Cdx1","Hmg20b",0.0289342237591105
"1146","Ddit3","Hmg20b",0.00455982360545074
"1147","E2f1","Hmg20b",0.0072244075809539
"1160","Etv6","Hmg20b",0.00486615765034067
"1165","Foxj3","Hmg20b",0.01686923614124
"1166","Foxn3","Hmg20b",0.0127959121508481
"1171","Gata3","Hmg20b",0.0215775359297874
"1172","Gfi1","Hmg20b",0.0104531382067272
"1176","Hlx","Hmg20b",0.0169852569962675
"1192","Crem","Homez",0.0114315929387212
"1214","Foxn3","Homez",0.0030751375586059
"1217","Foxp1","Homez",0.0393919123227064
"1219","Gata3","Homez",0.0124148459719316
"1231","Atf3","Hsf2",0.0237057179881039
"1235","Bbx","Hsf2",0.0334793430212615
"1237","Bhlhe40","Hsf2",0.00139301806448339
"1238","Cbfb","Hsf2",0.0237545612625952
"1255","Ets1","Hsf2",0.00863738144282609
"1257","Etv6","Hsf2",0.0267207039260696
"1263","Foxn3","Hsf2",0.0188891849666159
"1264","Foxo1","Hsf2",0.00521205738878253
"1269","Gfi1","Hsf2",0.00112473339040937
"1271","Gmeb1","Hsf2",0.00647778458050308
"1272","Hic1","Hsf2",0.00836665335513416
"1275","Homez","Hsf2",0.0263504685609993
"1285","Bbx","Ikzf1",0.033239185071642
"1292","Ctcf","Ikzf1",0.00119983362771095
"1300","Elf2","Ikzf1",0.00595270443374113
"1307","Etv6","Ikzf1",0.0146169503299002
"1312","Foxj3","Ikzf1",0.0206050217155558
"1313","Foxn3","Ikzf1",0.0186446430390514
"1319","Gfi1","Ikzf1",0.00456317949463999
"1321","Gmeb1","Ikzf1",0.023799087571012
"1322","Hic1","Ikzf1",0.0114058738483994
"1323","Hlx","Ikzf1",0.00065592600597891
"1326","Hsf2","Ikzf1",0.029927792547474
"1327","Ahr","Ikzf3",0.0303165527774488
"1336","Bbx","Ikzf3",0.00612535536325511
"1346","E2f3","Ikzf3",0.0331339586534571
"1349","Egr2","Ikzf3",0.00957061231275608
"1351","Elf2","Ikzf3",0.0154945748097771
"1364","Foxn3","Ikzf3",0.00242557259581211
"1365","Foxo1","Ikzf3",0.0114622470279708
"1369","Gata3","Ikzf3",0.00956298143855207
"1378","Ikzf1","Ikzf3",0.0277171410731597
"1388","Bbx","Irf1",0.0132162874174239
"1393","Creb1","Irf1",0.00289625482420116
"1415","Foxj3","Irf1",0.0495284290118501
"1419","Foxp1","Irf1",0.00816728956338012
"1430","Ikzf1","Irf1",0.021924965333409
"1441","Bbx","Irf2",0.0215879241874399
"1444","Cbfb","Irf2",0.00588869223635917
"1463","Etv6","Irf2",0.00813464649690826
"1470","Foxo1","Irf2",0.00539984592630347
"1485","Irf1","Irf2",1.49683397860308
"1496","Bcl6","Irf3",0.396092483315137
"1513","Elk3","Irf3",0.00139055154027677
"1517","Etv6","Irf3",0.0137751086148415
"1538","Ikzf3","Irf3",0.00795086627321457
"1539","Irf1","Irf3",0.30595115333106
"1540","Irf2","Irf3",0.0427342050718009
"1549","Batf","Irf4",0.0432236761260645
"1550","Bbx","Irf4",0.0377029360337119
"1554","Cdx1","Irf4",0.0180721650890649
"1558","Ddit3","Irf4",0.0126709084807288
"1568","Elk3","Irf4",0.0142418664205589
"1570","Ets1","Irf4",0.0249573002055116
"1572","Etv6","Irf4",0.0451319851063595
"1578","Foxn3","Irf4",0.0268523876654558
"1583","Gata3","Irf4",0.0430323394882366
"1584","Gfi1","Irf4",0.0165167765742105
"1587","Hic1","Irf4",0.0157494153310152
"1589","Hmg20b","Irf4",0.00620975989487506
"1591","Hsf2","Irf4",0.0118069613932291
"1594","Irf1","Irf4",0.064022963192374
"1595","Irf2","Irf4",0.0586283112224884
"1596","Irf3","Irf4",0.151174434461749
"1601","Atf2","Irf7",0.000485192543094777
"1606","Bbx","Irf7",0.0201411293980146
"1612","Crem","Irf7",0.0125693070410101
"1614","Ddit3","Irf7",0.0043010694472563
"1633","Foxj3","Irf7",0.0145012563262246
"1634","Foxn3","Irf7",0.00765615625116426
"1639","Gata3","Irf7",0.0182330683416765
"1640","Gfi1","Irf7",0.0040592697368759
"1648","Ikzf1","Irf7",0.0091530102226136
"1649","Ikzf3","Irf7",0.00444873889626728
"1650","Irf1","Irf7",0.0929776938667829
"1651","Irf2","Irf7",0.483018663633281
"1653","Irf4","Irf7",0.0809813196954006
"1677","Elf1","Irf8",0.023199923114122
"1681","Elk3","Irf8",0.0171535745516582
"1683","Ets1","Irf8",0.089745154666946
"1685","Etv6","Irf8",0.0415200104093114
"1692","Foxo1","Irf8",0.0240203945521796
"1701","Hlx","Irf8",0.00874159534488926
"1702","Hmg20b","Irf8",0.0198759955730165
"1707","Irf1","Irf8",0.313241406422463
"1708","Irf2","Irf8",0.131461935048285
"1709","Irf3","Irf8",0.0486561527606414
"1710","Irf4","Irf8",1.66677824562149
"1711","Irf7","Irf8",0.139859776273629
"1716","Atf2","Isl2",0.000746388535489165
"1720","Batf","Isl2",0.027114161711103
"1721","Bbx","Isl2",0.0622025394714847
"1725","Cdx1","Isl2",0.0354808588731866
"1749","Foxn3","Isl2",0.0285535687121847
"1754","Gata3","Isl2",0.0202496241979043
"1760","Hmg20b","Isl2",0.0214444318540777
"1768","Irf4","Isl2",0.000356079301551822
"1769","Irf7","Isl2",0.0210029959691972
"1774","Atf1","Jun",0.069444805330517
"1776","Atf3","Jun",0.197158190140808
"1777","Atf4","Jun",0.143895273218931
"1793","Egr2","Jun",0.0258367604950643
"1804","Fos","Jun",0.783375915717366
"1805","Fosb","Jun",0.351875990187743
"1806","Fosl2","Jun",0.570321988938496
"1808","Foxn3","Jun",0.0123400677584534
"1816","Gmeb1","Jun",0.0424791031713049
"1831","Ahr","Junb",0.00484620026726899
"1834","Atf1","Junb",0.00475725720385408
"1836","Atf3","Junb",0.049022843582472
"1839","Batf","Junb",0.259980061895338
"1840","Bbx","Junb",0.00395629705570943
"1848","Ddit3","Junb",0.00834101388136058
"1863","Fli1","Junb",0.00369431420047673
"1864","Fos","Junb",0.129253002001617
"1865","Fosb","Junb",0.597248622897154
"1866","Fosl2","Junb",0.0474106299778184
"1868","Foxn3","Junb",0.0372640135990836
"1869","Foxo1","Junb",0.00977929895917985
"1873","Gata3","Junb",0.0416970288015751
"1875","Glis3","Junb",0.00287794703680211
"1879","Hmg20b","Junb",0.000210380895723771
"1887","Irf4","Junb",0.000608023632712603
"1891","Jun","Junb",1.03583298575037
"1899","Atf7","Jund",0.00837153603681837
"1900","Batf","Jund",0.460664818485277
"1901","Bbx","Jund",0.0207757480985941
"1902","Bcl6","Jund",0.0205027523111091
"1907","Crem","Jund",0.0600087399707577
"1908","Ctcf","Jund",0.0403214933127093
"1916","Elf2","Jund",0.000710906367066669
"1921","Ets1","Jund",0.0502798333105506
"1923","Etv6","Jund",0.0199374774825304
"1925","Fos","Jund",0.121937409315368
"1926","Fosb","Jund",0.128713287922001
"1927","Fosl2","Jund",0.312929937198449
"1930","Foxo1","Jund",0.0069174549876158
"1943","Ikzf1","Jund",0.00558579680763316
"1952","Jun","Jund",0.418870815653113
"1953","Junb","Jund",0.258098359164961
"1973","E2f3","Klf10",0.02252718212688
"1975","Egr1","Klf10",0.113748167431429
"1976","Egr2","Klf10",0.189922735803358
"2006","Ikzf3","Klf10",0.0131733090966445
"2023","Atf4","Klf13",0.0134825346185536
"2026","Bbx","Klf13",0.00040057877121357
"2035","E2f1","Klf13",0.110299812764398
"2038","Egr1","Klf13",0.00456824871335432
"2044","Elk3","Klf13",0.0112446521503296
"2049","Fli1","Klf13",0.0198654997769405
"2059","Gata3","Klf13",0.00668877125367792
"2067","Hsf2","Klf13",0.0129318081712838
"2068","Ikzf1","Klf13",0.00460327416031442
"2080","Klf10","Klf13",0.0224187144318072
"2097","Ctcf","Klf2",0.0164633988781875
"2101","E2f4","Klf2",0.0617161316190254
"2120","Foxo3","Klf2",0.00401707381847356
"2132","Ikzf1","Klf2",0.0180473667762984
"2144","Klf10","Klf2",0.0415421915002225
"2145","Klf13","Klf2",0.0157025384857345
"2164","E2f1","Klf3",0.334308210102654
"2166","E2f4","Klf3",0.219566164876269
"2209","Klf10","Klf3",0.300382097710536
"2211","Klf2","Klf3",0.380558343490451
"2212","Ahr","Klf4",0.0259750690126037
"2217","Atf3","Klf4",0.0276697522935666
"2231","E2f3","Klf4",0.0491006254231944
"2233","Egr1","Klf4",0.00276744010059007
"2234","Egr2","Klf4",0.249145387062696
"2244","Fli1","Klf4",0.0381833356744067
"2258","Hic1","Klf4",0.0118576597289721
"2263","Ikzf1","Klf4",0.0119888753235076
"2268","Irf4","Klf4",0.00495330171022911
"2273","Junb","Klf4",0.0290003055400508
"2275","Klf10","Klf4",0.0548557703719337
"2276","Klf13","Klf4",0.0585987646218299
"2278","Klf3","Klf4",0.234044888561054
"2279","Ahr","Klf5",0.0104537286312252
"2284","Atf3","Klf5",0.0440827267356122
"2294","Crem","Klf5",0.0176001399130098
"2295","Ctcf","Klf5",0.0596590485245227
"2297","E2f1","Klf5",0.279562855475515
"2300","Egr1","Klf5",0.0341087682136156
"2301","Egr2","Klf5",0.161313856053596
"2308","Ets1","Klf5",0.0270345738246598
"2311","Fli1","Klf5",0.0345155966601044
"2340","Junb","Klf5",0.0152767551781295
"2342","Klf10","Klf5",0.024239862342013
"2344","Klf2","Klf5",0.0332916175720433
"2345","Klf3","Klf5",0.33780096533551
"2346","Klf4","Klf5",2.21431940729528
"2352","Atf3","Klf6",0.0158104268029744
"2353","Atf4","Klf6",0.000747130719420996
"2363","Ctcf","Klf6",0.0413453330103133
"2365","E2f1","Klf6",0.30772887030392
"2368","Egr1","Klf6",0.420771887813129
"2369","Egr2","Klf6",0.0754982563882905
"2378","Etv6","Klf6",0.0448767955484571
"2379","Fli1","Klf6",0.0461228114309244
"2410","Klf10","Klf6",0.187001710251857
"2412","Klf2","Klf6",0.0628091554805753
"2413","Klf3","Klf6",0.85356096930342
"2414","Klf4","Klf6",0.513897439050384
"2415","Klf5","Klf6",1.57375332578874
"2424","Batf","Klf7",0.00138030338929576
"2430","Creb1","Klf7",0.0235779489198797
"2432","Ctcf","Klf7",0.00957381531459212
"2434","E2f1","Klf7",0.794077544992146
"2437","Egr1","Klf7",0.0722089715458645
"2447","Etv6","Klf7",0.0157120076617444
"2455","Foxo3","Klf7",0.0349874071065168
"2461","Gmeb1","Klf7",0.00856912818414171
"2479","Klf10","Klf7",0.0323797978541814
"2480","Klf13","Klf7",0.414199677477985
"2481","Klf2","Klf7",0.528603780348122
"2482","Klf3","Klf7",0.5788320004291
"2483","Klf4","Klf7",1.63191466530277
"2484","Klf5","Klf7",0.146944712809091
"2489","Atf1","Klf8",0.00482057588468623
"2500","Creb1","Klf8",0.0106395584845206
"2502","Ctcf","Klf8",0.0770430454915797
"2506","E2f4","Klf8",0.116375552153431
"2510","Elf2","Klf8",0.0303144019207715
"2530","Glis3","Klf8",0.00679875725310778
"2532","Hic1","Klf8",0.0444477292517547
"2537","Ikzf1","Klf8",0.000940006558063917
"2543","Irf7","Klf8",0.0135713247922926
"2549","Klf10","Klf8",0.0766925117628134
"2550","Klf13","Klf8",0.169293648152122
"2551","Klf2","Klf8",1.52909841920188
"2552","Klf3","Klf8",0.218347747511154
"2553","Klf4","Klf8",0.562894180280972
"2556","Klf7","Klf8",1.58004995277843
"2565","Batf","Mafk",0.116382037776557
"2566","Bbx","Mafk",0.0286737431839698
"2573","Ctcf","Mafk",0.0158045385764939
"2574","Ddit3","Mafk",0.00144432466956683
"2581","Elf2","Mafk",0.00629159899720192
"2588","Etv6","Mafk",0.00950038163604471
"2590","Fos","Mafk",0.101948424892282
"2591","Fosb","Mafk",0.00766219006983188
"2592","Fosl2","Mafk",0.0918116201856238
"2593","Foxj3","Mafk",0.0111242377601282
"2594","Foxn3","Mafk",0.010813304311249
"2595","Foxo1","Mafk",0.00519800784872411
"2599","Gata3","Mafk",0.0448339028645703
"2600","Gfi1","Mafk",0.0162643995784935
"2601","Glis3","Mafk",0.0277937583161557
"2603","Hic1","Mafk",0.0110829108686028
"2605","Hmg20b","Mafk",0.00434470713575092
"2609","Ikzf3","Mafk",0.000777336119481198
"2614","Irf7","Mafk",0.00323975946058245
"2618","Junb","Mafk",0.00766233887230859
"2630","Arnt","Max",0.71930587488168
"2631","Arntl","Max",0.130064504144238
"2640","Bhlhe40","Max",0.286018782176244
"2657","Elk4","Max",0.00863066276673749
"2673","Glis3","Max",0.0139491542399597
"2675","Hic1","Max",0.000512307709734977
"2694","Klf2","Max",0.00784928833952527
"2700","Klf8","Max",0.0160859712483492
"2707","Atf3","Maz",0.0511043085435264
"2712","Bcl6","Maz",0.242982181861161
"2717","Crem","Maz",0.00788477150782027
"2718","Ctcf","Maz",0.0237888530094615
"2720","E2f1","Maz",0.0495507124843472
"2723","Egr1","Maz",0.116423162269984
"2724","Egr2","Maz",0.0394232857277734
"2731","Ets1","Maz",0.0573319419941684
"2732","Etv3","Maz",0.0459509199075921
"2755","Irf1","Maz",0.0420701499843144
"2767","Klf2","Maz",0.00301140637095005
"2769","Klf4","Maz",0.194525920861154
"2770","Klf5","Maz",0.139030455020402
"2772","Klf7","Maz",0.128211319560477
"2776","Ahr","Mbd2",0.00935726568803169
"2777","Arnt","Mbd2",0.0105718711680456
"2790","Creb1","Mbd2",0.00843540660605197
"2792","Ctcf","Mbd2",0.00457050052356284
"2794","E2f1","Mbd2",0.0244528973568936
"2795","E2f3","Mbd2",0.00850966982582535
"2797","Egr1","Mbd2",0.0384033726698103
"2799","Elf1","Mbd2",0.0201659273120585
"2807","Etv6","Mbd2",0.00352685869907448
"2817","Gabpa","Mbd2",0.0100445415969572
"2828","Ikzf3","Mbd2",0.00415593717307115
"2849","Max","Mbd2",0.00274585381407077
"2851","Ahr","Mecp2",0.00436894082719689
"2852","Arnt","Mecp2",0.0149828451703644
"2854","Atf1","Mecp2",0.0100334708389491
"2860","Bbx","Mecp2",0.0075955330091029
"2865","Creb1","Mecp2",0.00419031685727264
"2867","Ctcf","Mecp2",0.00404152566385227
"2870","E2f3","Mecp2",0.0355338168626304
"2883","Fli1","Mecp2",0.0349433278316246
"2888","Foxn3","Mecp2",0.00598006511551295
"2894","Gfi1","Mecp2",0.0158193433503284
"2895","Glis3","Mecp2",0.00429900401190344
"2902","Ikzf1","Mecp2",0.00839664278927665
"2903","Ikzf3","Mecp2",0.0344846561611652
"2916","Klf2","Mecp2",0.00896285029730069
"2917","Klf3","Mecp2",0.0284079179730083
"2923","Mafk","Mecp2",0.0164830854122727
"2926","Mbd2","Mecp2",0.0475166191340682
"2931","Atf2","Meis3",0.0202315821985819
"2936","Bbx","Meis3",0.0226026962455176
"2943","Ctcf","Meis3",0.00877976262609622
"2951","Elf2","Meis3",0.0191364034686189
"2964","Foxn3","Meis3",0.0220743077043278
"2975","Hmg20b","Meis3",0.00101825224022048
"2978","Ikzf1","Meis3",0.00394666012613922
"2986","Isl2","Meis3",0.0105025131883942
"2988","Junb","Meis3",0.0120247332678528
"3004","Ahr","Meox2",0.015152010833578
"3009","Atf3","Meox2",0.00319478906985216
"3013","Bbx","Meox2",0.015135711069012
"3017","Cdx1","Meox2",0.0183397121747049
"3038","Fosb","Meox2",0.00712382452406628
"3039","Fosl2","Meox2",0.00484772197076991
"3042","Foxo1","Meox2",0.00296069064122983
"3043","Foxo3","Meox2",0.0163588166714699
"3051","Hlx","Meox2",0.233082764920114
"3055","Ikzf1","Meox2",0.00606764654796291
"3060","Irf4","Meox2",0.0130902879990421
"3083","Arnt","Mlx",0.0887133621386229
"3084","Arntl","Mlx",0.940949846111109
"3093","Bhlhe40","Mlx",0.568614508015924
"3119","Foxn3","Mlx",0.00384865963763691
"3126","Glis3","Mlx",0.00364067963957808
"3149","Klf4","Mlx",0.0138823355301952
"3155","Max","Mlx",0.160229319026695
"3156","Maz","Mlx",0.0487118556646989
"3162","Arnt","Mxd1",0.11776854477562
"3163","Arntl","Mxd1",0.149568514258254
"3176","Crem","Mxd1",0.0135973581375995
"3182","Egr1","Mxd1",0.0537528142525595
"3183","Egr2","Mxd1",0.00544231865749423
"3193","Fli1","Mxd1",0.00853900339817578
"3205","Glis3","Mxd1",0.010437184612857
"3206","Gmeb1","Mxd1",0.00689649252813119
"3212","Ikzf1","Mxd1",6.73732767413157e-06
"3228","Klf4","Mxd1",0.0336969434095788
"3229","Klf5","Mxd1",0.0588348149723997
"3230","Klf6","Mxd1",0.0166385386698057
"3231","Klf7","Mxd1",0.00523237932079465
"3233","Mafk","Mxd1",0.00489274656130578
"3234","Max","Mxd1",0.247101724433135
"3235","Maz","Mxd1",0.0288654468910976
"3236","Mbd2","Mxd1",0.0102269692595741
"3237","Mecp2","Mxd1",0.00544955703380217
"3240","Mlx","Mxd1",0.00641121671789127
"3242","Arnt","Myc",0.0682240429960822
"3247","Atf4","Myc",0.0100053241606415
"3256","Crem","Myc",0.0173282251028484
"3260","E2f3","Myc",0.0251372461055755
"3262","Egr1","Myc",0.0102041113287111
"3263","Egr2","Myc",0.00632073029721491
"3278","Foxn3","Myc",0.00213188388847011
"3287","Hic1","Myc",0.0245436561760076
"3292","Ikzf1","Myc",0.0203172447497302
"3298","Irf7","Myc",0.000731524065477658
"3302","Junb","Myc",0.000528750539326169
"3304","Klf10","Myc",0.00141839669984031
"3310","Klf6","Myc",0.036557304359959
"3314","Max","Myc",1.00303098256642
"3316","Mbd2","Myc",0.0156295634151595
"3320","Mlx","Myc",0.0247194746036331
"3321","Mxd1","Myc",0.510645037271294
"3330","Batf","Nfatc1",0.034617400659302
"3331","Bbx","Nfatc1",0.0284928237188819
"3332","Bcl6","Nfatc1",0.0162981188997071
"3335","Cdx1","Nfatc1",0.0304521055460185
"3353","Etv6","Nfatc1",0.0235748046866194
"3355","Fos","Nfatc1",0.0113691130672941
"3359","Foxn3","Nfatc1",0.00949661485695292
"3360","Foxo1","Nfatc1",0.0358287013856982
"3364","Gata3","Nfatc1",0.0305059803511957
"3365","Gfi1","Nfatc1",0.00558661325632725
"3368","Hic1","Nfatc1",0.00987250711693561
"3369","Hlx","Nfatc1",0.000366931823793526
"3370","Hmg20b","Nfatc1",0.00886962831425868
"3372","Hsf2","Nfatc1",0.0209642275319347
"3374","Ikzf3","Nfatc1",0.00551461856942779
"3378","Irf4","Nfatc1",0.017693085070538
"3379","Irf7","Nfatc1",0.00797639123347365
"3380","Irf8","Nfatc1",0.0235741549895257
"3383","Junb","Nfatc1",0.006261686319753
"3384","Jund","Nfatc1",0.0353699761394215
"3394","Mafk","Nfatc1",0.0170473845223715
"3399","Meis3","Nfatc1",0.000946941719694392
"3400","Meox2","Nfatc1",0.00417748683961482
"3404","Ahr","Nfe2l2",0.000930813751159423
"3408","Atf2","Nfe2l2",0.0174724264690213
"3412","Batf","Nfe2l2",0.163255096792301
"3413","Bbx","Nfe2l2",0.00973969589215532
"3417","Cdx1","Nfe2l2",0.0138657105528027
"3421","Ddit3","Nfe2l2",0.000795666263293749
"3428","Elf2","Nfe2l2",0.0142994509632535
"3435","Etv6","Nfe2l2",0.0272632477096538
"3437","Fos","Nfe2l2",0.0644044354717426
"3439","Fosl2","Nfe2l2",0.090242930985357
"3441","Foxn3","Nfe2l2",0.0407344978787064
"3442","Foxo1","Nfe2l2",0.0114553915946755
"3446","Gata3","Nfe2l2",0.00490949530573128
"3447","Gfi1","Nfe2l2",0.0216878342249858
"3449","Gmeb1","Nfe2l2",0.00324606261532612
"3450","Hic1","Nfe2l2",0.0130650489593869
"3451","Hlx","Nfe2l2",0.00432240358672877
"3452","Hmg20b","Nfe2l2",0.00599703273080299
"3462","Irf8","Nfe2l2",0.0255700162704012
"3464","Jun","Nfe2l2",0.0385549294420699
"3466","Jund","Nfe2l2",0.0181889801142275
"3476","Mafk","Nfe2l2",0.472306533960887
"3481","Meis3","Nfe2l2",0.0179719866368666
"3493","Atf4","Nfil3",0.416157059148253
"3496","Bbx","Nfil3",0.00796946386394263
"3497","Bcl6","Nfil3",0.00190740456630085
"3500","Cdx1","Nfil3",0.0605773216686582
"3504","Ddit3","Nfil3",0.0607189305893207
"3526","Foxo3","Nfil3",0.00355251815772791
"3529","Gata3","Nfil3",0.0189962142053077
"3531","Glis3","Nfil3",6.03530594896198e-07
"3535","Hmg20b","Nfil3",0.000699900717417074
"3538","Ikzf1","Nfil3",0.00239031237252118
"3543","Irf4","Nfil3",0.0403968336939978
"3559","Mafk","Nfil3",0.000246078525713113
"3567","Mxd1","Nfil3",0.0136504994639751
"3569","Nfatc1","Nfil3",0.0062010350803511
"3580","Bbx","Nfkb1",0.0107222981090931
"3590","E2f3","Nfkb1",0.00604066451821206
"3607","Foxj3","Nfkb1",0.00721387738805187
"3609","Foxo1","Nfkb1",0.00315960181667867
"3614","Gfi1","Nfkb1",0.00274522517045229
"3617","Hic1","Nfkb1",0.0149145234225652
"3623","Ikzf3","Nfkb1",0.0296373625390946
"3628","Irf7","Nfkb1",0.0219276526817798
"3631","Jun","Nfkb1",0.00269379579508014
"3662","Atf4","Nfkb2",0.00173067138090294
"3673","Ddit3","Nfkb2",0.00911012521242747
"3677","Egr1","Nfkb2",0.0161933831883218
"3678","Egr2","Nfkb2",0.0263691428869654
"3687","Etv6","Nfkb2",0.0152430513392376
"3693","Foxn3","Nfkb2",0.043373757305725
"3694","Foxo1","Nfkb2",0.0218134041126221
"3698","Gata3","Nfkb2",0.0151832082231943
"3699","Gfi1","Nfkb2",0.000113139735560483
"3708","Ikzf3","Nfkb2",0.0171885210724368
"3713","Irf7","Nfkb2",0.00723576149753681
"3717","Junb","Nfkb2",0.0145972335560901
"3720","Klf13","Nfkb2",0.00152096350682314
"3723","Klf4","Nfkb2",0.0057728041804257
"3724","Klf5","Nfkb2",0.0433115579791722
"3737","Myc","Nfkb2",0.00221779859324468
"3739","Nfe2l2","Nfkb2",0.00396633004154505
"3741","Nfkb1","Nfkb2",1.52341517168068
"3762","E2f4","Nfya",0.00873750181002879
"3776","Fosb","Nfya",0.0220196681858827
"3785","Gfi1","Nfya",0.0383781460236537
"3794","Ikzf3","Nfya",0.015185738740985
"3818","Mecp2","Nfya",0.0142394502292265
"3829","Ahr","Nfyb",0.00593896127313111
"3832","Atf1","Nfyb",0.0010243199442753
"3835","Atf4","Nfyb",0.01949061944907
"3838","Bbx","Nfyb",0.00289761069015804
"3843","Creb1","Nfyb",0.0266595542272612
"3847","E2f1","Nfyb",0.0250463125462447
"3848","E2f3","Nfyb",0.0472014959627935
"3849","E2f4","Nfyb",0.0189868777923115
"3861","Fli1","Nfyb",0.0163004276244985
"3866","Foxn3","Nfyb",0.0116044018688186
"3872","Gfi1","Nfyb",0.000960512819274197
"3881","Ikzf3","Nfyb",0.00488768019220101
"3905","Mecp2","Nfyb",0.0199724317523996
"3910","Myc","Nfyb",0.0407577981370616
"3913","Nfil3","Nfyb",0.000229660223240669
"3916","Nfya","Nfyb",1.45954888077539
"3917","Ahr","Nfyc",0.0296357190033825
"3923","Atf4","Nfyc",0.0106094284598985
"3926","Bbx","Nfyc",0.00872634317789153
"3931","Creb1","Nfyc",0.00616659057197591
"3932","Crem","Nfyc",0.0106886385512724
"3938","Egr1","Nfyc",0.0690667822316487
"3948","Etv6","Nfyc",0.016574973639713
"3949","Fli1","Nfyc",0.012632564347976
"3960","Gfi1","Nfyc",0.0414216608287213
"3981","Klf13","Nfyc",0.037683390787731
"3984","Klf4","Nfyc",0.00713143456728616
"3991","Maz","Nfyc",0.016438159780392
"3997","Mxd1","Nfyc",0.0128027199029858
"4004","Nfya","Nfyc",1.80994513512875
"4005","Nfyb","Nfyc",3.06747432458895
"4011","Atf3","Nr1i3",0.0400147147391274
"4015","Bbx","Nr1i3",0.0429306483605211
"4018","Cbfb","Nr1i3",0.00398961228756937
"4019","Cdx1","Nr1i3",0.0129965847524205
"4023","Ddit3","Nr1i3",0.0101636793323375
"4028","Egr2","Nr1i3",0.0176279879005218
"4029","Elf1","Nr1i3",0.00288701216456045
"4035","Ets1","Nr1i3",0.00467814191970097
"4041","Fosl2","Nr1i3",0.0028767176831406
"4042","Foxj3","Nr1i3",0.00164243981799267
"4043","Foxn3","Nr1i3",0.0042289659878562
"4044","Foxo1","Nr1i3",0.0113587655136659
"4049","Gfi1","Nr1i3",0.00246822138463499
"4050","Glis3","Nr1i3",0.0142612848049042
"4052","Hic1","Nr1i3",0.0103494440222674
"4055","Homez","Nr1i3",0.00133815195345615
"4062","Irf4","Nr1i3",0.0165913260139008
"4065","Isl2","Nr1i3",0.0108032767674522
"4067","Junb","Nr1i3",0.0210750202970302
"4073","Klf4","Nr1i3",0.00522845364878767
"4078","Mafk","Nr1i3",6.17118068256892e-05
"4086","Mxd1","Nr1i3",0.00595992741682833
"4089","Nfe2l2","Nr1i3",0.0310597949823718
"4090","Nfil3","Nr1i3",0.00466842518569622
"4092","Nfkb2","Nr1i3",0.0108589737701539
"4100","Atf2","Nr4a1",0.00534486705342186
"4104","Batf","Nr4a1",0.00409780617668837
"4105","Bbx","Nr4a1",0.0136250160916431
"4106","Bcl6","Nr4a1",0.00909882573728414
"4109","Cdx1","Nr4a1",0.00353759313161632
"4132","Foxj3","Nr4a1",0.000320417911082501
"4134","Foxo1","Nr4a1",0.034472870505103
"4144","Hmg20b","Nr4a1",0.0131038150856838
"4146","Hsf2","Nr4a1",0.00352712451203943
"4151","Irf3","Nr4a1",0.00711886663826778
"4152","Irf4","Nr4a1",0.0442834165324638
"4156","Jun","Nr4a1",0.00949858082992347
"4157","Junb","Nr4a1",0.00442389189837885
"4163","Klf4","Nr4a1",0.00532398374789449
"4168","Mafk","Nr4a1",0.0077627464510716
"4178","Nfatc1","Nr4a1",0.0119357439826488
"4181","Nfkb1","Nr4a1",0.0133492567137478
"4182","Nfkb2","Nr4a1",0.00356800104489491
"4184","Nfyb","Nr4a1",0.00259761789481805
"4186","Nr1i3","Nr4a1",0.0280365216065038
"4187","Ahr","Nr4a2",0.00601360276331923
"4193","Atf4","Nr4a2",0.0385138366869589
"4199","Cbfb","Nr4a2",0.00636102524408003
"4200","Cdx1","Nr4a2",0.0144564695072705
"4202","Crem","Nr4a2",0.0134096591460259
"4204","Ddit3","Nr4a2",0.00105642087597835
"4224","Foxn3","Nr4a2",0.0231416124303486
"4229","Gata3","Nr4a2",0.0506068010888167
"4230","Gfi1","Nr4a2",0.00535750718579702
"4235","Hmg20b","Nr4a2",0.0114989217664954
"4236","Homez","Nr4a2",0.011502801102025
"4237","Hsf2","Nr4a2",0.0128398164329584
"4239","Ikzf3","Nr4a2",0.0175657730957087
"4244","Irf7","Nr4a2",0.00560253751293883
"4245","Irf8","Nr4a2",0.00239092660340928
"4246","Isl2","Nr4a2",0.0148980653572484
"4247","Jun","Nr4a2",0.0471757223741752
"4248","Junb","Nr4a2",0.0108488386527191
"4254","Klf4","Nr4a2",0.0204534477491914
"4259","Mafk","Nr4a2",0.00549662262925475
"4264","Meis3","Nr4a2",0.0177200793552986
"4271","Nfil3","Nr4a2",0.0134996536858394
"4277","Nr1i3","Nr4a2",0.0330024132693459
"4278","Nr4a1","Nr4a2",0.0619269587469087
"4288","Bbx","Nr4a3",0.00589473615380531
"4304","Elf4","Nr4a3",0.00605116288646826
"4317","Foxo1","Nr4a3",0.00410362561706673
"4319","Foxp1","Nr4a3",0.00657758546415019
"4338","Isl2","Nr4a3",0.00915889217591537
"4351","Mafk","Nr4a3",0.011715064567434
"4353","Maz","Nr4a3",3.38618766966515e-05
"4361","Nfatc1","Nr4a3",0.0281056217149297
"4369","Nr1i3","Nr4a3",0.00183963180117076
"4370","Nr4a1","Nr4a3",0.396570493625468
"4371","Nr4a2","Nr4a3",1.72938418884236
"4382","Bcl6","Nrf1",0.0206311229859216
"4386","Creb1","Nrf1",0.0179013341457467
"4390","E2f1","Nrf1",0.0829548893772597
"4391","E2f3","Nrf1",0.012069241562766
"4393","Egr1","Nrf1",0.149120719739747
"4395","Elf1","Nrf1",0.0106176235179328
"4403","Etv6","Nrf1",0.018044928486741
"4404","Fli1","Nrf1",0.0539096866082728
"4417","Gmeb1","Nrf1",0.0285671268393385
"4421","Homez","Nrf1",0.0178104442433045
"4424","Ikzf3","Nrf1",0.0143920585438313
"4430","Irf8","Nrf1",0.00849837000812039
"4436","Klf13","Nrf1",0.00571353685929045
"4441","Klf6","Nrf1",0.0586801484798045
"4442","Klf7","Nrf1",0.0612149453074074
"4445","Max","Nrf1",0.0221868711196452
"4446","Maz","Nrf1",0.00708229625361691
"4447","Mbd2","Nrf1",0.0621265592478708
"4448","Mecp2","Nrf1",0.000640657604006469
"4451","Mlx","Nrf1",0.0064898130827477
"4452","Mxd1","Nrf1",0.0463775671432057
"4453","Myc","Nrf1",0.0227860423578053
"4460","Nfyb","Nrf1",0.0136416872227588
"4461","Nfyc","Nrf1",0.0567053288047472
"4469","Atf1","Patz1",0.00668718458287025
"4482","Ctcf","Patz1",0.00793316478452233
"4484","E2f1","Patz1",0.219871183938447
"4486","E2f4","Patz1",0.0742607392313825
"4510","Glis3","Patz1",0.00290465266366281
"4530","Klf13","Patz1",0.0487958450599347
"4531","Klf2","Patz1",0.278512965169593
"4532","Klf3","Patz1",0.724508148244647
"4533","Klf4","Patz1",0.0821565554323171
"4534","Klf5","Patz1",0.369198581620459
"4537","Klf8","Patz1",0.0194190577193704
"4540","Maz","Patz1",0.0937777642256388
"4567","Atf4","Pbx4",0.00227902510083411
"4570","Bbx","Pbx4",0.0443881145177215
"4592","Etv6","Pbx4",0.00194017488245402
"4599","Foxo1","Pbx4",0.00589126968508761
"4603","Gata3","Pbx4",0.0455323145222129
"4605","Glis3","Pbx4",0.0134456761628938
"4607","Hic1","Pbx4",0.0291986120499957
"4611","Hsf2","Pbx4",0.00801126822258341
"4618","Irf7","Pbx4",0.00588781204457638
"4643","Nfatc1","Pbx4",0.0192548469427391
"4644","Nfe2l2","Pbx4",0.00145599686528857
"4645","Nfil3","Pbx4",0.0018083337558585
"4646","Nfkb1","Pbx4",0.00958310099908516
"4647","Nfkb2","Pbx4",0.0059182897978168
"4649","Nfyb","Pbx4",0.00339012813939219
"4650","Nfyc","Pbx4",0.0179766195554602
"4651","Nr1i3","Pbx4",0.00635856874080173
"4666","Bbx","Phox2b",0.00667436512813719
"4673","Ctcf","Phox2b",0.000351568625996398
"4680","Elf1","Phox2b",0.00205392701330683
"4693","Foxj3","Phox2b",0.00816460410989989
"4694","Foxn3","Phox2b",0.0157570078466023
"4697","Foxp1","Phox2b",0.000180491594514968
"4699","Gata3","Phox2b",0.0110116268624779
"4700","Gfi1","Phox2b",0.0048127176537863
"4701","Glis3","Phox2b",0.00100296900573721
"4703","Hic1","Phox2b",0.010161410833628
"4704","Hlx","Phox2b",0.145567319099329
"4705","Hmg20b","Phox2b",0.000539312999670567
"4708","Ikzf1","Phox2b",0.00129368616535565
"4713","Irf4","Phox2b",0.0203113448173094
"4718","Junb","Phox2b",0.0102756337102431
"4721","Klf13","Phox2b",0.0183087725806522
"4728","Klf8","Phox2b",0.00195569938625454
"4735","Meox2","Phox2b",0.116306579191536
"4740","Nfe2l2","Phox2b",0.00381894875478674
"4741","Nfil3","Phox2b",0.0067298057177161
"4747","Nr1i3","Phox2b",0.0122837359305221
"4754","Ahr","Pknox1",0.000335306597859239
"4755","Arnt","Pknox1",0.0047275633647268
"4757","Atf1","Pknox1",0.00369554034829133
"4758","Atf2","Pknox1",0.0137549702742983
"4764","Bcl6","Pknox1",0.0112682755870109
"4768","Creb1","Pknox1",0.00218482656948943
"4775","Egr1","Pknox1",0.0176122527197164
"4777","Elf1","Pknox1",0.0535110382355315
"4783","Ets1","Pknox1",0.0100401883298736
"4790","Foxj3","Pknox1",0.00661075121579019
"4792","Foxo1","Pknox1",0.0157269747096153
"4797","Gfi1","Pknox1",0.018390794763908
"4800","Hic1","Pknox1",0.0015992084455938
"4801","Hlx","Pknox1",0.00956879600019921
"4805","Ikzf1","Pknox1",0.0117931674310743
"4808","Irf2","Pknox1",0.00425461891076581
"4813","Isl2","Pknox1",0.00725134948929614
"4818","Klf13","Pknox1",0.0168594803367152
"4821","Klf4","Pknox1",0.0104105972223796
"4831","Meis3","Pknox1",0.445762267743461
"4832","Meox2","Pknox1",0.00310763697838607
"4836","Nfatc1","Pknox1",0.00761606733177523
"4839","Nfkb1","Pknox1",0.00685351846912458
"4840","Nfkb2","Pknox1",0.0174198213061215
"4841","Nfya","Pknox1",0.0240317928031851
"4842","Nfyb","Pknox1",0.034359167978179
"4843","Nfyc","Pknox1",0.11511469742333
"4850","Pbx4","Pknox1",0.626380743363117
"4851","Phox2b","Pknox1",0.00882772334000918
"4853","Arnt","Prdm1",0.00899801604139196
"4856","Atf2","Prdm1",0.00497468594091301
"4861","Bbx","Prdm1",0.00536449081194308
"4868","Ctcf","Prdm1",0.0125075957365406
"4871","E2f3","Prdm1",0.00492020359308224
"4890","Foxo1","Prdm1",0.0121104650837144
"4896","Glis3","Prdm1",0.0140057842977837
"4903","Ikzf1","Prdm1",0.00861880255445894
"4904","Ikzf3","Prdm1",0.0266405057132504
"4905","Irf1","Prdm1",0.0491717617011974
"4906","Irf2","Prdm1",0.312866966586417
"4907","Irf3","Prdm1",0.183261105353152
"4909","Irf7","Prdm1",0.373641478602915
"4910","Irf8","Prdm1",0.220826584929954
"4916","Klf13","Prdm1",0.00246676842926064
"4929","Meis3","Prdm1",0.0162565579486243
"4935","Nfe2l2","Prdm1",0.00849557092521996
"4939","Nfya","Prdm1",0.00525016991848466
"4948","Pbx4","Prdm1",0.00645149118041772
"4960","Bbx","Rel",0.0136294488039985
"4968","Ddit3","Rel",0.0260863308874385
"4970","E2f3","Rel",0.0193614640569985
"4982","Etv6","Rel",0.0137167900399488
"4984","Fos","Rel",0.000552293348644664
"4993","Gata3","Rel",0.0454415061995906
"4994","Gfi1","Rel",0.0147286816409619
"4997","Hic1","Rel",0.0117111498032761
"5000","Homez","Rel",0.0206715260171261
"5001","Hsf2","Rel",0.00960749435138851
"5002","Ikzf1","Rel",0.00744970014888709
"5003","Ikzf3","Rel",0.0414810419205247
"5007","Irf4","Rel",0.0396784029415884
"5010","Isl2","Rel",0.00334922907310087
"5011","Jun","Rel",0.0023498231399224
"5023","Mafk","Rel",0.0197696054307793
"5028","Meis3","Rel",0.0130172002275365
"5029","Meox2","Rel",0.00581262729242416
"5033","Nfatc1","Rel",0.0225487733814646
"5034","Nfe2l2","Rel",0.015327554924887
"5036","Nfkb1","Rel",0.167327184671062
"5037","Nfkb2","Rel",0.186435730767888
"5043","Nr4a2","Rel",0.026168593386853
"5047","Pbx4","Rel",0.0203759727356283
"5049","Pknox1","Rel",0.00106926707982113
"5050","Prdm1","Rel",0.0112021087996268
"5061","Bcl6","Rela",0.917052629284996
"5062","Bhlhe40","Rela",0.0138545240547776
"5069","E2f1","Rela",0.0285416004766136
"5071","E2f4","Rela",0.0624236832894607
"5077","Elk1","Rela",0.00410162259813439
"5078","Elk3","Rela",0.0446102257602527
"5080","Ets1","Rela",0.00994338912216079
"5093","Gata3","Rela",0.00797970339987006
"5098","Hlx","Rela",0.00791369322945036
"5102","Ikzf1","Rela",0.00555374547476923
"5103","Ikzf3","Rela",0.0341293661398698
"5106","Irf3","Rela",0.149437949757612
"5121","Klf7","Rela",0.085688758573643
"5125","Maz","Rela",0.743483594632578
"5126","Mbd2","Rela",0.00531808967173679
"5136","Nfkb1","Rela",0.0516169335367908
"5137","Nfkb2","Rela",0.0542946558985858
"5150","Prdm1","Rela",0.0466182991090676
"5151","Rel","Rela",0.0399035759417554
"5161","Bbx","Relb",0.0197872756419131
"5167","Crem","Relb",0.010983260591474
"5173","Egr1","Relb",0.00590823758975216
"5189","Foxn3","Relb",0.0060879580624597
"5197","Gmeb1","Relb",0.00447588627550861
"5202","Hsf2","Relb",0.00963912977563135
"5204","Ikzf3","Relb",0.00595767370564012
"5212","Jun","Relb",0.00891825842698121
"5213","Junb","Relb",0.00737228061321334
"5221","Klf6","Relb",0.0185328535375257
"5228","Mecp2","Relb",0.0121577296614152
"5233","Myc","Relb",0.00550788384637079
"5236","Nfil3","Relb",0.00613201374951349
"5237","Nfkb1","Relb",0.0503430602149187
"5238","Nfkb2","Relb",0.56045750570898
"5242","Nr1i3","Relb",0.0153597217422765
"5247","Patz1","Relb",0.00297238786017671
"5248","Pbx4","Relb",0.0049690500848036
"5251","Prdm1","Relb",0.0169671183936284
"5252","Rel","Relb",0.122045515318769
"5253","Rela","Relb",0.0280398336848979
"5254","Ahr","Rfx1",0.0067941278866764
"5258","Atf2","Rfx1",0.0201963463024066
"5268","Creb1","Rfx1",0.020307637106841
"5270","Ctcf","Rfx1",0.0253053890270558
"5273","E2f3","Rfx1",0.0425501128322555
"5274","E2f4","Rfx1",0.0107156378242481
"5277","Elf1","Rfx1",0.0117981256546416
"5278","Elf2","Rfx1",0.00622807000172304
"5282","Elk4","Rfx1",0.0274250293884188
"5283","Ets1","Rfx1",0.00922787976529679
"5286","Fli1","Rfx1",0.0114725112642578
"5291","Foxn3","Rfx1",0.00830395759381628
"5295","Gabpa","Rfx1",0.00993050390177632
"5300","Hic1","Rfx1",0.0480687230014586
"5306","Ikzf3","Rfx1",0.0243264158925315
"5311","Irf7","Rfx1",0.00614856097331024
"5319","Klf2","Rfx1",0.00614045025080717
"5327","Max","Rfx1",0.0139359941930849
"5329","Mbd2","Rfx1",0.0495920997587022
"5330","Mecp2","Rfx1",0.0704309386097341
"5339","Nfkb1","Rfx1",0.00626752527456361
"5340","Nfkb2","Rfx1",0.0249894015466596
"5341","Nfya","Rfx1",0.0226916934481858
"5348","Nrf1","Rfx1",0.0554801418173187
"5361","Atf2","Rora",0.0284976872932178
"5366","Bbx","Rora",0.0340745262840601
"5367","Bcl6","Rora",0.00553373503563503
"5369","Cbfb","Rora",0.00333461964540439
"5379","Egr2","Rora",0.00904903230403719
"5388","Etv6","Rora",0.0152150502991716
"5393","Foxj3","Rora",0.00412641265063226
"5394","Foxn3","Rora",0.0378741340087333
"5395","Foxo1","Rora",0.00450901366993889
"5399","Gata3","Rora",0.0259286520935295
"5400","Gfi1","Rora",0.0201340416458787
"5403","Hic1","Rora",0.0188577461287219
"5407","Hsf2","Rora",0.0201883024281784
"5413","Irf4","Rora",0.0196787723846022
"5416","Isl2","Rora",0.0223628237649505
"5418","Junb","Rora",0.00342373513421413
"5421","Klf13","Rora",0.0368545695154553
"5424","Klf4","Rora",0.0209739780280276
"5429","Mafk","Rora",0.0114076657719245
"5440","Nfe2l2","Rora",0.0273174204690472
"5441","Nfil3","Rora",0.0125170823786949
"5443","Nfkb2","Rora",0.0145981022964443
"5447","Nr1i3","Rora",0.0670013156630785
"5448","Nr4a1","Rora",0.00423165554755695
"5449","Nr4a2","Rora",0.0217707048461783
"5453","Pbx4","Rora",0.0177637447103642
"5455","Pknox1","Rora",0.00195214805632171
"5456","Prdm1","Rora",0.00270897193662083
"5457","Rel","Rora",0.00709966541429921
"5460","Rfx1","Rora",0.0110027947398583
"5469","Batf","Runx1",0.0309603963660833
"5470","Bbx","Runx1",0.0280965186408729
"5473","Cbfb","Runx1",0.657299084074601
"5474","Cdx1","Runx1",0.0407768617184143
"5478","Ddit3","Runx1",0.00337192317843099
"5479","E2f1","Runx1",0.0194097247619847
"5481","E2f4","Runx1",0.0215041724929305
"5486","Elf4","Runx1",0.00803648431250197
"5488","Elk3","Runx1",0.0261103538149759
"5492","Etv6","Runx1",0.0318211422630305
"5497","Foxj3","Runx1",0.0144679686290045
"5498","Foxn3","Runx1",0.0364439406924663
"5502","Gabpa","Runx1",0.00837432517125653
"5503","Gata3","Runx1",0.0397174377805043
"5509","Hmg20b","Runx1",0.00272869191559334
"5511","Hsf2","Runx1",0.00211010416923073
"5513","Ikzf3","Runx1",0.00225593967696779
"5515","Irf2","Runx1",0.0124309750967572
"5517","Irf4","Runx1",0.0262590895606031
"5523","Jund","Runx1",0.0322278971422392
"5533","Mafk","Runx1",0.00281118974553353
"5538","Meis3","Runx1",0.0359511974921728
"5543","Nfatc1","Runx1",0.0190648810464657
"5544","Nfe2l2","Runx1",0.00748094146068129
"5550","Nfyc","Runx1",0.00536124636348984
"5552","Nr4a1","Runx1",0.00455406118103518
"5553","Nr4a2","Runx1",0.00852245478741553
"5555","Nrf1","Runx1",0.00547985319918453
"5561","Rel","Runx1",0.00420759521390898
"5563","Relb","Runx1",0.00941823429462956
"5574","Batf","Runx2",0.015521790625868
"5576","Bcl6","Runx2",0.00675954821990204
"5578","Cbfb","Runx2",0.423556412326465
"5579","Cdx1","Runx2",0.0127398743678745
"5582","Ctcf","Runx2",0.0106429920446657
"5583","Ddit3","Runx2",0.0244081088161397
"5584","E2f1","Runx2",0.00470888714178049
"5591","Elf4","Runx2",0.00102993852469075
"5595","Ets1","Runx2",0.00787102631753633
"5597","Etv6","Runx2",0.0354881064867564
"5603","Foxn3","Runx2",0.0705859952495837
"5608","Gata3","Runx2",0.0669152166365214
"5614","Hmg20b","Runx2",0.0310907145416145
"5616","Hsf2","Runx2",0.0110473225653768
"5617","Ikzf1","Runx2",0.00878832660378277
"5622","Irf4","Runx2",0.0297109660538484
"5627","Junb","Runx2",0.00900631171760207
"5638","Mafk","Runx2",0.0398509863609337
"5643","Meis3","Runx2",0.0122088728178725
"5644","Meox2","Runx2",0.00323111896439467
"5648","Nfatc1","Runx2",0.0542907369775358
"5649","Nfe2l2","Runx2",0.0102254782562022
"5650","Nfil3","Runx2",0.0307245572686948
"5655","Nfyc","Runx2",0.0123799394098443
"5657","Nr4a1","Runx2",0.0313798005095517
"5659","Nr4a3","Runx2",0.000474459010096497
"5663","Phox2b","Runx2",0.0139207136092392
"5666","Rel","Runx2",0.0107401427278658
"5668","Relb","Runx2",0.000997879192552309
"5670","Rora","Runx2",0.0225727002963529
"5671","Runx1","Runx2",2.07985507521288
"5676","Atf2","Runx3",0.00614994818789082
"5681","Bbx","Runx3",0.0189091278357279
"5683","Bhlhe40","Runx3",0.00384570895691824
"5684","Cbfb","Runx3",0.338026325777138
"5688","Ctcf","Runx3",0.00812048400244525
"5689","Ddit3","Runx3",0.020873089384305
"5701","Ets1","Runx3",0.0397527440863523
"5703","Etv6","Runx3",0.0398206561618289
"5708","Foxj3","Runx3",0.00971743093276048
"5713","Gabpa","Runx3",0.0195402553879294
"5714","Gata3","Runx3",0.000446273575391229
"5718","Hic1","Runx3",0.022111666482469
"5726","Irf2","Runx3",0.0030476301557386
"5728","Irf4","Runx3",0.00898942062613434
"5729","Irf7","Runx3",0.0279726634616715
"5733","Junb","Runx3",0.0144454696109927
"5734","Jund","Runx3",0.00320157014040247
"5743","Klf8","Runx3",0.00941440724156001
"5744","Mafk","Runx3",0.0122061619263924
"5754","Nfatc1","Runx3",0.00328397338978747
"5762","Nr1i3","Runx3",0.00314131635074007
"5763","Nr4a1","Runx3",0.000485228554843152
"5764","Nr4a2","Runx3",0.0190084022957054
"5766","Nrf1","Runx3",0.0222036277232194
"5769","Phox2b","Runx3",0.00599128028058114
"5772","Rel","Runx3",0.0261653635175845
"5774","Relb","Runx3",0.0101927857129711
"5776","Rora","Runx3",0.00223379053114141
"5777","Runx1","Runx3",1.3614094756655
"5778","Runx2","Runx3",0.671950968079266
"5779","Ahr","Setbp1",0.0190954893632812
"5782","Atf1","Setbp1",0.0233538534548496
"5796","Ddit3","Setbp1",0.00307251550409313
"5809","Etv3","Setbp1",0.00138532535913484
"5816","Foxn3","Setbp1",0.0218573208955798
"5822","Gfi1","Setbp1",0.00188332060596209
"5829","Hsf2","Setbp1",0.0121674123839236
"5837","Irf8","Setbp1",0.00233594195925484
"5839","Jun","Setbp1",0.0132869255304465
"5840","Junb","Setbp1",0.00150437295515893
"5843","Klf13","Setbp1",0.00193211136919677
"5856","Meis3","Setbp1",0.00692984530255386
"5857","Meox2","Setbp1",0.0119597687258579
"5868","Nfyc","Setbp1",0.00672450836591163
"5888","Arnt","Smad3",0.0165568862038178
"5891","Atf2","Smad3",0.0146784036033469
"5896","Bbx","Smad3",0.0258308788768761
"5897","Bcl6","Smad3",0.0453360189457289
"5899","Cbfb","Smad3",0.0317202151041883
"5903","Ctcf","Smad3",0.0733923568628178
"5905","E2f1","Smad3",0.0217685407708447
"5908","Egr1","Smad3",0.00378709807905004
"5911","Elf2","Smad3",0.00999016017034548
"5916","Ets1","Smad3",0.0210596115369268
"5917","Etv3","Smad3",0.0104467207363826
"5918","Etv6","Smad3",0.0181542226784798
"5925","Foxo1","Smad3",0.00243595917511832
"5929","Gata3","Smad3",0.0169303623255489
"5931","Glis3","Smad3",0.00585178752603614
"5933","Hic1","Smad3",0.0110355127438392
"5937","Hsf2","Smad3",0.0109395086555229
"5938","Ikzf1","Smad3",0.0350858161458206
"5939","Ikzf3","Smad3",0.0261613331770467
"5949","Jund","Smad3",0.054635916077323
"5952","Klf2","Smad3",0.0364072842153458
"5955","Klf5","Smad3",0.0287035464567508
"5956","Klf6","Smad3",0.0773436398164385
"5961","Maz","Smad3",0.114416028850208
"5963","Mecp2","Smad3",0.00952166688302454
"5964","Meis3","Smad3",0.0348398482316339
"5969","Nfatc1","Smad3",0.023402593184214
"5972","Nfkb1","Smad3",0.00269074096227134
"5977","Nr1i3","Smad3",0.0106001741337934
"5979","Nr4a2","Smad3",0.00355713433760907
"5982","Patz1","Smad3",0.0242392594266258
"5985","Pknox1","Smad3",0.0293786686860544
"5986","Prdm1","Smad3",0.0133127445077383
"5987","Rel","Smad3",0.00327012053871816
"5988","Rela","Smad3",0.0256785535015286
"5990","Rfx1","Smad3",0.0345378419311491
"5991","Rora","Smad3",0.00971984356585828
"5994","Runx3","Smad3",0.0148191237907626
"5998","Arntl","Snai1",0.0190848398027541
"6009","Cdx1","Snai1",0.016443999249363
"6012","Ctcf","Snai1",0.0559822463976431
"6018","Egr2","Snai1",0.0291260139855738
"6029","Fos","Snai1",0.000865936588706266
"6033","Foxn3","Snai1",0.0105796267535781
"6038","Gata3","Snai1",0.0253108854567855
"6042","Hic1","Snai1",0.0580577302240339
"6052","Irf4","Snai1",0.0155673001475261
"6057","Junb","Snai1",0.027427192660718
"6063","Klf4","Snai1",0.0342947343407471
"6064","Klf5","Snai1",0.0781168808058821
"6068","Mafk","Snai1",0.00221339261780916
"6070","Maz","Snai1",0.0437804198345961
"6072","Mecp2","Snai1",0.00243337574763088
"6073","Meis3","Snai1",0.120066603277816
"6076","Mxd1","Snai1",0.113858429038768
"6077","Myc","Snai1",0.0138478458937353
"6079","Nfe2l2","Snai1",0.00838477729347712
"6080","Nfil3","Snai1",0.0123569358806054
"6088","Nr4a2","Snai1",0.0112268237272771
"6089","Nr4a3","Snai1",0.00127533013002587
"6093","Phox2b","Snai1",0.00468794516932543
"6094","Pknox1","Snai1",0.0552691303250132
"6098","Relb","Snai1",0.0296173253047954
"6100","Rora","Snai1",0.00753507933689464
"6102","Runx2","Snai1",0.0263229561821713
"6127","Egr1","Snai3",0.036580940948026
"6128","Egr2","Snai3",0.0112372850109979
"6143","Foxn3","Snai3",0.0191278002374418
"6150","Glis3","Snai3",0.00523598854198799
"6152","Hic1","Snai3",0.0107751611335335
"6156","Hsf2","Snai3",0.0202115774284241
"6166","Jun","Snai3",0.00176234089656013
"6167","Junb","Snai3",0.02221880490793
"6173","Klf4","Snai3",0.0045168364566126
"6175","Klf6","Snai3",0.0167736078129783
"6186","Mxd1","Snai3",0.00561082827726256
"6187","Myc","Snai3",0.00174966495161104
"6188","Nfatc1","Snai3",0.00521289539927015
"6194","Nfyb","Snai3",0.00163296318669303
"6204","Pknox1","Snai3",0.0345003881329659
"6208","Relb","Snai3",0.0359134120481015
"6216","Snai1","Snai3",0.0815383697377353
"6233","Ctcf","Sp1",0.0466374919267002
"6236","E2f3","Sp1",0.0791218682588633
"6251","Fosb","Sp1",0.00113102652715047
"6254","Foxn3","Sp1",0.0168842065851915
"6257","Foxp1","Sp1",0.0193732533683901
"6259","Gata3","Sp1",0.00152962661974893
"6269","Ikzf3","Sp1",0.00416659799443148
"6270","Irf1","Sp1",0.0165490925524424
"6273","Irf4","Sp1",0.0445010097382977
"6278","Junb","Sp1",0.0404050274351112
"6282","Klf2","Sp1",0.0994273429550374
"6284","Klf4","Sp1",0.362204374465687
"6285","Klf5","Sp1",0.0974354773816287
"6291","Maz","Sp1",1.14997385626183
"6292","Mbd2","Sp1",0.019587400753826
"6293","Mecp2","Sp1",0.0121629064983864
"6296","Mlx","Sp1",0.000898924799104772
"6310","Nr4a3","Sp1",0.0157096416019826
"6320","Rfx1","Sp1",0.0178761223136328
"6327","Snai1","Sp1",0.0275297467958143
"6329","Ahr","Sp110",0.0185974658099434
"6332","Atf1","Sp110",0.0195069107125534
"6338","Bbx","Sp110",0.0129151174390274
"6339","Bcl6","Sp110",0.00089944941673337
"6345","Ctcf","Sp110",0.0151801414359951
"6348","E2f3","Sp110",0.0186969440912767
"6362","Fos","Sp110",0.00783651698278407
"6365","Foxj3","Sp110",0.00762477772238878
"6372","Gfi1","Sp110",0.0125318470781262
"6373","Glis3","Sp110",0.0142589688244714
"6375","Hic1","Sp110",0.030356834869501
"6380","Ikzf1","Sp110",0.00623597160889493
"6381","Ikzf3","Sp110",0.00162914817120044
"6392","Klf10","Sp110",0.00930111324482637
"6397","Klf5","Sp110",0.0060947629095145
"6398","Klf6","Sp110",0.00402017257138302
"6401","Mafk","Sp110",0.0258445289420889
"6410","Myc","Sp110",0.0197324037433452
"6411","Nfatc1","Sp110",0.00698839601916867
"6414","Nfkb1","Sp110",0.0213879201812238
"6415","Nfkb2","Sp110",0.00374295967358162
"6421","Nr4a2","Sp110",0.0126577556420538
"6423","Nrf1","Sp110",0.0232491722410181
"6424","Patz1","Sp110",0.000143010864661982
"6426","Phox2b","Sp110",0.00623924891466745
"6428","Prdm1","Sp110",0.0237738181788137
"6431","Relb","Sp110",0.00344696270303596
"6432","Rfx1","Sp110",0.0209574176195025
"6433","Rora","Sp110",0.035024966035388
"6434","Runx1","Sp110",0.0176249973822265
"6438","Smad3","Sp110",0.00980352492807172
"6452","Bcl6","Sp2",0.107759282721642
"6461","E2f3","Sp2",0.168476487389767
"6462","E2f4","Sp2",0.377339027999946
"6476","Fosb","Sp2",0.0365528496679917
"6481","Foxo3","Sp2",0.0192667430475387
"6484","Gata3","Sp2",0.0263574292508074
"6497","Irf3","Sp2",0.0326561064316663
"6498","Irf4","Sp2",0.00655007337856374
"6500","Irf8","Sp2",0.0094753354053536
"6505","Klf10","Sp2",0.0629918870227156
"6506","Klf13","Sp2",0.0355015038774094
"6508","Klf3","Sp2",0.505310708563015
"6517","Mbd2","Sp2",0.284204534014427
"6518","Mecp2","Sp2",0.11203486850796
"6530","Nfyb","Sp2",0.0118013804604818
"6536","Nrf1","Sp2",0.0575067198033901
"6542","Rel","Sp2",0.0118310616171096
"6543","Rela","Sp2",0.134342532899934
"6545","Rfx1","Sp2",0.0438043794316351
"6547","Runx1","Sp2",0.0661629481363789
"6554","Sp1","Sp2",1.91843811699945
"6598","Gata3","Sp3",0.000287776237376444
"6614","Irf8","Sp3",0.000875822803931752
"6619","Klf10","Sp3",0.251821456944642
"6622","Klf3","Sp3",1.72370681338429
"6630","Maz","Sp3",0.0427307114576861
"6649","Nr4a3","Sp3",0.0144326483443814
"6651","Patz1","Sp3",0.386488745849278
"6656","Rel","Sp3",0.00199278357673781
"6661","Runx1","Sp3",0.00986120687098381
"6668","Sp1","Sp3",1.25835001808219
"6670","Sp2","Sp3",2.14598075056301
"6672","Arnt","Sp4",0.00994656707259766
"6687","Ctcf","Sp4",0.062856972165967
"6691","E2f4","Sp4",1.25785409665326
"6695","Elf2","Sp4",0.0209163749330593
"6699","Elk4","Sp4",0.0438419710005244
"6704","Fos","Sp4",0.0408645543118135
"6705","Fosb","Sp4",0.00857605563529447
"6712","Gabpa","Sp4",0.0856047602530275
"6735","Klf13","Sp4",0.123787413401098
"6736","Klf2","Sp4",0.367650466029811
"6737","Klf3","Sp4",0.607406332092802
"6739","Klf5","Sp4",0.230475995821626
"6741","Klf7","Sp4",0.0398226400887269
"6742","Klf8","Sp4",0.249067061111956
"6745","Maz","Sp4",0.13012920378836
"6758","Nfya","Sp4",0.104028214571401
"6764","Nr4a3","Sp4",0.00815330023815741
"6774","Rfx1","Sp4",0.0181660721398603
"6780","Smad3","Sp4",0.0162222298473994
"6781","Snai1","Sp4",0.0242230492759016
"6783","Sp1","Sp4",1.27633031855178
"6785","Sp2","Sp4",0.141859959507096
"6786","Sp3","Sp4",0.977908114808139
"6790","Atf1","Srebf1",0.0193837032394815
"6796","Bbx","Srebf1",0.00730277048134276
"6798","Bhlhe40","Srebf1",0.197597805905333
"6808","Egr1","Srebf1",0.00591078945009793
"6811","Elf2","Srebf1",0.000526934255975862
"6819","Fli1","Srebf1",0.0236105437258295
"6824","Foxn3","Srebf1",0.0162943498964241
"6829","Gata3","Srebf1",0.0156772945340508
"6833","Hic1","Srebf1",0.0381546394885776
"6837","Hsf2","Srebf1",0.00912891573783176
"6841","Irf2","Srebf1",0.00780562389845428
"6843","Irf4","Srebf1",0.00829871603892361
"6844","Irf7","Srebf1",0.00430457018417178
"6848","Junb","Srebf1",0.0168459665274365
"6850","Klf10","Srebf1",0.00713862231394341
"6851","Klf13","Srebf1",0.0239220939400899
"6854","Klf4","Srebf1",0.0265394168018743
"6859","Mafk","Srebf1",0.00957428342168082
"6860","Max","Srebf1",0.013608411120548
"6863","Mecp2","Srebf1",0.0173005793643217
"6866","Mlx","Srebf1",0.0691508014872845
"6870","Nfe2l2","Srebf1",0.016136355186954
"6885","Pknox1","Srebf1",0.0208147373908755
"6889","Relb","Srebf1",0.0108663873375406
"6890","Rfx1","Srebf1",0.00853784913507234
"6891","Rora","Srebf1",0.022543138486284
"6893","Runx2","Srebf1",0.0147544811810872
"6904","Ahr","Srebf2",0.00819470135563748
"6914","Bcl6","Srebf2",0.0251001220875125
"6916","Cbfb","Srebf2",0.0121497092838424
"6920","Ctcf","Srebf2",0.006586734618163
"6927","Elf1","Srebf2",0.0128114700568157
"6950","Hic1","Srebf2",0.016650046277577
"6954","Hsf2","Srebf2",0.0162751692828004
"6956","Ikzf3","Srebf2",0.000976569250584387
"6966","Jund","Srebf2",0.00405480412372745
"6967","Klf10","Srebf2",0.0697341818260178
"6969","Klf2","Srebf2",0.0174985173843575
"6971","Klf4","Srebf2",0.0049626721639707
"6972","Klf5","Srebf2",0.0439672778512169
"6978","Maz","Srebf2",0.0164075188422718
"6981","Meis3","Srebf2",0.00391835969397767
"6989","Nfkb1","Srebf2",0.0215653529776397
"6990","Nfkb2","Srebf2",0.000177460060128501
"6991","Nfya","Srebf2",0.00449024137896664
"6994","Nr1i3","Srebf2",0.0166614714408966
"6995","Nr4a1","Srebf2",0.00550638928557057
"6999","Patz1","Srebf2",0.0857024296911594
"7002","Pknox1","Srebf2",0.00341816698845229
"7004","Rel","Srebf2",0.00498446095496206
"7005","Rela","Srebf2",0.0526104884980329
"7007","Rfx1","Srebf2",0.0095753300941635
"7010","Runx2","Srebf2",0.0177669578533283
"7013","Smad3","Srebf2",0.0205592787918281
"7014","Snai1","Srebf2",0.00248708298265113
"7017","Sp110","Srebf2",0.0296539448397583
"7021","Srebf1","Srebf2",0.491097365622628
"7031","Bbx","Stat1",0.00582915987999373
"7058","Foxj3","Stat1",0.1074588848901
"7061","Foxo3","Stat1",0.0191008108813761
"7063","Gabpa","Stat1",0.0118636912083798
"7064","Gata3","Stat1",0.00226041516507761
"7065","Gfi1","Stat1",0.00274177557072118
"7075","Irf1","Stat1",0.530844483929494
"7077","Irf3","Stat1",0.425707695448702
"7078","Irf4","Stat1",0.01020137137402
"7080","Irf8","Stat1",0.0437281848562369
"7094","Mafk","Stat1",0.000988927453426803
"7096","Maz","Stat1",0.0190204460459014
"7113","Nr4a1","Stat1",0.0151171687889877
"7124","Relb","Stat1",0.0097009607793055
"7126","Rora","Stat1",0.00403381808417729
"7127","Runx1","Stat1",0.00704288235432063
"7128","Runx2","Stat1",0.000130379430463131
"7134","Sp1","Stat1",0.028120915065175
"7135","Sp110","Stat1",0.000863495924782471
"7137","Sp3","Stat1",0.00705073164905254
"7177","Foxj3","Stat2",0.0601018885732687
"7181","Foxp1","Stat2",0.0340403713809473
"7192","Ikzf1","Stat2",0.00463236072006399
"7194","Irf1","Stat2",0.754304556325808
"7195","Irf2","Stat2",0.205570420843434
"7196","Irf3","Stat2",0.344725896010046
"7197","Irf4","Stat2",0.0768151239661882
"7198","Irf7","Stat2",0.163794499427676
"7199","Irf8","Stat2",0.0808616459664121
"7200","Isl2","Stat2",0.00542794983916725
"7218","Meis3","Stat2",0.00122171218183953
"7242","Rela","Stat2",0.0300575534170805
"7249","Setbp1","Stat2",0.0179271520430693
"7260","Stat1","Stat2",1.38531844904712
"7261","Ahr","Stat3",0.00658295377453453
"7265","Atf2","Stat3",0.0207379028379048
"7271","Bcl6","Stat3",0.0362393608968508
"7275","Creb1","Stat3",0.0181636938014355
"7285","Elf2","Stat3",0.112758621429244
"7292","Etv6","Stat3",0.0324928819360633
"7298","Foxn3","Stat3",0.0345294645183867
"7299","Foxo1","Stat3",0.00561359087342163
"7304","Gfi1","Stat3",9.55700820575499e-05
"7307","Hic1","Stat3",0.0174725122642473
"7310","Homez","Stat3",0.00458391681213125
"7311","Hsf2","Stat3",0.00860407679423129
"7312","Ikzf1","Stat3",0.0120363916319643
"7321","Jun","Stat3",0.00266257283408352
"7323","Jund","Stat3",0.0150250430471771
"7325","Klf13","Stat3",0.000922653038732469
"7328","Klf4","Stat3",0.00609460348148369
"7333","Mafk","Stat3",0.0125580089286
"7335","Maz","Stat3",0.010441659400136
"7342","Myc","Stat3",0.00925815123629948
"7343","Nfatc1","Stat3",0.00627048449329748
"7344","Nfe2l2","Stat3",0.000736205488917086
"7351","Nr1i3","Stat3",0.0151900606938908
"7353","Nr4a2","Stat3",0.0276522789709715
"7359","Pknox1","Stat3",0.00906256932173304
"7365","Rora","Stat3",0.00101398860428331
"7372","Snai3","Stat3",0.0275641720547489
"7388","Atf4","Stat4",0.00374464484152804
"7391","Bbx","Stat4",0.0153481823143798
"7392","Bcl6","Stat4",0.0978317513462828
"7394","Cbfb","Stat4",0.00619316349050422
"7424","Gata3","Stat4",0.0347408580504321
"7425","Gfi1","Stat4",0.0197126826568273
"7432","Hsf2","Stat4",0.019642986570798
"7444","Jund","Stat4",0.00210434410564876
"7455","Max","Stat4",0.011195434036278
"7456","Maz","Stat4",0.00516082731373596
"7459","Meis3","Stat4",0.0423124659625
"7463","Myc","Stat4",0.00501120268586401
"7464","Nfatc1","Stat4",0.0266053150771952
"7466","Nfil3","Stat4",0.0235942833683766
"7468","Nfkb2","Stat4",0.00676857359156166
"7472","Nr1i3","Stat4",0.00328150578322373
"7478","Pbx4","Stat4",0.000903813099565709
"7479","Phox2b","Stat4",0.00486471739047827
"7482","Rel","Stat4",0.0221568420662627
"7486","Rora","Stat4",0.0228200518275265
"7489","Runx3","Stat4",0.00408883632005914
"7494","Sp1","Stat4",0.00489146806138491
"7495","Sp110","Stat4",0.0112138039449212
"7496","Sp2","Stat4",0.00116858298552694
"7503","Stat3","Stat4",1.67312134223331
"7508","Atf2","Stat6",0.00711034504124434
"7512","Batf","Stat6",0.0161929317592331
"7513","Bbx","Stat6",0.026891823027971
"7516","Cbfb","Stat6",0.0243210214899396
"7517","Cdx1","Stat6",0.0188712737808184
"7535","Etv6","Stat6",0.0372906333381138
"7538","Fosb","Stat6",0.00556877878891801
"7540","Foxj3","Stat6",0.00982771781677369
"7541","Foxn3","Stat6",0.0333546720239662
"7542","Foxo1","Stat6",0.00833933474704746
"7546","Gata3","Stat6",0.0399677200706713
"7547","Gfi1","Stat6",0.004600943033376
"7550","Hic1","Stat6",0.00711768854683364
"7552","Hmg20b","Stat6",0.0104915734243545
"7554","Hsf2","Stat6",0.020964290082402
"7555","Ikzf1","Stat6",0.00829058118013391
"7558","Irf2","Stat6",0.0170275019482532
"7562","Irf8","Stat6",0.0220731291581768
"7563","Isl2","Stat6",0.00293000789749444
"7565","Junb","Stat6",0.0125366716928702
"7568","Klf13","Stat6",0.00307746338886133
"7569","Klf2","Stat6",0.00577872899082172
"7575","Klf8","Stat6",0.000589813644309669
"7576","Mafk","Stat6",0.00176598855870092
"7581","Meis3","Stat6",0.0209069638607769
"7586","Nfatc1","Stat6",0.0112033735184744
"7594","Nr1i3","Stat6",0.0241146345701045
"7595","Nr4a1","Stat6",0.00438612412447587
"7597","Nr4a3","Stat6",0.00139282038805846
"7602","Pknox1","Stat6",0.00792976630841508
"7603","Prdm1","Stat6",0.00455127855754194
"7604","Rel","Stat6",0.0499800614830407
"7607","Rfx1","Stat6",0.0100834484099287
"7608","Rora","Stat6",0.0121896230541541
"7609","Runx1","Stat6",0.00818940648972414
"7610","Runx2","Stat6",0.00812935870073745
"7615","Snai3","Stat6",0.00381606263444185
"7621","Srebf1","Stat6",0.0087586194099975
"7626","Stat4","Stat6",0.0418455634115403
"7627","Ahr","Taf1",0.00631087227883605
"7628","Arnt","Taf1",0.00708671640231222
"7641","Creb1","Taf1",0.00842991536719989
"7643","Ctcf","Taf1",0.064736140911851
"7646","E2f3","Taf1",0.0146636082536788
"7655","Elk4","Taf1",0.0389154864925756
"7670","Gfi1","Taf1",8.22607991305574e-05
"7671","Glis3","Taf1",0.00789389959339942
"7672","Gmeb1","Taf1",0.00505566767693425
"7679","Ikzf3","Taf1",0.0134099073720049
"7689","Jund","Taf1",0.000841801616900831
"7701","Maz","Taf1",0.029179662157711
"7702","Mbd2","Taf1",0.0420902672575606
"7703","Mecp2","Taf1",0.0312792355185068
"7714","Nfya","Taf1",0.0314294041234467
"7715","Nfyb","Taf1",0.0530415917509376
"7721","Nrf1","Taf1",0.0345976521620677
"7728","Rela","Taf1",0.0165179278685282
"7730","Rfx1","Taf1",0.0287264531702548
"7736","Smad3","Taf1",0.00300275882458438
"7739","Sp1","Taf1",0.0831514439047762
"7740","Sp110","Taf1",0.0361471444503581
"7741","Sp2","Taf1",0.0324677683262142
"7743","Sp4","Taf1",0.0303481392244374
"7750","Stat6","Taf1",0.000841361257005995
"7755","Atf2","Tbx21",0.00608883039421535
"7759","Batf","Tbx21",0.0586506793626539
"7760","Bbx","Tbx21",0.0348380778660641
"7761","Bcl6","Tbx21",0.036020007216581
"7763","Cbfb","Tbx21",0.0087749013839215
"7764","Cdx1","Tbx21",0.021425531504516
"7767","Ctcf","Tbx21",0.0099320438871875
"7768","Ddit3","Tbx21",0.0266525952711266
"7769","E2f1","Tbx21",0.0229371201034025
"7771","E2f4","Tbx21",0.00393788107919425
"7773","Egr2","Tbx21",0.0333067699018005
"7775","Elf2","Tbx21",0.0084572202037135
"7780","Ets1","Tbx21",0.00393857655465212
"7782","Etv6","Tbx21",0.0569826149147753
"7785","Fosb","Tbx21",0.00246164387737883
"7788","Foxn3","Tbx21",0.0350448947951924
"7789","Foxo1","Tbx21",0.00697380969128029
"7793","Gata3","Tbx21",0.0348576250376186
"7794","Gfi1","Tbx21",0.00374548672916085
"7795","Glis3","Tbx21",0.000572656327816883
"7798","Hlx","Tbx21",0.0019214880006357
"7799","Hmg20b","Tbx21",0.0211303149996228
"7801","Hsf2","Tbx21",0.0378108664136541
"7802","Ikzf1","Tbx21",0.0345813124090456
"7803","Ikzf3","Tbx21",0.00935084789228822
"7807","Irf4","Tbx21",0.0638356419341674
"7810","Isl2","Tbx21",0.00958322912299431
"7812","Junb","Tbx21",0.0205872278459904
"7813","Jund","Tbx21",0.0196096274604575
"7814","Klf10","Tbx21",0.00976264257129607
"7823","Mafk","Tbx21",0.021012699956398
"7826","Mbd2","Tbx21",0.00171041978341564
"7828","Meis3","Tbx21",0.070239199440294
"7829","Meox2","Tbx21",0.0254956195369041
"7833","Nfatc1","Tbx21",0.0428949942205043
"7834","Nfe2l2","Tbx21",0.0218572481662456
"7837","Nfkb2","Tbx21",0.00834164227476815
"7840","Nfyc","Tbx21",0.00139941756189068
"7841","Nr1i3","Tbx21",0.0160405851189165
"7842","Nr4a1","Tbx21",0.0269752133856336
"7843","Nr4a2","Tbx21",0.0324273832300121
"7847","Pbx4","Tbx21",0.00517453013154655
"7848","Phox2b","Tbx21",0.00919722336655112
"7849","Pknox1","Tbx21",0.00574315702989927
"7851","Rel","Tbx21",0.00434970661716645
"7852","Rela","Tbx21",0.014033518291254
"7855","Rora","Tbx21",0.0364520559027556
"7856","Runx1","Tbx21",0.0411036781584252
"7857","Runx2","Tbx21",0.0462632211586943
"7860","Smad3","Tbx21",0.0462963317210812
"7861","Snai1","Tbx21",0.0269188081059121
"7862","Snai3","Tbx21",0.00988386489535713
"7864","Sp110","Tbx21",0.000819235514108699
"7868","Srebf1","Tbx21",0.00664202544106767
"7872","Stat3","Tbx21",0.016103086342582
"7874","Stat6","Tbx21",0.00467127405626322
"7888","Cbfb","Tcf12",0.0181648221304698
"7892","Ctcf","Tcf12",0.101162717229256
"7900","Elf2","Tcf12",0.0213245105670895
"7905","Ets1","Tcf12",0.0110600198237055
"7914","Foxo1","Tcf12",0.0183360691638528
"7920","Glis3","Tcf12",0.004918826362018
"7922","Hic1","Tcf12",0.0229644413602314
"7927","Ikzf1","Tcf12",0.0310824567246307
"7928","Ikzf3","Tcf12",0.0162799835734851
"7938","Jund","Tcf12",0.015140486370801
"7939","Klf10","Tcf12",0.0110139447574649
"7941","Klf2","Tcf12",0.0306531962843968
"7948","Mafk","Tcf12",0.000157148206229041
"7950","Maz","Tcf12",0.042587459567913
"7952","Mecp2","Tcf12",0.0186840247337797
"7957","Myc","Tcf12",0.00410930164112071
"7958","Nfatc1","Tcf12",0.00111252630156303
"7961","Nfkb1","Tcf12",0.0237260542883833
"7965","Nfyc","Tcf12",0.0150480806975097
"7966","Nr1i3","Tcf12",0.0134120473115162
"7971","Patz1","Tcf12",0.0023330450771595
"7974","Pknox1","Tcf12",0.000859536032178313
"7979","Rfx1","Tcf12",0.034346516423546
"7980","Rora","Tcf12",0.00671350929557941
"7985","Smad3","Tcf12",0.103258141178343
"7986","Snai1","Tcf12",0.176305354762738
"7988","Sp1","Tcf12",0.0182371567495356
"7989","Sp110","Tcf12",0.0285640199487593
"7994","Srebf2","Tcf12",0.0197131877813224
"8000","Taf1","Tcf12",0.00267954362903028
"8001","Tbx21","Tcf12",0.0441809093887456
"8006","Atf2","Tcf3",0.00626606577117545
"8018","Ctcf","Tcf3",0.0477685467686833
"8019","Ddit3","Tcf3",0.0107162144686664
"8031","Ets1","Tcf3",0.0179164768479204
"8033","Etv6","Tcf3",0.0101570910148264
"8040","Foxo1","Tcf3",0.00302163424756038
"8044","Gata3","Tcf3",0.0099795884713439
"8047","Gmeb1","Tcf3",0.00358328864270415
"8048","Hic1","Tcf3",0.00423464065509119
"8052","Hsf2","Tcf3",0.0137508810444905
"8054","Ikzf3","Tcf3",0.0132306993749159
"8067","Klf2","Tcf3",0.0236442691213225
"8074","Mafk","Tcf3",0.00379924709063788
"8079","Meis3","Tcf3",0.0250033360928391
"8080","Meox2","Tcf3",0.00109961272475724
"8081","Mlx","Tcf3",0.00066073457966137
"8084","Nfatc1","Tcf3",0.00647452409103607
"8085","Nfe2l2","Tcf3",0.00205806184505775
"8099","Phox2b","Tcf3",0.00585874934867471
"8100","Pknox1","Tcf3",0.0173689718952306
"8105","Rfx1","Tcf3",0.00774841131879192
"8107","Runx1","Tcf3",0.0145815274720392
"8108","Runx2","Tcf3",0.00452606010453662
"8109","Runx3","Tcf3",0.020556007164462
"8111","Smad3","Tcf3",0.0278025208690283
"8113","Snai3","Tcf3",0.447545406623194
"8115","Sp110","Tcf3",0.0013282131422036
"8124","Stat4","Tcf3",0.00448098075798236
"8125","Stat6","Tcf3",0.0143107688291873
"8127","Tbx21","Tcf3",0.0444910205290031
"8128","Tcf12","Tcf3",0.824457815127056
"8133","Atf2","Tcf7",0.0253286490211149
"8138","Bbx","Tcf7",0.0509906293806567
"8139","Bcl6","Tcf7",0.0616037478838703
"8141","Cbfb","Tcf7",0.0367543966118589
"8145","Ctcf","Tcf7",0.00611497053083956
"8146","Ddit3","Tcf7",0.0292579270285848
"8156","Elk3","Tcf7",0.00728067838475844
"8160","Etv6","Tcf7",0.0782603001898446
"8165","Foxj3","Tcf7",0.0277158431106778
"8171","Gata3","Tcf7",0.0393272701239185
"8172","Gfi1","Tcf7",0.0177082257068643
"8177","Hmg20b","Tcf7",0.00890727501711823
"8180","Ikzf1","Tcf7",0.0358314173345144
"8183","Irf2","Tcf7",0.0523223032148993
"8184","Irf3","Tcf7",0.0362144802564751
"8186","Irf7","Tcf7",0.0689588243085876
"8191","Jund","Tcf7",0.000783422058458107
"8199","Klf7","Tcf7",0.0135642645892614
"8204","Mbd2","Tcf7",0.0149522451174679
"8206","Meis3","Tcf7",0.00117795118132671
"8212","Nfe2l2","Tcf7",0.000467739961671959
"8219","Nr1i3","Tcf7",0.0199165358220453
"8220","Nr4a1","Tcf7",0.0106586172940948
"8221","Nr4a2","Tcf7",0.0228698046259941
"8228","Prdm1","Tcf7",0.0111600384362608
"8229","Rel","Tcf7",0.0155274113227614
"8233","Rora","Tcf7",0.0239246383000955
"8234","Runx1","Tcf7",0.0217425812912462
"8236","Runx3","Tcf7",0.00753437004989811
"8238","Smad3","Tcf7",0.0260213133263162
"8242","Sp110","Tcf7",0.000175042831134681
"8246","Srebf1","Tcf7",0.00122834856310666
"8247","Srebf2","Tcf7",0.0064151180783976
"8248","Stat1","Tcf7",0.0210972344349646
"8251","Stat4","Tcf7",0.03509827080116
"8252","Stat6","Tcf7",0.0141786170521803
"8254","Tbx21","Tcf7",0.0203455600149532
"8256","Tcf3","Tcf7",0.112993420562361
"8260","Atf1","Tef",0.0293788481937824
"8264","Atf7","Tef",0.0564729667039298
"8272","Crem","Tef",0.023324286873801
"8274","Ddit3","Tef",0.100696357879223
"8288","Etv6","Tef",0.00664329617980086
"8300","Gfi1","Tef",0.0255912051657382
"8316","Isl2","Tef",0.0214865295848533
"8317","Jun","Tef",0.0168980553638119
"8329","Mafk","Tef",0.0109799560557641
"8335","Meox2","Tef",0.0107942263624971
"8341","Nfil3","Tef",0.70405530679663
"8365","Setbp1","Tef",0.000737332185221088
"8385","Tcf7","Tef",0.00298545381860853
"8389","Atf1","Tfdp1",0.000402383561186608
"8397","Bhlhe40","Tfdp1",0.000274333958947341
"8400","Creb1","Tfdp1",0.00389281476606321
"8404","E2f1","Tfdp1",0.254364844887637
"8405","E2f3","Tfdp1",0.608588985343574
"8406","E2f4","Tfdp1",0.0181671417906273
"8414","Elk4","Tfdp1",0.00234311219012512
"8418","Fli1","Tfdp1",0.0193535727940293
"8451","Klf2","Tfdp1",0.00811044944254923
"8480","Nrf1","Tfdp1",0.0152481502974148
"8489","Rfx1","Tfdp1",0.0164204598657982
"8518","Arntl","Tfe3",0.400647396363553
"8527","Bhlhe40","Tfe3",0.271232896766087
"8530","Creb1","Tfe3",0.00724604467144961
"8537","Egr1","Tfe3",0.000661045033657243
"8558","Gata3","Tfe3",0.00229087931350244
"8577","Junb","Tfe3",0.00477023997291145
"8580","Klf13","Tfe3",0.0016537070254706
"8595","Mlx","Tfe3",0.281716744314163
"8597","Myc","Tfe3",0.214855204978677
"8608","Nr4a2","Tfe3",0.00539867113994535
"8610","Nrf1","Tfe3",0.0086250898377363
"8612","Pbx4","Tfe3",0.0202118757996091
"8620","Rora","Tfe3",0.0320212976644692
"8633","Srebf1","Tfe3",0.319230885703106
"8660","Cdx1","Tgif1",0.0143365582420633
"8679","Fli1","Tgif1",0.000299197683611831
"8684","Foxn3","Tgif1",0.0314214988577034
"8695","Hmg20b","Tgif1",0.0081763227234028
"8706","Isl2","Tgif1",0.00910443394321837
"8708","Junb","Tgif1",0.0275657653556811
"8714","Klf4","Tgif1",0.00506336772016821
"8719","Mafk","Tgif1",0.0281822506009904
"8722","Mbd2","Tgif1",0.00305651216756899
"8724","Meis3","Tgif1",0.602524884394808
"8734","Nfya","Tgif1",0.00389762654207806
"8737","Nr1i3","Tgif1",0.0253618463000393
"8741","Nrf1","Tgif1",0.00679365003186185
"8744","Phox2b","Tgif1",0.00416139560540556
"8745","Pknox1","Tgif1",0.329270140353994
"8747","Rel","Tgif1",0.00732446368920352
"8749","Relb","Tgif1",0.00662272270832055
"8751","Rora","Tgif1",0.016153104851929
"8757","Snai1","Tgif1",0.309528767017762
"8763","Sp4","Tgif1",0.00939370613020532
"8764","Srebf1","Tgif1",0.00633865409639422
"8772","Tbx21","Tgif1",0.004901542799485
"8779","Ahr","Thap11",0.0190617449724109
"8782","Atf1","Thap11",4.22307897080553e-05
"8784","Atf3","Thap11",0.0179358341218572
"8788","Bbx","Thap11",0.0247175557351426
"8793","Creb1","Thap11",0.0189636258655252
"8811","Fli1","Thap11",0.045606210296712
"8815","Foxj3","Thap11",0.00608576619353297
"8816","Foxn3","Thap11",0.030084928212479
"8822","Gfi1","Thap11",0.0095934771218751
"8828","Homez","Thap11",0.00648751881261252
"8840","Junb","Thap11",0.0121601393650414
"8846","Klf4","Thap11",0.0299608386766504
"8859","Mxd1","Thap11",0.0145039258680198
"8868","Nfyc","Thap11",0.00195989573993611
"8869","Nr1i3","Thap11",0.00874966631263215
"8873","Nrf1","Thap11",0.00387289634283725
"8883","Rora","Thap11",0.0387774277002796
"8889","Snai1","Thap11",0.0125465704567992
"8892","Sp110","Thap11",0.0178696819188066
"8900","Stat3","Thap11",0.069142944625477
"8915","Atf1","Thrb",0.0237442609455522
"8916","Atf2","Thrb",0.0663974048302179
"8918","Atf4","Thrb",0.0121308272678754
"8919","Atf7","Thrb",0.00378206272925327
"8921","Bbx","Thrb",0.00852933086464572
"8928","Ctcf","Thrb",0.00111268567394308
"8933","Egr1","Thrb",0.0132629617541355
"8934","Egr2","Thrb",0.000884929158289156
"8936","Elf2","Thrb",0.0122462718956858
"8949","Foxn3","Thrb",0.00178415619001244
"8950","Foxo1","Thrb",0.00295528931902866
"8954","Gata3","Thrb",0.0203441757864653
"8956","Glis3","Thrb",0.0043539341256293
"8957","Gmeb1","Thrb",0.0120294540090474
"8958","Hic1","Thrb",0.0126089093490522
"8964","Ikzf3","Thrb",0.0011552234404337
"8974","Jund","Thrb",0.00338583678065974
"8975","Klf10","Thrb",0.00836986102592157
"8976","Klf13","Thrb",0.0030086113531377
"8979","Klf4","Thrb",0.000476476200110411
"8987","Mbd2","Thrb",0.0152427147241105
"8988","Mecp2","Thrb",0.000209336911805273
"8989","Meis3","Thrb",0.00815347641502816
"8994","Nfatc1","Thrb",0.00779867621689601
"8995","Nfe2l2","Thrb",0.0155598625438232
"8998","Nfkb2","Thrb",0.00293151475257294
"9008","Pbx4","Thrb",0.0297543875780219
"9010","Pknox1","Thrb",0.00737018199633946
"9011","Prdm1","Thrb",3.89928919209267e-05
"9012","Rel","Thrb",0.0171397831925574
"9015","Rfx1","Thrb",0.00717151323278923
"9016","Rora","Thrb",0.0474865428831592
"9017","Runx1","Thrb",0.0060832864279583
"9019","Runx3","Thrb",0.00690899737789694
"9021","Smad3","Thrb",0.00966696197248583
"9022","Snai1","Thrb",0.00121097268220349
"9025","Sp110","Thrb",0.00337317204425913
"9029","Srebf1","Thrb",0.0184815405989151
"9030","Srebf2","Thrb",0.0327574445755949
"9035","Stat6","Thrb",0.00333772809548709
"9038","Tcf12","Thrb",0.00390775657162462
"9043","Tfe3","Thrb",0.00826363567632981
"9069","Elf1","Tigd2",0.00333272968366266
"9091","Gmeb1","Tigd2",0.0450293011578343
"9092","Hic1","Tigd2",0.000395880995191769
"9113","Klf4","Tigd2",0.00387067808694343
"9116","Klf7","Tigd2",0.0326234922558874
"9118","Mafk","Tigd2",0.010704353804209
"9121","Mbd2","Tigd2",0.0101846855622284
"9125","Mlx","Tigd2",0.00321345149384857
"9126","Mxd1","Tigd2",0.00200421362112556
"9140","Nrf1","Tigd2",0.0229141529090561
"9144","Pknox1","Tigd2",0.0037497117293919
"9150","Rora","Tigd2",0.0112376868361551
"9159","Sp110","Tigd2",0.008989785824714
"9171","Tbx21","Tigd2",0.00167578948455921
"9172","Tcf12","Tigd2",0.0135587975365018
"9179","Thap11","Tigd2",0.0112266407845135
"9187","Atf4","Tlx2",0.00210317496776317
"9190","Bbx","Tlx2",0.00181196083810727
"9198","Ddit3","Tlx2",0.0128821848135072
"9214","Fos","Tlx2",0.0210568544849354
"9224","Gfi1","Tlx2",0.0122066661470385
"9227","Hic1","Tlx2",0.00125625471005694
"9228","Hlx","Tlx2",0.813269949627003
"9229","Hmg20b","Tlx2",0.000765590013943389
"9232","Ikzf1","Tlx2",0.00104402830354894
"9237","Irf4","Tlx2",0.0208036659797036
"9240","Isl2","Tlx2",0.137177329876608
"9243","Jund","Tlx2",0.00454745288584972
"9253","Mafk","Tlx2",0.00108322719429908
"9277","Pbx4","Tlx2",0.00258943265439792
"9294","Sp110","Tlx2",0.00551590607630877
"9300","Stat1","Tlx2",0.0125428464757254
"9303","Stat4","Tlx2",0.000367018620678865
"9304","Stat6","Tlx2",0.00624486560088694
"9321","Atf2","Trp53",0.0329761569109544
"9326","Bbx","Trp53",0.0108972757698182
"9330","Cdx1","Trp53",0.00112210277742621
"9334","Ddit3","Trp53",0.00521136001904111
"9339","Egr2","Trp53",0.00545433283434005
"9346","Ets1","Trp53",0.000545875307751449
"9349","Fli1","Trp53",0.0033981503624156
"9353","Foxj3","Trp53",0.00121973130431488
"9354","Foxn3","Trp53",0.0430144424671283
"9355","Foxo1","Trp53",0.0267570721675005
"9359","Gata3","Trp53",0.0357801005997956
"9360","Gfi1","Trp53",0.0105014032308702
"9363","Hic1","Trp53",0.0584524870602545
"9365","Hmg20b","Trp53",0.00920033795444501
"9367","Hsf2","Trp53",0.00210327081549817
"9368","Ikzf1","Trp53",0.0172122683180749
"9369","Ikzf3","Trp53",0.0298733453725923
"9372","Irf3","Trp53",0.00209802632912549
"9373","Irf4","Trp53",0.0375130502006664
"9374","Irf7","Trp53",0.0187542835917078
"9376","Isl2","Trp53",0.0161552084526916
"9378","Junb","Trp53",0.0302414137166084
"9381","Klf13","Trp53",0.0414501657360295
"9389","Mafk","Trp53",0.000906750812132333
"9393","Mecp2","Trp53",0.010665289865479
"9394","Meis3","Trp53",0.0305626636991411
"9399","Nfatc1","Trp53",0.0147329550052809
"9400","Nfe2l2","Trp53",0.00367997554341425
"9403","Nfkb2","Trp53",0.0119938189635754
"9405","Nfyb","Trp53",0.00873098472637921
"9406","Nfyc","Trp53",0.0031727537309342
"9408","Nr4a1","Trp53",0.00424418342589847
"9409","Nr4a2","Trp53",0.0100748931061914
"9410","Nr4a3","Trp53",0.00921851444070565
"9411","Nrf1","Trp53",0.0078139271360252
"9414","Phox2b","Trp53",0.00459836937223178
"9415","Pknox1","Trp53",0.0235194782506443
"9417","Rel","Trp53",0.0223903878832485
"9421","Rora","Trp53",0.0271630367848511
"9423","Runx2","Trp53",0.035729350934817
"9426","Smad3","Trp53",0.0286609911682057
"9427","Snai1","Trp53",0.051077995488501
"9428","Snai3","Trp53",0.0154474504703343
"9438","Stat3","Trp53",0.0128394997561505
"9439","Stat4","Trp53",0.0249003175018982
"9440","Stat6","Trp53",0.023791521744273
"9442","Tbx21","Trp53",0.0278435900158454
"9444","Tcf3","Trp53",0.000579943040468064
"9448","Tfe3","Trp53",0.0153224765257778
"9450","Thap11","Trp53",0.0057946168720495
"9453","Tlx2","Trp53",0.00771634491679933
"9456","Arntl","Usf1",0.53429185865244
"9533","Mlx","Usf1",0.585496986611615
"9571","Srebf1","Usf1",0.210792433998025
"9585","Tfe3","Usf1",1.59424970812625
"9593","Arnt","Usf2",0.219451786258396
"9594","Arntl","Usf2",0.46644155088274
"9601","Bbx","Usf2",0.00810899774826593
"9611","E2f3","Usf2",0.0173860508418586
"9616","Elf2","Usf2",0.0150369565295057
"9630","Foxo1","Usf2",0.0126667551221473
"9636","Glis3","Usf2",0.00362232406992826
"9638","Hic1","Usf2",0.0043244181991131
"9643","Ikzf1","Usf2",0.0078973197762125
"9644","Ikzf3","Usf2",0.0226036320681315
"9657","Klf2","Usf2",0.0154248032073509
"9663","Klf8","Usf2",0.00725638765106591
"9665","Max","Usf2",0.0837026561116589
"9668","Mecp2","Usf2",0.0172289645698422
"9688","Pbx4","Usf2",0.00333090894348249
"9695","Rfx1","Usf2",0.0212035314565377
"9708","Sp4","Usf2",0.0088217434418112
"9715","Stat6","Usf2",0.00828645751018672
"9716","Taf1","Usf2",0.0559965354631516
"9718","Tcf12","Usf2",0.00420516652851791
"9723","Tfe3","Usf2",0.326227729880484
"9729","Trp53","Usf2",0.0255572841336182
"9730","Usf1","Usf2",1.33016488054044
"9731","Ahr","Wt1",0.010762589894323
"9741","Bcl6","Wt1",0.00633506346471017
"9746","Crem","Wt1",0.000241394239575692
"9747","Ctcf","Wt1",0.000765735865515609
"9751","E2f4","Wt1",0.114126335437566
"9752","Egr1","Wt1",0.257198954999923
"9753","Egr2","Wt1",0.214493770769277
"9756","Elf4","Wt1",0.0317401740184393
"9757","Elk1","Wt1",0.0140682962612537
"9762","Etv6","Wt1",0.0389434393467145
"9763","Fli1","Wt1",0.0169258036812847
"9768","Foxn3","Wt1",0.0114904715998966
"9792","Junb","Wt1",0.0298390582782811
"9794","Klf10","Wt1",0.059669573285315
"9796","Klf2","Wt1",0.414329018427097
"9799","Klf5","Wt1",0.393815483188447
"9800","Klf6","Wt1",1.51161215282507
"9802","Klf8","Wt1",0.185214334254437
"9803","Mafk","Wt1",0.0199127764778041
"9812","Myc","Wt1",0.0371332636357922
"9820","Nfyc","Wt1",0.0171989976705901
"9825","Nrf1","Wt1",0.0173896825810925
"9832","Rela","Wt1",0.435762708799021
"9839","Setbp1","Wt1",0.0124207833106385
"9840","Smad3","Wt1",0.038887838643582
"9841","Snai1","Wt1",0.00878273360352371
"9855","Taf1","Wt1",0.00252183533563856
"9871","Ahr","Xbp1",0.0152722156099658
"9873","Arntl","Xbp1",0.141621683314308
"9874","Atf1","Xbp1",0.149990127805798
"9876","Atf3","Xbp1",0.195229399671133
"9878","Atf7","Xbp1",0.00947598372606397
"9879","Batf","Xbp1",0.0112913336978045
"9882","Bhlhe40","Xbp1",0.0643633821191554
"9892","Egr1","Xbp1",0.00652306118913315
"9904","Fos","Xbp1",0.0221815669943541
"9905","Fosb","Xbp1",0.00714659735802529
"9908","Foxn3","Xbp1",0.0110989891772882
"9918","Hlx","Xbp1",0.000348651707050042
"9927","Irf4","Xbp1",0.00355390445728465
"9934","Klf10","Xbp1",0.0148487172302745
"9940","Klf6","Xbp1",0.00408867670222035
"9946","Mbd2","Xbp1",0.0240289560042772
"9947","Mecp2","Xbp1",0.0189577193661437
"9948","Meis3","Xbp1",0.00812591248941289
"9950","Mlx","Xbp1",0.0836744664719356
"9951","Mxd1","Xbp1",0.0112490866227254
"9959","Nfyb","Xbp1",0.0198484891538085
"9960","Nfyc","Xbp1",0.0160079836174671
"9961","Nr1i3","Xbp1",0.0145670846283032
"9962","Nr4a1","Xbp1",0.0036613615238795
"9963","Nr4a2","Xbp1",0.0170269133111527
"9965","Nrf1","Xbp1",0.0255323214610212
"9974","Rfx1","Xbp1",0.000655847630158848
"9975","Rora","Xbp1",0.0225451259521419
"9992","Stat3","Xbp1",0.00415353857110254
"9994","Stat6","Xbp1",0.0121759915100668
"10002","Tfe3","Xbp1",0.169507349361659
"10004","Thap11","Xbp1",0.0196195195400482
"10005","Thrb","Xbp1",0.0202838817346931
"10008","Trp53","Xbp1",0.00953033736956552
"10012","Ahr","Zbtb17",0.0222882041907387
"10030","E2f1","Zbtb17",0.132312907763471
"10031","E2f3","Zbtb17",0.0221775492722311
"10033","Egr1","Zbtb17",0.0995072515160434
"10064","Ikzf3","Zbtb17",0.0194062281178618
"10075","Klf10","Zbtb17",0.129579567503318
"10081","Klf6","Zbtb17",0.177212061392744
"10086","Maz","Zbtb17",0.255519911299547
"10087","Mbd2","Zbtb17",0.0763888623291161
"10093","Myc","Zbtb17",0.0119847280070467
"10107","Patz1","Zbtb17",0.362696408337174
"10124","Sp1","Zbtb17",0.588201050365948
"10126","Sp2","Zbtb17",0.5690585826804
"10127","Sp3","Zbtb17",1.01778728431456
"10130","Srebf2","Zbtb17",0.000488990005238733
"10152","Wt1","Zbtb17",1.88467433272232
"10155","Arnt","Zbtb3",0.00910481214864235
"10158","Atf2","Zbtb3",0.0132907867880196
"10159","Atf3","Zbtb3",0.00424729863512867
"10160","Atf4","Zbtb3",0.0018636356951299
"10163","Bbx","Zbtb3",0.0179935025085231
"10170","Ctcf","Zbtb3",0.0498010985133269
"10171","Ddit3","Zbtb3",0.00209822540962231
"10178","Elf2","Zbtb3",0.00716739895167173
"10190","Foxj3","Zbtb3",0.00419801218357693
"10191","Foxn3","Zbtb3",0.0219795869852581
"10192","Foxo1","Zbtb3",0.0166181766062112
"10196","Gata3","Zbtb3",0.000456053867081022
"10197","Gfi1","Zbtb3",0.00681905676523878
"10200","Hic1","Zbtb3",0.00712795066052903
"10201","Hlx","Zbtb3",0.00522047721150482
"10202","Hmg20b","Zbtb3",0.00088592557167834
"10205","Ikzf1","Zbtb3",0.00886622472906433
"10206","Ikzf3","Zbtb3",0.003028393792393
"10212","Irf8","Zbtb3",0.00496249213280865
"10215","Junb","Zbtb3",0.0213356698483077
"10216","Jund","Zbtb3",0.0102844882577448
"10217","Klf10","Zbtb3",0.0142746903288378
"10225","Klf8","Zbtb3",0.00757250636577477
"10226","Mafk","Zbtb3",0.00937859245507972
"10230","Mecp2","Zbtb3",0.0158005108996639
"10231","Meis3","Zbtb3",0.00380805459417374
"10236","Nfatc1","Zbtb3",0.00669052923377013
"10237","Nfe2l2","Zbtb3",0.0214324982047314
"10238","Nfil3","Zbtb3",0.00107812282017386
"10239","Nfkb1","Zbtb3",0.00373000469103583
"10244","Nr1i3","Zbtb3",0.0067065654650497
"10245","Nr4a1","Zbtb3",0.0113660024805272
"10248","Nrf1","Zbtb3",0.00687589767447253
"10251","Phox2b","Zbtb3",0.0015229061933326
"10253","Prdm1","Zbtb3",0.011781629329577
"10256","Relb","Zbtb3",0.0210445442557323
"10258","Rora","Zbtb3",0.0109633130773801
"10260","Runx2","Zbtb3",0.0394885851082087
"10262","Setbp1","Zbtb3",0.00843820742273041
"10264","Snai1","Zbtb3",0.0152846210555695
"10265","Snai3","Zbtb3",0.0094133188968812
"10267","Sp110","Zbtb3",0.0101624101899634
"10271","Srebf1","Zbtb3",0.00425404554456048
"10272","Srebf2","Zbtb3",0.0174893129098649
"10277","Stat6","Zbtb3",0.0115292761003837
"10280","Tcf12","Zbtb3",0.0150510386552066
"10281","Tcf3","Zbtb3",0.0362947499896194
"10282","Tcf7","Zbtb3",0.0277385943714461
"10283","Tef","Zbtb3",0.0067804556576283
"10289","Tigd2","Zbtb3",0.0011603062358155
"10290","Tlx2","Zbtb3",0.00692685026266372
"10291","Trp53","Zbtb3",0.0202668709114937
"10293","Usf2","Zbtb3",0.00249229353694958
"10297","Ahr","Zfp143",0.00300601439824377
"10308","Bhlhe40","Zfp143",0.00536817640063074
"10316","E2f3","Zfp143",0.0301964425663852
"10317","E2f4","Zfp143",0.00188544512403687
"10333","Foxj3","Zfp143",0.0114018066899656
"10335","Foxo1","Zfp143",0.00516980026446835
"10340","Gfi1","Zfp143",0.00108567707862784
"10348","Ikzf1","Zfp143",0.0390888202836788
"10360","Klf10","Zfp143",0.0245106575962988
"10368","Klf8","Zfp143",0.0127929219080444
"10372","Mbd2","Zfp143",0.0109256896208095
"10373","Mecp2","Zfp143",0.0538116674422999
"10378","Myc","Zfp143",0.0373704672507417
"10384","Nfya","Zfp143",0.00556709005917356
"10391","Nrf1","Zfp143",0.0784464033626949
"10399","Relb","Zfp143",0.00158622642531058
"10410","Sp110","Zfp143",0.011234328251191
"10413","Sp4","Zfp143",0.00758858393890461
"10415","Srebf2","Zfp143",0.0178933391344986
"10418","Stat3","Zfp143",0.0825689397686477
"10421","Taf1","Zfp143",0.011858615757348
"10427","Tfdp1","Zfp143",0.00573330699895885
"10430","Thap11","Zfp143",1.96743595344291
"10434","Trp53","Zfp143",0.0319316735004052
"10450","Bbx","Zfp212",0.0266264540274118
"10451","Bcl6","Zfp212",0.204124213809163
"10453","Cbfb","Zfp212",0.00298675443557856
"10454","Cdx1","Zfp212",0.00182016076802523
"10459","E2f1","Zfp212",0.00338251338986504
"10474","Fos","Zfp212",0.00327364767274386
"10476","Fosl2","Zfp212",0.00585543302327002
"10478","Foxn3","Zfp212",0.0251522787328795
"10483","Gata3","Zfp212",0.0341761681118047
"10484","Gfi1","Zfp212",0.00512310250375965
"10489","Hmg20b","Zfp212",0.00114964736369928
"10491","Hsf2","Zfp212",0.00709528208579002
"10496","Irf3","Zfp212",0.196300973504922
"10502","Junb","Zfp212",0.00239486256134775
"10507","Klf3","Zfp212",0.00770683242478455
"10513","Mafk","Zfp212",0.00968343685751765
"10518","Meis3","Zfp212",0.000807049347727112
"10524","Nfe2l2","Zfp212",0.018149164957177
"10532","Nr4a1","Zfp212",0.0134736924037919
"10540","Prdm1","Zfp212",0.0388192378327463
"10541","Rel","Zfp212",0.0129485634352882
"10542","Rela","Zfp212",0.109849982882861
"10545","Rora","Zfp212",0.0142482384201712
"10546","Runx1","Zfp212",0.0105717699819172
"10548","Runx3","Zfp212",0.00151566724591032
"10550","Smad3","Zfp212",0.00900090236295254
"10555","Sp2","Zfp212",0.0013394439646308
"10556","Sp3","Zfp212",0.0162013762060497
"10557","Sp4","Zfp212",0.000842505234138822
"10561","Stat2","Zfp212",0.00652523638860966
"10566","Tbx21","Zfp212",0.0424672098488338
"10569","Tcf7","Zfp212",0.0337285579865773
"10577","Tlx2","Zfp212",0.0171421992356282
"10578","Trp53","Zfp212",0.0158464686755054
"10584","Zbtb3","Zfp212",0.0128291367313007
"10595","Bbx","Zfp260",0.00437502019018243
"10596","Bcl6","Zfp260",0.0955240811123468
"10615","Ets1","Zfp260",0.0431664485444605
"10623","Foxn3","Zfp260",0.00578096001348652
"10629","Gfi1","Zfp260",0.0162605199931602
"10631","Gmeb1","Zfp260",0.00715500251055999
"10638","Ikzf3","Zfp260",0.0592208974057138
"10641","Irf3","Zfp260",0.00510947621325241
"10660","Maz","Zfp260",0.172276176975339
"10662","Mecp2","Zfp260",0.0248450053793256
"10673","Nfya","Zfp260",0.00260591008243396
"10676","Nr1i3","Zfp260",0.00684499328930159
"10685","Prdm1","Zfp260",0.0163291084410485
"10687","Rela","Zfp260",0.14881037102496
"10695","Smad3","Zfp260",0.0152252274620656
"10704","Srebf2","Zfp260",0.000254706760876223
"10710","Taf1","Zfp260",0.118603776051475
"10713","Tcf3","Zfp260",0.002046844652359
"10714","Tcf7","Zfp260",0.0114346649083152
"10721","Tigd2","Zfp260",0.0153589437741072
"10723","Trp53","Zfp260",0.00636377752717561
"10726","Wt1","Zfp260",0.0663070873117519
"10729","Zbtb3","Zfp260",0.0349514341423029
"10733","Arnt","Zfp263",0.0192268625520117
"10736","Atf2","Zfp263",0.0128035892006503
"10738","Atf4","Zfp263",0.0141564945514453
"10740","Batf","Zfp263",0.00910369167008698
"10742","Bcl6","Zfp263",0.00190368134537901
"10751","E2f3","Zfp263",0.056557704393742
"10754","Egr2","Zfp263",0.0105165229810218
"10755","Elf1","Zfp263",0.0233499044675367
"10756","Elf2","Zfp263",0.0121469923765136
"10768","Foxj3","Zfp263",0.00254651109571152
"10776","Glis3","Zfp263",0.0201716676647016
"10778","Hic1","Zfp263",0.0290865082097848
"10781","Homez","Zfp263",0.00881038786420962
"10782","Hsf2","Zfp263",0.00165706861791969
"10783","Ikzf1","Zfp263",0.0105483308595898
"10794","Jund","Zfp263",0.00357030289110922
"10804","Mafk","Zfp263",0.017884783374013
"10808","Mecp2","Zfp263",0.0224658348934061
"10813","Myc","Zfp263",0.00752333070184555
"10819","Nfya","Zfp263",0.00725252280757667
"10822","Nr1i3","Zfp263",0.0115002090203592
"10824","Nr4a2","Zfp263",0.00314056741975451
"10826","Nrf1","Zfp263",0.0232540117331307
"10830","Pknox1","Zfp263",0.0215762388149832
"10831","Prdm1","Zfp263",0.00113109715394208
"10832","Rel","Zfp263",0.0279581079592433
"10841","Smad3","Zfp263",0.0128227102696628
"10842","Snai1","Zfp263",0.000241499674423418
"10843","Snai3","Zfp263",0.0294880757147468
"10845","Sp110","Zfp263",0.012088354660016
"10849","Srebf1","Zfp263",0.00249132377097815
"10850","Srebf2","Zfp263",0.000743190113556086
"10854","Stat4","Zfp263",0.00922138882415196
"10855","Stat6","Zfp263",0.00586608865430736
"10856","Taf1","Zfp263",0.0317049034284214
"10857","Tbx21","Zfp263",0.0125424444095691
"10858","Tcf12","Zfp263",0.0236493917218082
"10859","Tcf3","Zfp263",0.0107941441505525
"10860","Tcf7","Zfp263",0.0103181031493867
"10866","Thrb","Zfp263",0.00129013200009307
"10869","Trp53","Zfp263",0.0192379574852245
"10875","Zbtb3","Zfp263",0.0187152531015471
"10877","Zfp212","Zfp263",0.00189711713018366
"10878","Zfp260","Zfp263",0.0448882428505216
"10895","Ctcf","Zfp281",0.0688451241116253
"10901","Egr2","Zfp281",0.14528198932229
"10903","Elf2","Zfp281",0.0302336490083074
"10923","Glis3","Zfp281",0.0190820938782084
"10929","Hsf2","Zfp281",0.0069574014569249
"10931","Ikzf3","Zfp281",0.00697230530011153
"10942","Klf10","Zfp281",0.0768691432916457
"10949","Klf7","Zfp281",0.175769238535775
"10953","Maz","Zfp281",0.60422828230838
"10974","Patz1","Zfp281",0.362818743213398
"10977","Pknox1","Zfp281",0.00526543592168527
"10980","Rela","Zfp281",0.116973510007199
"10988","Smad3","Zfp281",0.0224026841238749
"10994","Sp3","Zfp281",0.26156357115863
"10995","Sp4","Zfp281",0.18010275704957
"10997","Srebf2","Zfp281",0.147794671509298
"11003","Taf1","Zfp281",0.0211492876080691
"11004","Tbx21","Zfp281",0.0124268091158275
"11005","Tcf12","Zfp281",0.022320088786988
"11013","Thrb","Zfp281",0.0131687097589152
"11021","Zbtb17","Zfp281",0.83135069057284
"11025","Zfp260","Zfp281",0.00593608957844292
"11026","Zfp263","Zfp281",0.0543580427671822
"11035","Batf","Zfp287",0.00503150793577583
"11036","Bbx","Zfp287",0.0245595497241936
"11037","Bcl6","Zfp287",0.101651229414777
"11040","Cdx1","Zfp287",0.0275216991415081
"11045","E2f1","Zfp287",0.00865154807302852
"11047","E2f4","Zfp287",0.00317460945494361
"11058","Etv6","Zfp287",0.00190954698385026
"11063","Foxj3","Zfp287",0.23588881532333
"11066","Foxo3","Zfp287",0.0232060303354155
"11067","Foxp1","Zfp287",0.0482737552993722
"11069","Gata3","Zfp287",0.0185162272840332
"11070","Gfi1","Zfp287",0.00657193469236931
"11075","Hmg20b","Zfp287",0.00929314667981658
"11080","Irf1","Zfp287",0.0132044597289174
"11082","Irf3","Zfp287",0.176466793107509
"11099","Mafk","Zfp287",0.0100760469041829
"11105","Meox2","Zfp287",0.000120072025330175
"11109","Nfatc1","Zfp287",0.00142839231399941
"11132","Runx1","Zfp287",0.0323942228674986
"11134","Runx3","Zfp287",0.00693725772201704
"11141","Sp2","Zfp287",0.0163162606480841
"11142","Sp3","Zfp287",0.0291386836419265
"11146","Stat1","Zfp287",0.60855096459333
"11150","Stat6","Zfp287",0.0118057432887408
"11155","Tcf7","Zfp287",0.122758354628611
"11164","Trp53","Zfp287",0.00268296326690606
"11172","Zfp212","Zfp287",0.0451124112012025
"11176","Ahr","Zfp335",0.00240850073535614
"11177","Arnt","Zfp335",0.00164969103260061
"11180","Atf2","Zfp335",0.00899376717378598
"11185","Bbx","Zfp335",0.0177866331487298
"11186","Bcl6","Zfp335",0.00854478230171761
"11192","Ctcf","Zfp335",0.0359335173093897
"11195","E2f3","Zfp335",0.00687650470510947
"11199","Elf1","Zfp335",0.00741444414051575
"11200","Elf2","Zfp335",0.0217924252854677
"11205","Ets1","Zfp335",0.0480922680945594
"11207","Etv6","Zfp335",0.00651225154708543
"11212","Foxj3","Zfp335",0.00161991044668599
"11214","Foxo1","Zfp335",0.0286974391253791
"11220","Glis3","Zfp335",0.00163127145251907
"11222","Hic1","Zfp335",0.0303544676631154
"11227","Ikzf1","Zfp335",0.0190293928675563
"11228","Ikzf3","Zfp335",0.026655498608394
"11238","Jund","Zfp335",0.0299894750157153
"11248","Mafk","Zfp335",0.00325353945387355
"11251","Mbd2","Zfp335",0.0275291084601969
"11252","Mecp2","Zfp335",0.0140257558274063
"11253","Meis3","Zfp335",0.0049527688729595
"11256","Mxd1","Zfp335",0.0158533004398688
"11258","Nfatc1","Zfp335",0.00204074259613771
"11261","Nfkb1","Zfp335",0.0067828859983562
"11267","Nr4a1","Zfp335",0.00167219797973953
"11274","Pknox1","Zfp335",0.0325756390167588
"11275","Prdm1","Zfp335",0.0202484090669859
"11279","Rfx1","Zfp335",0.0203591961203646
"11280","Rora","Zfp335",0.0136525074771232
"11282","Runx2","Zfp335",0.00660322023436335
"11285","Smad3","Zfp335",0.0399462273804576
"11289","Sp110","Zfp335",0.0362340023541946
"11290","Sp2","Zfp335",0.038329159136768
"11294","Srebf2","Zfp335",0.0293846459573618
"11298","Stat4","Zfp335",0.0212611067142946
"11299","Stat6","Zfp335",0.0142429346975046
"11300","Taf1","Zfp335",0.0236571164996727
"11301","Tbx21","Zfp335",0.000241456321994648
"11302","Tcf12","Zfp335",0.0123150003442554
"11303","Tcf3","Zfp335",0.0453340965462725
"11304","Tcf7","Zfp335",0.016510008921966
"11310","Thrb","Zfp335",0.00662076103507762
"11313","Trp53","Zfp335",0.0397758223309943
"11315","Usf2","Zfp335",0.00553589947482492
"11319","Zbtb3","Zfp335",0.0094633845032046
"11321","Zfp212","Zfp335",0.0153645986273974
"11322","Zfp260","Zfp335",0.030539175969858
"11323","Zfp263","Zfp335",0.00994683175021882
"11342","Ctcf","Zfp341",0.0134066791475389
"11345","E2f3","Zfp341",0.0892174577967949
"11354","Elk4","Zfp341",0.0103496993611763
"11378","Ikzf3","Zfp341",0.0547666928429482
"11393","Klf4","Zfp341",0.0188734172164807
"11400","Maz","Zfp341",0.57418915829011
"11421","Patz1","Zfp341",0.00944093024593538
"11424","Pknox1","Zfp341",0.0194112098100122
"11427","Rela","Zfp341",0.152806362624203
"11429","Rfx1","Zfp341",0.0277849879720723
"11437","Snai3","Zfp341",0.00379230794697882
"11438","Sp1","Zfp341",0.714931390998429
"11439","Sp110","Zfp341",0.0160952087126163
"11440","Sp2","Zfp341",0.200392148954598
"11441","Sp3","Zfp341",0.0630333430677063
"11450","Taf1","Zfp341",0.042359848776727
"11452","Tcf12","Zfp341",0.0117284092150359
"11453","Tcf3","Zfp341",0.0255441803117704
"11466","Wt1","Zfp341",0.459205288435163
"11468","Zbtb17","Zfp341",0.777140274371352
"11472","Zfp260","Zfp341",0.109339859128702
"11473","Zfp263","Zfp341",0.0239407475722559
"11474","Zfp281","Zfp341",0.0249765880679045
"11476","Zfp335","Zfp341",0.0413303406939859
"11478","Arnt","Zfp398",0.00453629352595709
"11481","Atf2","Zfp398",0.00891537776926754
"11483","Atf4","Zfp398",0.00569990260592919
"11487","Bcl6","Zfp398",0.16655224696292
"11490","Cdx1","Zfp398",0.00821186933899497
"11501","Elf2","Zfp398",0.00436659224809721
"11506","Ets1","Zfp398",0.0376294577830407
"11521","Glis3","Zfp398",0.025078718771251
"11523","Hic1","Zfp398",0.0150849222381968
"11528","Ikzf1","Zfp398",0.0187411012959711
"11529","Ikzf3","Zfp398",0.0412850602660735
"11532","Irf3","Zfp398",0.114068963471953
"11540","Klf10","Zfp398",0.00751663663573957
"11541","Klf13","Zfp398",0.00185952794028122
"11551","Maz","Zfp398",0.189210224178641
"11553","Mecp2","Zfp398",0.00758836616302172
"11567","Nr1i3","Zfp398",0.00227769982039947
"11572","Patz1","Zfp398",0.00576872335455617
"11576","Prdm1","Zfp398",0.0244623224936408
"11578","Rela","Zfp398",0.151766577263122
"11586","Smad3","Zfp398",0.0163013735374358
"11590","Sp110","Zfp398",0.0427718201200732
"11595","Srebf2","Zfp398",0.0201773050288716
"11597","Stat2","Zfp398",0.0182542820169375
"11600","Stat6","Zfp398",0.00442760632204918
"11601","Taf1","Zfp398",0.0144488199901029
"11602","Tbx21","Zfp398",0.0128881798581548
"11603","Tcf12","Zfp398",0.00588120884027439
"11604","Tcf3","Zfp398",0.0215325361751994
"11617","Wt1","Zfp398",0.0106346944829703
"11621","Zfp143","Zfp398",0.00975459803249681
"11622","Zfp212","Zfp398",0.247126410068466
"11623","Zfp260","Zfp398",0.0937379618545443
"11624","Zfp263","Zfp398",0.00188267328779212
"11628","Zfp341","Zfp398",0.0937679322393441
"11635","Atf4","Zfp422",0.012549300147108
"11637","Batf","Zfp422",0.00279971613077005
"11638","Bbx","Zfp422",0.0102904955173746
"11642","Cdx1","Zfp422",0.00994206338696737
"11665","Foxj3","Zfp422",0.397430995039629
"11668","Foxo3","Zfp422",0.0867968305420707
"11669","Foxp1","Zfp422",0.00759128678910203
"11671","Gata3","Zfp422",0.0170192110564544
"11674","Gmeb1","Zfp422",0.00526052709147398
"11677","Hmg20b","Zfp422",0.0190251538167387
"11681","Ikzf3","Zfp422",0.00543577132027837
"11682","Irf1","Zfp422",0.0328138149356968
"11684","Irf3","Zfp422",0.0340595542530446
"11686","Irf7","Zfp422",0.0303218496788727
"11687","Irf8","Zfp422",0.0858905317531327
"11689","Jun","Zfp422",0.0105112417108687
"11690","Junb","Zfp422",0.0240544610504245
"11696","Klf4","Zfp422",0.0155127716924553
"11705","Mecp2","Zfp422",0.000334269829597125
"11706","Meis3","Zfp422",0.00802288569897471
"11711","Nfatc1","Zfp422",0.03423798278298
"11718","Nfyc","Zfp422",0.0348475422399524
"11720","Nr4a1","Zfp422",0.02295505095068
"11721","Nr4a2","Zfp422",0.0160479421233494
"11723","Nrf1","Zfp422",0.004474237061949
"11725","Pbx4","Zfp422",0.0140456450039411
"11728","Prdm1","Zfp422",0.0384871179575833
"11729","Rel","Zfp422",0.00645282234194921
"11731","Relb","Zfp422",0.0144361877973719
"11748","Stat1","Zfp422",0.380808358876671
"11749","Stat2","Zfp422",0.148926195912938
"11751","Stat4","Zfp422",0.00540811586854869
"11754","Tbx21","Zfp422",0.00386775258625816
"11758","Tef","Zfp422",0.00746015758504837
"11762","Thap11","Zfp422",0.00563270931648871
"11763","Thrb","Zfp422",0.00850251448302159
"11764","Tigd2","Zfp422",0.0038992651834148
"11778","Zfp287","Zfp422",0.477905260259859
"11792","Bcl6","Zfp566",0.00254919697593087
"11800","E2f1","Zfp566",0.00729050849734546
"11801","E2f3","Zfp566",0.0902853866755294
"11803","Egr1","Zfp566",0.0342365151946398
"11814","Fli1","Zfp566",0.103928928283689
"11834","Ikzf3","Zfp566",0.00498750350475722
"11851","Klf6","Zfp566",0.0372383902917555
"11856","Maz","Zfp566",0.013671239105205
"11857","Mbd2","Zfp566",0.0693742595168892
"11858","Mecp2","Zfp566",0.040259898082857
"11862","Mxd1","Zfp566",0.00843311999154478
"11863","Myc","Zfp566",0.0103625502922383
"11876","Nrf1","Zfp566",0.130798865048919
"11885","Rfx1","Zfp566",0.0467225749179872
"11895","Sp110","Zfp566",0.0513711371113679
"11896","Sp2","Zfp566",0.359913669743511
"11905","Stat6","Zfp566",0.0163787458595973
"11906","Taf1","Zfp566",0.0663354292539544
"11912","Tfdp1","Zfp566",0.0694907136499182
"11917","Tigd2","Zfp566",0.029143990224004
"11922","Wt1","Zfp566",0.38919900215436
"11923","Xbp1","Zfp566",0.0140089812581099
"11924","Zbtb17","Zfp566",0.044915902859704
"11928","Zfp260","Zfp566",0.0401960037922775
"11932","Zfp335","Zfp566",0.0662058699049297
"11933","Zfp341","Zfp566",0.113908281645748
"11939","Atf1","Zfp64",0.0137983506921692
"11950","Creb1","Zfp64",0.00650351329529602
"11954","E2f1","Zfp64",0.0209746805424118
"11955","E2f3","Zfp64",0.0523592612305441
"11957","Egr1","Zfp64",0.0653456530334341
"11959","Elf1","Zfp64",0.0163528976546607
"11967","Etv6","Zfp64",0.0125730605711745
"11982","Hic1","Zfp64",0.0308027927462231
"11988","Ikzf3","Zfp64",0.0240281347915165
"11999","Klf10","Zfp64",0.0225625237357706
"12011","Mbd2","Zfp64",0.11977290444488
"12012","Mecp2","Zfp64",0.112141055532375
"12016","Mxd1","Zfp64",0.0311142875276448
"12017","Myc","Zfp64",0.0221507446001698
"12024","Nfyb","Zfp64",0.0234179152657888
"12030","Nrf1","Zfp64",0.0544943281275006
"12034","Pknox1","Zfp64",0.0090314455915196
"12039","Rfx1","Zfp64",0.100268534969216
"12041","Runx1","Zfp64",0.0167622736635788
"12046","Snai1","Zfp64",0.00526677409171615
"12048","Sp1","Zfp64",0.0110473869020162
"12050","Sp2","Zfp64",0.333675068588434
"12060","Taf1","Zfp64",0.00663430803017548
"12066","Tfdp1","Zfp64",0.0391958623308165
"12082","Zfp260","Zfp64",0.00852074651354124
"12083","Zfp263","Zfp64",0.0461685563796863
"12086","Zfp335","Zfp64",0.00904737903174479
"12087","Zfp341","Zfp64",0.0304850394724596
"12090","Zfp566","Zfp64",0.156643507286404
"12091","Ahr","Zfp692",0.00774715424598784
"12107","Ctcf","Zfp692",0.00312627166106483
"12111","E2f4","Zfp692",0.0189213101878924
"12114","Elf1","Zfp692",0.0139921858048778
"12115","Elf2","Zfp692",0.00486488469181554
"12118","Elk3","Zfp692",0.0041697351419537
"12137","Hic1","Zfp692",0.000141438402180949
"12142","Ikzf1","Zfp692",0.0162121098701272
"12143","Ikzf3","Zfp692",0.00169482850499684
"12154","Klf10","Zfp692",0.0178349136056598
"12156","Klf2","Zfp692",0.040923539922752
"12157","Klf3","Zfp692",0.0406101750405424
"12158","Klf4","Zfp692",0.0575132546393556
"12162","Klf8","Zfp692",0.05939254243089
"12166","Mbd2","Zfp692",0.00795418209189575
"12167","Mecp2","Zfp692",0.052397455944311
"12171","Mxd1","Zfp692",0.0377294129994918
"12172","Myc","Zfp692",0.0468336671328907
"12181","Nr1i3","Zfp692",0.016014666212016
"12182","Nr4a1","Zfp692",0.0264968104333367
"12185","Nrf1","Zfp692",0.0015486825595837
"12186","Patz1","Zfp692",0.0514587585761742
"12193","Relb","Zfp692",0.0190550910362266
"12194","Rfx1","Zfp692",0.016837484919091
"12200","Smad3","Zfp692",0.00875946234420393
"12201","Snai1","Zfp692",0.0149111795246418
"12202","Snai3","Zfp692",0.00295243880388824
"12204","Sp110","Zfp692",0.00261295059832916
"12205","Sp2","Zfp692",0.0499771509429291
"12207","Sp4","Zfp692",0.00222097271180149
"12212","Stat3","Zfp692",0.0144485422834621
"12217","Tcf12","Zfp692",0.0229412922864047
"12218","Tcf3","Zfp692",0.0035117051222662
"12232","Xbp1","Zfp692",0.0139966926700794
"12234","Zbtb3","Zfp692",0.0141390734860013
"12238","Zfp263","Zfp692",0.0280545592580193
"12241","Zfp335","Zfp692",0.0262369766565271
"12245","Zfp566","Zfp692",0.0103345914831724
"12246","Zfp64","Zfp692",0.0978969380600857
"12250","Atf1","Zfp740",0.00270125498347226
"12251","Atf2","Zfp740",0.00438143860149364
"12252","Atf3","Zfp740",0.0258511014981302
"12253","Atf4","Zfp740",0.0144772937760869
"12268","Egr1","Zfp740",0.00576538202572446
"12269","Egr2","Zfp740",0.0254605766419644
"12279","Fli1","Zfp740",0.00690487402045243
"12291","Glis3","Zfp740",0.0342171093973427
"12293","Hic1","Zfp740",0.0244512914733269
"12304","Irf7","Zfp740",0.0208764478883385
"12310","Klf10","Zfp740",0.074822450661829
"12319","Mafk","Zfp740",0.00470687603641384
"12332","Nfkb1","Zfp740",0.00602013840458706
"12338","Nr4a1","Zfp740",0.0227876859957801
"12343","Pbx4","Zfp740",0.00122189588307057
"12345","Pknox1","Zfp740",0.000926560211050506
"12346","Prdm1","Zfp740",0.00219486581336928
"12351","Rora","Zfp740",0.00913687449693581
"12357","Snai1","Zfp740",0.00507099052779588
"12364","Srebf1","Zfp740",0.0108396967668358
"12365","Srebf2","Zfp740",0.00110838074516065
"12372","Tbx21","Zfp740",0.0100807729059031
"12373","Tcf12","Zfp740",0.0067747340702323
"12384","Trp53","Zfp740",0.00261816522708536
"12388","Xbp1","Zfp740",0.00755351980794021
"12389","Zbtb17","Zfp740",0.0137557250858574
"12392","Zfp212","Zfp740",0.0141976933155073
"12394","Zfp263","Zfp740",0.0244178363439544
"12395","Zfp281","Zfp740",0.481350609849458
"12418","Creb1","Zfx",0.0151825462308579
"12420","Ctcf","Zfx",0.0233159372162341
"12422","E2f1","Zfx",0.0526258499961342
"12423","E2f3","Zfx",0.0148740799348593
"12424","E2f4","Zfx",0.097464227343962
"12425","Egr1","Zfx",0.040545711712898
"12436","Fli1","Zfx",0.0360471909637112
"12449","Gmeb1","Zfx",0.000290367665839687
"12450","Hic1","Zfx",0.00986216137893086
"12455","Ikzf1","Zfx",0.0374025443250707
"12456","Ikzf3","Zfx",0.0348955055293262
"12467","Klf10","Zfx",0.00118931095282993
"12469","Klf2","Zfx",0.0270851434478954
"12470","Klf3","Zfx",0.0439696001862716
"12471","Klf4","Zfx",0.0127555549633389
"12474","Klf7","Zfx",0.00116797957825175
"12475","Klf8","Zfx",0.0601295395962991
"12477","Max","Zfx",0.000862883199264096
"12479","Mbd2","Zfx",0.0341416152550693
"12480","Mecp2","Zfx",0.0499522777347116
"12492","Nfyb","Zfx",0.00593064139001179
"12498","Nrf1","Zfx",0.0957497197894886
"12499","Patz1","Zfx",0.0197509832594676
"12502","Pknox1","Zfx",0.0168805317897311
"12507","Rfx1","Zfx",0.0689445918928747
"12516","Sp1","Zfx",0.0368258409901328
"12517","Sp110","Zfx",0.0600713383908755
"12518","Sp2","Zfx",0.322471745198724
"12520","Sp4","Zfx",0.0112474687390673
"12521","Srebf1","Zfx",0.00746720379280169
"12528","Taf1","Zfx",0.0739781639389435
"12531","Tcf3","Zfx",0.00210633078703412
"12538","Thrb","Zfx",0.00286604947282233
"12539","Tigd2","Zfx",0.0161047919754887
"12541","Trp53","Zfx",0.0164228383874114
"12547","Zbtb3","Zfx",0.0343290410698061
"12548","Zfp143","Zfx",0.0533164293152795
"12551","Zfp263","Zfx",0.0116795526403502
"12554","Zfp335","Zfx",0.0407616515777115
"12556","Zfp398","Zfx",0.0206849359487242
"12558","Zfp566","Zfx",0.134158303414891
"12559","Zfp64","Zfx",0.103996114308257
"12560","Zfp692","Zfx",0.0892936548787935
