"","Ahr","Arid3a","Arnt","Arntl","Atf1","Atf2","Atf7","Batf","Bbx","Bcl6","Bhlhe40","Bhlhe41","Cbfb","Cebpb","Creb1","Crem","Ctcf","Ddit3","Dmrt2","E2f1","E2f3","E2f4","E2f6","Egr1","Egr2","Elf1","Elf2","Elf4","Elk1","Elk3","Elk4","Eomes","Ets1","Ets2","Etv3","Etv5","Etv6","Fli1","Fos","Foxd2","Foxj2","Foxj3","Foxn3","Foxo1","Foxp1","Gabpa","Gata3","Gfi1","Heyl","Hic1","Hinfp","Hmg20b","Homez","Ikzf1","Ikzf3","Irf1","Irf2","Irf3","Irf4","Irf7","Irf8","Irf9","Isl2","Jdp2","Jun","Junb","Jund","Klf10","Klf13","Klf2","Klf3","Klf6","Klf7","Klf8","Klf9","Mafk","Max","Maz","Mbd2","Mecp2","Meis3","Meox2","Mlx","Mxd1","Nfatc1","Nfe2l1","Nfe2l2","Nfil3","Nfkb1","Nfkb2","Nfya","Nfyb","Nfyc","Nr1d2","Nr3c1","Nr4a2","Nrf1","Patz1","Pax9","Pbx3","Pknox1","Prdm1","Prdm16","Prdm4","Rbak","Rela","Rfx1","Rfx7","Rora","Runx1","Runx2","Runx3","Rxrb","Setbp1","Smad3","Smad4","Snai3","Sp1","Sp110","Sp2","Sp3","Sp4","Spi1","Srebf1","Srebf2","Stat1","Stat2","Stat3","Stat4","Stat5b","Stat6","Taf1","Tbx21","Tcf12","Tcf3","Tef","Tfdp1","Tfe3","Tfeb","Thap11","Thrb","Tigd2","Trp53","Usf1","Vax2","Xbp1","Zbtb14","Zbtb17","Zbtb20","Zbtb3","Zbtb49","Zfp143","Zfp212","Zfp213","Zfp260","Zfp263","Zfp281","Zfp287","Zfp324","Zfp335","Zfp398","Zfp410","Zfp422","Zfp523","Zfp566","Zfp64","Zfp740","Zfp768","Zfx","Zscan20"
"Ahr",0.924810502408666,0,-0.0439103646141767,0,0,0,0,0,0,0,0,0,0,0,0,0,0,0,0,0,0,0,0,-0.00650907080913034,0,0,0,0,0,0,-0.00137654757802322,0,0,0,0,0,0,0,0,0,0,0,0,0,0,0,0,0,0,0,0,0,0,0,0,0,0,0,0,0,0,0,0,0,0,0,0,0,0,0,-0.0141787956472639,0,0,0,0,0,0,0,0,-0.0190252729520408,0,0,0,0,0,0,0,0,0,0,0,0,0,0,0,0,0,0,0,0,0,0,0,0,0,0,0,0,0,0,0,0,0,0,0,0,0,0,0,0,0,-0.0341068928133657,0,0,0,0,0,0,0,0,0,0,0,0,0,0,0,0,0,0,0,0,0,0,0,0,0,-0.00445919480815222,0,0,0,0,0,0,0,0,0,0,0,0,0,0,0,0,0,0,0,0,0,0
"Arid3a",0,1.03115373654575,0,0,0,0,0,-0.0353840809822405,-0.0862570218757855,0,0,0,0,0,0,0,-0.0508802273617289,-0.0145516350211784,-0.0471837120814689,0,0,0,0,0,0,0,0,0,0,0,0,0,0,-0.00128513697684252,0,0,0,0,0,0,0,-0.0359174516370747,-0.0403295520463794,0,0,0,-0.0390091310458434,-0.034792882180741,0,0,0,-0.0306693021676616,0,0,0,-0.0192639303503358,-0.00599038826873319,0,-0.0151916504637641,-0.0143204277428996,0,-0.0119806036917389,-0.129289688080851,-0.00431559460918265,0,0,0,0,0,0,0,0,0,0,0,-0.0233016153025583,0,0,0,0,0,-0.0313336817495612,0,0,0,-0.0226967342061859,0,-0.0100993854515168,0,0,0,0,0,-0.00270410622989904,-0.0100753264331787,-0.0181056217692897,0,0,0,0,0,0,0,0,0,0,0,-0.00380148952899358,-0.0265495721382369,-0.0267927252475275,0,0,0,0,0,-0.00501590216147555,0,0,0,0,0,0,0,0,0,0,0,0,0,-0.0138569728571404,-0.00231740719103265,0,-0.00819292220751984,0,0,0,0,0,0,0,0,0,-0.0162778516716818,0,-0.0194910671876757,0,0,0,0,-0.000815343440414454,0,0,0,0,0,0,0,-0.0744526279260938,0,0,0,0,-0.0141888158136495,0,0,0,0,-0.000912507602414585,0,0
"Arnt",-0.0439104020167856,0,2.42900044172951,-0.736158769630917,0,0,0,0,0,0,-0.473319723470386,0,0,0,0,0,-0.00413503626972255,0,0,0,0,0,0,-0.00685337406262608,0,-0.0126104654044611,0,0,0,0,0,0,0,0,0,0,0,-0.00395570973241152,0,0,0,0,-0.0161914171065843,0,0,-0.00405852133905809,-0.00968322313592696,0,-0.157624415862889,0,0,0,0,-0.00222592002693863,0,0,0,0,0,0,0,0,0,0,0,0,0,0,-0.000920925976079613,-0.000711757304471429,0,0,0,0,0,0,-0.410834940713697,0,0,-0.0198390014119974,0,0,-0.450050308234514,-0.148637408242436,0,0,0,0,0,0,0,-0.00425679282978137,0,0,0,0,-0.0254566476585622,0,0,0,0,0,-0.000504003350544806,0,0,0,0,0,0,0,0,0,0,0,0,-0.0103807458399411,0,0,-0.0166904793848897,0,0,0,0,0,0,0,0,0,0,0,0,0,0,0,0,0,0,0,0,0,0,0,-0.0220380969465706,-0.115615693954165,0,0,-0.00862345257879553,0,0,0,0,-0.0173432483058337,0,0,0,-0.0184836220565641,0,0,0,-0.0115760088213628,0,0,0,0,0,-0.00804819168962184,0,0,0,0
"Arntl",0,0,-0.736148824648489,2.68931704268527,0,0,0,0,0,0,-0.0713625325716218,-0.120140510577929,0,0,0,0,0,0,0,0,0,0,0,0,0,0,0,0,0,0,0,0,0,0,0,0,0,0,0,0,0,0,0,0,0,0,0,0,-0.172622176150289,0,0,0,0,0,0,0,0,0,0,0,0,0,0,0,0,0,0,0,0,0,0,0,0,0,0,0,-0.0808158579601897,0,0,0,0,0,-0.526632343613568,-0.0874857550023586,0,0,0,0,0,0,0,0,0,0,0,0,0,0,0,0,0,0,0,0,0,0,0,0,0,0,0,0,0,0,0,0,0,0,0,0,0,0,0,0,0,0,0,0,0,0,0,0,0,0,0,0,0,-0.225067424423322,-0.324781795764154,0,0,0,0,-0.43749538903867,0,-0.0983103250160581,-0.00841174987873394,0,0,0,0,0,0,0,0,0,0,0,0,0,0,-0.000311573710386266,0,0,0,0,0,0,0,0
"Atf1",0,0,0,0,1.84475926354593,0,-0.0607116428336737,0,0,0,0,0,0,0,-0.66618952413457,-0.452433918841217,0,0,0,0,0,0,0,-0.0221089034608241,0,-0.00331644804398836,0,0,-0.00608555246038695,0,0,0,0,0,0,0,0,0,0,0,0,0,0,0,0,0,0,0,0,0,-0.0209739988908885,0,0,0,0,0,0,0,0,0,0,0,0,-0.266010280371501,0,0,0,0,0,0,0,0,0,0,0,0,0,0,0,0,0,0,0,0,0,0,0,0,0,0,0,-0.0250498438965335,0,0,0,0,0,0,0,0,-0.00680995776856403,0,-0.00119085487829785,0,0,0,0,0,0,0,0,0,0,0,0,0,0,0,0,0,0,0,0,-0.0184780492389109,0,0,0,0,0,0,0,-0.00463757351623665,0,0,0,-0.0169631522795835,0,0,0,-0.00443911294529694,0,0,0,0,0,-0.136169852524301,0,0,0,0,0,-0.00758357443842768,0,-0.0246370682156053,0,-0.00462692897788593,0,0,0,0,0,0,0,-0.0122883035769739,0,0,-0.00437973193501045,0,0,0
"Atf2",0,0,0,0,0,2.72560500840287,-1.48462693791936,0,-0.00131265315505279,0,0,0,0,0,-0.169247715667085,-0.455009631800303,0,-0.0447718558230125,0,0,0,0,0,0,0,0,0,0,0,0,0,0,0,0,0,0,0,0,0,0,0,0,0,0,0,0,0,0,0,0,0,0,0,0,0,0,0,0,0,0,0,0,0,-0.345943586268948,0,0,0,0,0,0,0,0,0,0,0,0,0,0,0,0,0,0,0,0,0,0,0,-0.0149322306595601,0,0,0,0,0,0,-0.00285370294495351,0,0,0,0,0,0,0,-0.00911867772559604,0,-0.00484846985041953,0,0,0,0,0,0,0,-0.0625339852982002,0,0,0,0,0,-0.0202643058474819,0,0,0,0,0,0,0,0,-0.0144648663009812,0,0,0,0,0,0,0,0,0,0,0,0,-0.0533030178867331,0,0,0,0,0,0,0,0,0,0,0,0,0,0,0,0,0,0,0,0,0,0,0,0,0,0,0,0,0
"Atf7",0,0,0,0,-0.0607144773007457,-1.48464647667247,2.98217405109016,0,0,0,0,0,0,0,-0.305918281330925,-0.578757678371411,0,0,0,0,0,0,0,0,0,0,0,0,0,0,0,0,0,0,0,0,0,0,0,0,0,0,0,0,0,0,0,0,0,0,0,0,0,0,0,0,0,0,0,0,0,0,0,-0.42859785624709,0,0,0.0221342504438509,0,0,0,0,0,0,0,0,0,0,0,0,0,0,0,0,0,0,0,0,0,0,0,0,0,0,0,0,0,0,0,0,0,0,0,-0.00153446936658722,0,0,0,0,0,0,0,0,0,0,0,0,0,0,0,-0.0185810928753652,0,0,0,0,0,0,0,0,0,0,0,0,0,0,0,0,-0.0288822886239882,0,0,0,0,0,0,0,0,0,0,0,0,0,0,0,0,0,0,0,0,0,0,0,0,0,0,0,0,0,0,0,0,0,0
"Batf",0,-0.0353874390117749,0,0,0,0,0,1.90936429397047,0,0,0,0,0,0,0,0,0,0,0,0,0,0,0,0,0,0,0,0,0,0,0,-0.00124277482581117,0,0,0,0,0,0,-0.607701303662752,0,0,-0.0194738171517435,0,-0.003992159601288,0,0,-0.0159638746483273,0,0,0,0,-0.00491866036339703,0,0,0,-0.0053251205211849,-0.00818943706461497,0,-0.0196419260189451,0,0,0,0,-0.0358472088518461,-0.110025238553098,-0.331176738509346,-0.300040510784692,0,0,0,0,0,0,0,0,-0.0879851068755516,0,0,0,0,-0.00597187521377285,0,0,0,-0.013752511718224,-0.109197974992964,-0.140039027738274,0,0,0,0,0,0,-0.0131036024757112,-0.00252334721796211,-0.0133126515046715,0,0,0,0,0,-0.00022554035311604,0,0,0,0,0,0,0,-0.0329526703334639,-0.00745659804246436,0,0,0,0,-0.00971855810690464,0,0,0,0,0,0,0,0,0,0,0,0,0,-0.0068050957465341,-0.0224529100170114,0,-0.0158694600693026,0,0,0,0,0,0,0,0,0,-0.00764841949942472,0,0,0,0,0,0,0,0,0,-0.00848997909938202,0,0,0,0,0,0,0,0,0,0,0,0,0,0,-0.00111796221259544,0,0
"Bbx",0,-0.0862591687624398,0,0,0,-0.00132348170314306,0,0,1.04575089055928,-0.0157079725881173,0,0,-0.0201211789746976,0,0,0,-0.0452772048072769,-0.0187773040852156,-0.021793360364906,0,0,0,0,0,0,0,0,0,0,0,0,-0.00286529234653727,0,0,0,0,0,0,0,0,0,0,-0.0287407119711678,-0.0159863537822014,0,0,-0.0449267638908187,0,0,-0.00651152700371018,0,-0.0244806097363082,0,-0.0406982661372988,0,-0.00183384292565557,-0.0151993868015855,0,-0.0228037246816021,-0.0338647366067499,0,0,-0.0573828491064704,-0.0121124642280826,0,-0.00463860326562191,0,0,0,0,0,0,0,0,0,-0.02158494308287,0,0,0,-0.00568410199815002,-0.025355075171181,-0.0160931702073025,0,0,-0.019342631315416,-0.0403007665900291,-0.0204718611647187,0,0,0,0,0,0,0,-0.0103950478647962,-0.0244752704750986,0,0,0,-0.0194858569363893,0,-0.0146915627730687,-0.0123257772910184,0,0,0,0,-0.0155149155347437,-0.0290159962953667,-0.0187556176205013,-0.0023313091013361,0,-0.00685963973166691,0,-0.0148495185819545,-0.0143313350043862,0,0,-0.00644513260688314,0,0,0,-0.0310849204883338,0,0,-0.00844844350044859,0,0,-0.000277846382919865,-0.0172790399114867,-0.0327866101225978,0,-0.0185015263246533,0,0,0,0,0,0,0,0,0,-0.028706792513944,0,0,-0.0242363245392089,0,0,-0.00960695117010622,-0.00771417401682005,0,0,-0.0095062436072517,0,0,0,0,-0.0322854614106334,-0.012246011757801,-0.0112438617151951,0,0,0,0,0,0,0,-0.0118789630786926,0,-0.00264011408885814
"Bcl6",0,0,0,0,0,0,0,0,-0.0157162915577515,1.65435211513725,0,0,0,-0.00152748409463288,0,0,-0.0131471535387602,-0.0242338780118474,0,0,0,0,0,0,0,0,0,0,0,0,0,0,0,-0.0695190400168308,0,0,0,0,0,0,0,0,0,0,0,0,-0.0135087935622661,0,0,-0.00475700813909475,0,0,0,-0.00847985261635691,0,0,0,-0.253981699844489,0,0,0,0,0,0,0,0,0,0,0,0,0,0,0,0,0,-0.00829212681457799,0,-0.138527766885235,0,0,0,0,0,0,0,0,0,0,0,0,0,0,0,-0.0185926312251617,0,-0.00960987930431908,0,0,0,0,0,0,-0.0030977536103604,-0.00264361545157339,-0.0529431979702045,-0.509340914141663,0,0,-0.0110246883817049,0,0,0,0,0,-0.0359355710163551,0,0,0,-0.00172383921485084,0,0,0,-0.0313670924893521,0,0,0,0,-0.0410847856786796,-0.0683018677365739,-0.0375565125968642,-0.0105697510940391,0,-0.0388086025687585,0,0,0,0,0,0,0,0,0,-0.00436466763418778,0,0,0,0,0,0,-0.0135384018645701,0,0,-0.176457600664164,0,-0.0338006257788703,0,0,-0.0809791050178572,-0.0122010839440901,0,-0.137219097042155,-0.00316901977731342,0,0,0,0,0,0,0,0
"Bhlhe40",0,0,-0.473297949511961,-0.0713502097154933,0,0,0,0,0,0,1.9286995916737,-0.609763572765316,0,0,0,0,0,0,0,0,0,0,0,0,0,0,0,0,0,0,0,0,0,0,0,0,0,0,0,0,0,0,0,0,0,0,0,0,-0.165712845673036,0,0,0,0,0,0,0,0,0,0,0,0,0,0,0,0,0,0,0,0,0,0,0,0,0,0,0,0.00915590071719658,0,0,0,0,0,-0.246054274079921,0,0,0,0,0,0,0,0,0,0,0,0,0,0,0,0,0,0,0,0,0,0,0,0,0,0,0,0,0,0,0,0,0,0,0,0,0,0,0,0,-0.131748831998797,0,0,0,0,0,0,0,0,0,0,0,0,0,-0.0581061899187357,-0.100559138087586,0,0,0,0,0,0,0,0,0,0,0,0,0,0,0,0,0,0,0,0,0,0,0,0,0,0,0,0,0,0,0
"Bhlhe41",0,0,0,-0.120145151561192,0,0,0,0,0,0,-0.609770305463995,1.57107278470813,0,0,0,0,0,0,0,0,0,0,0,0,0,0,0,0,0,0,0,0,0,0,0,0,0,0,0,0,0,0,0,0,0,0,0,0,-0.188301863792903,0,0,0,0,0,0,0,0,0,0,0,0,0,0,0,0,0,0,0,0,0,0,0,0,0,0,0,0,0,0,0,0,0,0,0,0,0,0,0,0,0,0,0,0,0,0,0,0,0,0,0,0,0,0,0,0,0,0,0,0,0,0,0,0,0,0,0,0,0,0,0,0,0,0,-0.0129519743588213,-0.0319647817030726,0,0,0,0,0,0,0,0,0,0,0,0,-0.0233004260608524,-0.29310605228693,0,0,0,0,0,0,0,-0.00506488072331788,0,0,0,0,0,0,0,0,0,0,0,0,0,0,0,0,0,0,0,0,0,0,0
"Cbfb",0,0,0,0,0,0,0,0,-0.0201215700320497,0,0,0,1.71261630699233,0,0,0,-0.00052092137753014,-0.00484661936496641,0,0,0,0,0,0,0,0,0,0,0,0,0,-0.0335274512073662,0,0,0,0,0,0,-0.00921165536413061,0,0,0,0,0,0,0,-0.00731560111795616,0,0,-0.00506568345921477,0,0,0,0,0,0,-0.0132917903756599,0,0,0,0,0,0,0,0,-0.00731884138815737,0,0,0,0,0,0,0,0,0,-0.00196325707577404,0,0,0,0,0,0,0,0,-0.00308006242694391,-0.0121444238948026,-0.00452556227834178,0,0,0,0,0,0,0,-0.0361994157653936,-0.0327759540160339,0,0,0,0,0,0,0,0,0,0,0,0,-0.00260135363164735,-0.485187793579489,-0.472605536776768,-0.28532747623705,0,0,-0.0029865965867777,0,0,0,0,0,0,0,0,0,0,0,0,0,-0.00818888156961443,0,-0.0318578528045121,0,-0.0196661324915032,0,-0.0139265368686154,0,0,0,0,0,0,0,-0.0243583698588484,0,0,0,0,0,0,-0.00123156980652374,0,0,-0.00164379465730002,0,0,0,0,0,0,0,0,0,0,0,0,0,0,-0.0124939656621926,0,0
"Cebpb",0,0,0,0,0,0,0,0,0,-0.00152676592980121,0,0,0,0.976901968290468,0,0,-0.02370328744713,0,0,0,0,0,0,0,0,0,0,0,0,0,0,0,0,0,0,0,0,0,0,0,0,0,0,0,0,0,-0.000654456095746155,-0.013444487938324,0,0,0,0,0,0,0,0,0,-0.000601353540665141,0,0,0,-0.00816813857899867,0,0,-0.0550221523771042,0,0,0,0,0,0,0,0,-0.00880299283666132,0,0,0,0,0,0,0,0,0,0,0,0,0,-0.207348703326764,0,0,0,0,-0.00299449138964301,0,0,0,0,-0.00694433595777687,0,0,-0.00773861730931239,0,0,0,0,0,0,0,0,0,0,0,0,0,0,0,0,0,0,0,0,0,0,0,0,0,0,0,0,0,0,-0.0231220122368496,0,0,-0.0116780671713309,-0.021047022893214,0,0,0,0,0,0,0,0,0,0,0,0,0,0,0,0,0,0,0,0,-0.000398303401691504,0,0,0,0,0,0,0,0,0,0,0,0,0
"Creb1",0,0,0,0,-0.666198295442889,-0.169246564287778,-0.305911302312267,0,0,0,0,0,0,0,2.16270882689071,-0.437726235121702,0,0,0,0,-0.0306318708980956,0,0,-1.39899937112648e-05,0,0,0,0,0,0,0,0,0,0,0,0,0,-0.0138068306556724,0.00169746434055715,0,0,0,0,0,0,0,0,0,0,0,-0.0119913370560227,0,0,0,0,0,0,0,0,0,0,0,0,-0.358862781818864,0,0,0.0123549501729012,0,0,-0.0054189988592136,0,0,0,-0.0226615781103,0,0,0,0,0,0,0,0,0,0,0,0,0,0,0,0,0,0,0,0,0,0,0,-0.018814551111421,0,0,0,0,0,0,0,0,-0.00826877028571769,0,0,0,0,0,0,0,0,0,0,0,0,-0.0100489735371383,0,0,0,0,0,0,0,0,0,0,0,-0.0232724773445274,0,0,0,0,0,-0.00414475872128553,0,0,0,0,0,0,0,0,-0.0110858882136621,0,0,0,0,0,0,0,0,0,0,0,0,0,0,0,0,-0.00845505294614929,0,-0.0168650420017931,0,0,-0.00355726868347304,0
"Crem",0,0,0,0,-0.452434569249058,-0.455005043066777,-0.578753863117448,0,0,0,0,0,0,0,-0.437719905339039,2.31026828326918,0,0,0,0,0,0,0,0,0,0,0,0,0,0,0,0,0,0,0,0,0,0,0,0,0,0,0,0,0,0,0,0,0,0,-0.00019945571808249,0,0,0,0,0,0,0,0,0,0,0,0,-0.212260707455207,0,0,0,0,0,0,0,0,0,0,0,0,-0.014948474356837,0,0,-0.0192010602014081,0,0,0,0,0,0,0,0,0,0,0,0,0,0,0,0,0,0,0,0,0,0,0,0,0,0,0,0,0,0,0,0,0,0,0,0,0,0,-0.00125173700674519,0,0,0,0,0,0,0,0,0,0,0,0,0,0,0,0,-0.0168420577651944,0,0,0,0,0,0,0,0,0,0,0,0,0,0,0,0,0,0,0,0,0,0,0,0,0,0,0,0,-0.00864497139474451,0,0,0,0,0
"Ctcf",0,-0.0508838890701472,-0.00414615204920189,0,0,0,0,0,-0.0452786747393894,-0.0131507919511191,0,0,-0.000512838135827674,-0.0237038543436567,0,0,1.08463388254129,0,0,0,0,0,0,0,-0.0138582217487032,0,0,0,0,0,0,0,0,0,0,0,-0.00555167880258488,0,0,0,0,-0.0191636472486622,-0.0201219949124544,0,0,0,-0.0322766651092813,-0.0023856358840263,0,-0.156441102815834,0,-0.00910664271877116,0,-0.01189476156559,0,0,-0.00285522234959523,0,-0.00592869006030723,0,0,0,0,0,0,-0.0140006374424511,0,0,0,0,0,0,0,-0.0344244104831327,0,-0.0182153941329997,0,0,0,-0.00274281435790827,-0.0197658922906336,0,0,0,0,-0.00458449278691563,-0.00099922952195864,0,0,0,0,0,0,-0.00113148969814509,-0.01034086786807,-0.0099212958248807,0,0,0,0,0,-0.0142872750102277,-0.00205288254402619,-0.0108955081420432,0,0,0,-0.00529664429780367,-0.00685613383290085,-0.00115823273041694,-0.0128090818524688,-0.0057386765391216,-0.0250904295384768,0,-0.0676020898296512,-0.0329955917472003,0,0,0,0,0,0,-0.0308057187127778,0,-0.00312742438684002,0,0,0,0,0,0,-0.0369445763129041,-0.0222030532364556,-0.0818369514492583,-0.0377768086414924,0,0,0,0,0,0,0,-0.0166469139739868,0,0,0,0,0,0,-0.0480942793288981,0,0,0,0,0,-0.0152416068259188,-0.00989455349000735,-0.0132269499062761,-0.000821796437433155,-0.019175945653684,0,0,0,0,0,0,0,-0.0105843702895369,-0.0161948353453668,-0.00311209644166374
"Ddit3",0,-0.0145520870429407,0,0,0,-0.0447733945810467,0,0,-0.0187767546096643,-0.0242286729248867,0,0,-0.00484424659826843,0,0,0,0,0.985203415025195,0,0,0,0,0,0,0,0,-0.0162750727563569,0,0,0,0,0,0,-0.00173017300919534,0,0,-0.00439125595344591,0,0,0,0,-0.0114283022580884,0,0,0,0,-0.0351288109252191,0,0,-0.00742443891217902,0,0,0,0,0,0,-0.00234553266817883,0,0,0,0,0,0,0,-0.0378149400406828,0,0,0,0,0,0,0,0,0,0,0,0,0,0,0,0,0,0,0,0,0,-0.00667730460959577,-0.200259556420436,0,0,0,0,0,0,0,0,0,0,0,0,0,0,0,0,0,0,0,0,0,-0.0190545089711176,-0.00482989209028719,-0.00128407159914813,0,0,-0.0099342778646582,-0.0150053451835973,0,0,0,0,0,0,-0.00963164627709115,0,0,0,-0.000672651382482277,0,0,0,0,0,-0.00869465434691448,-0.00164702074863426,-0.000816077482369434,0,0,0,0,0,0,0,0,0,0,0,0,0,0,0,0,0,0,0,0,0,0,-0.000106967217872621,0,0,0,0,0,0,0,0,0,0,0,0
"Dmrt2",0,-0.0471838030118238,0,0,0,0,0,0,-0.0217932269007055,0,0,0,0,0,0,0,0,0,0.926777037441725,0,0,0,0,0,0,0,0,0,0,0,0,0,0,0,0,0,0,0,0,0,0,-0.0127204716060019,0,0,0,0,0,0,0,0,0,-0.024980478289089,0,0,0,0,0,0,0,0,0,0,0,0,0,-0.00115966333130961,0,0,0,0,0,0,0,0,0,0,0,0,0,0,0,0,0,0,0,0,0,0,0,0,0,0,0,0,0,0,0,0,0,0,0,0,0,0,0,0,0,0,0,-0.00631404423864611,0,0,0,0,0,0,0,0,0,0,0,0,0,0,0,0,0,0,0,0,0,0,0,0,0,0,0,0,0,0,0,0,0,0,0,0,0,0,-0.0605324338985253,0,0,0,0,0,0,0,0,-0.00995302986546042,0,0,0,0,0,0,0,0,0,0,0,0
"E2f1",0,0,0,0,0,0,0,0,0,0,0,0,0,0,0,0,0,0,0,2.80132523450277,-0.123479810818674,-1.20238535441345,-0.235515975475987,0,-0.0164964179700403,0,0,0,0,0,0,0,0,0,0,0,0,0,0,0,0,0,0,0,0,0,0,0,0,0,0,0,0,0,0,0,0,0,0,0,0,0,0,0,0,0,0,0,0,-0.0547419883011533,-0.182517046487295,-0.07372754367858,-0.227445231418701,-0.0459197218449088,0,0,0,0,-0.00677398045919815,0,0,0,0,-0.00392173591241688,0,0,0,0,0,0,0,0,0,0,0,0,-0.0308407752473361,-0.229324811384273,0,0,0,0,0,0,0,0,-0.00166153583292651,0,0,0,0,0,0,0,0,0,0,0,0,-0.112992443055571,-0.0952790039405206,-0.0996963207208322,0,0,0,0,0,0,0,0,0,0,0,0,0,0,-0.0844337303648477,0,0,0,0,0,0,-0.000909278636648509,0,0,-0.00433121068054679,0,0,0,0,0,0,-0.0186644651151249,0,-0.00858793966514493,0,0,0,0,0,0,0,-0.00152546574190423,0,0,0,0,-0.0223924656325176,0
"E2f3",0,0,0,0,0,0,0,0,0,0,0,0,0,0,-0.030625076446658,0,0,0,0,-0.123461956524148,1.72087310895441,-0.0511293750017222,-0.682500154868549,0,0,-0.00964753256915864,0,0,0,0,-0.00683121784217216,0,0,0,0,0,0,0,0,0,0,0,0,0,0,0,0,0,0,-0.00776628302988451,0,0,0,0,0,0,0,0,0,0,0,0,0,0,0,0,0,0,0,0,0,0,0,0,0,0,-0.010894390736602,0,-0.0448848803086547,0,0,0,0,0,0,0,0,0,0,0,0,-0.0318554005310133,-0.00115150405036119,0,0,0,-0.00683245230274142,0,0,0,0,0,-0.00494667628564216,0,-0.0277321968758549,0,-0.0153236337156536,0,0,0,0,0,0,0,0,0,0,-0.023400475593948,-0.0101584950829262,-0.0492216798677197,0,0,0,0,0,0,0,0,0,0,0,-0.0108655129300848,0,0,0,0,-0.383644017187108,0,0,0,0,0,0,0,0,-0.00581582515404239,-0.0675185829028853,0,0,0,0,0,0,-0.000860342115286955,0,-0.0311882661326678,0,0,0,0,0,0,0,0,-0.0464293427772499,-0.0362655022032867,0,0,-0.00339283292380252,0
"E2f4",0,0,0,0,0,0,0,0,0,0,0,0,0,0,0,0,0,0,0,-1.20237141472933,-0.051121790292236,2.84918249711593,0,-0.0601036913550905,-0.0291757325925765,0,0,0,0,0,0,0,0,0,0,0,0,0,0,0,0,0,0,0,0,0,0,0,0,0,0,0,0,0,0,0,0,0,0,0,0,0,0,0,0,0,0,0,0,-0.0462049980651643,-0.136537026619071,-0.0161875222322181,-0.161108096778581,-0.0750121962842348,0,0,0,0,0,0,0,0,0,0,0,0,0,0,0,0,-0.0314048110418448,-0.0117967432675988,-0.00783600730408987,0,0,0,-0.0471577800479827,-0.0201526126134695,-0.0020197962330121,0,0,0,0,0,0,0,0,0,0,0,0,0,0,0,0,0,0,0,0,-0.138230831752296,-0.0554362112038346,-0.655097974851236,0,0,0,0,0,0,0,0,0,0,0,0,0,0,-0.0462662235154919,0,0,0,0,0,0,0,0,0,0,0,0,0,0,-0.0105888686233746,0,-0.00183205355735796,0,0,0,0,0,0,0,0,0,-0.00256872764831784,0,0,0,0,-0.0275401715583024,0
"E2f6",0,0,0,0,0,0,0,0,0,0,0,0,0,0,0,0,0,0,0,-0.235524513122827,-0.68250336740492,0,1.83033421550166,0,-0.0202070947141128,0,0,0,0,0,0,0,0,0,0,0,0,0,0,0,0,0,0,0,0,0,0,0,0,0,0,0,0,0,-0.0982820089911647,0,0,0,0,0,0,0,0,0,0,0,0,-0.0323842627283663,0,0,0,-0.0228690731439886,0,0,0,0,0,-0.111214482366685,0,0,0,0,0,0,0,0,0,0,0,-0.00146540840299785,0,0,0,0,0,0,0,0,0,0,0,0,0,0,-0.0325841805696547,0,0,0,0,0,0,0,0,0,0,0,0,-0.0914585337823398,0,0,-0.00602550645309323,0,0,0,0,0,0,0,0,0,0,-0.00876771718538715,0,0,0,0,-0.219975020535006,0,0,0,0,0,0,0,0,-0.00283714987428874,0,-0.133486484590382,0,0,0,0,0,-0.0220317533911591,0,-0.00856800978273339,0,0,0,0,-0.0275783367724251,0,0,-0.022579138085861,-0.0642543654992701,-0.00741053307627995,0,-0.00698405338413842,0,0
"Egr1",-0.00651096465789332,0,-0.00684655380830243,0,-0.0221134278986124,0,0,0,0,0,0,0,0,0,0,0,0,0,0,0,0,-0.0601107799795972,0,2.40387578115383,-1.25381164676555,-0.0143862646758533,0,0,0,0,0,0,0,0,0,0,0,0,0,0,0,0,0,0,0,0,0,0,0,0,0,0,0,0,0,0,0,0,0,0,0,0,0,0,0,0,0,-0.105547585371027,0,0,-0.0504539054759638,-0.0188852735966585,0,0,0,0,-0.0103254524072457,0,0,-0.00707913776276321,0,0,0,-0.0127457499516936,0,0,0,0,-0.000255290572989932,-0.00015665351897253,0,-0.00858974164262379,-0.0080593652768036,0,0,0,-0.0403861848310592,-0.0149189810201935,0,0,0,0,0,0,0,0,-0.0345475113002965,0,0,0,0,0,0,0,0,0,0,-0.111596737159024,0,-0.075648041929277,-0.0446258520296796,-0.241717812787893,0,0,0,0,0,0,0,0,0,0,0,0,0,0,0,0,0,0,-0.00879119074543155,0,0,0,0,-0.00127931905439903,-0.0300067442387824,-0.0802951162556973,0,0,0,0,0,0,0,0,-0.0624650339317034,0,0,-0.0121115910765622,0,0,0,0,0,-0.0328326558517159,0,0,-0.00919273952093527,0
"Egr2",0,0,0,0,0,0,0,0,0,0,0,0,0,0,0,0,-0.0138533585778455,0,0,-0.0164954006418138,0,-0.0291754496220024,-0.0201926654937236,-1.25379353805154,2.30056727673398,-0.0101233762543672,-0.00190140167069241,0,0,0,-0.0027144603634014,0,0,0,0,0,0,-0.00684596392855449,0,0,0,0,0,0,0,0,0,0,0,0,0,0,0,0,0,0,0,0,0,0,0,0,0,0,0,0,0,-0.0794051958408179,0,-0.03792140969219,0,-0.0568453257139493,0,-0.0161917746288636,0,0,0,0,0,0,0,0,0,-0.00805376899914967,0,0,0,0,0,-0.00181376818224115,0,0,0,0,0,0,0,-0.0838801207534669,0,0,-0.0194928054336994,0,0,-0.0099501080908324,0,0,-0.0308889634454358,0,0,0,0,0,0,0,-0.00815212983347301,0,0,-0.028439464953851,0,0,-0.00512285565951294,-0.152949946005522,0,0,0,0,0,0,0,0,0,0,0,-0.00359407470120897,0,0,0,0,0,0,0,0,0,0,0,0,0,-0.0470232446487187,0,0,0,0,0,0,0,-0.00682442715516907,-0.220013206663397,0,0,0,0,0,0,-0.00296222441379598,0,0,0,-0.0141396251224237,-0.0139942420723853,0
"Elf1",0,0,-0.0126212401031055,0,-0.00329898932040143,0,0,0,0,0,0,0,0,0,0,0,0,0,0,0,-0.00962732158976901,0,0,-0.0144015107869335,-0.0101133079756246,2.18627184355003,-0.290805753550703,-0.245676274678894,-0.244505117660692,0,-0.275032420575864,0,-0.185781992792607,0,0,0,-0.0307146043394322,-0.192042199873991,0,0,0,0,0,0,0,-0.450322655640712,0,0,0,0,0,0,0,0,0,0,0,0,0,0,0,0,0,0,0,0,0,0,0,0,0,0,0,0,0,0,-0.00373936697408313,0,0,-0.0365567168268612,0,0,0,0,0,0,0,0,0,0,0,0,0,0,0,0,-0.00102191051419524,0,0,0,-0.00498580209520398,0,0,0,0,0,-0.0159151945949743,0,0,0,0,0,0,0,0,0,0,0,0,0,0,-0.0204437930105412,-0.0127564206458802,0,0,0,0,0,0,0,0,0,0,0,0,0,0,0,0,0,0,0,0,0,0,-0.0126910992940923,-0.00618070332184189,0,0,0,0,0,0,-0.0152200869200643,0,-0.016827763195502,0,0,0,-0.00040957145496376,0,0,0,0,-0.00031659269474183,-0.0051534887870988,0,0,0,0
"Elf2",0,0,0,0,0,0,0,0,0,0,0,0,0,0,0,0,0,-0.0162696525299821,0,0,0,0,0,0,-0.00190420897981887,-0.290804348223956,2.11132732515181,-0.545625716180048,-0.143846334202619,0,-0.135818270911425,0,-0.0623211721349466,-0.068076241453491,0,0,-0.524768184750527,-0.0282534194816281,0,0,0,0,0,0,0,-0.0487140356426568,0,0,0,-0.0127465938798637,0,0,0,0,0,0,0,0,0,0,0,0,0,0,0,0,0,0,-0.00297194145199543,0,0,0,0,-0.0148484455966867,0,0,0,0,0,0,-0.00260096069023536,0,0,0,0,0,0,0,0,0,0,0,0,-0.00771981704354425,0,0,0,0,0,0,-0.0257288190837013,0,0,0,0,0,-0.0109925730095749,-0.000982281823848413,-0.00425009091775251,0,0,0,-0.00160420191141424,0,0,-0.0116853606174985,0,0,-1.03260789185578e-05,0,0,0,-0.0778560972142627,-0.028238688367106,0,0,0,-0.0825692717275147,-0.00364888598390945,0,0,0,0,-0.00917372147759685,-0.0245181716361251,0,0,0,0,0,0,0,-0.0111777469461852,0,0,-0.0158521059562944,0,0,0,-0.0168953978540391,0,0,0,0,0,-0.00733770082943043,0,0,-0.021625353501147,0,0,0,0,0,0,0,0,0,0,0
"Elf4",0,0,0,0,0,0,0,0,0,0,0,0,0,0,0,0,0,0,0,0,0,0,0,0,0,-0.245666538795056,-0.545607405689312,2.0801004477168,-0.277593465791152,-0.251344483027983,0,0,0,0,-0.315435993000586,-0.194887682732907,-0.00669588899345541,0,0,0,0,0,0,0,0,-0.0620282837895969,0,0,0,0,0,0,0,0,0,0,0,0,0,0,0,0,0,0,0,0,0,0,0,0,0,0,0,0,0,0,0,0,0,0,0,0,0,0,0,0,0,0,0,0,0,0,0,0,0,0,0,0,0,0,0,0,0,0,0,0,0,0,0,0,0,0,0,0,0,0,0,0,0,0,0,0,0,0,0,0,0,0,0,0,0,0,0,0,0,0,0,0,0,0,0,0,0,0,0,0,0,0,0,0,0,0,0,0,0,0,0,0,0,0,0,0,0,-0.00172068055871158,0,0,0,0,0,0
"Elk1",0,0,0,0,-0.0060735515646322,0,0,0,0,0,0,0,0,0,0,0,0,0,0,0,0,0,0,0,0,-0.244506471482386,-0.1438022578281,-0.277675106850983,3.3490819873319,-0.694026989874029,-0.300629496826251,0,-0.0498295292370743,0,-0.0039073599417273,-0.370643004049249,-0.0935968905540388,-0.344217018541716,0,0,0,0,0,0,0,-0.85777630741947,0,0,0,0,0,0,0,0,0,0,0,0,0,0,0,0,0,0,0,0,0,0,0,0,0,0,0,0,0,0,0,0,0,0,0,0,0,0,0,0,0,0,0,0,0,0,0,0,0,0,0,0,0,0,0,0,0,0,0,0,0,0,0,0,0,0,0,0,0,0,0,0,0,0,0,0,0,0,0,0,0,0,0,0,0,0,0,0,0,0,0,0,0,-0.00157898720282966,0,0,0,0,0,0,0,0,0,0,0,0,0,0,0,0,0,0,0,0,0,0,0,-0.00806278361170576,0,0,0,0,0,0
"Elk3",0,0,0,0,0,0,0,0,0,0,0,0,0,0,0,0,0,0,0,0,0,0,0,0,0,0,0,-0.251364557344948,-0.694095333101617,3.21122898953377,-0.231652345534107,0,0,0,-0.258325477212912,-1.21613214890584,0,-0.13478883427345,0,0,0,0,0,0,0,-0.36019409082659,0,0,0,0,0,0,0,0,0,0,0,0,0,0,0,0,0,0,0,0,0,0,0,0,0,0,0,0,0,0,0,0,0,0,0,0,0,0,0,0,0,0,0,0,0,0,0,0,0,0,0,0,0,0,0,0,0,0,0,0,0,0,0,0,0,0,0,0,0,0,0,0,0,0,0,0,0,0,0,0,0,0,0,0,0,0,0,0,0,0,0,0,0,0,0,0,0,0,0,0,0,0,0,0,0,0,0,0,0,0,0,0,0,0,0,0,0,0,0,0,0,0,0,0
"Elk4",-0.001379680106689,0,0,0,0,0,0,0,0,0,0,0,0,0,0,0,0,0,0,0,-0.00686800027729265,0,0,0,-0.00277671398817174,-0.275014674279012,-0.135767002195931,0,-0.30063387881542,-0.23161148070096,2.95377525470127,0,-0.511656881244698,0,-0.0632976935181932,-0.15420698464982,0,-0.699584702446241,0,0,0,0,0,0,0,-0.455451455915638,0,0,0,0,-0.0100305916530468,0,0,0,0,0,0,0,0,0,0,0,0,0,0,0,0,0,-0.00205253892915613,0,0,0,0,0,0,0,0,0,-0.00367391808529346,0,0,0,0,0,0,0,0,0,0,0,0,-0.011917096162718,-0.00671146321240373,0,0,0,-0.000338470511106417,0,0,-0.00343941928163553,0,0,0,-0.00332707692635696,0,0,-0.00768766465589427,0,0,0,0,0,0,0,0,0,0,0,0,0,0,-0.0303437490977887,0,0,0,0,0,0,0,0,0,-0.0248081093272763,0,0,0,0,0,0,0,0,0,0,0,-0.00268039327696881,0,-0.0136343330866147,0,0,0,0,0,0,0,-0.0182445055880894,0,-0.00743095744428438,0,0,0,-0.0011988861822584,0,0,0,-0.0210736308893027,0,0,0,0,-0.0212710668313684,0
"Eomes",0,0,0,0,0,0,0,-0.00124103894842468,-0.00286445407937321,0,0,0,-0.0335253012493014,0,0,0,0,0,0,0,0,0,0,0,0,0,0,0,0,0,0,1.26309436640794,0,0,0,0,-0.0156970293550504,0,-0.0298053064567124,0,0,0,0,0,0,0,0,0,0,0,0,0,0,0,0,0,0,0,0,0,0,0,0,0,0,-0.013860796524382,-0.00458360103398338,0,0,0,0,0,0,0,0,0,0,0,0,0,0,0,0,0,0,0,-0.00548375060945285,0,0,0,0,0,0,-0.00667416201434154,0,0,0,0,0,0,0,0,0,0,0,0,0,0,0,-0.00572911655406919,-0.00708367949802882,-0.0269444617761885,-0.0154956255281305,0,0,-0.0026046581754486,0,0,0,0,0,0,-0.00623603212843626,0,0,0,0,0,0,0,-0.0173551104950846,0,-0.61525744878174,-0.00476407653672762,-0.0220345340919921,0,0,0,0,0,0,0,0,0,0,0,0,0,-0.000819498671799092,-0.00242899017171754,0,0,0,0,0,0,0,0,0,0,0,0,0,0,0,0,0,0,0,0
"Ets1",0,0,0,0,0,0,0,0,0,0,0,0,0,0,0,0,0,0,0,0,0,0,0,0,0,-0.185790861568553,-0.0622741507843742,0,-0.0498660300741602,0,-0.511639517765721,0,2.79056112572805,-0.0909066192445373,-0.101274593199656,0,-0.544805431974645,-0.737065628321048,0,0,0,0,0,0,0,-0.219940556669271,0,0,0,-0.00223588668448137,0,0,0,-0.0119281772534649,0,0,0,0,0,0,0,0,0,-0.00414081327489076,0,0,0,0,0,0,0,0,0,0,0,0,0,0,0,0,-0.0116637189239718,0,0,0,0,0,0,0,0,-0.00765484545510494,0,0,0,0,0,-0.0157102530222356,0,0,0,0,-0.0362540089039954,0,0,-0.00696507802363839,0,0,-0.00723532799859952,0,0,0,0,0,-0.0141371985582047,0,-0.0245615623690241,-0.0156041814460388,0,0,0,0,0,0,-0.290361769000275,0,0,0,0,0,0,0,0,0,-0.0011614293923423,-0.0232243395814804,0,0,0,0,0,0,0,0,-0.0208088247383192,0,0,0,0,0,0,0,0,0,0,0,0,-0.0140862920913735,0,0,0,-0.0232184368542898,0,-0.0128415212047062,0,0,0,0,0,-0.000593492593709895,0,-0.0220578653407291
"Ets2",0,-0.0012908732230784,0,0,0,0,0,0,0,-0.0695080220955435,0,0,0,0,0,0,0,-0.00173139398924133,0,0,0,0,0,0,0,0,-0.0680637597911689,0,0,0,0,0,-0.0908915217766869,1.26460565713175,0,0,0,0,0,0,0,0,0,-0.0277336651593067,0,0,-0.0283861444881011,0,0,-0.0119819004822032,0,0,0,0,-0.0603615250374433,0,0,-0.117390489703186,-0.00693826290996341,0,-0.0488342745314148,0,0,0,0,0,0,0,0,0,0,0,0,0,0,0,0,0,0,0,0,0,0,0,-0.00338655319211946,0,0,0,-0.0189703964360273,0,0,0,0,0,-0.00454009509807737,-0.0007330979007065,0,0,0,0,-0.00169330166060086,-0.0247181016623421,0,0,-0.142611660934173,-0.0910685635261605,0,0,0,-0.00404228039372653,-0.0313037065234358,0,-0.00141493609179404,0,-0.024763228675756,-0.0323605558072606,0,0,-0.0197619131862469,0,0,0,-0.15721837280843,0,0,0,0,0,0,0,0,0,0,0,-0.0107118363203438,0,0,0,0,0,0,0,-0.00311261297988828,0,0,0,0,0,0,0,0,0,0,0,-0.0741009244563444,-0.00354061789514235,0,0,0,-0.0213526368801212,-0.0539624433271269,0,0,0,0,0,0,-0.00218683933381135,0,0
"Etv3",0,0,0,0,0,0,0,0,0,0,0,0,0,0,0,0,0,0,0,0,0,0,0,0,0,0,0,-0.315410518729946,-0.00388289652113143,-0.258254636239615,-0.0632631027118188,0,-0.101245645460907,0,1.92879041132244,-0.43556334804424,-0.0678621409471194,-0.212050917601422,0,0,0,0,0,0,0,-0.209110664661565,0,0,0,0,0,0,0,0,0,0,0,0,0,0,0,0,0,0,0,0,0,0,0,0,0,0,0,0,0,0,0,0,0,0,0,0,0,0,0,0,0,0,0,0,0,0,0,0,0,0,0,0,0,0,0,0,0,0,0,0,0,0,0,0,0,0,0,0,0,0,0,0,0,0,0,0,0,0,0,0,0,0,0,0,0,0,0,0,0,0,0,0,0,0,0,0,0,0,0,0,0,0,0,0,0,0,0,0,0,0,0,0,0,0,0,0,0,0,0,0,0,0,0,0
"Etv5",0,0,0,0,0,0,0,0,0,0,0,0,0,0,0,0,0,0,0,0,0,0,0,0,0,0,0,-0.19486602377786,-0.370694041801094,-1.21617159489166,-0.154192843907924,0,0,0,-0.435527327264057,2.72379187908432,0,-0.00945433063047169,0,0,0,0,0,0,0,-0.179031432349167,0,0,0,0,0,0,0,0,0,0,0,0,0,0,0,0,0,0,0,0,0,0,0,0,0,0,0,0,0,0,0,0,0,0,0,0,0,0,0,0,0,0,0,0,0,0,0,0,0,0,0,0,0,0,0,0,0,0,0,0,0,0,0,0,0,0,0,0,0,0,0,0,0,0,0,0,0.0524256157562204,0,0,0,0,0,0,0,0,0,0,0,0,0,0,0,0,0,0,0,0,0,0,0,0,0,0,0,0,0,0,0,0,0,0,0,0,0,0,0,0,0,0,0,0,0,0,0
"Etv6",0,0,0,0,0,0,0,0,0,0,0,0,0,0,0,0,-0.00556145406299435,-0.00439700933121547,0,0,0,0,0,0,0,-0.0307115638650177,-0.524756794970714,-0.00670290439001299,-0.0935712487994108,0,0,-0.0156881358219196,-0.544801312869594,0,-0.0678221911744871,0,2.10072135765121,-0.0654611626638707,0,0,0,0,-0.0150826296379133,-0.042645102031968,0,-0.0450860324811575,-0.0424209040410216,0,0,-0.0256113016828009,0,0,0,-0.0145895117269704,0,0,0,0,0,0,0,0,0,0,0,-0.0277687930626095,0,0,0,0,0,0,0,0,0,-0.00120694411473751,0,0,0,0,-0.0163311285907652,0,0,0,-0.001388841592438,-0.00257840895754559,-0.0127742037628234,0,0,-0.0178844592641685,0,0,0,-0.03715765405536,-0.034235805747691,-0.00965756694740672,0,0,0,0,0,0,0,-0.00176521032771124,0,0,0,0,-0.00635664156599466,0,-0.0380796725793937,-0.0319302003037867,-0.000795096913592477,0,0,0,0,0,0,0,0,0,-0.435624586069838,0,0,0,0,-0.0395051570432836,-0.00602212092446108,0,-0.0236356844519468,0,-0.0296704301875738,-6.40173987612459e-05,-0.0124215350004994,0,0,0,0,0,0,0,-0.0090126710350864,0,0,0,0,0,0,-0.0103508156972092,0,0,0,0,0,0,0,0,-0.00972681037787386,0,0,0,0,0,0,0,0,-0.0186774555709476,0,-0.00291069526013105
"Fli1",0,0,-0.00396949486997276,0,0,0,0,0,0,0,0,0,0,0,-0.0138085185805002,0,0,0,0,0,0,0,0,0,-0.00683739438919523,-0.192039263340399,-0.0282617491710577,0,-0.344174037592643,-0.134836047046492,-0.699576865345215,0,-0.737060300532813,0,-0.211996531621684,-0.00944395365585953,-0.065516118764197,3.27386393791207,0,0,0,0,0,0,0,-0.723288824575931,0,0,0,0,0,0,0,0,0,0,0,0,0,0,0,0,0,0,0,0,0,0,-0.00381284610723919,0,-0.0145598366946253,0,0,-0.00602511457542793,0,0,0,0,-0.0367491748878139,-0.0165644975276422,0,0,0,0,0,0,0,0,0,0,0,0,0,0,0,0,0,0,0,-0.00583548663383655,-0.00181981776061659,0,0,-0.0210346926706439,0,0,-0.0248937776368561,0,0,0,0,0,0,0,0,0,0,0,-0.00580430157306282,0,0,-0.0251078208133234,0,0,0,0,0,0,0,0,0,-0.0173357614352429,0,0,0,0,0,0,0,0,0,0,0,-0.0153661400741068,0,0,-0.00417747221092399,0,0,0,-0.00062179016625403,-0.00394598514821745,0,-0.0178739160535201,0,-0.00198821338001094,0,0,0,-0.0126949378683656,0,0,0,0,-0.0597356235163137,0,0,0,-0.0256918512592713,0
"Fos",0,0,0,0,0,0,0,-0.607700536369154,0,0,0,0,-0.00920915288263398,0,0.00172784448527627,0,0,0,0,0,0,0,0,0,0,0,0,0,0,0,0,-0.0298020905796991,0,0,0,0,0,0,2.41684361750259,0,0,0,0,0,0,0,0,0,0,0,0,0,0,0,0,0,0,0,0,0,0,0,0,-0.00079008314804333,-0.546123408276031,-0.269190410473757,-0.645422684273389,0,0,0,0,0,0,0,0,-0.117078908169506,0,0,0,0,0,0,0,0,-0.00655851110468431,0,-0.116655082234811,0,0,0,0,0,0,-0.0880405500704336,0,0,0,0,0,0,0,0,0,0,0,0,0,0,0,0,0,0,0,0,0,0,0,0,0,0,0,0,0,0,0,0,0,0,0,0,0,0,0,0,0,0,0,0,0,0,0,0,0,0,0,0,0,0,0,0,0,0,0,0,0,0,0,0,0,0,0,0,0,0,0,0,0,0,0,0
"Foxd2",0,0,0,0,0,0,0,0,0,0,0,0,0,0,0,0,0,0,0,0,0,0,0,0,0,0,0,0,0,0,0,0,0,0,0,0,0,0,0,2.22914459137416,-0.173259660875793,0,-0.103317588460202,-0.405943082220147,-1.28736814002223,0,0,0,0,0,0,0,0,0,0,0,0,0,0,0,0,0,0,0,0,0,0,0,0,0,0,0,0,0,0,0,0,0,0,0,0,0,0,0,0,0,0,0,0,0,0,0,0,0,0,0,0,0,0,0,0,0,0,0,0,0,0,0,0,0,0,0,0,0,0,0,0,0,0,0,0,0,0,0,0,0,0,0,0,0,0,0,0,0,0,0,0,0,0,0,0,0,0,0,0,0,0,0,0,0,0,0,0,0,0,0,0,0,0,0,0,0,0,0,0,0,0,0,0,0
"Foxj2",0,0,0,0,0,0,0,0,0,0,0,0,0,0,0,0,0,0,0,0,0,0,0,0,0,0,0,0,0,0,0,0,0,0,0,0,0,0,0,-0.173271213477646,1.52389965976988,-0.429369526481294,-0.233804244943643,-0.10620234351661,-0.32406849059228,0,0,0,0,0,0,0,0,0,0,0,0,0,0,0,0,0,0,-0.00369350049503636,0,-0.000573138981102964,0,0,0,0,0,0,0,0,0,0,0,0,0,0,0,0,0,0,0,0,0,0,0,0,0,0,0,0,0,0,0,0,0,0,0,0,0,0,0,0,0,0,0,0,0,0,0,0,0,0,0,0,0,0,0,0,0,0,0,0,0,0,0,0,0,0,0,0,0,0,0,0,0,0,0,0,0,0,0,0,0,0,0,0,0,0,0,0,0,0,0,0,0,0,0,0,0,0,0,0,0,0,0,0
"Foxj3",0,-0.035918859328592,0,0,0,0,0,-0.0194710257352593,0,0,0,0,0,0,0,0,-0.0191451064573139,-0.0114258640594625,-0.0127197961328458,0,0,0,0,0,0,0,0,0,0,0,0,0,0,0,0,0,0,0,0,0,-0.429361070014395,1.58813052136619,-0.204034255908266,-0.134372378794733,-0.0206088828101618,0,-0.0195038770202211,-0.00592666164122683,0,0,0,-0.0111197640279049,0,0,0,-0.0306804916518888,0,-0.00163701509039866,0,0,0,0,0,0,0,-2.42596159137011e-05,0,0,0,0,0,0,0,0,0,0,0,0,0,0,0,0,0,0,0,0,0,-0.0378066881587675,0,0,0,0,0,-0.000188076054754343,0,0,0,0,0,0,0,0,0,0,0,0,0,0,-0.00485498456272327,-0.000563471871331832,-0.0129375308258194,-0.0277528128655247,-0.00805455978340478,0,-0.0171113811783475,0,0,0,0,0,0,0,0,0,0,-0.10680920489842,-0.0525094960937346,-0.00624249939768823,0,0,-0.0158723437893219,0,0,0,0,0,0,0,0,0,-0.000646051570664577,0,-0.0252238727979477,0,0,0,0,0,-0.0147028855433251,0,0,0,0,0,0,0,0,-0.220908963442466,0,0,0,-0.00415618458879448,-0.274806438395975,0,0,0,0,0,0,0
"Foxn3",0,-0.0403338047951457,-0.0161984178902291,0,0,0,0,0,-0.0287428421195868,0,0,0,0,0,0,0,-0.0201253878306717,0,0,0,0,0,0,0,0,0,0,0,0,0,0,0,0,0,0,0,-0.0150669150353372,0,0,-0.103316087733125,-0.233806954180289,-0.204047686182317,1.47982055642113,-0.204031378092256,-0.259735316186614,0,-0.0353904039344868,-0.00858258578681899,0,-0.0169323813978502,0,0,0,-0.0228688043946757,0,0,0,0,0,-0.00358819257489167,0,0,-0.0151478526237111,0,-0.00530783282855213,-0.023638682662316,0,0,0,0,0,0,0,0,0,-0.0114331918113094,0,0,0,0,-0.0432015697870075,0,0,0,-0.0263687876937984,-0.00609083088066126,-0.00700919719120545,-0.00712742253305984,-0.0147695021918566,-0.0108383271441093,0,0,0,-0.0185339287856472,-0.0178758723684764,-0.0135774942256208,0,0,0,0,-0.000640190783860253,0,-0.0134602330032552,0,-0.00970326380287458,-0.00833199546092398,0,-0.0314173009483233,-0.0228453087881337,-0.02812198906927,-0.0364376698399238,-0.00926434629014492,-0.0176524255012167,0,-0.00477777389190909,-0.0156245864305355,0,0,0,0,0,0,-0.0151406946192306,-0.00342643459095579,0,0,0,-0.0216554216629104,-0.000739620965923606,-0.000144897781537383,-0.0150133640125904,0,0,0,-0.00413260289787785,0,0,0,0,-0.00558058730403529,0,0,-0.0391539020792828,0,-0.0108347094926482,-0.00162927601384952,0,0,0,-0.0299881164287293,0,-0.00233717436701527,-0.00447213301769042,0,-0.0103205266712676,0,0,0,0,-0.000308220398895093,0,-0.0095071866812053,0,-0.012646515828776,0,0,0,-0.0315034738819242,0,-0.0210921790619893
"Foxo1",0,0,0,0,0,0,0,-0.00398828430271309,-0.0159810622394617,0,0,0,0,0,0,0,0,0,0,0,0,0,0,0,0,0,0,0,0,0,0,0,0,-0.0277113616849817,0,0,-0.0426114485929698,0,0,-0.405942248821709,-0.106206417733643,-0.134379778944134,-0.204021199640535,1.57436143866313,-0.356897412441816,0,0,0,0,0,0,0,0,0,0,0,0,0,0,-0.000200913152692071,0,0,0,0,0,-0.0126371296837779,0,0,0,0,0,0,0,0,0,-0.00540996980340918,0,0,0,-0.0171919023195004,0,0,0,0,-0.0289135709208989,0,0,0,0,-0.00707757061595942,0,0,0,-0.00308400417250502,-0.0179939253663202,-0.0104213210879406,0,0,0,0,-0.0156761285395574,-0.00223249083516616,0,0,0,0,0,0,-0.0229040300405339,0,0,0,0,0,-0.00705981116904986,0,0,0,0,0,0,0,-0.0239874709134883,0,0,0,0,0,0,0,0,0,-0.00253897585722936,-0.0406485678294447,0,0,0,0,0,0,0,0,0,0,-0.00420153459108211,0,0,0,0,0,0,0,0,0,0,0,0,0,-0.00501996778705744,0,0,-0.0100538901508979,0,0,0,0,0,0,0,0
"Foxp1",0,0,0,0,0,0,0,0,0,0,0,0,0,0,0,0,0,0,0,0,0,0,0,0,0,0,0,0,0,0,0,0,0,0,0,0,0,0,0,-1.28736757633763,-0.324072052950169,-0.0206062604138327,-0.259727309385076,-0.356897589979856,2.37333933118236,0,0,0,0,0,0,0,0,0,0,0,0,0,0,0,0,0,0,0,0,0,0,0,0,0,0,0,0,0,0,0,0,0,0,0,0,0,0,0,0,0,0,0,0,0,0,0,0,0,0,0,0,0,0,0,0,0,0,0,0,0,0,0,0,0,0,0,0,0,0,0,0,0,0,0,0,0,0,0,0,0,0,0,0,0,0,0,0,0,0,0,0,0,0,0,0,0,0,0,0,0,0,0,0,0,0,0,0,0,0,0,0,0,0,0,0,0,0,0,0,0,0,0,0,0
"Gabpa",0,0,-0.00408021117619693,0,0,0,0,0,0,0,0,0,0,0,0,0,0,0,0,0,0,0,0,0,0,-0.450358993608561,-0.0487617868161497,-0.0619941666786364,-0.857770752585219,-0.360227296953123,-0.45548815048814,0,-0.21995325775081,0,-0.209102122615168,-0.179093049399331,-0.0450734748023955,-0.723260087396836,0,0,0,0,0,0,0,3.57691867374825,0,0,0,0,-0.013788941561732,0,0,0,0,0,0,0,0,0,0,0,0,0,0,0,0,0,0,0,0,0,0,-0.0209802833294735,0,0,0,0,-0.00223106950706785,0,0,0,0,0,0,0,0,0,0,0,0,0,0,0,0,0,-0.026444621711995,0,0,-0.00281891198925121,0,0,0,0,0,0,-0.0155685913462508,0,0,0,0,0,0,0,0,0,0,0,0,0,0,-0.0129218716915417,0,0,0,0,0,0,0,0,0,0,0,0,0,0,0,0,0,-0.0146603739429098,0,0,0,0,0,0,0,0,0,0,0,-0.0128723953536284,0,0,0,-0.000663326251723341,0,0,0,0,0,0,0,-0.0227704861008368,0,0,0,0,0,0
"Gata3",0,-0.039010532996186,-0.00968934085235604,0,0,0,0,-0.015968685811045,-0.044927533745092,-0.0135004465543707,0,0,-0.00731307237286915,-0.000654004700963281,0,0,-0.0322767584724778,-0.0351289430941959,0,0,0,0,0,0,0,0,0,0,0,0,0,0,0,-0.0283821639128222,0,0,-0.0424110704206652,0,0,0,0,-0.0195089960983087,-0.0353883549844234,0,0,0,1.02155960522626,-0.0112307036548072,0,-0.000755690116002994,0,-0.00519839465388527,0,-0.00176964220179034,0,0,-0.00969146060264371,-0.0111362641827174,-0.0150956236982116,0,0,-0.017384850657819,0,0,0,-0.0320135699137635,-0.00624394390032058,0,0,0,0,0,0,0,0,-0.01964945385332,0,0,0,0,-0.00150420185417659,0,0,0,-0.0247816076420593,-0.000373434023065146,-0.0119364687361676,0,0,0,0,0,0,0,-0.0163916694267047,-0.00169283286257973,0,0,0,0,0,-8.8337199955011e-05,0,0,0,0,0,0,-0.000280480648451188,-0.0371035493528915,-0.0333512901863678,-0.0174204814695986,-0.00412796313368722,0,-0.00759349400306492,-0.0387026707466437,0,0,0,0,0,0,-0.0245918740876515,0,0,0,0,0,-0.0116844028114792,0,-0.00641815871702743,0,0,-0.00713471384499634,-0.00746175796529642,0,0,0,0,0,0,0,-0.0158807505957734,0,0,0,0,0,0,-0.00622266921610742,0,0,-0.0086539213705537,0,0,0,0,-0.0342785128118528,0,0,0,-0.0034741314398585,0,0,0,0,0,0,0,-0.0179044270932259
"Gfi1",0,-0.0347961995248683,0,0,0,0,0,0,0,0,0,0,0,-0.0134452227743465,0,0,-0.00238818185609078,0,0,0,0,0,0,0,0,0,0,0,0,0,0,0,0,0,0,0,0,0,0,0,0,-0.00593262268154181,-0.00858611420920764,0,0,0,-0.0112318376139869,0.934711788876776,0,-0.00292850387329639,0,0,0,0,0,-0.001959094912447,0,-0.013881480417322,0,-0.00172792586414054,0,0,0,0,0,0,0,0,0,0,0,0,0,0,0,0,0,0,0,0,0,0,0,0,0,0,0,0,0,-0.0106597103958785,-0.028635017102296,0,-0.0228705216436779,0,0,0,0,0,0,-0.0601259508806225,-0.00420164901072824,0,0,0,0,0,0,0,-0.00566499796775452,0,0,0,0,0,0,0,0,0,-0.0157836179618125,0,0,0,0,0,0,-0.00329217628891342,0,0,0,0,0,0,0,0,0,0,0,0,0,0,0,0,0,0,0,0,0,0,0,-0.00799718448041858,0,0,0,0,0,0,0,0,0,0,0,0,0,0,0,0,0,0,0,0
"Heyl",0,0,-0.157626760635196,-0.172622722244164,0,0,0,0,0,0,-0.165715290166721,-0.188300744222292,0,0,0,0,0,0,0,0,0,0,0,0,0,0,0,0,0,0,0,0,0,0,0,0,0,0,0,0,0,0,0,0,0,0,0,0,1.20813255005842,0,0,0,0,0,0,0,0,0,0,0,0,0,0,0,0,0,0,0,0,0,0,0,0,0,0,0,0,0,0,0,0,0,0,-0.0760114348990727,0,0,0,0,0,0,0,0,0,0,0,0,0,0,0,0,0,0,0,0,0,0,0,0,0,0,0,0,0,0,0,0,0,0,0,0,0,0,0,0,0,0,0,0,0,0,0,0,0,0,0,0,0,0,0,0,0,0,-0.00366345590925594,0,0,0,0,0,0,0,0,0,0,0,0,0,0,0,0,0,0,0,0,0,0,0,0,0,0,0
"Hic1",0,0,0,0,0,0,0,0,-0.00651511023908382,-0.004759400425962,0,0,-0.00506873995964695,0,0,0,-0.156445004027709,-0.00742532416812301,0,0,-0.00777265423330532,0,0,0,0,0,-0.0127530270884336,0,0,0,0,0,-0.00224437931448893,-0.011984038108983,0,0,-0.0256092029793808,0,0,0,0,0,-0.016934726144654,0,0,0,-0.000755345121464999,-0.00292791513248682,0,1.01994776700215,0,0,0,0,0,0,0,0,0,0,0,0,0,0,0,0,0,0,0,-0.0130734496792971,0,0,0,-0.017421853337607,0,-0.00780391717261392,0,0,0,0,0,0,0,0,0,0,0,0,-0.00297372773082678,-0.0186850476646191,0,0,0,0,-0.00531656292959919,0,0,0,0,0,-0.0340437649617484,0,-0.0223345398495359,0,-0.0097487802992907,-0.00835093815802312,-0.0463661505842588,-0.0165939138210425,0,0,-0.000843327402685073,-0.00727533708677826,-0.0104377763543821,0,-0.0377614317682318,-0.023212433726613,0,0,-0.0115198805344812,0,0,-0.0014739192783241,-0.029800477832364,-0.0172198720723288,-0.00380878490659498,0,0,0,0,0,-1.48162617760111e-05,0,-0.0100052393019102,-0.0259691287918186,0,0,0,0,0,0,0,0,-0.0160532936404504,0,0,-0.00905701555717435,0,0,0,0,0,0,0,0,0,0,-0.00683622570261588,0,0,-0.0252387395612593,-0.000502385347538717,0,0,0,0,-0.0181239856708573,0,-0.0123860407733671,0,0
"Hinfp",0,0,0,0,-0.020972666447654,0,0,0,0,0,0,0,0,0,-0.0119883449788707,-0.000200703690512291,0,0,0,0,0,0,0,0,0,0,0,0,0,0,-0.0100287825364238,0,0,0,0,0,0,0,0,0,0,0,0,0,0,-0.0137880754427037,0,0,0,0,0.923434219087986,0,0,0,0,0,0,0,0,0,0,0,0,0,0,0,0,0,0,0,0,0,-0.0101593026326701,-0.00464528543121999,0,0,0,0,0,0,0,0,0,0,0,0,0,0,0,0,0,-0.00669908820095619,-0.00651737713278415,0,0,0,0,0,0,0,0,0,0,0,0,0,-0.00448807865743459,0,0,0,0,0,0,0,0,0,0,0,0,0,-0.00162017113667716,-0.0119451746072716,0,0,0,0,0,0,0,0,0,-0.00476264263029918,0,0,0,0,0,0,0,0,0,0,0,0,0,0,-0.0225446431241842,0,0,0,0,0,0,0,0,0,0,0,0,0,0,0,0,0,-0.00812723341447932,0,0,0,0,0
"Hmg20b",0,-0.0306695469872605,0,0,0,0,0,-0.0049192074570476,-0.0244805031723678,0,0,0,0,0,0,0,-0.00910585783441816,0,-0.0249804699065597,0,0,0,0,0,0,0,0,0,0,0,0,0,0,0,0,0,0,0,0,0,0,-0.0111199080580718,0,0,0,0,-0.00519798407079014,0,0,0,0,0.924509120549986,0,0,0,0,0,0,0,0,0,0,0,0,0,0,0,0,0,0,0,0,0,0,0,0,0,0,0,0,0,0,0,0,0,0,0,0,0,0,0,0,0,0,-0.00196917602376571,0,0,0,0,0,0,0,0,0,0,0,0,0,0,-0.0103829251464729,0,0,0,0,0,0,0,0,0,0,0,0,0,0,0,0,0,0,0,0,0,0,0,0,0,0,0,0,0,0,0,0,0,0,0,0,0,0,0,0,0,0,0,0,0,0,0,-0.0368468536046934,0,0,0,0,0,0,0,0,0,0,0,0
"Homez",0,0,0,0,0,0,0,0,0,0,0,0,0,0,0,0,0,0,0,0,0,0,0,0,0,0,0,0,0,0,0,0,0,0,0,0,0,0,0,0,0,0,0,0,0,0,0,0,0,0,0,0,0.917145044558072,0,0,0,0,0,0,0,0,0,0,0,0,0,0,0,0,0,0,0,0,0,0,0,0,0,0,0,0,0,0,0,0,0,0,0,0,0,0,0,0,0,0,0,0,0,0,0,0,0,0,0,0,0,0,0,0,0,0,0,0,0,0,0,0,0,0,0,0,0,0,0,0,0,0,0,0,0,0,0,0,0,0,0,0,0,0,0,0,0,0,0,0,0,0,0,0,0,0,0,0,0,0,0,0,0,0,0,0,0,0,0,0,0,0,0,0,0
"Ikzf1",0,0,-0.00223100564973213,0,0,0,0,0,-0.040701039502118,-0.00848354147980433,0,0,0,0,0,0,-0.0118970461095184,0,0,0,0,0,0,0,0,0,0,0,0,0,0,0,-0.0119302429351835,0,0,0,-0.0145868233007627,0,0,0,0,0,-0.0228709435259396,0,0,0,-0.00176992363113415,0,0,0,0,0,0,0.941315329271497,0,-0.0104639098916865,-0.00607951604763513,0,0,0,0,0,0,0,0,0,0,0,0,-0.00052181679967833,0,0,0,-0.0271163408446347,0,-0.00111053205607996,0,0,0,-0.00788532842597608,-0.00793528388430001,0,0,0,0,0,-0.00276747777435022,0,-0.00055324306324632,-0.000323018330130397,0,0,0,0,-0.012227679151056,0,0,-0.0168727090895633,0,0,-0.000621812435910262,0,-0.0184995224070006,0,-0.00750119061902527,0,-0.00594946773135903,0,0,0,0,0,-0.000892420799582884,0,-0.000367316167074782,0,0,0,0,0,0,0,-0.00941924805216043,0,0,0,-0.00688684350258957,0,-0.00562099735572536,0,0,0,-0.00664685156674149,-0.00197415850576294,0,0,0,0,0,-0.0208124608398352,0,0,0,0,0,0,0,0,0,0,0,-0.00407287509761096,0,0,0,0,0,0,0,-0.0122909516793718,-0.0146682022265242,0,0,-0.0197601960897828,0,0,0,0,0,0
"Ikzf3",0,0,0,0,0,0,0,0,0,0,0,0,0,0,0,0,0,0,0,0,0,0,-0.0982760547481791,0,0,0,0,0,0,0,0,0,0,-0.0603615574770365,0,0,0,0,0,0,0,0,0,0,0,0,0,0,0,0,0,0,0,0,0.992215586133168,0,0,0,0,0,0,0,0,0,0,0,0,0,0,0,0,-0.0518133648794966,0,0,0,0,0,-0.00108312591829412,0,-0.0205543112225616,0,0,0,0,0,0,0,0,0,-0.0147065513791926,0,-0.00637724050032787,0,0,0,0,-0.0112106964610405,-0.0160716088925606,0,0,-0.00792278146994347,-0.012554944962632,0,0,-0.00969487040553963,-0.0068255773942205,0,0,0,0,0,0,-0.00421699523323363,0,0,0,0,-0.0304311321641526,0,0,0,0,0,0,0,0,0,0,0,0,0,-0.0142364715048688,0,-0.0169358393702507,0,0,0,0,0,0,0,0,-0.00602976721362218,0,0,0,-0.0103232404492028,-0.00544347145311872,0,0,0,0,0,-0.00412180763662199,0,0,0,0,-0.00260190737418301,0,0,0,0,0,-0.0319709108639232,-0.0254110773276841,0,0,0,0
"Irf1",0,-0.0192507923605459,0,0,0,0,0,-0.00523893481045431,-0.0018044522416813,0,0,0,0,0,0,0,0,0,0,0,0,0,0,0,0,0,0,0,0,0,0,0,0,0,0,0,0,0,0,0,0,-0.0306781705359058,0,0,0,0,0,-0.00192384511557142,0,0,0,0,0,-0.0104211369589849,0,2.70192808661797,-1.04864473380766,-0.234830784744438,-0.058612042609945,-0.118983372710685,-0.19986235924955,0,0,0,0,0,0,0,0,0,0,0,0,0,0,0,0,0,0,0,0,0,0,0,0,0,0,0,0,0,0,0,0,0,0,-0.00412336005677737,0,0,0,0,0,-0.115247112964731,0,0,0,0,0,0,0,-0.00242694774957799,-0.00253539284518288,0,0,0,0,0,0,0,0,0,0,0,0,0,0,-0.331087197562664,-0.524459653257859,0,0,0,-0.00114154195041527,0,0,0,0,0,0,0,0,0,0,0,0,0,0,0,0,0,0,0,0,0,0,0,0,0,0,-0.0500018998917101,0,0,0,0,0,0,0,0,0,0,0,0
"Irf2",0,-0.00598506790946323,0,0,0,0,0,-0.00821557762825506,-0.0151836582806161,0,0,0,-0.0132757804446749,0,0,0,-0.0027927386062865,-0.00232774984613545,0,0,0,0,0,0,0,0,0,0,0,0,0,0,0,0,0,0,0,0,0,0,0,0,0,0,0,0,-0.00966826657976312,0,0,0,0,0,0,-0.00606107361063007,0,-1.04864266171632,2.55424828199751,-0.0644679174657667,-0.139351260977257,-0.456044259437577,-0.163230874421113,-0.161600059573104,0,0,0,0,0,0,0,0,0,0,0,0,0,0,0,0,0,0,-0.026658641910912,0,0,0,-0.00279847176929545,-0.0143454484590971,-0.00707909895269495,0,-0.000376478109108339,0,0,0,0,0,0,-0.01890071637084,0,0,0,0,0,-0.266712174212728,0,0,0,0,0,0,0,-0.0401931798310327,-0.00356278102630675,0,0,0,0,0,0,0,0,0,0,0,0,0,0,-0.0606688815042275,-0.206481218506349,0,-0.00415063462886589,-0.00632517214183088,-0.0131070452642089,0,0,0,-0.00242999202897761,0,0,0,0,0,0,0,0,0,-0.00961372917080965,0,0,0,0,-0.00410098851400672,0,0,0,0,0,0,0,0,0,0,0,0,0,0,0,0,0,0,0,0
"Irf3",0,0,0,0,0,0,0,0,0,-0.253908955391222,0,0,0,-0.000589390776341432,0,0,0,0,0,0,0,0,0,0,0,0,0,0,0,0,0,0,0,-0.117346381915472,0,0,0,0,0,0,0,-0.00163675228183413,0,0,0,0,-0.0111243720049963,-0.0138658810229373,0,0,0,0,0,0,0,-0.234824801192665,-0.0644659777734534,2.00386835081093,-0.147985245431535,0,-0.0481104856578718,0,0,0,0,0,0,0,0,0,0,0,0,0,0,-0.00844731932118416,0,0,0,0,0,0,0,0,-0.0296854738278692,-0.000963245620208457,0,0,0,0,0,0,0,0,0,0,0,0,0,0,0,-0.140620543077471,0,0,0,-0.0807632903426273,0,0,0,0,0,0,0,0,0,-0.0101417862237966,0,0,0,0,0,0,-0.0318745797506912,0,0,-0.369915479640487,-0.296534138972877,0,0,0,0,0,0,0,0,0,0,0,0,0,0,0,0,0,0,0,0,0,0,-0.00525701530690329,0,0,-0.141114325160853,0,0,0,0,-0.149637063976074,0,0,-0.0471771795486969,0,-0.0328979525569195,0,0,0,0,0,0,0
"Irf4",0,-0.0151884018448556,0,0,0,0,0,-0.0196311227898232,-0.0227893696191467,0,0,0,0,0,0,0,-0.00588593940814634,0,0,0,0,0,0,0,0,0,0,0,0,0,0,0,0,-0.00688307364805663,0,0,0,0,0,0,0,0,0,0,0,0,-0.0150836758332352,0,0,0,0,0,0,0,0,-0.058621760238018,-0.139353360383588,-0.147988142809785,2.05829362856827,-0.0844922839402485,-1.00077233502752,-0.192163217646574,-0.000368880674151486,0,0,0,0,0,0,0,0,0,0,0,0,0,0,0,0,0,-0.0102568863678497,0,0,0,-0.0272129545779116,-0.0233789037547791,-0.00775761709776744,0,0,0,0,0,0,-0.0197743883232455,-0.0075272918832541,-0.00148878648740142,0,0,0,0,0,-0.0390512735992248,0,0,0,0,0,0,-0.00200229494600337,-0.0234740992485026,-0.0210877091452101,0,0,0,0,0,0,0,0,0,0,0,-0.116286265921312,0,0,-0.0177358208603545,-0.0854656723163461,0,0,-0.00884713140065487,0,0,-0.0438246764757638,0,0,0,0,0,0,0,0,0,-0.0107268363020194,0,0,0,0,0,0,-0.00258144081281412,0,0,-0.00643515629450355,0,0,0,0,0,0,0,0,0,0,0,0,0,0,-0.0114824283397802,0,-0.00739383682792193
"Irf7",0,-0.0143222493274817,0,0,0,0,0,0,-0.0338597053303165,0,0,0,0,0,0,0,0,0,0,0,0,0,0,0,0,0,0,0,0,0,0,0,0,0,0,0,0,0,0,0,0,0,-0.00357053809214392,-0.000195168663909104,0,0,0,-0.00171756601137779,0,0,0,0,0,0,0,-0.118972966236846,-0.456033370769945,0,-0.084462150393546,1.62126045210956,-0.113534211164542,-0.0973517978025049,0,0,0,0,0,0,0,0,0,0,0,0,0,-0.0288005808692794,0,0,0,0,0,-0.0210830623615097,0,0,-0.00517144624191676,0,0,0,0,0,0,0,0,0,-0.00315332250629415,0,0,0,0,0,0,-0.327556231943038,0,0,0,0,0,0,0,0,-0.00720035946882795,0,0,0,0,-0.0127098252253192,0,0,0,0,0,0,0,-0.00518596804703365,0,0,-0.134398692106338,0,0,-0.0060986446186933,0,0,0,0,0,0,0,0,0,0,0,0,0,0,0,0,0,0,0,-0.00226100205992905,0,0,0,0,0,0,0,0,0,0,0,0,0,0,0,0,0,-0.00195926174351275,0,-0.00287899065949548
"Irf8",0,0,0,0,0,0,0,0,0,0,0,0,0,0,0,0,0,0,0,0,0,0,0,0,0,0,0,0,0,0,0,0,0,-0.0487974087875554,0,0,0,0,0,0,0,0,0,0,0,0,0,0,0,0,0,0,0,0,0,-0.199877491259762,-0.163227179368758,-0.0481039138642006,-1.00076045082137,-0.113543013741975,2.16609891396565,0,0,0,0,0,0,0,0,0,0,0,0,0,0,0,0,0,0,0,0,0,0,0,-0.00197364403006331,0,0,0,0,0,0,0,0,0,0,0,0,0,0,0,0,-0.220503537990825,0,0,0,0,0,0,0,0,0,0,0,0,0,-0.00536023353613131,0,0,0,0,0,0,-0.15680651969886,0,0,-0.0122416616522157,-0.150342925912239,0,0,0,0,0,0,0,0,0,0,0,0,0,0,0,0,0,0,0,0,0,0,-0.00262367712460597,0,0,0,0,0,0,0,0,-0.00565470102936606,0,0,0,0,0,0,0,0,0,0,0
"Irf9",0,-0.0119816326513394,0,0,0,0,0,0,0,0,0,0,0,-0.00816546073925226,0,0,0,0,0,0,0,0,0,0,0,0,0,0,0,0,0,0,0,0,0,0,0,0,0,0,0,0,0,0,0,0,-0.017383528960575,0,0,0,0,0,0,0,0,0,-0.161586460848187,0,-0.192150924545062,-0.0973497562877673,0,1.07199613455365,0,0,-0.0118704425443573,0,-0.00686352143892029,0,0,0,0,0,0,0,0,0,0,0,0,0,0,0,0,0,0,0,0,0,0,0,0,0,0,0,0,0,0,0,0,0,0,0,0,0,0,0,0,0,0,0,0,0,0,0,0,0,0,0,0,0,0,0,0,0,0,0,-0.0298944038564645,0,0,0,0,0,0,0,0,0,0,0,0,0,0,0,0,0,0,0,0,0,0,0,0,0,0,0,0,0,0,0,0,0,0,0,0,0,0,0,0,0,0,-0.00442890625207214
"Isl2",0,-0.129290012786485,0,0,0,0,0,0,-0.0573829020329473,0,0,0,0,0,0,0,0,0,0,0,0,0,0,0,0,0,0,0,0,0,0,0,0,0,0,0,0,0,0,0,0,0,-0.0151479205026745,0,0,0,0,0,0,0,0,0,0,0,0,0,0,0,-0.000369480120903009,0,0,0,0.942307245519898,0,0,0,0,0,0,0,0,0,0,0,0,0,0,0,0,0,0,0,0,0,0,0,0,0,0,0,0,0,0,0,0,0,0,0,0,0,0,0,0,0,0,0,0,0,0,0,0,0,0,0,0,0,0,0,0,0,0,0,0,0,0,0,0,0,0,0,0,0,0,0,0,0,0,0,0,0,0,0,0,0,0,0,0,0,0,0,0,0,0,0,0,0,0,0,0,0,0,0,0,0,0,0,0,0,0,0
"Jdp2",0,-0.0043053932044759,0,0,-0.266010302730344,-0.345953848183613,-0.428611186451299,-0.0358495460526117,-0.0121060481627843,0,0,0,0,0,-0.358859164933085,-0.212248108898415,0,0,0,0,0,0,0,0,0,0,0,0,0,0,0,0,-0.00411389019633304,0,0,0,0,0,-0.000785945195404174,0,-0.00369115474696291,0,0,0,0,0,0,0,0,0,0,0,0,0,0,0,0,0,0,0,0,0,0,2.12394682991569,-0.287052422142172,-0.0508871795764435,-0.141823363381396,0,0,0,0,0,0,0,0,0,0,0,0,-0.0111405959179535,0,0,0,0,0,0,0,-0.00693171351496663,0,0,0,0,0,0,-0.00444626584833046,0,0,0,-0.00531610003341693,0,-0.0141546077410409,0,-0.0053264327226058,0,0,0,-0.00468443152002636,0,-0.0110270401103342,0,0,0,0,0,-0.00926097267186518,0,0,0,-0.00135949153205578,0,0,0,0,0,-0.00634831069424638,0,0,-0.0234387709100686,0,0,0,0,0,0,-0.0153150142009576,-0.0175123083468668,0,0,0,-0.00405774574117171,-0.00872804581848825,0,-0.0326841391056485,0,0,0,0,0,0,0,0,0,0,0,0,0,-0.000319321159651011,0,0,0,0,0,0,-0.000813283425669369,0,0,-0.00774809504104676,0,-0.0159157168931121,0
"Jun",0,0,0,0,0,0,0,-0.11002267183276,0,0,0,0,0,-0.0550198580296958,0,0,0,-0.0378102596375217,0,0,0,0,0,0,0,0,0,0,0,0,0,0,0,0,0,0,0,0,-0.546122945553311,0,0,0,-0.00529551664641281,0,0,0,0,0,0,0,0,0,0,0,0,0,0,0,0,0,0,-0.01186975606879,0,-0.287035427392927,2.36696384441172,-0.466011808357843,-0.755024864695364,0,0,0,0,0,0,0,0,-0.0182588379419349,0,0,0,0,0,0,0,0,0,-0.00685490924588728,-0.0458002707156929,0,0,0,0,0,0,-0.0540346422822158,-7.07443037665324e-05,0,0,0,0,0,0,0,0,0,0,0,0,0,0,0,0,-0.00691066348797276,0,0,0,-0.00369515911195969,0,0,0,0,0,0,0,0,0,0,0,0,0,0,0,0,0,-0.00637585057669823,-0.0112511187503097,0,0,0,0,0,0,0,0,0,0,0,0,0,0,-0.00810857816849286,0,0,0,0,0,0,0,0,0,0,0,0,0,0,0,0,0,0,0,0
"Junb",0,0,0,0,0,0,0,-0.331183183084382,-0.00463599720146472,0,0,0,-0.00732140975180977,0,0,0,-0.013988552861534,0,-0.00115948346364107,0,0,0,0,0,0,0,0,0,0,0,0,-0.013858355349118,0,0,0,0,-0.0277253185177651,0,-0.269198532937417,0,-0.000572226473272362,-2.33165576813697e-05,-0.02363716701286,-0.012637712171919,0,0,-0.0320148336417033,0,0,0,0,0,0,0,0,0,0,0,0,0,0,0,0,-0.0508799483478474,-0.466014385001672,2.2738453020499,-0.814294075596706,0,0,0,0,0,0,0,0,-0.025102348437144,0,0,0,0,0,0,0,0,-0.0222918797876488,0,-0.0243498890358915,0,0,-0.012251092197606,0,0,0,-0.0211247998729343,0,-0.014289264729682,0,0,0,0,0,0,0,0,0,0,0,0,0,-0.00247987331034261,-0.0104041325017991,-0.0117914986270482,-0.0100849703093203,0,-0.0176182844738304,0,0,0,0,0,0,0,-0.00239974749056213,-0.00922530577869421,0,0,0,-0.00461979684646865,-0.0090541947730459,0,-0.0105671687366742,0,-0.0165497246542834,-0.0218557314433746,0,0,0,0,0,0,0,0,-0.0238790680156828,0,0,0,0,0,0,-0.0222079313187214,0,0,0,0,0,0,0,0,0,0,0,0,0,0,0,0,0,-0.0144943371906253,0,-0.00713884832496705
"Jund",0,0,0,0,0,0,0.0221264794151679,-0.300047720567668,0,0,0,0,0,0,0.0123566204980058,0,0,0,0,0,0,0,0,0,0,0,0,0,0,0,0,-0.00458281080466148,0,0,0,0,0,0,-0.645424309126417,0,0,0,0,0,0,0,-0.00623753138834611,0,0,0,0,0,0,0,0,0,0,0,0,0,0,-0.00686318752908357,0,-0.14182700969136,-0.755021573061399,-0.814283733069358,2.76709191739529,0,0,0,0,0,0,0,0,0,0,0,0,0,0,0,0,0,-0.0392931168265935,-0.0575413024743998,0,0,0,0,0,0,0,-0.047978690985472,0,-0.0143290945869738,0,0,0,0,0,0,0,0,0,0,0,0,0,0,-0.00340748210532528,-0.00389862983758878,0,0,0,0,0,0,0,0,0,0,0,-0.0167974861745303,0,0,0,0,0,0,0,0,-0.00870690927880888,0,0,0,0,0,0,0,0,0,-0.00417324139439469,0,0,0,0,0,0,0,0,0,-0.00566085619571725,0,0,0,0,0,0,0,0,0,0,0,0,0,0,0,0,0
"Klf10",0,0,0,0,0,0,0,0,0,0,0,0,0,0,0,0,0,0,0,0,0,0,-0.0323732584689063,-0.105541749866283,-0.0794232235571134,0,0,0,0,0,0,0,0,0,0,0,0,0,0,0,0,0,0,0,0,0,0,0,0,0,0,0,0,0,0,0,0,0,0,0,0,0,0,0,0,0,0,1.5393292537071,-0.00122264886181282,-0.118825311213328,-0.130710804598369,-0.160288809019066,-0.022327144021146,-0.0212903182126052,0,0,0,-0.00355624276844248,0,0,0,0,0,0,0,0,0,0,0,0,0,0,0,0,0,0,0,-0.0176790761336322,0,0,0,0,-0.0200771493664218,0,0,0,0,0,0,0,0,0,0,0,0,0,-0.00893628737587355,-0.0887656648161997,0,-0.0665369915069837,-0.14418847594692,-0.0282438186595954,0,0,-0.0638454851722593,0,0,0,0,0,0,0,0,-0.0118736301455947,-0.015224574381708,0,0,0,0,0,0,0,0,0,0,-0.0117954408989937,-0.0061622054850849,-0.0213405802043209,0,0,0,0,0,-0.00967806682830635,0,0,-0.102639797045642,0,0,0,0,0,0,0,0,-0.00115703270288519,-0.0137954877234703,-0.00246990896646258,-0.000259110788771331,0
"Klf13",0,0,-0.00092017324633148,0,0,0,0,0,0,0,0,0,0,0,0,0,0,0,0,0,0,0,0,0,0,0,-0.00296563563659793,0,0,0,-0.00204788181252628,0,0,0,0,0,0,-0.00380577084932826,0,0,0,0,0,0,0,0,0,0,0,0,0,0,0,0,0,0,0,0,0,0,0,0,0,0,0,0,0,-0.00122419304629472,1.10346950752076,-0.0835569948514025,0,0,-0.156487543566095,-0.151156024661565,0,0,0,0,0,0,0,0,0,0,0,0,0,0,0,0,-0.0111229295352708,0,-0.0137629825338778,0,0,0,0,0,0,0,-0.0130290087800381,0,0,0,0,0,0,0,0,0,0,0,0,0,0,0,0,0,0,0,0,-0.103186437652228,0,0,0,0,0,0,0,0,0,-0.00428867102822389,0,0,0,0,0,0,0,0,0,0,0,0,0,0,0,0,0,0,0,0,0,0,0,0,0,0,-0.00307247594933263,0,0,0,0,0,0,0,0,0,0,0
"Klf2",0,0,-0.000695306595438786,0,0,0,0,0,0,0,0,0,0,0,-0.00539165013920428,0,0,0,0,-0.0547219703254607,0,-0.0461953114811862,0,0,-0.0379452555540115,0,0,0,0,0,0,0,0,0,0,0,0,0,0,0,0,0,0,0,0,0,0,0,0,-0.0130540532565569,0,0,0,-0.000506088820774712,0,0,0,0,0,0,0,0,0,0,0,0,0,-0.118805394361307,-0.0835663493069113,2.92203108771536,-0.287629010361701,-0.0708577515424515,-0.955347331074907,-0.97902462676244,0,0,-0.00704533852443873,0,0,0,0,0,0,-0.00667727846564625,0,0,0,0,0,0,0,0,0,0,0,0,0,-0.174140287717138,-0.0012501404341592,0,0,0,0,0,0,0,0,0,0,0,0,0,0,0,0,0,0,0,-0.000976918989748774,0,0,0,0,-0.015511633512115,-0.0400831842613141,0,0,0,0,0,0,0,0,0,0,0,0,0,0,0,0,0,0,0,0,0,0,0,0,0,0,-0.00494820884788773,0,0,0,0,0,0,-0.00822067828634193,0,0,0,0,0,0,0,0,0,-0.00821763690691946,0
"Klf3",-0.0141804270541379,0,0,0,0,0,0,0,0,0,0,0,0,0,0,0,0,0,0,-0.18258778478247,0,-0.136548784700545,0,-0.0504152267533826,0,0,0,0,0,0,0,0,0,0,0,0,0,-0.014542732127329,0,0,0,0,0,0,0,0,0,0,0,0,0,0,0,0,0,0,0,0,0,0,0,0,0,0,0,0,0,-0.130671652634008,0,-0.287666705594851,3.51252485110125,-0.716409074308642,-0.33937002637919,-0.186758377419679,0,0,-0.0110243927493624,0,-0.0251953454653673,-0.0287698148197844,0,0,0,-0.0441221759112141,0,0,0,0,0,0,0,0,0,0,0,0,-0.00686155240040158,-0.330795303698216,-0.00592419495706214,0,0,0,0,-0.00552555586901645,0,0,-0.00233019039918271,0,0,0,0,0,0,0,0,0,0,-0.0533256478907309,0,-0.225341121433338,-0.570225128707324,-0.341172233558873,0,0,-0.00427234693242378,0,0,0,0,0,0,0,0,-0.000164662517579803,0,0,0,0,0,0,0,0,0,0,0,-0.0183157774443629,0,0,0,0,-0.000145174131732749,-0.00886705112840654,0,-0.0363648292966767,0,0,0,0,0,0,0,0,0,0,0,0,0,0,-0.0317818247563878,0
"Klf6",0,0,0,0,0,0,0,0,0,0,0,0,0,0,0,0,0,0,0,-0.073782945214919,0,-0.0162045788528504,-0.0228338884939948,-0.0188473112668902,-0.0569334728037036,0,0,0,0,0,0,0,0,0,0,0,0,0,0,0,0,0,0,0,0,0,0,0,0,0,0,0,0,0,-0.051823473623381,0,0,0,0,0,0,0,0,0,0,0,0,-0.160269534166682,0,-0.0708871819173492,-0.716512136521263,3.06107472595376,-0.0289019311697611,0,0,0,0,-0.230419309535696,-0.0123473058486772,-0.0366859110816568,0,0,0,-0.0117768790653643,0,0,0,0,0,-0.0011304976777674,0,0,0,0,0,0,0,-0.355137471001807,-0.00495207164739089,0,0,0,-0.0116858331790376,0,0,0,-0.00327236950213709,0,0,0,0,0,0,0,0,0,-0.00824275884223039,-0.315880710070497,-0.00453712719618113,-0.222743702934622,-0.340897060785858,-0.169663087820023,0,0,-0.0105285861501468,0,0,0,0,0,0,0,0,-0.00242985993149888,0,0,0,0,0,0,0,0,-0.00356416447645489,0,0,-0.00557250382696553,0,-0.19444646470121,0,0,-0.00508490741548529,0,0,0,0,-0.0203992606086585,0,0,0,0,0,0,0,0,0,-0.0169713169586957,0,-0.0212509193539062,-0.0131495007133718,0
"Klf7",0,0,0,0,0,0,0,0,0,0,0,0,0,0,0,0,0,0,0,-0.227482798685712,0,-0.161100760482796,0,0,0,0,0,0,0,0,0,0,0,0,0,0,0,0,0,0,0,0,0,0,0,0,0,0,0,0,-0.0101594350188296,0,0,0,0,0,0,0,0,0,0,0,0,0,0,0,0,-0.0222923795268056,-0.156484436644887,-0.955352321090163,-0.339438683368208,-0.0289818609707049,3.07491069948781,-0.884297113105799,0,0,0,0,0,0,0,0,0,0,0,0,0,0,0,0,0,0,0,0,0,0,-0.00838167143413002,0,0,0,0,0,0,0,0,0,0,0,0,0,0,0,0,0,0,0,0,0,0,0,0,-0.281184686211022,0,0,0,0,0,0,0,0,0,0,0,0,0,0,0,0,0,0,0,0,0,0,0,0,0,0,0,0,0,-0.00355039243144905,0,0,0,0,0,0,0,0,0,0,0,0,0,0,0,0,0,0
"Klf8",0,0,0,0,0,0,0,0,0,0,0,0,0,-0.00880283868609922,-0.022647623742098,0,-0.0343931662746482,0,0,-0.0459526861508802,0,-0.0750315630686243,0,0,-0.0162137615303328,0,-0.0148341666254423,0,0,0,0,0,0,0,0,0,0,-0.0060413581473159,0,0,0,0,0,0,0,-0.0209520001280662,0,0,0,-0.0174210904940053,-0.00464489898186859,0,0,-0.0271189257170963,0,0,0,0,0,0,0,0,0,0,0,0,0,-0.0212871281683705,-0.151156084071503,-0.97903357381741,-0.186803751631265,0,-0.884283588464214,2.81559845504058,0,0,-0.0362604226377137,0,0,-0.015428541107267,0,0,0,0,0,0,0,0,0,0,0,0,0,0,0,0,-0.00010713238891724,-0.105252440899589,0,0,0,0,-0.013773521430576,0,0,0,-0.00154271323908412,-0.00537465354043976,0,0,0,0,0,0,0,0,-0.00447211775157899,0,-0.000714502791441536,0,0,-0.124170105807854,0,0,0,0,0,0,0,0,0,0,0,0,-0.00212742605305505,0,0,0,0,0,0,0,-0.00201993059847383,0,0,0,0,0,0,0,0,0,0,-0.00739151001734135,0,0,0,0,-0.0259810056485376,-0.000516512683963333,0,0,0,-0.00984250341133386,0,0,0,0,-0.0708032861611156,0
"Klf9",0,0,0,0,0,0,0,0,0,0,0,0,0,0,0,0,0,0,0,0,0,0,0,0,0,0,0,0,0,0,0,0,0,0,0,0,0,0,0,0,0,0,0,0,0,0,0,0,0,0,0,0,0,0,0,0,0,0,0,0,0,0,0,0,0,0,0,0,0,0,0,0,0,0,0.917145044558072,0,0,0,0,0,0,0,0,0,0,0,0,0,0,0,0,0,0,0,0,0,0,0,0,0,0,0,0,0,0,0,0,0,0,0,0,0,0,0,0,0,0,0,0,0,0,0,0,0,0,0,0,0,0,0,0,0,0,0,0,0,0,0,0,0,0,0,0,0,0,0,0,0,0,0,0,0,0,0,0,0,0,0,0,0,0,0,0,0,0,0,0,0,0,0
"Mafk",0,-0.0233014203963908,0,0,0,0,0,-0.0879849532986985,-0.0215842540453918,-0.00827759989153499,0,0,-0.00196127854942268,0,0,0,-0.0182095109219721,0,0,0,0,0,0,0,0,0,0,0,0,0,0,0,0,0,0,0,-0.00119336081587208,0,-0.117076062479963,0,0,0,-0.0114307908820986,-0.00540947325189338,0,0,-0.0196480938364374,0,0,-0.00779952073213183,0,0,0,-0.00110741933124689,0,0,0,-0.00845235354059751,0,-0.0288102982331831,0,0,0,0,-0.0182600839515887,-0.0251036816933842,0,0,0,0,0,0,0,0,0,1.15918939573242,0,0,0,0,-0.00058971975460143,0,0,0,-0.000349530188158746,0,-0.327357875637167,-0.00525014195682214,0,0,0,0,0,-0.00809600315135899,-0.0105366566364321,0,0,0,0,0,0,0,0,0,0,0,0,0,0,0,-0.0405730612630867,-0.00345305372527526,-0.00509116390766608,0,-0.0168245910447495,0,0,0,-0.00893400687677118,0,0,0,-0.0142674537440173,-0.00841388591456834,0,0,0,-0.0166083178862532,-0.00151173546312938,0,0,0,-0.00981690305506821,-0.0144025069441112,0,0,0,0,0,0,0,0,0,0,0,0,0,0,0,-0.0155092823771866,0,0,0,0,0,0,0,0,0,0,0,0,0,0,0,0,0,-0.00582193762738379,0,0
"Max",0,0,-0.410827114486751,-0.080815775896122,0,0,0,0,0,0,0.00915365438899143,0,0,0,0,-0.0149426213423209,0,0,0,0,-0.0108928904779927,0,0,-0.0103099291669885,0,-0.00372055440522191,0,0,0,0,0,0,0,0,0,0,0,0,0,0,0,0,0,0,0,0,0,0,0,0,0,0,0,0,0,0,0,0,0,0,0,0,0,0,0,0,0,0,0,-0.00701828581619734,-0.0110117422212484,0,0,-0.0362482275384667,0,0,1.43309372181981,0,-0.0138942900071677,0,0,0,-0.0756211690069622,-0.452835543367227,0,0,0,0,0,0,0,-0.00870921087713141,0,0,0,0,-0.0328813252017986,0,0,0,0,0,0,0,0,0,0,0,0,0,0,0,0,0,0,0,0,0,0,-0.00443635072413274,0,0,0,0,0,0,0,0,0,0,0,0,0,-0.00595590861456307,0,0,0,0,0,0,0,0,0,0,0,0,0,-0.00993882811339452,0,0,0,-0.0146226800991495,0,0,0,-0.0102638167769465,0,0,0,0,0,0,0,0,0,0,0,0,-0.00059258644087761,0
"Maz",0,0,0,0,0,0,0,0,0,-0.138491709871291,0,0,0,0,0,0,0,0,0,0,0,0,-0.111208950258738,0,0,0,0,0,0,0,0,0,0,0,0,0,0,0,0,0,0,0,0,0,0,0,0,0,0,0,0,0,0,0,-0.00107508369895814,0,0,0,0,0,0,0,0,0,0,0,0,-0.00354377545293459,0,0,0,-0.230384051241483,0,0,0,0,0,2.67939820404104,0,0,0,0,0,0,0,0,0,0,0,0,0,0,0,0,0,0,0,0,0,0,0,0,-0.0131421223905746,0,-0.180355025854128,-0.565044185798954,0,0,0,0,0,0,0,0,0,0,0,-0.433681202745616,-0.0110153293286372,0,-0.0201888740346394,0,0,0,-0.0416627938433754,0,0,0,0,0,0,-0.00775408516175614,0,0,0,0,0,0,0,0,0,0,0,0,0,0,0,-0.528933032301274,0,0,0,0,0,0,-0.139720387375668,-0.0139557571622848,-0.367868786164283,0,-0.0140577255654613,0,-0.145411066643899,0,0,0,0,0,-0.0537401545342462,0,0,0
"Mbd2",0,0,0,0,0,0,0,0,0,0,0,0,0,0,0,0,0,0,0,-0.00677727080109897,-0.0448851128196551,0,0,0,0,0,0,0,0,0,-0.00366872601074715,0,0,0,0,0,0,-0.0367491107868381,0,0,0,0,0,0,0,-0.00222122210087895,0,0,0,0,0,0,0,0,0,0,0,0,0,0,0,0,0,0,0,0,0,0,0,0,-0.0252023973456963,-0.0123624731209104,0,0,0,0,-0.0139005211363937,0,1.09231687702668,-0.0113161540937712,0,0,0,0,0,0,0,0,0,0,0,0,0,0,0,0,-0.0403753226087236,0,0,0,0,0,0,0,0,0,-0.0167585947365044,0,0,0,0,0,0,0,0,0,0,-0.0729999788886744,0,-0.122184904694673,-0.00216944082188603,0,0,0,0,0,0,0,0,0,0,-0.0170599528143871,0,0,0,0,0,0,0,0,0,0,-0.00215494275621724,0,0,0,-0.0273719621338148,-0.0399861169098102,0,0,0,0,0,-0.0360407160001796,-0.0044936063045319,0,0,0,0,-0.000800617675632349,0,0,0,-0.00627663695930446,-0.0624916854932785,-0.0296817734384459,0,0,-0.0280573625445024,0
"Mecp2",-0.0190261613023988,0,-0.0198415004293314,0,0,0,0,0,-0.00568123702580868,0,0,0,0,0,0,-0.0192025727973728,-0.00274016563375307,0,0,0,0,0,0,-0.00707842431589907,0,-0.0365556800685149,0,0,0,0,0,0,0,0,0,0,0,-0.0165559772070111,0,0,0,0,0,-0.0171959417751325,0,0,0,0,0,0,0,0,0,-0.00788544655816197,-0.0205543431314748,0,0,0,0,0,0,0,0,-0.011149262900765,0,0,0,0,0,0,-0.02877392137943,-0.0366678874487518,0,-0.0154324375117738,0,0,0,0,-0.011314443073332,1.05067075948194,0,0,0,0,0,0,0,0,0,0,0,-0.0264873708034767,0,0,0,0,0,-0.0122269677290019,0,0,-0.0208031078226456,0,0,0,0,0,-0.00183473212558392,0,0,0,0,0,0,0,0,0,0,-0.00523877570115233,0,-0.0258377751062939,-0.00283262291401249,-0.00513158025943777,0,0,-0.00549283930934223,0,0,0,0,0,0,0,0,0,0,0,0,-0.00185869603143724,0,0,0,0,-0.0107430313858267,0,0,0,-0.0342141489669724,0,0,-0.0107152254078367,0,-0.0116708032914672,0,0,-0.0328277424427764,-0.00250176747735173,0,0,0,0,0,0,0,-0.0386172396382347,-0.0383283362304265,-0.12643079364346,0,0,-0.0525772888238002,0
"Meis3",0,0,0,0,0,0,0,-0.00598397616342687,-0.0253575720687227,0,0,0,0,0,0,0,-0.0197639458948947,0,0,0,0,0,0,0,0,0,-0.00259945145947491,0,0,0,0,0,-0.0116688748938865,0,0,0,-0.0163272606010811,0,0,0,0,0,-0.0432030163040836,0,0,0,-0.00150292411856029,0,0,0,0,0,0,-0.00793583799041551,0,0,-0.0266924544825683,0,-0.0102855336383583,0,0,0,0,0,0,0,0,0,0,0,0,0,0,0,0,-0.000589823943318731,0,0,0,0,1.18490288990907,0,0,0,-0.00224778993648638,0,-0.0289231120355914,0,0,0,0,0,0,-0.00761247727046101,0,0,0,0,0,0,-0.450802906311898,0,0,0,0,0,0,0,0,-0.00701260290440839,-0.0131488698086329,-0.0204645712761425,-0.00989641573517905,0,-0.0311966032653939,-0.0145973051964897,-0.0258713451430446,0,0,0,0,0,-0.0192735424410805,-0.0184087499245299,-0.00517693521841557,0,0,-0.0269225725826251,-0.0146006925737726,0,-0.000542074990992242,0,-0.016217480999422,-0.0259586371282639,-0.0346264393212566,0,0,0,0,0,0,0,-0.020027929113999,0,0,0,0,0,0,-0.0276121869433418,0,0,0,-0.00441893189325905,0,0,0,0,-0.00067763096244646,-0.00929873268736588,-0.00153053466014547,0,0,0,0,0,0,0,0,0
"Meox2",0,-0.031333685767188,0,0,0,0,0,0,-0.0160932898069484,0,0,0,0,0,0,0,0,0,0,0,0,0,0,0,0,0,0,0,0,0,0,0,0,0,0,0,0,0,0,0,0,0,0,0,0,0,0,0,0,0,0,0,0,0,0,0,0,0,0,-0.021083612399688,0,0,0,0,0,0,0,0,0,0,0,0,0,0,0,0,0,0,0,0,0,0.95164482722135,0,0,0,0,-0.00114208502801927,0,0,0,0,0,0,0,0,0,0,0,0,0,0,0,0,0,0,0,0,0,-0.00898324086278656,0,0,0,0,0,0,0,0,0,0,0,0,0,0,0,0,0,0,0,0,0,0,0,0,0,0,0,0,0,0,0,0,0,0,0,-0.172526301456372,0,0,0,0,0,0,0,0,0,0,0,0,0,0,0,0,0,0,0,0,0,0,0,0,0
"Mlx",0,0,-0.450050234948974,-0.526658794998908,0,0,0,0,0,0,-0.246056795937196,0,0,0,0,0,0,0,0,0,0,0,0,0,0,0,0,0,0,0,0,0,0,0,0,0,0,0,0,0,0,0,0,0,0,0,0,0,0,0,0,0,0,0,0,0,0,0,0,0,0,0,0,0,0,0,0,0,0,0,0,0,0,0,0,0,-0.0756238228746117,0,0,0,0,0,2.29747990026837,0,0,0,0,0,0,0,0,0,0,0,0,0,0,0,0,0,0,0,0,0,0,0,0,0,0,0,0,0,0,0,0,0,0,0,0,0,0,0,0,-0.0691243603995228,0,0,0,0,0,0,0,0,0,0,0,0,0,-0.0575585334238485,-0.364017045225037,0,0,0,0,-0.421796291713326,0,-0.0050290137745512,0,0,0,0,0,0,0,0,0,0,0,0,0,0,0,0,0,0,0,0,0,0,0,0
"Mxd1",0,0,-0.148634957929398,-0.0874990038772267,0,0,0,0,0,0,0,0,0,0,0,0,0,0,0,-0.00393677792823296,0,0,0,-0.0127356270693375,-0.00805109766593907,0,0,0,0,0,0,0,0,0,0,0,0,0,0,0,0,0,0,0,0,0,0,0,-0.0760111399612789,0,0,0,0,0,0,0,0,0,0,0,0,0,0,0,0,0,0,0,0,-0.00666743837979586,-0.0440982454406292,-0.0117649016133164,0,0,0,0,-0.452838463459649,0,0,0,0,0,0,1.29148323432629,0,0,0,0,0,0,0,0,0,0,0,0,-0.00417011461979721,-0.0164902269598921,0,0,0,0,0,0,0,0,0,0,0,0,0,0,0,0,0,0,0,0,0,-0.0173924730669853,-0.00790544641854629,0,0,0,0,0,0,-0.00358028056046315,-0.00640692039406042,0,0,0,0,-0.0327906450677184,0,0,0,0,0,0,0,0,0,0,0,0,-0.0210075002600852,-0.000249697316713052,0,0,0,-0.0156289118105781,0,0,0,-0.00902802709951396,0,0,0,-0.00301259458702076,0,0,0,0,-0.00911730645590755,-0.0437624321605187,0,0,0,0
"Nfatc1",0,0,0,0,0,0,0,-0.0137527105194488,-0.0193427674144588,0,0,0,-0.00307975464437664,0,0,0,0,0,0,0,0,0,0,0,0,0,0,0,0,0,0,0,0,-0.00338363526752241,0,0,-0.00138155892851078,0,-0.00655726837755351,0,0,0,-0.0263684709190097,-0.0289151705152858,0,0,-0.0247816171791504,0,0,0,0,0,0,0,0,0,-0.0028063214441305,-0.0296863413284986,-0.0272138250347758,-0.00517432329169545,-0.00197451248650435,0,0,0,0,-0.0222893895137588,-0.0392932179916478,0,0,0,0,0,0,0,0,-0.000348560253608237,0,0,0,0,-0.00224408692843765,0,0,0,0.973116580202681,-0.0172023406540089,0,-0.00237666364201174,0,0,0,0,0,-0.0293959945099632,-0.0055650511353226,-0.0194061868252751,0,0,0,0,-0.0026229817545447,0,0,0,0,0,0,0,-0.00196944645247891,-0.00278858478532712,-0.0287227460883116,-0.00225449009664573,0,0,-0.010348134883022,-0.00527038475513377,0,0,0,0,0,0,-0.015213119775764,0,0,-0.00616953856152671,0,-0.00680551401851102,-0.0153321476942814,0,0,0,-0.0487208508471758,-0.0179073815070748,0,0,0,0,0,0,0,0,0,0,-0.000426532346626249,0,0,0,0,-0.000494575085399363,0,0,0,0,0,0,0,-0.0173443196869746,0,0,0,0,0,0,0,0,0,0,0,0
"Nfe2l1",0,-0.0226963362938883,0,0,0,0,0,-0.109196821575593,-0.0403005038034752,0,0,0,-0.0121424379332484,0,0,0,-0.00458144498572226,0,0,0,0,0,0,0,0,0,0,0,0,0,0,0,0,0,0,0,-0.00256959312145038,0,0,0,0,0,-0.00609017807310662,0,0,0,-0.000373125667332787,0,0,0,0,0,0,0,0,0,-0.0143495862071242,-0.000964449932894886,-0.023379193454574,0,0,0,0,0,-0.0068531157688486,0,-0.0575427924748586,0,0,0,0,0,0,0,0,0,0,0,0,0,0,0,0,0,-0.0172026216500087,0.968712321498362,-0.012346611533483,0,0,0,0,0,0,0,-0.000195065537986789,-0.0132561126602263,0,0,0,0,0,0,0,0,0,0,0,0,0,-0.0122480479158304,-0.00535514945760352,-0.0146284514864487,0,0,0,-0.0106273590472068,0,0,0,0,0,0,-0.000839591493661122,0,0,0,0,0,0,0,0,0,0,0,0,0,0,0,0,0,0,0,0,0,0,0,0,0,0,0,0,0,-0.00620619632197422,0,0,0,0,-0.0113212826705806,0,0,0,0,0,0,0,0,0,-0.00171322548472807,0,0
"Nfe2l2",0,0,0,0,0,0,0,-0.140041882191269,-0.0204723584542191,0,0,0,-0.00452183746302386,0,0,0,-0.000996185538969637,-0.00667622311896705,0,0,0,0,0,0,0,0,0,0,0,0,0,-0.00548176990436884,0,0,0,0,-0.012764913600622,0,-0.116653888191165,0,0,0,-0.0070089765554046,0,0,0,-0.0119355494957446,0,0,0,0,0,0,-0.00276647848904932,0,0,-0.00709716831696424,0,-0.00777183948111465,0,0,0,0,0,-0.0458020553028712,-0.0243520364301057,0,0,0,0,0,0,0,0,0,-0.327358735832024,0,0,0,0,-0.0289187541209924,-0.00114219799319339,0,0,0,-0.0123466423193598,1.20497823770928,0,0,-0.0150671209405655,0,0,0,-0.0170118841402688,-0.0159011012166736,0,0,0,0,0,0,-0.00554231159455959,0,0,0,0,0,0,-0.0202953625759794,-0.0237968024301507,-0.00218431730792894,-0.00445366721555073,-0.00911511273375839,0,-0.0168752196160407,-0.000690975420648578,0,0,0,0,0,0,-0.0216613749404347,-0.00132975820124345,0,0,0,0,0,0,0,0,-0.0405840720762883,-0.013203639968391,-0.0213698217078411,0,0,0,0,0,0,0,-0.0154315410771213,0,0,0,0,0,0,-0.00681919114199795,0,0,-0.00796819344440547,0,0,0,0,0,0,0,0,0,0,0,0,0,0,-0.0168681355511772,0,-0.003818716985087
"Nfil3",0,-0.0100989047296676,0,0,0,-0.0149368661057441,0,0,0,0,0,0,0,-0.207348983026301,0,0,0,-0.200259599373231,0,0,0,0,0,0,0,0,0,0,0,0,0,0,0,0,0,0,0,0,0,0,0,-0.0378081655545169,-0.00712751084167332,0,0,0,0,0,0,0,0,0,0,0,0,0,0,0,0,0,0,0,0,-0.00693107112978691,0,0,0,0,0,0,0,0,0,0,0,-0.0052497436900516,0,0,0,0,0,0,0,0,-0.00237661811741138,0,0,1.26363155362515,0,0,0,0,0,0,0,0,0,0,0,0,0,0,0,0,0,0,0,0,0,-0.0019570283932791,-0.0125956513783936,0,0,0,0,0,0,0,0,0,0,0,-0.0189597513093414,0,0,0,0,0,0,0,0,0,0,-0.0106969414115689,0,-0.530715369281747,0,0,0,0,0,0,0,0,0,0,0,0,0,0,0,0,0,0,0,0,0,-0.00523993195855794,0,0,0,0,0,0,0,0,0,0,0,0
"Nfkb1",0,0,0,0,0,0,0,0,0,0,0,0,0,0,0,0,0,0,0,0,0,0,0,-0.000261175063528252,0,0,0,0,0,0,0,0,0,-0.0189716808490833,0,0,0,0,0,0,0,0,-0.0147706292427632,0,0,0,0,0,0,-0.00297416260834663,0,0,0,-0.000553158665654119,0,0,-0.000423312042359819,0,0,0,0,0,0,0,0,0,0,0,0,0,0,0,0,0,0,0,0,0,0,0,0,0,0,0,0,0,0,0,1.76315579848127,-1.19065547591615,0,0,0,0,0,0,0,0,0,0,-0.0082760164991477,-3.10157008274826e-05,-0.00473076934612443,0,0,-0.0844885829729458,0,0,0,-0.0072788952230184,-0.00260726684446838,0,-0.00260335663998688,0,0,0,0,0,0,0,0,0,-0.00515577546213672,0,-0.00582152743767711,0,0,0,0,0,0,0,0,-6.70623855570506e-06,0,0,0,0,0,0,0,0,0,0,0,0,0,0,0,0,0,0,0,0,0,-0.00431615526496837,0,0,0,-0.0126578186700239,0,0,0,0,0,0,0,0,-0.0064430381264723,0
"Nfkb2",0,0,0,0,0,0,0,0,0,0,0,0,0,0,0,0,0,0,0,0,0,0,-0.00146487795818852,-0.000161564641878497,-0.00181568642326658,0,0,0,0,0,0,0,-0.00765746941519747,0,0,0,-0.0178789159727363,0,0,0,0,0,-0.0108413109840621,-0.00708282171934616,0,0,0,-0.010658663183732,0,-0.0186825845452006,0,0,0,-0.000323032000516222,-0.0147071465593829,0,0,0,0,0,0,0,0,0,0,-0.0122643203350362,0,0,0,0,0,-0.00116190573470959,0,0,0,0,0,0,0,0,0,0,0,0,0,0,-0.0150684040540667,0,-1.1906547463753,1.77751486716353,0,0,0,0,0,0,0,-0.0138097363624206,0,0,-0.00461701059703908,-0.0136023698137714,0,0,0,-0.0659616749138098,-0.0288606793647639,0,-0.0113743244359158,0,0,0,0,0,-0.0207726308589067,-0.00238521480186779,-0.00365573829751271,0,0,0,0,0,-0.00693709886810984,-0.010075563451505,0,0,0,0,0,0,0,0,-0.0105800310898019,-0.0215650473610705,0,0,0,0,0,0,0,0,0,0,0,0,0,0,0,0,0,0,0,0,0,0,-0.0013659844353402,0,0,0,0,0,0,0,0,0,-0.0196618019315292,-0.00390813207243496,0,0
"Nfya",0,0,0,0,0,0,0,0,0,0,0,0,0,0,0,0,0,0,0,0,0,-0.0314068757346559,0,0,0,0,0,0,0,0,0,0,0,0,0,0,0,0,0,0,0,0,0,0,0,0,0,-0.0286186676255335,0,0,0,0,0,0,0,0,0,0,0,0,0,0,0,0,0,0,0,0,-0.0111194638351461,0,0,0,0,0,0,0,0,0,0,0,0,0,0,0,0,0,0,0,0,0,3.28615665216245,-0.964622826501053,-1.53988859343608,0,0,0,-0.0154446741849182,-0.00559893242921642,0,-0.494170482061722,-0.00661763913043538,0,0,0,0,0,-0.00418142022690632,0,0,0,0,0,0,0,0,0,0,0,0,0,0,-0.0297624730027694,0,0,0,0,0,0,0,0,0,-0.02059919927964,0,0,0,0,0,0,0,0,0,0,0,0,0,0,0,0,0,0,0,0,0,-0.00746279212214629,0,0,0,0,0,0,0,0,0,0,0,0,0,0,0,0
"Nfyb",0,0,-0.0041864043763922,0,-0.0249252337040268,0,0,0,0,0,0,0,0,0,0,0,0,0,0,0,-0.0318738768017481,-0.0118181558919413,0,-0.00860249660511418,0,0,0,0,0,0,-0.0118293525422939,0,0,0,0,0,0,0,0,0,0,0,0,0,0,0,0,0,0,0,-0.00670134170114827,0,0,0,-0.00636387602565325,0,0,0,0,0,0,0,0,0,0,0,0,0,0,0,0,0,0,0,0,0,-0.0086918593084359,0,0,-0.0264766723525974,0,0,0,0,0,0,0,0,0,0,-0.964626661710376,2.96688761713582,-1.1560553788325,0,0,0,0,0,0,-0.497134789509449,0,0,0,0,0,0,-0.000464094576602921,-0.0131770365580475,0,0,0,0,0,0,0,0,0,0,0,-0.0378278792620339,-0.00219656574806347,-0.0398792555445906,0,0,0,0,0,0,0,0,0,-0.0154563520384294,0,0,0,0,0,0,0,0,0,0,0,0,0,0,0,0,0,0,0,-0.00360596669167273,0,-0.00864456851302395,0,0,0,0,0,0,0,0,0,0,-0.00634239058090522,-0.0273478137742454,0,0,-0.00463352569690573,0
"Nfyc",0,0,0,0,0,0,0,0,0,0,0,0,0,-0.00296878783507948,0,0,0,0,0,0,-0.00112058160326118,-0.00780297278720692,0,-0.00802069735456383,0,0,0,0,0,0,-0.00661398885356918,0,0,0,0,0,0,0,0,0,0,0,0,0,0,0,0,-0.0228631732168623,0,0,-0.00651296572081043,0,0,0,0,0,0,0,0,0,0,0,0,0,0,0,0,0,-0.0137536475265791,0,0,0,0,0,0,0,0,0,0,0,0,0,0,0,0,0,0,0,0,0,-1.53989296809135,-1.15604401771995,3.52736075066603,0,0,0,-0.0180975553440222,0,0,-0.599965493250576,-0.00427921644475096,0,0,0,-0.00333955991915916,0,-0.0016390542722655,0,0,0,0,0,0,0,0,0,0,0,-0.00964306627792044,-0.00379196208374012,0,-0.023974562608022,0,0,0,0,0,0,0,0,0,-0.0242269934836553,0,0,0,0,0,0,0,0,0,0,0,0,0,-0.00189141200339113,0,0,0,0,0,0,0,0,0,0,0,0,0,0,0,0,0,0,0,0,0,0,0,0
"Nr1d2",0,-0.00270442597950451,0,0,0,0,0,-0.0131062056632088,0,-0.0185833828289946,0,0,0,0,0,0,-0.00112844191178222,0,0,0,0,0,0,0,0,0,-0.00771825225083754,0,0,0,0,-0.00667417623139494,0,0,0,0,-0.0371556679662731,0,-0.0880423690059527,0,0,-0.000195792907308219,-0.018533406050702,-0.00308374891062674,0,0,0,0,0,0,0,0,0,0,0,0,0,0,-0.0197851117384355,0,0,0,0,0,-0.0540382026835039,-0.0211283443996982,-0.0479822092482832,0,0,0,0,0,0,0,0,-0.00809711116746966,0,0,0,0,-0.00761006477122725,0,0,0,-0.0293972864146352,0,-0.0170111950460797,0,0,0,0,0,0,1.07857732661083,0,0,0,0,0,0,0,0,-0.0197705516669276,0,0,-0.00302119276484534,0,0,-0.17953633428614,-0.0182476107298178,-0.0104043954395437,-0.0226099439185503,-0.0265078210441258,0,-0.0103345383621968,0,0,0,0,0,0,0,-0.0638152040578318,0,0,0,0,0,0,0,0,0,-0.0368548362838541,-0.00574313047081708,0,0,0,0,0,0,-0.0161434086539746,0,-0.00485671747343235,0,0,0,0,0,0,-0.00615443597928772,0,0,-0.0285279455993767,0,0,0,0,0,0,-0.019423393379487,0,0,0,0,0,0,0,-0.00810123301204431,0,-0.00422275590017765
"Nr3c1",0,-0.0100751960895484,0,0,0,-0.00285914459249687,0,-0.00252888139616989,-0.010395740975942,0,0,0,-0.0361979423850881,0,0,0,-0.0103390893241753,0,0,0,0,0,0,0,0,0,0,0,0,0,0,0,0,-0.0045383603335393,0,0,-0.0342343707719521,0,0,0,0,0,-0.0178769007789915,-0.0179957940409795,0,0,-0.0163914905851603,0,0,-0.005315453096721,0,-0.0019690720544707,0,-0.0122273829922542,0,0,0,0,-0.00753445907777478,-0.00316051575773829,0,0,0,-0.00444691208456167,-7.25816517077012e-05,0,0,0,0,0,0,0,0,0,0,-0.010536685448819,0,0,0,0,0,0,0,0,-0.00556566141262861,-0.000194671667897331,-0.0159002511022007,0,0,0,0,0,0,0,0.953943588157022,-0.00780835878226431,0,0,0,0,-0.0122087051350852,0,0,0,0,-0.0076680953050589,0,0,-0.00424761213599154,-0.0279729442725987,-0.0105210823161068,-0.00078080980342597,-0.00515011206524196,0,-0.0225646507829842,0,0,0,0,0,0,0,-0.0271775646380728,0,0,0,0,-0.00429700225905024,-0.00307898444016101,0,0,0,0,-0.0108138947409465,0,0,0,0,0,0,0,0,-0.00703464461451779,0,0,0,0,0,0,-0.0166896051039633,0,0,0,0,0,0,0,-0.0133591939462957,0,0,0,0,-0.0128550756735679,0,0,0,0,-0.0068267645598203,0,0
"Nr4a2",0,-0.018105411327282,0,0,0,0,0,-0.0133144466303106,-0.0244751526877856,-0.00960259614486512,0,0,-0.0327726127379224,0,0,0,-0.00991860625432529,0,0,0,0,0,0,0,0,0,0,0,0,0,0,0,-0.0157136208309466,-0.000732587544898998,0,0,-0.00965598441828992,0,0,0,0,0,-0.0135775774240169,-0.0104224091744898,0,0,-0.00169261253335256,0,0,0,0,0,0,0,0,-0.00413129505071982,-0.0189031088909009,0,-0.00149214960147853,0,0,0,0,0,0,-0.0142891079861547,-0.0143306933129037,0,0,0,0,0,0,0,0,0,0,0,0,0,0,0,0,0,-0.0194067049726484,-0.0132559132446863,0,0,0,0,0,0,0,0,-0.00780834249116649,0.954161366836577,0,0,0,0,0,0,0,0,0,0,0,0,0,-0.00156858254125901,-0.0211070238717465,0,-0.0473656314822455,0,-0.00467913366116868,0,0,0,0,0,0,0,-0.0305242643128776,0,0,0,-0.00960580191791826,0,0,0,0,0,-0.0308406496138873,0,0,0,0,0,0,0,0,0,0,0,0,0,0,0,0,-0.00885784558489611,0,0,0,0,0,0,0,-0.00601183129512385,0,0,0,0,0,0,0,0,0,-0.00530129893171444,0,0
"Nrf1",0,0,-0.0254647290448243,0,0,0,0,0,0,0,0,0,0,0,0,0,0,0,0,-0.0308554809256828,-0.0068353882644616,-0.0471560104044084,0,-0.0403676049627655,0,-0.00101908302580536,0,0,0,0,-0.000321541140008496,0,0,0,0,0,0,0,0,0,0,0,0,0,0,-0.0264444645259805,0,0,0,0,0,0,0,0,-0.0112099964083074,0,0,0,0,0,0,0,0,0,0,0,0,0,0,0,-0.00686099148042766,0,-0.00837464970305408,-0.000108552546288672,0,0,-0.0328867566236411,0,-0.0403726380910089,0,0,0,0,-0.00417346372241372,0,0,0,0,0,0,-0.0154443083417661,0,-0.018103833023533,0,0,0,1.17456526834476,0,0,-0.012583901962315,0,0,0,0,0,0,-0.0308097795568065,0,0,0,0,0,0,0,0,0,0,-0.00634303108092519,0,-0.0949570343535822,-0.0395389130022328,-0.0207006337086827,0,0,0,0,0,0,0,0,0,-0.0379333979119736,0,0,0,0,0,0,0,-0.00215855673676198,0,0,0,0,0,0,-0.180425940115478,-0.00706913930492355,0,0,0,-0.0389719119808152,0,0,0,0,0,0,0,0,0,0,0,-0.0463105917385921,-0.0597382133512438,-0.029944808696962,0,0,-0.046564251447535,0
"Patz1",0,0,0,0,0,0,0,0,0,0,0,0,0,-0.00694030387673918,-0.0187992580781322,0,0,0,0,-0.2293456024598,0,-0.0201413342003823,0,-0.0148638472178294,-0.0839080700545195,0,0,0,0,0,0,0,0,0,0,0,0,0,0,0,0,0,0,0,0,0,0,0,0,0,0,0,0,-0.0168669480331171,-0.016067921398541,0,0,0,0,0,0,0,0,0,0,0,0,-0.0176653508097177,0,-0.174152155325192,-0.33081830898846,-0.355088974835849,0,-0.105260132462825,0,0,0,0,0,-0.0122294828738365,0,0,0,-0.0165131057573152,0,0,0,0,0,-0.0138028199123561,-0.00561761030652685,0,0,0,0,0,0,2.19034106539985,0,0,0,0,-0.0499754284278412,-0.0133193542409677,0,0,-0.00533078684823938,0,0,0,0,0,0,0,0,0,0,0,-0.012273414422796,0,-0.18491578889067,0,0,0,-0.0917853019137223,0,0,0,0,0,0,-0.0114835830518736,0,-0.0103958781679534,0,0,0,0,0,-0.00122024409059488,0,0,0,0,0,0,-0.0105656522656554,-0.168613217053412,0,0,-0.0168741589474134,-0.0049920715767683,0,0,0,-0.0109555838625161,-0.20368801638359,0,0,-0.00121594116436408,0,0,0,-0.00730234317293578,0,-0.00660137885664267,0,0,-0.0399366726737886,0
"Pax9",0,0,0,0,0,0,0,0,0,0,0,0,0,0,0,0,0,0,0,0,0,-0.00201849128611042,0,0,0,0,0,0,0,0,0,0,0,0,0,0,0,0,0,0,0,0,0,0,0,0,0,0,0,0,0,0,0,0,0,0,0,0,0,0,0,0,0,-0.00531632517221495,0,0,0,0,0,-0.00125058891459041,-0.00592510497248389,-0.00495400301630998,0,0,0,0,0,0,0,0,0,0,0,0,0,0,0,0,0,0,0,0,0,0,0,0,0,0,0.919872524971275,0,0,0,0,0,0,0,0,0,0,0,0,0,0,0,0,0,0,0,0,-0.0324326343492809,-0.00626164124580443,0,0,0,0,0,0,0,0,0,0,-0.000913624393367119,0,0,0,0,0,0,0,0,0,0,0,0,0,0,0,0,0,0,0,0,0,0,0,0,0,0,0,0,0,0,0,0,0,0,0,0,0,0
"Pbx3",0,0,0,0,0,0,0,0,-0.0194281093661894,0,0,0,0,0,0,0,0,0,0,0,0,0,0,0,0,0,0,0,0,0,-0.00339588229201661,0,0,0,0,0,0,-0.00574637895154936,0,0,0,0,0,0,0,-0.00281536388935303,0,-0.0601246704020122,0,0,0,0,0,0,0,0,0,0,0,0,0,0,0,0,0,0,0,0,0,0,0,0,0,0,0,0,0,0,0,0,0,0,0,0,0,0,0,0,0,0,-0.494179424754402,-0.497131904330814,-0.599963965007951,0,0,0,-0.0125821595451527,0,0,2.07059842757499,-0.174762198469298,0,0,0,0,0,0,0,0,0,0,0,0,0,0,0,0,0,-0.00651945643898702,0,0,0,0,0,0,0,0,0,0,0,0,-0.0233144164339228,0,0,0,0,0,0,0,0,0,0,0,0,0,0,0,0,0,0,0,0,0,0,0,0,0,0,0,0,0,0,0,0,0,-0.00468135382400337,-0.00562982883946194,0,0,0
"Pknox1",0,0,0,0,-0.00681568260200374,0,0,0,0,0,0,0,0,-0.00774026916583952,0,0,0,0,0,0,0,0,0,0,-0.0195032895192293,-0.00499312893471111,-0.0257391123352152,0,0,0,0,0,-0.0362704140559169,-0.00169451291201454,0,0,0,-0.00181667921880081,0,0,0,0,-0.000646863363914445,-0.0156836398286067,0,0,0,-0.00420426684653821,0,-0.0340433543881511,0,0,0,-0.000621879548369119,-0.00792390675730431,0,0,0,0,0,0,0,0,-0.014160252295263,0,0,0,0,-0.013028083678565,0,0,0,0,0,0,0,0,0,0,-0.0208034502892636,-0.450801043546091,0,0,0,-0.00262211058925533,0,0,0,-0.00827652111781458,-0.00461522554122111,-0.00664608327425904,0,-0.00430676052620059,0,-0.0122079677792725,0,0,0,0,-0.174772707658728,1.23134333117526,-0.00119794453057168,0,0,-0.0216822509588792,0,-0.0156519452048748,0,0,0,0,0,-0.00602049335813487,0,-0.0229454849602371,-0.0355131550932119,0,0,-0.0104812761996861,0,0,-0.000116810074797462,0,-0.0245795150988573,0,0,0,0,0,0,0,-0.000700150452171425,0,-0.0400021328231936,-0.0214285768539689,0,0,0,0,0,0,0,-0.00191845523867506,-0.000197913037990912,0,0,0,0,0,-0.0078187299517075,0,0,0,-0.000695258908222669,0,0,-0.0179754950488303,0,-0.0133639711986713,-0.0193788691391734,-0.0082221450565048,-0.000724310562274935,0,0,0,-0.0064477696067439,-0.000809828745248733,-0.0191000312894533,-0.0183969366367375,0
"Prdm1",0,0,0,0,0,0,0,-0.00025637128280141,-0.0146986327146347,0,0,0,0,0,0,0,-0.0142816514247118,0,0,0,0,0,0,0,0,0,0,0,0,0,0,0,0,-0.024710634373534,0,0,0,0,0,0,0,0,0,-0.00223515331970684,0,0,-8.95581061261414e-05,0,0,0,0,0,0,0,-0.0125191515308224,-0.11526481857594,-0.266711991182886,-0.140643313437132,-0.0390528149523692,-0.327562623068915,-0.220505524217631,0,0,0,0,0,0,0,0,0,0,0,0,0,0,0,0,0,0,0,0,0,0,0,0,0,-0.005532167891618,0,-2.14836816714859e-05,-0.0135924087060552,0,0,0,0,0,0,0,0,0,0,-0.00116423460719341,1.51048913323034,0,0,0,-0.0263423068873997,0,0,0,0,0,0,-0.00810203286326997,0,0,-0.00486868732962428,0,0,0,0,0,0,0,-0.0107920282835815,0,0,0,0,0,0,0,0,0,0,0,0,0,0,0,0,0,0,0,0,0,0,0,0,0,0,0,0,-0.050163278024825,0,-0.00118697920316271,0,0,0,-0.0211216699489089,0,-0.0184864998427552,0,0,0,0,0,0,-0.00908814367171528,0,0
"Prdm16",0,0,-0.000508346576220053,0,-0.00119038701116204,-0.00911840365181866,-0.00154077220479749,0,-0.0123256519345703,-0.003096683695708,0,0,0,0,0,0,-0.00205217505487235,0,0,0,-0.00494868626926068,0,0,0,0,0,0,0,0,0,0,0,0,0,0,0,0,0,0,0,0,0,-0.013462537887821,0,0,0,0,0,0,-0.0223346227673548,0,0,0,-0.0185001824546895,0,0,0,0,0,0,0,0,0,-0.00533012224823399,0,0,0,-0.0200773615491888,0,0,0,-0.0116893795139017,0,-0.0137739165011183,0,0,0,-0.0131408023769107,0,0,0,0,0,0,0,0,0,0,-0.00473118574875365,0,0,0,0,-0.0197694104223532,0,0,0,-0.0499656381728873,0,0,0,0,1.01418294675912,0,-0.00916945392466617,-0.0170927215668631,0,0,0,0,0,0,-0.0340963102642761,0,-0.0132914820135648,0,0,0,-0.159943312838164,0,-0.00585227903441816,-0.0393070010370641,0,0,-0.0142729779745764,0,0,0,0,0,0,0,-0.0140759995430631,-0.0230664308427161,-0.014439063642962,0,0,0,0,0,-0.0111093427121057,0,-0.000118781574048469,0,0,0,0,-0.0084595421863673,0,-0.011348005957162,0,-0.0249597702446773,-0.00510008216651434,0,0,0,-0.00052886900422366,0,0,-0.0170664922702379,0,-0.000101318774215196,0,-0.0199539490582488,0,0,0,-0.0254381469917066,0,0
"Prdm4",0,0,0,0,0,0,0,0,0,-0.00264426521150968,0,0,0,0,0,0,-0.0108956378482616,0,0,0,0,0,0,0,-0.00995128463272503,0,0,0,0,0,-0.00332756177581861,0,-0.00696456301753315,0,0,0,-0.00176364446612205,-0.0210321196647385,0,0,0,0,0,0,0,0,0,0,0,0,0,0,0,0,0,0,0,0,0,0,0,0,0,0,0,0,0,0,0,0,-0.00552583834051815,0,0,0,0,0,0,0,0,0,0,0,0,0,0,0,0,0,0,0,0,0,0,0,0,0,0,-0.0133187679566709,0,0,0,0,0,0.920373208209915,0,0,0,0,0,-0.00114826394218468,0,0,0,0,0,0,0,0,0,0,0,-0.00175299612190643,-0.00441234061155231,0,0,0,0,0,0,0,0,0,0,0,0,0,0,0,0,0,0,0,0,0,0,0,0,0,0,0,0,0,0,0,0,0,0,0,0,-0.000718219156102496,0,0,0,0,0,0,0,0,0,0
"Rbak",0,0,0,0,0,-0.00487207998029187,0,0,0,-0.0529354130964657,0,0,0,0,0,0,0,0,0,0,-0.0277397041944841,0,-0.0325759062783365,0,0,0,0,0,0,0,0,0,0,-0.142611520923872,0,0,0,0,0,0,0,0,-0.00971321905662835,0,0,0,0,0,0,-0.00974851448962609,0,0,0,-0.00750309140158032,-0.00969541440433617,0,0,0,0,0,0,0,0,0,0,0,0,0,0,0,0,0,0,0,0,0,0,-0.180306250427786,0,0,0,0,0,0,0,0,0,0,0,0,0,0,-0.00339422402680406,0,0,0,0,0,0,0,-0.0216866992488489,0,-0.00917170427929913,0,1.31792301542874,-0.129042252348895,-0.000252187488315774,-0.00747970610520259,0,0,0,0,0,0,-0.021014014072667,0,0,-0.0468575591783586,0,0,0,0,0,0,-0.00953474444967253,0,0,0,0,0,0,-0.050871724549024,0,-0.00171772730118929,-0.00564685969815912,0,0,0,0,0,-0.00307103858532724,0,0,0,0,0,0,-0.0773141291788203,0,0,0,0,0,0,-0.153833205493728,0,-0.0331746539883911,0,0,-0.00232055943868606,-0.10511323779761,0,0,0,-0.0114334315797618,-0.00197476995474526,0,-0.0109359077748611,0,0
"Rela",0,0,0,0,0,0,0,0,0,-0.509346320971854,0,0,0,0,0,0,0,0,0,0,0,0,0,0,0,0,0,0,0,0,0,0,0,-0.0910654168405536,0,0,0,0,0,0,0,0,-0.00834578581302302,0,0,0,0,0,0,-0.00834514884850758,0,0,0,0,-0.00681542087435865,0,0,-0.0808346058959702,0,0,0,0,0,0,0,0,0,0,0,0,0,0,0,0,0,0,0,-0.564972314369378,0,0,0,0,0,0,0,0,0,0,-0.084494497508084,-0.0659495933990957,0,0,0,-0.00302352174559316,-0.0076702553732166,0,0,0,0,0,0,-0.0263938735409494,-0.0170942105896478,0,-0.129049088710259,1.91837925510636,0,-0.00989676195065258,0,0,0,0,-0.00248990929154692,0,-0.0343477965965996,0,0,0,0,0,0,0,-0.0207473280278626,0,-0.0182584042516345,0,0,0,0,0,0,0,-0.00407223335866142,-0.00415048727010692,-0.0107467003969947,0,0,0,0,0,0,0,0,0,0,0,0,0,0,-0.00097901575092128,0,0,-0.0897910974966392,0,-0.115390491974503,0,-0.0723195793978822,0,-0.0209938472964116,-0.00288611206144772,-0.1674540943491,-0.000357025641582889,0,0,0,0,-0.00902439783632553,-0.00756357918088505,0,0
"Rfx1",0,0,0,0,0,0,0,0,0,0,0,0,0,0,-0.00826323916399475,0,0,0,0,-0.00167248661968536,-0.0153249810841405,0,0,-0.0345354163704337,-0.0308980122568322,-0.0159111080704802,-0.0109850975295353,0,0,0,-0.00768404350343,0,-0.00723270157415717,0,0,0,0,-0.0248954003434987,0,0,0,0,0,0,0,-0.0155630166768261,0,0,0,-0.0463640558083124,-0.00448767944479324,0,0,-0.00594823782344815,0,0,0,0,0,0,0,0,0,-0.00468457817764738,0,0,0,0,0,0,-0.00234846002599749,-0.00326713294820154,0,-0.00153771570158524,0,0,0,0,-0.016755871285499,-0.00183254977767358,0,0,0,0,0,0,0,0,0,-0.028857214035833,-0.0041887045870131,-0.000484719054745538,-0.00163779472559134,0,0,0,-0.0308102221999872,-0.00532279110767478,0,0,-0.0156514325124821,0,0,0,-0.000250383857685433,0,1.17305912233586,-0.378974882639379,0,0,0,0,-0.0234832171997789,0,-0.0160749105747956,0,0,-0.0169908716801045,0,-0.0065570715846683,0,-0.0197212378605557,0,-0.00407077087846397,0,0,0,0,0,0,0,-0.0356631610981112,0,-0.0112908697055723,0,0,0,-0.0135744465422722,0,0,0,0,0,0,0,0,-0.00225039494222172,0,0,-0.0044409549803217,-0.0017349007987745,0,0,-0.0048679848077774,0,-0.0107734060799438,0,0,0,-0.0118737777580558,0,0,0,-0.00061363347183042,-0.0438837740646492,-0.0392804710247091,0,-0.0106631859618967,-0.0573479852376729,0
"Rfx7",0,-0.00380261694336227,0,0,0,0,0,0,-0.0155160280801798,0,0,0,0,0,0,0,-0.00529693244515242,0,0,0,0,0,0,0,0,0,-0.000983651478242405,0,0,0,0,0,0,0,0,0,0,0,0,0,0,0,-0.0314186203040778,0,0,0,0,0,0,-0.0165946107619957,0,0,0,0,0,0,0,0,0,0,0,0,0,0,0,0,0,0,0,0,0,0,0,-0.00537828622145032,0,0,0,0,0,0,0,0,0,0,0,0,0,0,0,0,0,-0.0131870950436806,0,0,0,0,0,0,0,0,0,0,0,0,-0.00747903232605353,-0.00989495456121285,-0.378976330741819,1.07682111005705,0,0,-0.022455996012291,0,0,0,-0.0170461305392206,-0.00196429042995813,0,0,0,0,0,0,-0.0343025950204225,0,0,0,0,0,0,0,0,0,0,0,0,0,0,0,0,0,0,0,0,0,0,0,0,0,0,0,0,0,0,0,-0.00345618136416439,0,0,0,0,0,0,0,0,0,0,0,0,-0.0111407697944264,0,0
"Rora",0,-0.0265494852197197,0,0,0,0,0,0,-0.0290160608629653,-0.0110244657887504,0,0,-0.00259847507996404,0,0,0,-0.00685546235686393,0,0,0,0,0,0,0,0,0,-0.00424796334786023,0,0,0,0,0,0,0,0,0,-0.00635462559320487,0,0,0,0,-0.00485799917805125,-0.0228459368843261,-0.0229051147870503,0,0,-0.00028031127236478,-0.00566377398626987,0,0,0,0,0,0,0,0,0,0,-0.00200919139477302,0,0,0,0,-0.0110275413289462,0,0,0,0,0,0,0,0,0,0,0,0,0,0,0,0,0,-0.00898334783480713,0,0,-0.0019694387336387,0,-0.0202953339939822,0,0,-0.0113730240936785,0,0,0,-0.179535637821343,-0.00424753283731829,0,0,0,0,0,0,0,0,0,0,0,0,0,0.988297610252976,-0.00502618341277068,-0.00213440620858453,0,-0.0297478077264701,0,-0.0344135087439675,0,0,0,0,0,0,0,-0.0120942584542803,0,0,0,0,-0.013719965100578,-0.000813186990507856,-0.0165823328139464,-0.00722664842956516,0,0,-0.00463779959939802,0,0,0,-0.0188781394871968,0,-0.0134390400780774,0,0,-0.0296736088977106,0,0,0,0,0,0,0,0,-0.00123062760940603,0,0,0,0,0,0,0,0,0,0,0,-0.00358531726678367,0,0,0,0,0,0
"Runx1",0,-0.0267929776417106,0,0,0,0,0,-0.0329535837733855,-0.018748896214229,0,0,0,-0.485191519426973,0,0,0,-0.00114040178653055,-0.0190490267390418,-0.00631402194716624,0,0,0,0,0,0,0,0,0,0,0,0,-0.00572543260252547,0,-0.00400482642446853,0,0,0,0,0,0,0,-0.0005531262311528,-0.0281215957945334,0,0,0,-0.037098583653496,0,0,0,0,-0.0103833468488229,0,0,0,-0.00239044715745237,-0.040197300033777,0,-0.0234618084485513,0,0,0,0,0,0,-0.00247173122590656,0,0,0,0,0,0,0,0,0,0,0,0,0,0,-0.00698418635919218,0,0,0,-0.00278797494732924,-0.0122439689197522,-0.0237846845502542,-0.00195590587377616,-0.00725909537748149,0,0,0,0,-0.0182313104854919,-0.0279666162981272,-0.00156315421313616,0,0,0,0,0,0,0,-0.00114143820122686,0,0,0,0,-0.00502396344915882,2.62772060338713,-1.03143456879481,-0.805488434912145,-0.013542281961735,0,-0.00896828478206757,0,-0.00218760566347496,0,0,0,0,0,-0.0183347926092908,0,0,-0.00926212434639284,0,0,-0.00733092060700348,0,-0.0170743708825172,0,-0.0195203125529796,0,-0.000568127408010069,0,0,0,0,0,0,0,-0.0142784972948183,0,0,0,0,0,-0.00151737999683452,-0.012978998828559,0,0,0,0,0,0,0,-0.0319815466307899,0,0,0,0,0,0,0,0,0,-0.00569004676472458,0,-0.0144808282518502
"Runx2",0,0,0,0,0,0,0,-0.00746406861737324,-0.00232813047402325,0,0,0,-0.472603333648265,0,0,0,-0.0127999646712261,-0.00482747284716979,0,0,0,0,0,0,0,0,0,0,0,0,0,-0.0070829120025859,0,-0.0312855055662523,0,0,-0.0380291442675892,0,0,0,0,-0.012958271450087,-0.0364328606059765,0,0,0,-0.0333506297216438,0,0,-0.000828305198481942,0,0,0,0,0,-0.00256544505468498,-0.00358035209935591,0,-0.0211012677193677,-0.00720543798169769,0,0,0,0,0,-0.0103941117583293,-0.00339723259571092,0,0,0,0,0,0,0,0,-0.0405649005986725,0,0,0,0,-0.0131355692239227,0,0,0,-0.0287243263436321,-0.00535354157721888,-0.00218688319481301,-0.0125949334347736,-0.00259844519690451,0,0,0,0,-0.0103990619295561,-0.0105204333096412,-0.0211085134362519,0,0,0,0,0,0,0,0,0,0,0,-0.0224393945726247,-0.00213191220526116,-1.03143769134798,2.3451128935251,-0.457769833867726,-0.0179283500440646,0,0,-0.0157962754355373,0,0,0,0,0,0,0,0,0,0,0,-0.00196043335051188,-0.00496128779056224,0,-0.00468697349317671,0,-0.019273243092862,0,-0.00378738187864693,0,0,0,0,0,0,0,-0.0112188030543382,0,-0.00726218366611927,0,0,0,0,0,0,0,0,0,0,0,0,0,0,0,0,0,0,0,0,0,0,-0.00870993542305594,0,-0.02615921310306
"Runx3",0,0,0,0,0,0,0,0,0,0,0,0,-0.285325900064105,0,0,0,-0.00573629936654886,-0.00128562402861228,0,0,0,0,0,0,0,0,0,0,0,0,0,-0.0269434012486599,0,0,0,0,-0.0318916967830154,0,0,0,0,-0.0277689738923169,-0.00926170420177143,0,0,0,-0.0174209721081053,0,0,-0.00727145916243638,0,0,0,0,0,0,0,0,0,0,0,0,0,0,-0.00691546199232015,-0.0118143971918982,-0.00389284221276606,0,0,0,0,0,0,0,0,-0.00345341203365881,0,0,0,0,-0.0204623603021043,0,0,0,-0.00225455406444253,-0.0146308146154913,-0.00445699071277878,0,0,0,0,0,0,-0.0226134995329992,-0.000783262375589779,0,0,0,0,0,0,0,0,0,0,0,0,0,0,-0.805501435127733,-0.457774618736685,1.98376491964294,0,0,-0.0337801834436757,-0.0187619664369429,0,0,0,0,0,0,-0.0119091040835632,0,0,0,0,0,0,0,0,0,0,-0.00213462775230327,-0.0205136026166825,0,0,0,0,0,0,0,0,0,-9.37936579242852e-05,0,0,0,0,0,0,0,-0.0078667324078866,0,0,0,0,0,0,0,0,0,0,0,0,0,0,0,0,-0.00764108357009874
"Rxrb",0,0,0,0,0,-0.062544286504519,0,0,-0.00686185135861899,0,0,0,0,0,0,0,-0.0250913189515339,0,0,0,0,0,0,0,0,0,-0.00160344749603796,0,0,0,0,-0.0154943437407466,-0.014133763800525,-0.00141535200292393,0,0,-0.00079894046259794,0,0,0,0,-0.00805825421955402,-0.0176534841086364,0,0,0,-0.00412785112829278,0,0,-0.0104374753007925,0,0,0,-0.000891929482556408,-0.00421541008942899,0,0,0,0,0,0,0,0,0,0,-0.0100902647270679,0,0,0,0,0,0,0,0,0,-0.00509163101770673,0,0,0,0,-0.00989479583877207,0,0,0,0,0,-0.00911492825499518,0,-0.0026022917799428,0,0,0,0,-0.0265068743747186,-0.00514988953619949,-0.0473654314505457,0,0,0,0,-0.00601983769661323,-0.00810610840135107,-0.0340958709964822,0,0,-0.00249007144793327,-0.0234834533717526,0,-0.0297496162391732,-0.0135529732702245,-0.0179318469149817,0,0.98818128692895,0,-0.01175807419695,-0.0189613290528896,0,0,0,0,0,0,-0.0464861829482279,0,0,0,0,0,0,0,-0.0135703004765177,0,-0.00192629978338941,-0.0230670518136503,-0.0211527547253978,0,-0.00474632196306207,-0.0465924635074644,0,-0.00253189668596519,-0.0515481563664089,0,0,-0.016385293942278,0,-0.00117665499423694,0,0,0,-0.0130437847861238,0,0,0,0,-0.00842162869774635,0,0,0,0,0,0,0,-0.000962251756442256,-0.00464264299434814,0,0,0,-0.00348106611896352,-0.0114037178436846,0
"Setbp1",0,0,0,0,0,0,0,0,0,0,0,0,0,0,0,0,0,0,0,0,0,0,0,0,0,0,0,0,0,0,0,0,0,0,0,0,0,0,0,0,0,0,0,0,0,0,0,0,0,0,0,0,0,0,0,0,0,0,0,0,0,0,0,0,0,0,0,0,0,0,0,0,0,0,0,0,0,0,0,0,0,0,0,0,0,0,0,0,0,0,0,0,0,0,0,0,0,0,0,0,0,0,0,0,0,0,0,0,0,0,0,0,0,0.917145044558072,0,0,0,0,0,0,0,0,0,0,0,0,0,0,0,0,0,0,0,0,0,0,0,0,0,0,0,0,0,0,0,0,0,0,0,0,0,0,0,0,0,0,0,0,0,0,0,0,0,0,0,0,0,0,0,0
"Smad3",0,0,0,0,0,0,0,0,-0.0148525542551895,-0.0359404485153274,0,0,-0.00299431976577484,0,0,0,-0.067602647787771,-0.00993493729740356,0,0,0,0,0,0,-0.00815831276101727,0,0,0,0,0,0,0,-0.024578478769412,-0.0247644240458101,0,0,0,0,0,0,0,-0.0171263268697804,-0.00478374583291683,-0.00706651637577301,0,0,-0.00759519769177197,0,0,-0.0377631137297342,0,0,0,-0.000367595477822487,0,0,0,0,0,0,0,0,0,-0.00926912642609586,0,-0.0176287792599872,0,0,0,0,0,0,0,0,0,-0.0168278655160677,0,0,0,0,-0.031196351606222,0,0,0,-0.0103512574966187,0,-0.016876367669822,0,0,-0.0207728923753861,0,0,0,-0.0103356045138215,-0.0225655001677781,-0.00468005249063145,0,0,0,0,-0.0229460301416184,0,-0.0132932731038039,0,-0.0210162814673922,-0.0343494587836382,-0.016075143401774,-0.0170461833242435,-0.0344151052468828,-0.00898674198126089,0,-0.0337767533929128,-0.0117591074071084,0,1.11461103663484,-0.173782430818458,0,0,0,0,0,0,-0.0264394496778318,-0.00618151559236792,-0.00737943609117333,0,0,0,0,0,0,0,-0.0548564872552866,-0.0725958960123124,-0.0274760892198785,0,0,0,0,-0.00630910855890387,0,0,-0.0323168825936822,0,0,0,0,0,0,-0.00481299801961901,-0.00745924983759658,-0.0092552756673789,0,0,0,0,-0.0011582067124612,0,-0.0426419493400483,-0.0175348184594385,-0.00690268391616569,0,-0.00544047618563766,0,0,0,0,-0.00345308293215691,-0.0182877308253833,-0.0046345399940462
"Smad4",0,-0.00501717422402149,-0.0103920375994831,0,0,0,0,-0.00973076421984326,-0.0143324259841167,0,0,0,0,0,0,0,-0.0329951722190832,-0.0150058495684713,0,0,0,0,0,0,0,0,-0.0116860422404264,0,0,0,0,-0.00260333414436051,-0.015611045089627,-0.0323600167415074,0,0,0,0,0,0,0,0,-0.0156274997656966,0,0,0,-0.0387025552458782,0,0,-0.0232121387569299,0,0,0,0,0,0,0,-0.0101571031162014,0,-0.0127280945370928,-0.00538373604256929,0,0,0,-0.00370507783917483,0,0,0,0,0,0,0,0,0,0,0,0,0,0,0,-0.0145982248131455,0,0,0,-0.00527284737230337,-0.0106282065878509,-0.000692739392379782,0,0,-0.00238482914366512,0,0,0,0,0,0,0,0,0,0,-0.035513010324002,-0.00487349995152633,0,0,0,0,0,-0.00196371059627692,0,0,-0.0158032791341599,-0.0187666571643312,-0.018962861418241,0,-0.173783118036636,1.04588618837882,0,0,-0.00416278741738045,0,0,0,-0.00486245103789989,-0.0123434366365224,0,0,0,-0.000399046518950092,0,0,0,0,-0.021804790028687,-0.0225730420108258,-0.0203838821357449,0,0,0,0,0,0,0,-0.0142867791966876,0,0,0,0,0,0,0,0,0,-0.0453114722025246,0,0,0,0,0,-0.0177265414405149,-0.0258871151574414,-0.0321492255526493,0,0,0,0,0,0,-0.0297900803191633,-0.0177814241241047,-0.0380709380004736
"Snai3",0,0,0,0,0,0,0,0,0,0,0,0,0,0,0,0,0,0,0,0,0,0,0,0,0,0,0,0,0,0,0,0,0,0,0,0,0,0,0,0,0,0,0,0,0,0,0,0,0,0,0,0,0,0,0,0,0,0,0,0,0,0,0,0,0,0,0,-0.0089377778799306,0,0,0,-0.00825464011954817,0,-0.00448083248852894,0,0,0,0,0,0,-0.0258714341960993,0,0,0,0,0,0,0,0,-0.00365592632264005,0,0,0,0,0,0,0,0,0,0,0,0,0,0,0,0,0,0,0,-0.00219875237488193,0,0,0,0,0,0,1.07819750034739,0,0,0,0,0,-0.00349846672141237,0,0,0,0,0,0,0,0,0,0,-0.0595132607352363,-0.369037787719015,0,0,0,0,0,0,0,0,0,0,0,0,0,0,0,0,0,0,0,0,0,0,0,0,0,0,0,0,0,0,0,0,0,0,0
"Sp1",0,0,0,0,0,0,0,0,0,0,0,0,0,0,0,0,0,0,0,0,-0.023427463437507,0,-0.0914742927018901,-0.111552475659704,-0.0285522117588848,0,0,0,0,0,0,0,0,0,0,0,0,0,0,0,0,0,0,0,0,0,0,0,0,0,0,0,0,0,-0.0304069475429157,0,0,0,0,0,0,0,0,0,0,0,0,-0.0887797242041276,0,0,-0.053436918447855,-0.315789481563097,0,0,0,0,0,-0.43358315780432,-0.0729887060166714,-0.00522907671143447,0,0,0,0,0,0,0,0,0,0,0,0,0,0,0,0,-0.0063534639518987,0,0,0,0,0,0,0,-0.0468140523568194,0,-0.016984085436593,0,0,0,0,0,0,0,0,0,0,3.65163906351613,0,-0.712711809195435,-0.522086763263267,-0.384658403936572,0,0,0,0,0,0,0,0,0,-0.0314702777240703,0,0,0,0,0,0,0,0,0,0,0,0,0,0,-0.0341737951210641,-0.625318987741816,0,0,-0.00770490425900385,0,0,-0.0860488442438492,-0.00650717434042894,-0.0151733796756987,-0.0369488635354614,0,0,0,0,0,0,-0.00012940332249333,-0.150508021611357,-0.0475071769536222,0,0,-0.0548555488174506,0
"Sp110",0,0,-0.0166930333834882,0,0,-0.0202693712233961,-0.0185834301960669,0,-0.00644445189204149,-0.00172422710247538,0,0,0,0,0,-0.00125445278058354,0,0,0,0,-0.0101616847386228,0,0,0,0,0,-1.14782138872835e-05,0,0,0,0,0,0,-0.0197614527587178,0,0,0,-0.00580952857624431,0,0,0,0,0,0,0,0,0,-0.0157842928135657,0,-0.0115208959543711,0,0,0,0,0,0,0,0,0,0,0,0,0,-0.00136192061842484,0,0,0,0,0,-0.000983450152730383,0,-0.0045499427026205,0,-0.000724032501037552,0,-0.00893497326734299,0,-0.0110261345809246,0,0,0,0,0,0,0,0,0,0,0,0,0,0,-0.00966056362477226,0,0,0,0,-0.0122785118049668,0,-0.00652451520744347,-0.0104835989109004,0,-0.159944866118265,0,0,0,0,0,0,0,0,0,0,0,0,-0.00416298900199534,0,0,0.97828445915459,-0.00284827372447417,0,-0.018753854275718,0,0,-0.00273546056357135,0,0,0,0,-0.00577372728685106,0,-0.0067667126746799,0,-0.00869203629566685,0,0,0,0,0,-0.00444329714407881,0,0,0,0,0,0,0,-0.000400552626750619,0,0,0,-0.0173185175891357,0,0,-0.00467521146320568,0,0,0,0,-0.00725576316314484,-0.0091654161920769,0,0,-0.018240364942924,-0.0199824008820018,0,0,0,-0.0156220255329466,0
"Sp2",0,0,0,0,0,0,0,0,0,0,0,0,0,0,-0.0100018669366726,0,0,0,0,-0.113050449438616,-0.0492157788574125,-0.138243388608077,0,-0.0755712495963301,0,0,0,0,0,0,0,0,0,0,0,0,0,0,0,0,0,0,0,0,0,0,0,0,0,0,0,0,0,0,0,0,0,0,0,0,0,0,0,0,0,0,0,-0.066541097246183,0,0,-0.225426279679013,-0.22277831468405,0,0,0,0,-0.00447140316933382,0,-0.122195772075562,-0.0258419990598715,0,0,0,-0.0174106857025287,0,0,0,0,0,0,0,-0.0378823521653605,-0.00378908145024865,0,0,0,-0.0949891819777637,0,-0.032432118444223,0,0,0,0,0,0,0,-0.00658214193992889,0,0,0,0,0,0,0,0,0,0,-0.712995936945926,-0.00284013748069326,3.50180278775274,-0.758497815913459,-0.206571827647339,0,0,0,0,0,0,0,0,0,-0.0226175198963856,0,0,0,0,0,0,0,0,0,0,0,0,0,0,-0.0832041043384773,-0.352016353942896,0,0,-0.0251585924608111,0,0,-0.0896861088989569,0,-0.00205717991288695,0,0,0,-0.0257198751273078,0,0,0,0,-0.226417336932853,-0.142669405017029,0,0,-0.151669983285678,0
"Sp3",0,0,0,0,0,0,0,0,0,0,0,0,0,0,0,0,0,0,0,-0.0953023633473825,0,-0.0554498580022076,-0.00597275856018264,-0.0445897608141108,-0.00510215622463516,0,0,0,0,0,0,0,0,0,0,0,0,0,0,0,0,0,0,0,0,0,0,0,0,0,-0.00161834906100025,0,0,0,0,0,0,0,0,0,0,0,0,0,0,0,0,-0.14422236702598,0,0,-0.570167071633421,-0.340865295468671,0,0,0,0,0,-0.0201815898329843,-0.00216808828071598,-0.00283099166192899,0,0,0,-0.00788326102662895,0,0,0,0,0,0,0,-0.00222527344071946,0,0,0,0,-0.039534525786351,-0.184811285917204,-0.00625892657805521,0,0,0,-0.0058424859928782,0,0,0,0,0,0,0,0,0,0,0,0,0,0,-0.522072222225737,0,-0.758198696046397,3.78817115653385,-0.338581710263302,0,0,0,0,0,0,0,0,0,0,0,0,0,0,0,0,0,0,0,-0.0123674390505684,0,0,0,-0.0225548742751068,-0.0125842253985891,-0.490971500728731,0,0,-0.0179516105276818,0,0,-0.0427056549245438,0,-0.0229295525547349,-0.19051103627198,0,0,0,0,0,0,-0.00309144264142419,0,-0.0357532182503494,-0.0406407282402792,0,-0.0378094316728491,0
"Sp4",-0.0341089293685577,0,0,0,0,0,0,0,0,0,0,0,0,0,0,0,0,0,0,-0.0997139883928826,0,-0.655070639067844,0,-0.241710127709552,-0.152968613534985,-0.0204343211816769,0,0,0,0,-0.0303174470506195,0,0,0,0,0,0,-0.0250895075414283,0,0,0,0,0,0,0,-0.0128551855540634,0,0,0,-0.0014525972427527,-0.0119412080761231,0,0,0,0,0,0,0,0,0,0,0,0,0,0,0,0,-0.0282705589873476,-0.103181633642956,0,-0.341132299269772,-0.169723197447208,-0.281163207358052,-0.124163757855388,0,0,0,0,0,-0.00512981872695112,0,0,0,0,0,0,0,0,0,0,-0.0297694529848488,-0.039909559075283,-0.0239670802785882,0,0,0,-0.0207082858591974,0,0,0,-9.42157119195342e-05,0,-0.0392980478615328,-0.00175179821619132,0,0,-0.0197246891288138,0,0,0,0,0,0,0,0,0,0,-0.384813609965539,-0.018743961459025,-0.206605652439073,-0.338800739405086,3.18962996167373,0,0,0,0,0,0,0,0,0,-0.036781153451879,0,0,0,0,0,0,0,0,0,0,0,0,0,-0.0099304646993542,0,0,0,0,-0.000963792038358036,-0.000272584539197286,0,-0.0179938467698746,0,0,0,0,0,-0.0221343165145317,0,0,0,-0.0331166176706477,0,0,0,0,-0.0560990229827589,0
"Spi1",0,0,0,0,0,0,0,0,-0.031085213570995,-0.03135231694902,0,0,0,0,0,0,-0.030798529961884,-0.00963106936548482,0,0,0,0,0,0,0,-0.0127349252446506,-0.0778686059297982,0,0,0,0,-0.0062302548376449,-0.290378509176214,-0.157217159594865,0,0.0524104493841201,-0.435611624553717,0,0,0,0,0,-0.0151454679445625,-0.0239953050026158,0,0,-0.0245926074172284,0,0,-0.0297950741870742,0,0,0,-0.00941672667708593,0,0,0,-0.0319087568280177,-0.116322972918411,0,-0.156844051660475,0,0,0,0,-0.00242795952316439,0,0,0,0,0,0,0,0,0,-0.0142751216721334,0,0,0,0,-0.0192725137268198,0,0,0,-0.0152210537880632,-0.000842224684051518,-0.0216636770900229,-0.0189632713168186,-0.00514903187572448,-0.00693244813012721,0,0,0,-0.0638174957180364,-0.0271803032346767,-0.0305282838855608,0,0,0,0,0,0,0,-0.004410877927271,0,-0.0207234735675485,0,-0.03429610112057,-0.0120968849617632,-0.0183803685958665,0,-0.011907195425151,-0.0464840848014624,0,-0.0264391203637637,-0.00486136777271735,-0.00349079226494815,0,0,0,0,0,1.64208207868205,0,0,0,0,0,-0.00307247320779786,0,-0.0170927287020211,0,-0.0413757154820169,0,-0.0169823605528238,0,0,0,0,0,0,0,-0.0236242153628068,0,-0.0199427782769364,0,0,0,0,-0.00590236923301669,0,0,-0.00469010737810144,0,0,0,0,0,-0.0132358022193496,-0.0192856273953453,0,0,0,0,0,0,0,-0.0377571875202712,0,0
"Srebf1",0,0,0,0,-0.0184820629321245,0,0,0,0,0,-0.131751769829472,-0.0129562836654881,0,0,0,0,0,0,0,0,0,0,0,0,0,0,-0.0282514360486381,0,0,0,0,0,0,0,0,0,0,0,0,0,0,0,-0.00342316461276562,0,0,0,0,0,0,-0.0172166385976508,0,0,0,0,0,0,0,0,0,-0.00520270737421996,0,0,0,0,0,-0.00924468178466638,-0.0168260426644698,0,0,-0.0155055791360035,0,0,0,0,0,-0.00842056741281738,0,0,0,0,-0.0184080632536466,0,-0.0691198286452963,0,0,0,-0.001335729400114,0,0,-0.0100766679133524,0,0,0,0,0,0,0,0,0,0,-0.0245832400325394,-0.0108106515109513,0,0,0,0,-0.00407269548288036,0,0,0,0,0,0,0,-0.00618396146072508,-0.0123467221560809,0,0,0,0,0,0,0,1.3776288835799,-0.40628134114041,0,0,0,0,0,0,0,-0.00994285587331226,0,0,0,0,-0.207988637255188,-0.0967408617629113,0,0,0,-0.00195995678346021,-0.140805748032252,0,0,0,0,0,-0.00421072006554366,0,0,0,-0.0030336190865376,0,-0.00313987063437835,0,0,-0.00538047080638354,-0.0121827217350277,0,-0.00405037315725653,0,0,0,0,-0.00207424711938601,0,0,0
"Srebf2",0,0,0,0,0,0,0,0,0,0,0,-0.031969053953235,0,0,0,0,-0.00312640081829507,0,0,0,0,0,0,0,0,0,0,0,0,0,0,0,0,0,0,0,0,0,0,0,0,0,0,0,0,0,0,0,0,-0.00381037989852803,0,0,0,0,0,0,0,0,0,0,0,0,0,-0.00635960673593117,0,0,0,-0.0638573364190941,0,-0.0401026947162002,-0.00427980847572422,-0.010532359508804,0,0,0,0,0,-0.0416495007317691,0,-0.00549139368920211,-0.00517447987465415,0,0,0,0,0,0,0,-0.00582155654827525,0,0,0,0,0,0,0,0,-0.0917662755844464,0,0,0,0,-0.0142713863333288,0,-0.00952780767280455,-0.0182558874983485,0,0,0,0,0,0,0,0,-0.00737705869812477,0,0,0,-0.00273354506504205,0,0,0,0,-0.406278616853989,1.21712925328214,0,0,0,0,0,0,0,-0.00939253706161404,-0.0183774402921204,0,0,0,0,0,0,-0.018506106050869,0,0,0,0,0,0,-0.0107206509942008,0,0,0,0,0,-0.00190189341173185,-0.0166818271420102,0,-0.0862356402374474,0,-0.013755978584918,-0.0109762977377598,-0.022552007506615,0,0,0,0,0,-0.00977410207392324,0,0,0
"Stat1",0,0,0,0,0,0,0,0,-0.00841771021059296,0,0,0,0,0,0,0,0,0,0,0,0,0,0,0,0,0,0,0,0,0,0,0,0,0,0,0,0,0,0,0,0,-0.106790299579036,0,0,0,0,0,-0.00326494105711123,0,0,0,0,0,0,0,-0.33109852431095,-0.0606467019652367,-0.369840711135781,-0.0177325055915446,0,-0.0122263913799589,0,0,0,0,0,0,0,0,0,0,0,0,0,0,0,0,0,0,0,0,0,0,0,-0.00615990750100034,0,0,0,0,0,0,0,0,0,0,0,0,0,0,0,0,0,0,0,0,0,0,0,0,-0.00925073284153786,0,0,0,0,0,0,0,0,0,0,0,0,0,0,0,2.51205214276352,-0.920716818964517,0,0,0,0,0,-0.0101053894995068,0,0,0,0,0,0,0,0,0,0,0,0,0,0,0,-0.00112180450202641,0,0,0,0,0,0,0,0,-0.48626737923909,0,0,0,0,-0.222600392814294,0,0,0,0,0,0,0
"Stat2",0,0,0,0,0,0,0,0,0,0,0,0,0,0,0,0,0,-0.000655491757173674,0,0,0,0,0,0,0,0,0,0,0,0,0,0,0,0,0,0,0,0,0,0,0,-0.0525021441158668,0,0,0,0,0,0,0,0,0,0,0,-0.00686352906369808,0,-0.524464006418125,-0.206500588270729,-0.296498370456781,-0.0854735911562935,-0.134416357320312,-0.150350595451174,-0.0298910683747516,0,0,0,0,0,0,0,0,0,0,0,0,0,0,0,0,0,0,0,0,0,0,0,0,0,0,0,0,0,0,0,0,0,-0.0095932391930274,0,0,0,0,0,0,0,0,0,0,0,0,0,0,0,0,0,0,0,0,0,0,0,0,0,0,0,0,0,-0.920711771819966,2.55756246767811,0,0,0,0,0,0,0,0,0,0,0,0,0,0,0,0,0,0,0,0,0,0,0,0,0,0,0,0,0,0,-0.0623762080382369,0,0,0,0,-0.138440577237631,0,0,0,0,0,0,0
"Stat3",0,0,0,0,0,-0.0144787150104281,0,0,0,-0.0410765050822937,0,0,0,0,0,0,0,0,0,0,0,0,0,0,0,0,-0.0825689077025726,0,0,0,0,0,0,0,0,0,-0.0394961193402192,0,0,0,0,-0.00625526846277551,-0.0216623817244561,0,0,0,0,0,0,0,0,0,0,0,0,0,0,0,0,0,0,0,0,-0.0234416794389635,0,-0.00462745234342844,0,0,0,0,0,0,0,0,0,-0.0166072875016185,0,0,0,0,-0.026917841016871,0,0,-0.00356323516829737,-0.00680622325195606,0,0,0,0,0,0,0,0,0,-0.0042967558329534,0,0,0,0,0,0,0,0,0,0,0,0,0,-0.0137215791983948,0,-0.00197296272606854,0,0,0,0,-0.00039699385849781,0,0,0,0,0,0,0,0,0,0,0,1.65594662592592,-0.949922811105983,-0.126401121905923,0,0,0,0,-0.0205441028679199,0,0,0,0,-0.06462200213766,0,0,-0.00977173961479173,0,0,-0.00073916813926065,0,0,0,0,0,-0.0400352512675536,0,0,0,0,0,0,0,-0.00151095645964698,0,0,0,-0.0489096187270317,0,0,0,0,0,0
"Stat4",0,0,0,0,0,0,0,0,-0.000274554100248961,-0.0682946677904705,0,0,-0.0081948419055083,0,0,0,0,0,0,0,0,0,0,0,0,0,-0.00363814568503545,0,0,0,0,0,0,0,0,0,-0.00601755254096592,0,0,0,0,0,-0.00073225409848546,0,0,0,-0.0116836131719299,0,0,0,0,0,0,-0.00561888142285574,0,0,-0.00418062464742568,0,0,0,0,0,0,0,0,-0.00905641734998547,0,0,0,0,0,0,0,0,0,-0.00151267696603638,0,0,0,0,-0.0145971981262751,0,0,-0.00641587081768151,-0.0153328389929932,0,0,0,0,0,0,0,0,0,-0.00307906384901394,0,0,0,0,0,0,0,0,0,0,0,0,0,-0.000811360439105411,-0.00733750513003745,-0.00495775525559625,0,0,0,0,0,0,0,0,0,0,0,-0.003069677712478,0,0,0,0,-0.949919017214506,1.83162865116702,-0.539076112364469,0,0,0,0,0,0,0,0,0,-0.00422080497046697,0,0,-0.00116440399813171,0,0,0,0,0,0,0,0,0,0,0,0,0,0,-0.00089052041280925,0,-0.00897269543570796,0,0,0,0,0,0,0,-0.00218471290360809,0,0
"Stat5b",0,-0.0138579349951362,0,0,0,0,0,-0.00681249749561241,-0.0172797570518175,-0.0375557089605198,0,0,0,0,0,0,0,0,0,0,0,0,0,0,0,0,0,0,0,0,0,0,0,0,0,0,0,0,0,0,0,0,-0.000145482669661582,0,0,0,0,0,0,0,0,0,0,0,0,0,-0.00632855040075003,0,-0.0088599526236791,-0.00610611548307212,0,0,0,0,0,0,0,0,0,0,0,0,0,0,0,0,0,0,0,0,0,0,0,0,0,0,0,0,0,0,0,0,0,0,0,0,0,0,0,0,0,0,0,0,0,0,0,0,-0.0165834077298141,0,0,0,0,0,0,0,0,0,-0.00577031414181825,0,0,0,0,0,0,0,0,-0.126401472189411,-0.539077961746895,1.25917940766778,-0.046029450421889,0,0,0,0,0,0,0,0,-0.0151803777754487,0,0,0,0,0,0,0,0,0,0,0,-0.00927523588631105,0,0,0,0,0,0,0,0,0,0,0,-0.00960242186657761,0,0,0,0,0,0
"Stat6",0,-0.00231765603211118,0,0,0,0,0,-0.0224542855988756,-0.0327861674070023,-0.0105658717456679,0,0,-0.031858201714199,0,0,0,0,0,0,0,0,0,0,0,0,0,0,0,0,0,0,-0.0173555486953171,0,0,0,0,-0.0236312386852871,0,0,0,0,-0.0158742098676932,-0.0150133293832197,0,0,0,-0.00641792430523389,0,0,-1.33248695789875e-05,0,0,0,0,0,-0.00115017396050079,-0.0131013176072475,0,0,0,0,0,0,0,0,-0.0105665867904453,0,0,0,0,0,0,0,0,0,0,0,0,0,0,-0.000540459973337713,0,0,0,0,0,0,0,0,0,0,0,0,0,0,0,0,0,0,0,0,0,0,0,0,0,0,0,-0.00722651162354709,-0.0170744346121384,-0.00468547590737986,0,-0.0135690820081986,0,0,0,0,0,0,0,0,0,-0.0170885374586865,0,0,0,0,0,0,-0.0460286028906192,0.943419175369471,0,-0.00919635064747124,0,-0.0168775029344386,0,0,0,0,0,0,0,0,0,0,0,0,0,0,-0.01739257323469,0,0,0,0,0,0,0,0,0,0,0,0,0,0,0,0,0,0,0,0
"Taf1",0,0,0,0,-0.00463723479479563,0,0,0,0,0,0,0,0,-0.0231214968277472,-0.0232698582473171,0,-0.0369390308706653,0,0,0,-0.0108689436401691,0,-0.00877161181555008,0,0,0,0,0,0,0,-0.0248169904872044,0,0,0,0,0,0,-0.0173295457424937,0,0,0,0,0,0,0,0,0,0,0,0,-0.00476245913743231,0,0,0,-0.0142332846038004,0,0,0,0,0,0,0,0,0,0,0,0,0,-0.00428988191933959,0,0,0,0,0,0,0,0,-0.00774776571085545,-0.0170577067644594,0,0,0,0,0,0,0,0,0,0,0,-0.020607590598542,-0.0154692110792884,-0.02423516515186,0,0,0,-0.0379353620498913,-0.0114794705084601,-0.00091346233757671,-0.0233165710446878,-0.000695478806281941,0,0,0,-0.0508652449753618,0,-0.035662550930641,0,0,0,0,0,0,0,0,0,0,-0.0314690950895871,-0.0067634645680239,-0.022585010622927,0,-0.0367518222122178,0,0,0,0,0,0,0,0,0,1.12429125607615,0,0,0,0,0,-0.0149419439924276,0,0,0,0,0,-0.00321297462231621,0,0,-0.030151081032191,-0.0516078631889247,0,0,0,0,0,-0.0655993356420284,-0.0842542029956176,-0.00426165900716647,-0.0323913986135405,0,0,0,-0.00721152373013888,0,0,-0.0187610359618474,-0.0443575874155026,-0.0337428421093895,0,0,-0.0419395324257828,0
"Tbx21",0,-0.00819371066812364,0,0,0,0,0,-0.0158787654169987,-0.0185007182558923,-0.0388011429326727,0,0,-0.0196682394019792,0,0,0,-0.0222000092248914,-0.00869464760625736,0,0,0,0,0,0,0,0,0,0,0,0,0,-0.61525503140061,-0.00114330065625432,0,0,0,-0.0296509960233285,0,0,0,0,0,0,-0.00253951050561808,0,0,0,0,0,-0.0100013580763252,0,0,0,-0.00664423218135361,0,0,0,0,-0.043835461319863,0,0,0,0,0,0,-0.0165480049617789,-0.00870464640797308,0,0,0,0,0,0,0,0,-0.00981474939140579,0,0,0,0,-0.0162116350970507,0,0,0,-0.0487210499242402,0,-0.0405823870269245,0,0,-0.0105738520397156,0,0,0,-0.0368532176442087,0,-0.0308399666303044,0,0,0,0,0,0,-0.0140682034669902,0,0,-0.00405075640309899,0,0,0,-0.0195198259751319,-0.0192725513387327,0,-0.00192285273186435,0,-0.0548533004485263,-0.0218025598342557,0,0,0,0,0,0,-0.0413649173392078,-0.00992145636223558,-0.0093851074426427,-0.0101231803761623,0,0,0,0,-0.00919760426710556,0,1.36271191168709,-0.0619112623097348,-0.0300510927869578,0,0,0,0,0,0,0,-0.00225190158845048,0,0,0,0,0,0,0,0,0,-0.033366249584002,0,0,0,0,-0.00115325034439481,0,-0.00598759224122263,-0.000389898540901691,-0.00146591090176217,0,0,0,0,0,-0.0309084429314449,0,0
"Tcf12",0,0,0,0,0,0,0,0,0,0,0,0,0,0,0,0,-0.0818368728979425,-0.00164730433180504,0,0,0,0,0,0,-0.00360411479966738,0,-0.00918269295358665,0,0,0,0,-0.00476581410171053,-0.0232423640979875,0,0,0,-6.35078062601419e-05,0,0,0,0,0,0,-0.0406595442853706,0,0,-0.00713721964232073,0,0,-0.0259721178500127,0,0,0,-0.00197528530424278,-0.0169342911242774,0,0,0,0,0,0,0,0,0,-0.00639281782484556,-0.0218717919513654,0,-0.0118899116871934,0,0,-0.000203300763832246,-0.00241859645187044,0,0,0,-0.0144069181350901,-0.00596027437545099,0,0,0,-0.0259605323207242,0,0,-0.0327926960029448,-0.0179117518817312,0,-0.0132065007679754,-0.0107006151932142,-3.51173528638399e-06,-0.0215703602428199,0,0,0,-0.00574792178013946,-0.0108161509603528,0,0,-0.0104014626979888,0,0,-0.0400058756374487,0,-0.0230683732812617,0,-0.00172203763281749,-0.00416034952343903,-0.0112946479226832,0,-0.00464141530010049,0,0,-0.00214855413298237,-0.0230697952878446,0,-0.0725995039482748,-0.0225750915257903,-0.0595103623510846,0,-0.00869066368971822,0,0,0,0,0,-0.0183811865810993,0,0,0,0,0,0,0,-0.0619163807640868,1.44270182668547,-0.656931117284703,0,0,0,0,0,-0.00657341873902247,0,-0.0307315798241452,0,0,0,0,0,0,-0.0153009670063864,0,-0.00660977258942004,0,0,-0.00548229076642067,-0.00741702715350917,-0.04936050935093,0,0,-0.0239794816969843,-0.0168188524944996,0,0,-0.0059576918904534,0,0,0,-0.01280087332831,0,-0.0190687676866035
"Tcf3",0,0,0,0,0,0,0,0,0,0,0,0,-0.0139351823527303,-0.0116792896156117,0,0,-0.0377789004716495,-0.000817024469813994,0,0,0,0,0,0,0,0,-0.0245156739840009,0,0,0,0,-0.022034712044041,0,-0.0107127773446124,0,0,-0.0124136450179838,0,0,0,0,0,-0.00413480926924219,0,0,0,-0.00746034065723125,0,0,0,0,0,0,0,0,0,-0.0024815778263385,0,0,0,0,0,0,-0.0153191315967381,-0.0112490520472725,0,0,-0.0152189459419225,0,0,0,0,0,-0.00213767636149621,0,0,0,0,0,0,-0.0346233069961469,0,0,0,0,0,-0.0213686084625792,0,0,0,0,0,0,0,0,0,0,0,0,0,-0.0214263604175236,0,-0.0144373441430014,0,-0.00564055498916533,-0.01073105741513,0,0,0,-0.00058272457100644,-0.00377410337357947,-0.0204960768406187,-0.0211493302791044,0,-0.0274703885878853,-0.0203809469204482,-0.369034438576164,0,0,0,0,0,-0.0169679583246169,0,0,0,0,-0.0205372980543723,0,0,-0.0168766593088182,0,-0.0300451100144026,-0.656920665601096,1.50230476005393,0,0,0,0,0,-0.00869538215510124,0,0,0,0,0,0,0,0,-0.0236922178287242,0,0,0,0,-0.00775352536674593,0,0,0,0,-0.0258465967531221,0,0,0,0,0,0,0,-0.00948202868917895,0,0
"Tef",0,0,0,0,-0.0169634483346424,0,-0.0288862065133852,0,0,0,0,0,0,-0.0210469382480535,0,-0.0168415726785403,0,0,0,0,0,0,0,0,0,0,0,0,0,0,0,0,0,0,0,0,0,0,0,0,0,0,0,0,0,0,0,0,0,0,0,0,0,0,0,0,0,0,0,0,0,0,0,-0.0175118583854658,0,0,0,0,0,0,0,0,0,0,0,0,0,0,0,0,0,0,0,0,0,0,0,-0.530715524556956,0,0,0,0,0,0,0,0,0,0,0,0,0,0,0,0,0,0,0,0,0,0,0,0,0,0,0,0,0,0,0,0,0,0,0,0,0,0,0,0,0,0,0,0,0,0,0,1.17182523704018,0,0,0,0,0,0,0,0,0,0,0,0,0,0,0,0,0,0,0,0,0,0,0,0,0,0,0,0,0,0,0,0,0,0
"Tfdp1",0,0,0,0,0,0,0,0,0,0,0,0,0,0,0,0,0,0,0,-0.0844381105610924,-0.383642068600868,-0.046265302925112,-0.219976359086786,0,0,0,0,0,0,0,0,0,0,0,0,0,0,0,0,0,0,0,0,0,0,0,0,0,0,0,0,0,0,0,0,0,0,0,0,0,0,0,0,0,0,0,0,0,0,0,0,0,0,0,0,0,0,0,0,0,0,0,0,0,0,0,0,0,0,0,0,0,0,0,0,0,0,0,0,0,0,0,0,0,0,0,0,0,0,0,0,0,-0.00474279969820161,0,0,0,0,0,0,0,0,0,0,0,0,0,0,0,0,0,0,0,0,0,0,0,1.23362852243662,0,0,0,0,0,0,0,0,0,0,0,0,0,0,0,0,0,0,0,0,0,0,0,0,0,0,0,0,0,0,0,0,0
"Tfe3",0,0,0,-0.225066371311093,0,0,0,0,0,0,-0.058108400610271,-0.0232995630678922,0,0,-0.0040927933624377,0,0,0,0,0,0,0,0,0,0,0,0,0,0,0,0,0,0,0,0,0,0,0,0,0,0,0,0,0,0,0,0,0,0,0,0,0,0,0,0,0,0,0,0,0,0,0,0,0,0,0,0,0,0,0,0,0,0,0,0,0,0,0,0,-0.00183385869269991,0,0,-0.0575687903048138,0,0,0,0,0,0,0,0,0,0,0,0,0,0,0,0,0,0,0,0,0,0,0,-0.0135399208682655,0,-0.0188554060166271,0,0,0,-0.046571639531468,0,0,0,0,0,0,0,0,0,0,-0.207970464917551,0,0,0,0,0,0,0,-0.0149083406442197,0,0,0,0,0,2.48774438032487,-0.889005786665589,0,0,0,-0.00115453343467416,-0.851002169935226,0,-0.0946231509126223,0,0,0,0,0,0,0,0,0,0,0,0,0,0,0,0,0,0,0,0,0,0,0,0
"Tfeb",0,0,0,-0.324773422376216,0,0,0,0,0,0,-0.100558741980681,-0.293105447290832,0,0,0,0,0,0,0,0,0,0,0,0,0,0,0,0,0,0,0,0,0,0,0,0,0,0,0,0,0,0,0,0,0,0,0,0,0,0,0,0,0,0,0,0,0,0,0,0,0,0,0,0,0,0,0,0,0,0,0,0,0,0,0,0,0,0,0,0,0,0,-0.364018333599639,0,0,0,0,0,0,0,0,0,0,0,0,0,0,0,0,0,0,0,0,0,0,0,0,0,0,0,0,0,0,0,0,0,0,0,0,0,0,0,0,-0.0967267147898587,0,0,0,0,0,0,0,0,0,0,0,0,0,-0.888994371850043,2.39099251527973,0,0,0,0,-0.218667252921813,0,-0.105913234896454,0,0,0,0,0,0,0,0,0,0,0,0,0,0,0,0,0,0,0,0,0,0,0,0
"Thap11",0,0,0,0,-0.00444037207934278,0,0,0,0,0,0,0,0,0,0,0,0,0,0,0,0,0,0,0,0,0,0,0,-0.00153463232437593,0,0,0,0,0,0,0,0,0,0,0,0,0,-0.00557452377477272,0,0,-0.0145999835112064,0,0,0,0,0,0,0,-0.020807150463863,0,0,0,0,0,0,0,0,0,-0.00403986074213028,0,0,0,0,0,0,0,0,0,0,0,0,0,0,0,0,0,0,0,0,0,0,0,0,0,0,0,0,0,0,0,0,-0.00215245929545915,-0.00119548410796823,0,0,0,0,0,0,0,0,0,0,-0.0134335272034329,0,0,0,-0.00252475716654401,0,-0.00629588020465727,0,0,0,-0.004437485017279,0,0,0,0,0,0,0,0,-0.0646104647688969,-0.00421675748602923,-0.0151797199881517,0,0,0,0,0,0,0,0,0,2.03720610963619,0,0,0,0,0,0,0,0,0,0,0,-1.36287603503173,0,0,0,0,-0.00337227684350217,0,0,0,0,-0.016079596492228,0,-0.247015320817959,0,0,0,0,-0.0119005314825061,0
"Thrb",0,0,0,0,0,-0.0533042089701009,0,0,0,0,0,0,0,0,0,0,0,0,0,0,0,0,0,-0.00879267349615403,0,0,0,0,0,0,0,0,0,0,0,0,0,0,0,0,0,-0.00064853021436221,0,0,0,0,0,0,0,0,0,0,0,0,0,0,0,0,0,0,0,0,0,-0.00872967588539715,0,0,0,0,0,0,0,0,0,0,0,0,0,0,0,0,0,0,0,0,0,0,0,0,0,0,0,0,0,-0.0161440689691202,0,0,0,0,0,0,0,0,-0.0111098045598374,0,-0.00307152030312049,0,0,0,0,0,0,0,-0.0515484213181324,0,0,0,0,0,0,0,0,0,0,0,-0.0185066634981948,0,0,0,0,0,0,0,0,-0.00657383893845736,-0.00869654799486094,0,0,0,0,0,0.928059394204789,0,0,0,0,0,0,0,0,0,0,0,0,0,0,0,0,0,0,0,0,0,0,0,0,0,0,0,0,0
"Tigd2",0,0,0,0,0,0,0,0,0,0,0,0,0,0,0,0,0,0,0,0,0,0,0,0,0,0,0,0,0,0,0,0,0,0,0,0,0,0,0,0,0,0,0,0,0,0,0,0,0,0,0,0,0,0,0,0,0,0,0,0,0,0,0,0,0,0,0,0,0,0,0,0,0,0,0,0,0,0,0,0,0,0,0,0,0,0,0,0,0,0,0,0,0,0,0,0,0,0,0,0,0,0,0,0,0,0,0,0,0,0,0,0,0,0,0,0,0,0,0,0,-0.0123677695418707,0,0,0,0,0,0,0,0,0,0,0,0,0,0,0,0,0,0,0,0,0.917678422299923,0,0,0,0,0,-0.00313274268692101,0,0,0,0,0,0,0,0,-0.00795138973554129,0,0,0,0,0,0,0,0,0,0,0,-0.00203153658310116,0
"Trp53",0,-0.016280350916196,-0.0220515570136204,0,0,0,0,-0.00765622540648936,-0.0287083300959094,-0.0043681937503188,0,0,-0.0243613771965826,0,0,0,-0.0166485672295391,0,0,0,0,0,0,0,0,0,-0.011177574278006,0,0,0,0,0,-0.0208102483749052,-0.00311482873434789,0,0,-0.00901268105078171,0,0,0,0,-0.025229380536546,-0.0391563967560603,0,0,0,-0.0158807586103398,0,-0.00366503381700354,-0.0160536177644281,0,0,0,0,-0.0060289635093145,0,0,0,-0.0107369938097758,0,0,0,0,-0.032689003062091,0,-0.0238791933111297,-0.00417403320533605,0,0,0,0,-0.0035778749678737,0,-0.00202787844428966,0,0,0,0,-0.00215486382872666,-0.0107424595279827,-0.0200279198393762,0,0,0,0,0,-0.0154318523131643,0,0,0,0,0,0,-0.00485735876944777,-0.00703534042666524,0,0,0,0,0,-0.00191736801197423,0,-0.000119033586085617,0,0,0,0,0,-0.0296737958546932,-0.0142866886724086,-0.0112229645647786,0,0,0,-0.0323178793279115,-0.0142878303631672,0,0,0,0,0,0,-0.0236257655098845,-0.00196217257460376,0,0,0,-0.0097722678041532,-0.00116580321640688,0,0,0,-0.0022524030524452,-0.0307310342420729,0,0,0,-0.00117237625883029,0,0,0,0,0.984204901850444,0,0,-0.00628394113494905,0,0,0,-0.0187077296232812,0,-0.00825782242949973,-0.00802977403501884,0,-0.00303159121240549,0,0,0,0,-0.0080426164082617,0,0,0,0,0,0,0,0,-0.000381854063624516,0
"Usf1",0,0,-0.115603914578762,-0.437476928673155,0,0,0,0,0,0,0,0,0,0,0,0,0,0,0,-0.000828020525706349,0,0,0,0,0,0,0,0,0,0,-0.00259977210138343,0,0,0,0,0,0,-0.0152903220200825,0,0,0,0,0,0,0,0,0,0,0,0,0,0,0,0,0,0,0,0,0,0,0,0,0,0,0,0,0,0,0,0,0,0,0,0,0,0,0,0,0,0,0,0,-0.421787285189494,0,0,0,0,0,0,0,0,0,0,0,0,0,0,0,0,0,-0.000167779618653025,0,0,0,0,0,0,0,0,0,0,0,-0.0163725479107077,0,0,0,0,0,0,0,0,0,0,-0.140791367342892,0,0,0,0,0,0,0,-0.00319512589167092,0,0,0,0,0,-0.85098501448172,-0.218661594470335,0,0,0,0,2.34174213592851,0,0,0,0,0,0,0,0,0,-0.0028726750621676,0,0,0,0,0,0,0,0,0,0,0,0,0,0,0,0
"Vax2",0,-0.019491142781029,0,0,0,0,0,0,0,0,0,0,0,0,0,0,0,0,0,0,0,0,0,0,0,0,0,0,0,0,0,0,0,0,0,0,0,0,0,0,0,0,-0.0108345279300896,-0.00420153535948587,0,0,0,0,0,0,0,0,0,0,0,0,-0.00961550687466191,0,0,0,0,0,0,0,0,0,0,0,0,0,0,0,0,0,0,0,0,0,0,0,0,-0.172526303266916,0,0,-0.000426390227429027,0,0,0,0,0,0,0,0,0,0,0,0,0,0,0,0,0,0,0,0,0,0,0,0,0,-0.00726216092645422,-9.36988715929223e-05,0,0,0,0,0,0,0,0,0,0,-0.0199417280593311,0,0,0,0,0,0,0,0,0,0,0,0,0,0,0,0,0,0,0,0,0,0.951078903981888,0,0,0,0,0,0,0,0,0,0,0,0,0,0,0,0,0,0,0,0,0,0,0,0,0
"Xbp1",0,0,0,-0.0983170023310885,-0.136168174215381,0,0,0,-0.0242313429948855,0,0,0,0,0,0,0,0,0,0,0,-0.00581824990085959,0,-0.00283687298890549,-0.00128609496320765,0,-0.0126888933040101,-0.0158513945636078,0,0,0,-0.0136357542941054,0,0,0,0,0,0,0,0,0,0,0,-0.0016217287505409,0,0,0,0,0,0,-0.00905568480050038,0,0,0,0,0,0,0,0,0,0,0,0,0,0,0,0,0,-0.0117970672045811,0,0,-0.0183170992393957,-0.00557564500402628,0,0,0,0,0,0,0,0,0,0,-0.00503112879820876,0,0,0,0,0,0,0,0,0,-0.00190602302994053,0,0,0,0,0,0,0,0,0,0,0,0,0,0,0,0,0,0,0,-0.00117620914701762,0,0,0,0,0,0,0,-0.0225645781364072,-0.00993724580519772,0,0,0,0,0,-0.000740359429553135,0,0,0,0,0,0,0,0,0,-0.0946290950942626,-0.105915887845065,0,0,0,-0.00628447954843604,0,0,1.03972937677964,0,0,0,0,0,0,0,0,0,0,0,0,0,0,0,0,0,0,0,0,0,0,0,0
"Zbtb14",0,0,-0.00859649764838837,-0.00842678430296678,0,0,0,0,0,0,0,-0.00507490708747923,0,0,-0.0110837292492573,0,0,0,0,-0.00434100818014504,-0.0675193616080358,0,0,-0.0300124395040218,0,-0.00617655528198406,0,0,0,0,0,0,0,0,0,0,0,-0.0041640113684115,0,0,0,0,0,0,0,0,0,0,0,0,-0.0225442298680264,0,0,0,-0.0103202743919307,0,0,0,0,0,0,0,0,0,0,0,0,-0.00616210732171689,0,0,0,0,0,0,0,0,0,0,-0.0273708417994841,-0.0342130271834192,0,0,0,-0.0210133296761616,0,0,0,0,0,0,0,0,0,0,0,0,-0.18042585584619,-0.0105591685845087,0,0,0,0,0,0,0,0,-0.00224769538332513,0,0,0,0,0,0,0,0,0,0,-0.0341720699517166,0,-0.0832096179503198,-0.0125914108119464,0,0,0,0,0,0,0,0,0,0,-0.030155133934962,0,0,0,0,0,0,0,0,0,0,0,0,0,0,1.10459841124835,-0.0132944637821703,0,0,0,0,0,-0.00173382395192024,0,-0.0083093943769382,0,0,0,0,0,0,0,0,-0.0582683375201693,-0.0252958813874949,0,0,-0.0418409157298343,0
"Zbtb17",-0.00445869218757272,0,0,0,0,0,0,0,0,0,0,0,0,0,0,0,0,0,0,0,0,0,-0.133528346203683,-0.080337585499751,-0.0470234348112279,0,0,0,0,0,0,0,0,0,0,0,0,0,0,0,0,0,0,0,0,0,0,0,0,0,0,0,0,0,-0.00542890191907341,0,0,0,0,0,0,0,0,0,0,0,0,-0.0213726965941567,0,0,0,-0.194591737040438,0,0,0,0,-0.00992375701046183,-0.52896705226127,-0.0399967872044176,0,0,0,0,-0.000237976076657038,0,0,0,0,0,0,0,0,0,0,0,0,-0.00708372892215006,-0.168651314879488,0,0,0,0,-0.00846006734042965,0,-0.0773029974465951,0,0,0,0,0,0,0,0,0,0,0,0,-0.625494327655646,-0.000398644476297689,-0.352170664658044,-0.49119374363143,0,0,0,-0.0107399111389381,0,0,0,0,0,0,-0.0516261496794105,0,0,0,0,0,0,0,0,0,-0.00313231910967812,0,0,0,0,-0.0132936977523772,3.27900880995069,0,0,-0.011184682174731,0,0,-0.00775655364974383,-0.0373298181269503,-0.0207914370827003,-0.507178324412241,0,0,-0.0188802737598399,0,0,0,0,-0.0830767528406708,-0.00270269410241989,0,0,0,0
"Zbtb20",0,0,0,0,0,0,0,0,-0.00960686059630565,0,0,0,0,0,0,0,0,0,-0.060532439793999,0,0,0,0,0,0,0,0,0,0,0,0,-0.000819429504355943,0,0,0,0,0,0,0,0,0,-0.014702960196331,0,0,0,0,0,0,0,0,0,0,0,0,0,0,0,0,0,0,0,0,0,0,0,0,0,0,0,0,0,0,0,0,0,0,0,0,0,0,0,0,0,0,0,0,0,0,0,0,0,0,0,0,0,0,0,0,0,0,0,0,0,0,0,0,0,0,0,-0.00151759045677315,0,0,0,0,0,0,0,0,0,0,0,0,0,0,0,-0.00112185333552854,0,0,0,0,0,0,0,0,0,0,0,0,0,0,0,0,0,0,0,0,0,0,0.921672555520836,0,0,0,0,0,0,0,0,0,0,0,0,0,0,0,0,0,0,0,0,0
"Zbtb3",0,-0.000815121519943726,0,0,0,0,0,0,-0.00771380071964168,-0.0135362145567217,0,0,-0.00123271108753582,0,0,0,-0.0480936624656434,0,0,0,0,0,0,0,0,0,-0.0168924304198685,0,0,0,0,-0.00242887681875412,0,0,0,0,-0.0103489069986417,0,0,0,0,0,-0.0299891175139589,0,0,0,-0.00622237544333512,-0.00799598245501256,0,0,0,0,0,0,0,0,-0.00411298898300707,-0.00526286918782641,-0.00258839345361808,-0.00226435907176412,-0.0026266239335509,0,0,0,-0.00811083397926025,-0.0222096451015903,0,0,0,0,0,0,0,0,0,-0.0155093927056644,0,0,0,-0.010712089451015,-0.0276118110919688,0,0,0,-0.000494584042930588,0,-0.00681963825698506,0,0,0,0,0,0,-0.00615477325520556,-0.0166898374711256,-0.00885805792435012,0,0,0,0,-0.0078178606258726,0,-0.0113464558789397,0,0,-0.000975983594046206,-0.00443901559231081,0,0,-0.0129827444674614,0,0,-0.0130439083698316,0,-0.00481337088737256,0,0,0,0,0,0,0,-0.0059022002167567,-0.00420671513003043,0,0,0,0,0,0,-0.0173931449643138,0,0,-0.0152999914722767,-0.023695777452461,0,0,0,0,0,0,0,-0.0187080055713829,0,0,0,0,0,0,0.953038010585772,0,0,-0.00339008709245326,0,0,-0.000400349762791703,0,-0.00850704574555233,0,-0.00821319383416888,0,0,0,-0.000446531497268618,0,0,0,-0.0141573773736755,0,-0.00575238099923011
"Zbtb49",0,0,0,0,0,0,0,0,0,0,0,0,0,0,0,0,0,0,0,0,0,0,0,0,0,0,0,0,0,0,0,0,0,0,0,0,0,-0.000618249438903028,0,0,0,0,0,0,0,0,0,0,0,0,0,0,0,0,0,0,0,0,0,0,0,0,0,0,0,0,0,0,0,0,-0.000143145978753059,-0.00508450061279909,0,0,0,0,0,0,0,0,0,0,0,0,0,0,0,0,0,0,0,0,0,0,0,0,0,-0.0168734881278911,0,0,0,0,0,0,0,0,-0.00173427052188946,0,0,0,0,0,0,0,-0.00745838071114954,0,0,-0.00770320834762278,0,-0.0251593403213802,-0.0179496898567246,-0.000961254721300702,0,0,0,0,0,0,0,0,0,0,0,0,0,0,0,0,0,0,0,0,0,0,0,0,0,-0.0111821585977881,0,0,0.923943562550315,0,0,0,0,0,0,0,0,0,0,0,0,0,0,0,0,0,-0.0034151037925056,0
"Zfp143",0,0,-0.0173360395351851,0,-0.00758153625285921,0,0,0,0,0,0,0,0,0,0,0,0,0,0,0,0,-0.0105831901108356,0,0,0,0,0,0,0,0,0,0,0,0,0,0,0,-0.00394184639136987,0,0,0,0,-0.00232612997389634,0,0,-0.0129799640712564,0,0,0,0,0,0,0,-0.00407377267294375,0,0,0,0,0,0,0,0,0,0,0,0,0,0,0,-0.00496206138386973,-0.00889679359938418,0,-0.00355181766185389,0,0,0,-0.0146326750967361,0,0,-0.0116721332208056,0,0,0,-0.0156346045490837,0,0,0,0,0,0,0,-0.00362957868484264,0,0,0,0,-0.0389880328203645,-0.00502825767561083,0,0,0,0,-0.0249591745552762,0,0,0,0,0,-0.00123154291170346,0,0,0,0,0,-0.00926083394064865,0,0,0,-0.0173206785079914,0,0,-0.000271722782682157,0,0,0,0,0,-0.0400476031940602,0,-0.0092761369728631,0,0,0,-0.00660951007473713,0,0,0,0,0,-1.3628811586242,0,0,-0.00825705898579961,0,0,0,0,0,0,0,0,2.06009291021673,0,0,0,0,-0.00356586432198184,0,0,0,0,-0.00742915111385184,0,-0.26923289173784,0,0,0,0,-0.00228371402466239,0
"Zfp212",0,0,0,0,0,0,0,-0.00849779154827252,-0.0095037119370608,-0.176453399814555,0,0,-0.0016480787462113,0,0,0,0,0,0,0,0,0,0,0,0,0,0,0,0,0,0,0,0,0,0,0,0,0,0,0,0,0,-0.00447085310307833,0,0,0,-0.00865341087448827,0,0,0,0,0,0,0,0,0,0,-0.141114641768551,-0.00645717270249836,0,0,0,0,0,0,0,-0.00566997072796336,0,0,0,0,0,0,0,0,0,0,0,0,0,0,0,0,0,0,-0.00620730146918767,-0.00796986011918137,0,0,0,0,0,0,-0.0285289701858599,0,0,0,0,0,0,0,-0.0501695941053678,-0.00509094357309451,0,0,-0.0897750489195981,0,0,0,0,0,-0.00787129450031239,0,0,0,-0.0453095925252903,0,0,0,0,0,0,-0.00468332588231942,0,0,0,0,0,0,0,0,0,-0.0333659950279843,0,0,0,0,0,0,0,0,0,-0.00802834683503971,0,0,0,0,0,0,-0.00338977287702062,0,0,1.17407163781692,0,0,0,0,-0.0451737220355981,0,-0.00154854766266066,-0.195131533595795,0,0,0,0,0,0,-0.0256575884983778,0,0
"Zfp213",0,0,0,0,-0.024630635412723,0,0,0,0,0,0,0,0,0,0,0,0,0,0,-0.0186748786355336,-0.000861203637285101,-0.00182775035190284,-0.0220356365052959,0,0,-0.0152164701947044,0,0,0,0,-0.0182394473607429,0,0,0,0,0,0,-0.0178656195371456,0,0,0,0,0,0,0,0,0,0,0,0,0,0,0,0,-0.00411895069448138,0,0,0,0,0,0,0,0,0,0,0,0,-0.00968104295801126,0,0,-0.036365185495273,0,0,-0.00739299748247772,0,0,0,0,-0.0360407616016007,0,-0.00441372860408139,0,0,0,0,0,0,0,0,0,-0.00746426684483074,-0.0086517992900334,0,0,0,0,0,0,0,0,-0.000694365368119525,0,0,0,0,0,-0.00486751349972929,0,0,0,0,0,0,0,0,0,0,-0.0860566339772223,0,-0.0896913228205516,-0.0427312075057336,-0.0179794122334197,0,-0.00302884638619674,-0.00189973119561894,0,0,0,0,0,0,-0.0655989523559957,0,0,0,0,0,0,0,0,0,0,0,-0.00288936352273235,0,0,-0.00173313099893217,-0.00773821533464878,0,0,0,0,0,1.10841703454683,0,-0.00352951835943702,0,0,0,-0.0438749699091264,-0.00106477312547745,0,0,0,-0.039899657194277,-0.0399017207056642,0,0,-0.0432372869794142,0
"Zfp260",0,0,0,0,0,0,0,0,0,-0.0338098968103078,0,0,0,0,0,0,0,0,0,0,0,0,0,0,0,0,0,0,0,0,0,0,0,-0.0741048452512054,0,0,0,0,0,0,0,0,-0.0103285346365655,0,0,0,0,0,0,0,0,0,0,0,0,0,0,0,0,0,0,0,0,0,0,0,0,0,0,0,0,0,0,0,0,0,0,-0.139725659099991,-0.00449332655324903,-0.0328266760898917,0,0,0,0,0,0,0,0,0,0,0,0,0,0,0,0,0,0,0,0,0,-0.00119652639292279,0,0,-0.153829795542729,-0.115395452314192,0,-0.00345657038307527,0,0,0,0,-0.0084226297117486,0,0,0,0,-0.00652225185453913,-0.00467438961700432,0,0,0,0,0,-0.0166836236193683,0,0,0,0,0,0,-0.0842554098970117,0,-0.00548628690035162,-0.00775204026105806,0,0,0,0,0,0,0,-0.00303334645146201,0,0,0,0,-0.0373092301772784,0,0,0,0,0,0,1.17190271632714,0,-0.0480735815977211,0,0,-0.00531471602806462,-0.0164202133443969,0,0,0,-0.0482389196581073,0,0,-0.00475022020056609,0,0
"Zfp263",0,0,-0.0184867971936404,0,-0.00462635076317814,0,0,0,0,0,0,0,0,0,0,0,-0.0152403945649269,0,0,-0.00859789200892027,-0.0311903586383105,0,-0.00857173526581207,0,-0.00682873555784467,-0.0168278648934123,-0.00733726042686366,0,0,0,-0.00743299504350606,0,-0.0140861998040189,-0.00353902257268362,0,0,0,-0.00199280726401956,0,0,0,0,0,0,0,-0.000667437360972919,0,0,0,0,0,0,0,0,0,0,0,0,0,0,0,0,0,0,0,0,0,0,0,0,0,-0.0204113514650773,0,0,0,0,-0.0102685724958443,-0.0139598455690239,0,-0.00250306540053908,0,0,0,-0.00902915193050148,0,0,0,0,-0.00431744760994127,0,0,0,0,0,0,0,0,-0.0109573346247961,0,0,0,0,0,0,0,0,-0.0107740115615099,0,0,0,0,0,0,0,0,0,0,-0.0151782823803384,0,-0.00205451575746796,-0.0229313408343446,0,0,-0.00313973167406488,0,0,0,0,0,0,0,-0.00426224488581797,0,-0.00741835102071966,0,0,0,0,0,0,0,0,0,0,0,0,-0.00830961215649802,-0.0207826232367211,0,-0.000399614550267906,0,0,0,-0.00353013714553872,0,0.966757724954818,-0.0139204132770941,0,0,-0.00532910776539269,-0.00248367567805613,0,0,-0.00462665580392193,-0.0161075230977626,-0.018791346769738,0,-0.00763000302176034,-0.00499895241895572,0
"Zfp281",0,0,0,0,0,0,0,0,0,0,0,0,0,-0.000394324904584601,0,0,-0.00988184661797751,0,0,0,0,0,0,-0.0624792589719631,-0.220014709923047,0,0,0,0,0,0,0,0,0,0,0,0,0,0,0,0,0,0,0,0,0,0,0,0,-0.00683746245489356,0,0,0,0,0,0,0,0,0,0,0,0,0,-0.000318431536743443,0,0,0,-0.102653567336396,0,0,0,0,0,0,0,0,0,-0.367861812433381,0,0,0,0,0,0,0,0,0,0,0,-0.00136170193626175,0,0,0,0,0,0,0,-0.203664033782989,0,0,-0.017975117259447,0,-0.000522265416144798,0,-0.033147956850915,-0.0723046673406978,0,0,0,0,0,0,0,0,-0.00114949072921219,0,0,-0.0369638074536403,0,0,-0.190631918563865,0,0,0,-0.0862456801927185,0,0,0,0,0,0,-0.032399298242895,0,-0.049364434834717,0,0,0,0,0,-0.00338644740342052,0,-0.00795117012059885,0,0,0,0,0,-0.507147395818177,0,0,0,-0.003532632340098,0,0,-0.0480824623692789,-0.0139192923723761,2.25799866272795,0,-0.0045542526662028,-0.00208725822475483,0,-0.0351350152915571,0,-0.0120449446295048,0,0,-0.405402854840084,-0.00331292183317751,0,0
"Zfp287",0,-0.0744505930158296,0,0,0,0,0,0,-0.0322786635222307,-0.0809183400788755,0,0,0,0,0,0,-0.0131989047661291,-0.000102150017838473,-0.00995342283611978,0,0,0,0,0,0,0,0,0,0,0,0,0,0,0,0,0,0,0,0,0,0,-0.220915121768111,0,0,0,0,-0.0342725137569933,0,0,0,0,-0.0368470652466421,0,0,0,-0.0500378286027649,0,-0.149642773317271,0,0,0,0,0,0,0,0,0,0,0,0,0,0,0,0,0,0,0,0,0,0,0,0,0,0,-0.0173435725104935,-0.0113189879068813,0,-0.00523386258774066,0,0,0,0,0,0,-0.0133532885122721,-0.00600816004534095,0,0,0,0,0,0,0,0,0,0,0,0,0,-0.0319844936191387,0,0,0,0,0,0,0,0,0,0,0,0,0,0,0,-0.48626979923152,-0.062371814422743,0,-0.00086784936301838,0,0,0,-0.00113410676120788,0,0,0,0,0,0,0,0,0,0,0,0,0,0,0,0,-0.00849759944533981,0,0,-0.0451569396514592,0,0,0,0,1.71535528324888,0,0,0,0,-0.398954101334745,0,0,0,0,0,0,0
"Zfp324",0,0,0,0,0,0,0,0,-0.0122476941042347,-0.0122029913314437,0,0,0,0,0,0,-0.000823195841931566,0,0,0,0,0,0,0,0,0,-0.0216269191599334,0,0,0,0,0,0,0,0,0,-0.00972591136146588,0,0,0,0,0,0,-0.00502227083438709,0,0,0,0,0,0,0,0,0,0,-0.00260214437769208,0,0,0,0,0,-0.00566760037918281,0,0,0,0,0,0,0,-0.00307220750846955,-0.00822431666435413,0,0,0,-0.0259847974751141,0,0,0,-0.0140629285522085,0,0,-0.000678206026209296,0,0,0,0,0,0,0,0,0,0,0,0,0,0,0,0,0,0,0,-0.0133659271165418,-0.0211287095888219,0,0,0,-0.0209962222615753,0,0,0,0,0,0,0,0,-0.042643495986086,-0.0177278647850978,0,0,0,0,0,0,-0.0132399219186692,-0.00537984995749418,-0.0137575683426822,0,0,0,0,0,0,0,0,0,0,0,0,0,0,0,0,0,0,0,0,0,0,0,0,0,0,0,0,0,0,0,-0.00455457584375264,0,0.943566213053293,-0.0287160044608273,-0.00727497421591411,0,0,0,0,0,0,0,-0.0050196739729357,0
"Zfp335",0,0,-0.0115799632296343,0,0,0,0,0,-0.0112441048335262,0,0,0,0,0,0,0,-0.0191763914953549,0,0,0,0,0,0,-0.0121165225717588,0,-0.000413312712136495,0,0,0,0,-0.00120215641947913,0,-0.0232177016671635,-0.0213516326189937,0,0,0,-0.0126836964301422,0,0,0,0,-0.000309132265821944,0,0,0,0,0,0,-0.025239737565565,0,0,0,-0.0122908135336677,0,0,0,0,0,0,0,0,0,0,0,0,0,0,0,0,0,0,0,-0.000528633499162511,0,0,0,0,-0.00080065363692398,0,-0.00929862588076885,0,0,-0.00301242549398808,0,0,0,0,-0.0126599759443693,0,0,0,0,-0.019423777206386,0,0,0,-0.00122408139548091,0,0,-0.0193800255635104,0,-0.0170660231276374,-0.000718190869897048,-0.00231976270470343,-0.00289152106533779,-0.0118726948000744,0,0,0,0,0,0,0,-0.0175345497654184,-0.0258876610458811,0,0,-0.00725475543642275,-0.0257120958177333,0,-0.02213592656268,-0.0192858573615235,-0.0121826539576445,-0.0109788091561718,0,0,-0.00151437643640131,-0.00897524201321564,0,0,0,-0.0059893403573142,-0.0239818845192233,-0.0258524924235699,0,0,0,0,0,0,0,-0.00804445528179449,0,0,0,0,-0.0188916763056022,0,-0.00821360915436997,0,0,-0.00155017105551949,-0.0438784106714478,-0.00531841706001519,-0.00533000812517168,-0.00209161843620271,0,-0.0287163558486587,1.00014233847356,0,-0.00830383544369512,0,-0.000375480800675103,-0.0598815373615177,0,0,0,-0.0133154969572469,0
"Zfp398",0,0,0,0,0,0,0,0,0,-0.137231157050565,0,0,0,0,0,0,0,0,0,0,0,0,-0.0275748717234766,0,0,0,0,0,0,0,0,0,0,-0.0539681880082934,0,0,0,0,0,0,0,0,0,0,0,0,0,0,0,-0.000503722188731053,0,0,0,-0.0146683143206234,0,0,0,-0.0472031828364362,0,0,0,0,0,0,0,0,0,0,0,0,0,0,0,0,0,0,0,-0.145426466324845,0,0,-0.0015315550999997,0,0,0,0,0,0,0,0,0,0,0,0,0,0,0,0,0,0,0,-0.00822596125867015,-0.0185048714344715,0,0,-0.105112143841604,-0.167456513292893,0,0,0,0,0,0,0,0,-0.00690476628094282,-0.03215336894814,0,0,-0.00916371469067937,0,0,0,0,0,-0.0225486814448918,0,0,0,0,0,0,-0.0072087193561277,-0.000394688210020961,-0.0168205102266982,0,0,0,0,0,0,0,0,0,0,0,0,0,0,0,0,0,0,-0.195134419458347,-0.00106255537829019,-0.0164219918102361,-0.00248279826868132,0,0,-0.00727493258484401,0,1.25831598675147,0,0,-0.0030642280486686,0,0,0,-0.0242899587617034,0,0
"Zfp410",0,0,0,-0.000314758695112794,0,0,0,0,0,-0.00316912515075706,0,0,0,0,0,0,0,0,0,0,0,0,0,0,0,0,0,0,0,0,0,0,-0.01284156285005,0,0,0,0,0,0,0,0,-0.00415805046831725,-0.00950860529246045,-0.0100552294927051,0,0,-0.00347428320033158,0,0,0,0,0,0,0,0,0,0,0,0,0,0,0,0,0,0,0,0,0,0,0,0,0,0,0,0,0,0,0,0,0,0,0,0,0,0,0,0,0,0,0,0,0,0,0,0,0,0,0,0,0,-0.000724165842312987,0,-0.000101399587050344,0,0,-0.000357531503304694,0,0,0,0,0,0,0,0,0,0,0,0,0,0,0,0,0,-0.00405046677039306,0,0,0,0,0,0,0,0,-0.001466198078833,0,0,0,0,0,0,-0.0160798699272246,0,0,0,0,0,0,0,0,0,0,0,-0.00742906481278541,0,0,0,0,-0.0351349876641051,0,0,-0.00830378610413214,0,0.921583768982796,0,-0.00205741427981189,0,0,0,0,0,0
"Zfp422",0,-0.0141881007851541,0,0,0,0,0,0,0,0,0,0,0,0,0,0,0,0,0,0,0,0,0,0,0,0,0,0,0,0,0,0,0,0,0,0,0,0,0,0,0,-0.274806850672649,0,0,0,0,0,0,0,0,0,0,0,0,0,0,0,-0.0328839011577857,0,0,0,0,0,0,0,0,0,0,0,0,0,0,0,0,0,0,0,0,0,0,0,0,0,0,0,0,0,0,0,0,0,0,0,0,-0.0128506729652369,0,0,0,0,0,0,0,0,0,0,0,0,0,0,0,0,0,-0.000944205644701502,0,-0.00541770604584514,0,0,0,0,0,0,0,0,0,0,-0.222601157482637,-0.138443714321736,0,0,0,0,0,0,0,0,0,0,0,0,0,0,0,0,0,0,0,0,0,0,0,0,0,0,0,0,0,0,-0.398952376665978,0,0,0,0,1.42656176149426,0,0,0,0,0,0,0
"Zfp523",0,0,0,0,-0.0122859987713574,0,0,0,0,0,0,0,0,0,-0.00844787059053849,0,0,0,0,-0.0015301489476675,0,-0.00257459527714782,-0.0225823727250009,0,-0.00296845553294904,0,0,-0.00171158786586201,-0.00806389016711943,0,-0.0210747081727405,0,0,0,0,0,0,0,0,0,0,0,-0.0126496027322516,0,0,-0.0227854295648965,0,0,0,0,0,0,0,-0.0197602857686499,0,0,0,0,0,0,0,0,0,-0.000822621733391636,0,0,0,0,0,0,0,0,0,-0.00985115989169153,0,0,0,0,-0.00627840381164914,-0.038617419110531,0,0,0,0,0,0,0,0,0,0,0,0,0,0,0,0,-0.0463143590058149,-0.00731396286270023,0,0,0,0,-0.0199537175167212,0,0,0,-0.0006109836839769,0,-0.00358470584445418,0,0,0,-0.00464357912099831,0,0,0,0,-0.000130004814824688,-0.0182407451404253,0,-0.00307987191165164,-0.033122328667186,0,0,0,0,0,-0.0489116181130655,0,-0.00960252644212265,0,-0.0187628466193683,0,-0.00595888298029905,0,0,0,0,0,-0.247022865220749,0,0,0,0,0,0,0,0,0,-0.000444289887874568,0,-0.269226901254234,0,0,0,-0.00462702466886821,-0.0120396773153154,0,0,-0.00037399939063706,-0.00305956814879756,-0.00205722268549162,0,1.19758733138686,-0.0134241362414348,0,0,0,-0.0235032801715547,0
"Zfp566",0,0,0,0,0,0,0,0,0,0,0,0,0,0,0,-0.00864991904380541,0,0,0,0,-0.0464330225118204,0,-0.0642577497915418,0,0,-0.000306751297748088,0,0,0,0,0,0,0,0,0,0,0,-0.059739663312535,0,0,0,0,0,0,0,0,0,0,0,0,-0.00812695754092015,0,0,0,-0.0319679654153221,0,0,0,0,0,0,0,0,0,0,0,0,0,0,0,0,0,0,0,0,0,0,0,-0.0624915087139526,-0.0383264475746094,0,0,0,-0.0091199471826664,0,0,0,0,0,0,0,-0.00635904988695189,0,0,0,0,-0.0597380227904598,0,0,0,0,0,0,0,-0.0114294278095558,0,-0.0438832112015355,0,0,0,0,0,0,0,0,0,0,-0.150517156377603,-0.0199815785365556,-0.2264231992559,0,0,0,0,0,0,0,0,0,0,0,-0.0443598143239258,0,0,0,0,0,0,0,0,0,0,0,0,0,0,-0.0582689382035305,-0.08306298785717,0,0,0,0,0,-0.0399018715581942,-0.0482400532215008,-0.0161071969540983,0,0,0,-0.0598771715027606,0,0,0,-0.0134241205248818,1.42271507905605,-0.131928625667083,0,0,-0.0932882929578845,0
"Zfp64",0,0,-0.00805928604003592,0,0,0,0,0,0,0,0,0,0,0,-0.0168632953944597,0,0,0,0,0,-0.0362685093652853,0,-0.00741268888784248,-0.0328459692567483,0,-0.00515005581188851,0,0,0,0,0,0,0,0,0,0,0,0,0,0,0,0,0,0,0,0,0,0,0,-0.0181229448928338,0,0,0,0,-0.0254093255738305,0,0,0,0,0,0,0,0,0,0,0,0,-0.0011594279993561,0,0,0,-0.0169934524514081,0,0,0,0,0,0,-0.0296845444430931,-0.126432201731567,0,0,0,-0.0437675343900058,0,0,0,0,0,0,0,-0.0273648568973889,0,0,0,0,-0.0299480464707294,-0.0066154416995786,0,-0.00468489373590816,-0.00645115901719789,0,0,0,-0.00197583842106698,0,-0.0392822220731377,0,0,0,0,0,0,0,0,0,0,-0.0475435092123106,0,-0.142700093232624,-0.0357905079194787,0,0,0,0,0,0,0,0,0,0,-0.0337442152818877,0,0,0,0,0,0,0,0,0,0,0,0,0,0,-0.0252950953157244,-0.00267802826409892,0,0,0,0,0,-0.0399027943473581,0,-0.018791255016699,0,0,0,0,0,0,0,0,-0.131923744250625,1.21330168012987,0,0,-0.0799685376526245,0
"Zfp740",0,0,0,0,-0.00437541473616212,0,0,0,0,0,0,0,0,0,0,0,0,0,0,0,0,0,0,0,0,0,0,0,0,0,0,0,0,0,0,0,0,0,0,0,0,0,0,0,0,0,0,0,0,0,0,0,0,0,0,0,0,0,0,0,0,0,0,-0.00775273595122059,0,0,0,-0.013797819297013,0,0,0,0,0,0,0,0,0,-0.0537485984284459,0,0,0,0,0,0,0,0,0,0,0,-0.0196594002478355,0,0,0,0,0,0,0,0,0,-0.00563233189268636,-0.000807937886584737,0,0,0,0,-0.00902177335328137,0,0,0,0,0,0,0,0,0,0,0,0,0,0,-0.0406417279222242,0,0,-0.00207167602283149,-0.00977438270462538,0,0,0,0,0,0,0,0,0,0,0,0,0,0,0,0,0,0,0,0,0,0,0,0,0,0,0,0,0,0,0,-0.405405025265649,0,0,0,0,0,0,0,0,0,1.13147449499479,0,0,0
"Zfp768",0,-0.000914754418558721,0,0,0,0,0,-0.00112568901557614,-0.0118808288193174,0,0,0,-0.012498586150546,0,0,0,-0.0105856176482628,0,0,0,0,0,-0.0069841030272211,0,-0.0141398878661189,0,0,0,0,0,0,0,-0.000596601613743876,-0.00218850862927738,0,0,-0.0186779270767394,0,0,0,0,0,-0.031505813856909,0,0,0,0,0,0,-0.0123868045896746,0,0,0,0,0,0,0,0,-0.011496456733126,-0.00197073870193068,0,0,0,0,0,-0.0145002778722293,0,-0.00247177382470943,0,0,0,-0.0212688863265155,0,0,0,-0.00582433697733808,0,0,0,0,0,0,0,0,0,-0.00171406566270092,-0.0168704383320365,0,0,-0.00390984774195629,0,0,0,-0.00810436545420729,-0.00682806237885283,-0.00530281172677383,0,0,0,0,-0.01910379638817,-0.00909696257311775,-0.0254401859602124,0,-0.0109404428218244,-0.00757214347499846,-0.0106651042594915,-0.0111412963520992,0,-0.0057034868027012,-0.00871465838753381,0,-0.00348223777824232,0,-0.00345467169488283,-0.0297922938376624,0,0,0,0,0,0,-0.0377612311210558,0,0,0,0,0,-0.0021885255742222,0,0,0,-0.030911923067011,-0.0128027773508383,-0.00948739508415619,0,0,0,0,0,0,0,0,0,0,0,0,0,0,-0.014157866121174,0,0,-0.0256598375815507,0,-0.00475079029035524,-0.00763068284891575,-0.00331652326997126,0,0,0,-0.0242899817976287,0,0,0,0,0,0,0.973238926014787,-0.0122640859774785,-0.00319191461991207
"Zfx",0,0,0,0,0,0,0,0,0,0,0,0,0,0,-0.00354916956660006,0,-0.0161862191381309,0,0,-0.0224011149557996,-0.00339432722022735,-0.0275414944348538,0,-0.00920886068753358,-0.0139920328190918,0,0,0,0,0,-0.0212666667822715,0,0,0,0,0,0,-0.0256809361851846,0,0,0,0,0,0,0,0,0,0,0,0,0,0,0,0,0,0,0,0,0,0,0,0,0,-0.0159238134050438,0,0,0,-0.000262004351288137,0,-0.00823410386336513,-0.031793504429135,-0.013151007193566,0,-0.0707980072946162,0,0,-0.000587856971966012,0,-0.0280570111075605,-0.052576019912009,0,0,0,0,0,0,0,0,-0.00644069457666304,0,0,-0.00464343893144572,0,0,0,0,-0.0465637170851115,-0.0399323622190369,0,0,-0.0183989035558856,0,0,0,0,0,-0.0573457532247967,0,0,0,0,0,-0.0113991853528059,0,-0.0182824742129093,-0.017776059961083,0,-0.0548395358696169,-0.015621375972043,-0.151660694669131,-0.0378392468590006,-0.0560864644665872,0,0,0,0,0,0,0,0,0,-0.0419395573755246,0,0,0,0,0,0,0,-0.0119095454103231,0,-0.00203143154360051,-0.000377128774661521,0,0,0,-0.0418408032533548,0,0,0,-0.00341546847717186,-0.00227528262104941,0,-0.0432396127682287,0,-0.00499872283509478,0,0,-0.00501730146394312,-0.0133126397447326,0,0,0,-0.0235020620104607,-0.0932871401568231,-0.0799668981476273,0,-0.0122593608474926,1.33198596324133,0
"Zscan20",0,0,0,0,0,0,0,0,-0.00264000230263432,0,0,0,0,0,0,0,-0.00311185076281579,0,0,0,0,0,0,0,0,0,0,0,0,0,0,0,-0.0220605783037786,0,0,0,-0.00291024511813428,0,0,0,0,0,-0.0210927809671551,0,0,0,-0.0179045930814512,0,0,0,0,0,0,0,0,0,0,0,-0.00739734519418512,-0.00288103596032238,0,-0.00442943400561093,0,0,0,-0.00714118075923522,0,0,0,0,0,0,0,0,0,0,0,0,0,0,0,0,0,0,0,0,-0.00381926138063406,0,0,0,0,0,0,-0.00422325322932457,0,0,0,0,0,0,0,0,0,0,0,0,0,0,0,-0.0144844590986211,-0.0261609820493847,-0.00764060902948475,0,0,-0.00463431266885548,-0.0380707607724732,0,0,0,0,0,0,0,0,0,0,0,0,0,0,0,0,0,-0.0190682665384337,0,0,0,0,0,0,0,0,0,0,0,0,0,0,0,-0.00575240256337874,0,0,0,0,0,0,0,0,0,0,0,0,0,0,0,0,0,-0.0031915029908315,0,0.929867833694795
