"","Ahr","Arnt","Arntl","Atf1","Atf2","Atf3","Atf4","Atf7","Batf","Bbx","Bcl6","Bhlhe40","Cbfb","Cdx1","Creb1","Crem","Ctcf","Ddit3","E2f1","E2f3","E2f4","Egr1","Egr2","Elf1","Elf2","Elf4","Elk1","Elk3","Elk4","Ets1","Etv3","Etv6","Fli1","Fos","Fosb","Fosl2","Foxj3","Foxn3","Foxo1","Foxo3","Foxp1","Gabpa","Gata3","Gfi1","Glis3","Gmeb1","Hic1","Hlx","Hmg20b","Homez","Hsf2","Ikzf1","Ikzf3","Irf1","Irf2","Irf3","Irf4","Irf7","Irf8","Isl2","Jun","Junb","Jund","Klf10","Klf13","Klf2","Klf3","Klf4","Klf5","Klf6","Klf7","Klf8","Mafk","Max","Maz","Mbd2","Mecp2","Meis3","Meox2","Mlx","Mxd1","Myc","Nfatc1","Nfe2l2","Nfil3","Nfkb1","Nfkb2","Nfya","Nfyb","Nfyc","Nr1i3","Nr4a1","Nr4a2","Nr4a3","Nrf1","Patz1","Pbx4","Phox2b","Pknox1","Prdm1","Rel","Rela","Relb","Rfx1","Rora","Runx1","Runx2","Runx3","Setbp1","Smad3","Snai1","Snai3","Sp1","Sp110","Sp2","Sp3","Sp4","Srebf1","Srebf2","Stat1","Stat2","Stat3","Stat4","Stat6","Taf1","Tbx21","Tcf12","Tcf3","Tcf7","Tef","Tfdp1","Tfe3","Tgif1","Thap11","Thrb","Tigd2","Tlx2","Trp53","Usf1","Usf2","Wt1","Xbp1","Zbtb17","Zbtb3","Zfp143","Zfp212","Zfp260","Zfp263","Zfp281","Zfp287","Zfp335","Zfp341","Zfp398","Zfp422","Zfp566","Zfp64","Zfp692","Zfp740","Zfx"
"Ahr",0.879065023874584,-0.00421794829493462,0,0,0,0,0,0,0,0,0,0,0,0,0,0,0,0,0,0,0,0,0,-0.00308632313639607,0,0,0,0,0,0,0,0,0,0,0,0,0,0,0,0,0,0,0,0,0,0,0,0,0,0,0,0,0,0,0,0,0,0,0,0,0,0,0,0,0,0,-0.0128771488316583,-0.00623772522214153,-0.0055128329403472,-0.00561387860909014,0,0,0,0,0,0,0,0,0,0,0,0,0,0,0,0,0,0,0,0,0,0,0,0,0,0,0,0,0,0,0,0,0,0,0,0,0,0,0,0,0,0,0,0,0,-2.3828978764078e-05,0,0,0,0,0,0,0,0,0,0,0,0,0,0,0,0,0,0,0,0,0,0,0,0,-0.0070067410584833,0,-0.0187380251179646,0,0,0,0,0,0,0,0,0,0,0,0,0,0,0,0
"Arnt",-0.00421690579698276,1.6535964681813,-0.495363215958559,0,0,0,0,0,0,0,0,-0.236300499223228,0,0,0,0,0,0,0,0,0,0,0,-0.00191810196074856,-0.0137605997724812,0,0,0,-0.00269555578496505,-0.000691003215558957,0,0,-0.00217323001831941,0,0,0,0,-0.00335329238120517,0,0,0,-0.018716658685194,0,0,0,0,0,0,0,0,0,0,0,0,0,0,0,0,0,0,0,0,0,0,0,0,-0.000939276594549774,0,0,0,0,-0.0101622852450222,0,-0.299442475407167,0,-0.00364227047632937,-0.0104126401303361,0,0,-0.164418477883533,-0.092319086398902,-0.0503831457404368,0,0,0,0,0,0,0,0,0,0,0,0,-0.00492975127706128,0,0,0,-0.00736679426304005,0,0,0,0,-0.00387335340289334,0,0,0,0,0,0,0,0,0,0,0,-0.0152132878519042,-0.0187810494182932,0,0,0,0,0,0,0,-0.00380065245623306,0,0,0,0,0,0,0,0,0,0,0,0,0,-0.0608681077600135,-0.171040160004503,0,0,0,0,0,0,0,0,0,0,-0.00117046697476715,0,0,0,0,0,0,0,0
"Arntl",0,-0.495353249616948,1.95537774914325,0,0,0,0,0,0,0,0,-0.159957507429752,0,0,0,0,0,0,0,0,0,0,0,0,0,0,0,0,0,0,0,0,0,0,0,0,0,0,0,0,0,0,0,0,0,0,0,0,0,0,0,0,0,0,0,0,0,0,0,0,0,0,0,0,0,0,0,0,0,0,-0.00141552057325304,0,0,-0.0956327737805126,0,0,0,0,0,-0.38766061160572,-0.0859436870499939,0,0,0,0,0,0,0,0,0,0,0,0,0,0,0,0,0,0,0,0,0,0,0,0,0,0,0,0,0,0,0,0,0,0,0,0,-0.0213456739554187,0,0,0,0,0,0,0,0,0,0,0,0,0,-0.211797877022637,0,0,0,0,0,0,-0.262628549544625,-0.25721968482593,0,-0.0847856930686054,0,0,0,0,0,0,0,0,0,0,0,0,0,0,0,0,0
"Atf1",0,0,0,1.41468317820195,-0.0426614680221044,-0.0834616406943087,0,-0.137652262745201,0,0,0,0,0,0,-0.507446800267334,-0.250342774988121,0,0,-0.0011096222380108,0,-0.00436866371014518,-0.00806132647391015,0,-0.0204030983061433,0,0,0,0,0,0,0,0,-0.0114309737286877,0,0,0,0,-0.000798239221152045,0,0,0,0,0,0,0,-0.119215125224879,0,0,0,0,0,0,0,0,0,0,0,0,0,0,0,0,0,0,0,0,-0.0128220077923512,0,0,0,0,-0.00758160082201634,0,0,0,0,0,0,0,0,0,0,0,0,0,0,0,0,0,0,0,0,0,0,0,-0.00848989972888157,0,0,0,0,0,0,0,0,0,0,0,0,0,0,0,0,0,0,-0.000996614054490966,-0.00380320778878556,0,-0.00901053322766825,0,0,0,0,0,0,0,0,0,0,0,0,0,0,0,0,-0.000668361739276992,0,0,0,0,0,0,-0.0875582731642844,-0.00331021655671472,0,0,0,0,0,0,0,0,-0.00282511370513254,0,0,0,-0.00387483471031206,0,0,0
"Atf2",0,0,0,-0.0426629339116633,1.83629765870622,-0.0329512097611901,0,-1.0075007574983,0,0,-0.00129089305208333,0,0,0,-0.194939671326777,-0.243335520171624,0,-0.0314102507965973,0,0,0,0,0,0,0,0,0,0,0,-0.000239548651692124,0,0,0,0,0,0,-0.00334738115456991,-0.00944691909606209,0,0,0,0,0,0,0,0,-0.00332167864946168,0,0,0,0,0,0,0,0,0,0,0,0,0,0,0,0,0,0,0,0,0,0,0,0,0,0,0,0,0,0,-0.00902285127997653,0,0,0,0,0,0,0,0,0,0,0,0,0,0,0,0,0,0,0,0,-0.0141277694152061,0,0,0,0,-0.0100362975533735,-0.0107744253315265,0,0,0,0,0,0,0,0,0,0,0,0,0,0,0,0,-0.00735944818755516,0,0,0,-0.000468848801011225,0,-0.00355200696349108,-0.0087711606712953,0,0,0,0,0,-0.0216108906481187,0,0,-0.0144807984867162,0,0,0,0,0,0,0,0,0,0,-0.0134430434097145,0,0,-0.00657771214357182,-0.00099814087724025,0,0,0,0,0,0
"Atf3",0,0,0,-0.0834622554487373,-0.0329507824061155,1.52524929623148,0,-0.0491096765230265,-0.00303448272902588,-0.00729360623509275,0,0,0,0,-0.0792927810932921,-0.102443479382602,0,0,0,0,0,0,-0.00075837419568805,0,0,0,0,0,0,0,0,0,-0.00474360663376406,-0.00798628690016064,-0.0419756003884264,-0.640717259943679,0,0,0,0,0,0,-0.0040231586868873,0,0,0,0,0,0,0,0,0,0,0,0,0,-0.000223134549199201,-0.00497568855897284,0,0,-0.189509617650481,-0.0892674190918888,0,0,0,0,0,-0.0222874115717316,-0.0257472284806007,-0.0119222848546856,0,0,0,0,0,0,0,0,0,0,0,0,0,0,0,0,0,0,0,0,-0.0187371540821921,0,-0.00614390222207737,0,0,0,0,0,0,0,0,0,0,0,0,0,0,0,0,0,-0.00552983377958347,0,0,0,0,0,0,0,0,0,0,-0.00965557361099551,0,0,0,0,0,0,0,0,0,0,0,-0.0104319583163981,0,0,0,0,0,0,0,-0.104403254043227,0,-0.00178527435405417,0,0,0,0,0,0,0,0,0,0,0,0,0,0,0
"Atf4",0,0,0,0,0,0,1.22344626117769,0,0,0,-0.00938820571678875,0,0,0,0,0,0,-0.564725313508681,0,0,0,0,0,0,-0.00542692537286886,0,0,0,0,-0.00461622345937817,0,0,0,0,0,0,0,0,0,0,0,0,0,0,0,0,0,0,0,0,0,0,0,0,0,0,0,0,0,0,-0.0750566077850733,0,0,0,0,0,0,0,0,-0.0137528098545143,0,0,0,0,0,0,0,0,0,0,0,0,0,0,-0.227967797222806,0,0,0,0,0,0,0,-0.000341387544545666,0,0,0,0,0,0,0,0,0,0,0,0,0,0,0,0,0,0,0,0,0,0,0,0,0,0,0,0,0,0,0,0,0,0,0,0,0,0,0,0,0,0,0,0,0,0,0,0,0,-0.0027218232346612,0,0,0,0,0,0,0,0,0,0,0,0,0,0,0,0
"Atf7",0,0,0,-0.137652129313666,-1.00750434145239,-0.0490898809510614,0,2.03244426642292,0,0,0,0,0,0,-0.302758384244206,-0.384859139865627,0,0,0,0,0,0,0,0,0,0,0,0,0,0,0,0,0,0,0,0,0,0,0,0,0,0,0,0,0,0,0,0,0,0,0,0,0,0,0,0,0,0,0,0,0,0,0,0,0,0,0,0,0,0,0,0,0,0,0,0,0,0,0,0,0,0,0,0,0,0,0,0,0,0,0,0,0,0,0,0,0,0,-0.000261134786676123,0,0,0,0,0,0,0,0,0,0,0,0,0,0,0,0,0,0,0,0,0,0,-0.0029685148677848,0,0,0,0,0,0,0,-0.0159127745557001,0,0,0,0,-0.00629556941517672,0,0,0,0,0,0,0,0,0,0,0,0,0,0,0,0,0,0,0,0,0,0,0,0
"Batf",0,0,0,0,0,-0.0030039988155997,0,0,1.60365743156273,-0.0127175811934427,0,0,-0.00582077880074108,-0.016821169489812,0,0,0,0,0,0,0,0,0,0,0,0,0,0,0,0,0,-2.50463002319472e-05,0,-0.262665142622965,-0.334698301689815,-0.172206177069588,-0.0198011086053735,0,-0.0214886038126644,0,0,0,-0.0042448758021354,0,0,0,0,0,0,0,0,0,0,0,0,0,-0.02616009905878,0,-0.00562011119028458,0,-0.0606805531944663,-0.162461832482313,-0.233283024123524,0,0,0,0,0,0,0,0,0,-0.072764515793939,0,0,0,0,0,0,0,0,0,-0.0213603237453691,-0.0926313422160931,0,0,0,0,0,0,0,0,0,0,0,0,0,0,0,0,0,0,0,0,0,-0.0221911403498762,-0.0161585631169265,-0.00267124868264029,0,0,0,0,0,0,0,0,0,0,0,-0.0034299866004748,0,0,0,-0.00543588256104046,0,-0.0342877699881758,0,0,0,0,0,0,0,0,0,0,0,0,0,0,0,0,0,0,0,0,0,0,0,-0.0031345436642008,0,0,0,0,0,0,0,0,0
"Bbx",0,0,0,0,0,-0.00729180533196579,0,0,-0.0127237607332927,0.930589045483623,-0.0289198744858193,0,-0.00121811310858532,-0.00473207424045035,0,0,-0.00572550897497686,0,0,0,0,0,0,0,0,0,0,0,0,-0.0109855275765533,0,-0.0160864889042724,0,0,0,-0.00994347707009122,-0.00536258106726722,-0.011137622475546,-0.026369119412177,0,0,0,-0.0396838749083344,0,0,0,-0.0222391846586484,0,0,0,0,-0.00698075189315859,0,-0.0174283794069717,-0.0166683292634379,-0.00308020271552868,-0.0282535796598071,-0.0120317767738402,0,-0.00575507048351503,0,-0.00800719215508154,-0.0121087568262198,0,0,0,0,0,0,0,0,0,-0.0167421745212387,0,0,0,0,-0.016928533089095,0,0,0,0,-0.00846659001553626,-0.00522265753481045,0,-0.00472036865217876,0,0,0,0,-0.0139278257943488,0,0,0,0,0,-0.0169737618200421,0,-0.00831969207482053,-0.00354333689837663,-0.00703657015247976,-0.0109189247896023,-0.00384359060853603,0,-0.0196037960639541,-0.0202042548848176,-0.00967078824513884,-0.0126934398779192,0,-0.0133721038039072,0,0,0,0,0,0,0,-0.00371073150408299,0,-0.0127642141902975,0,0,-0.0074876445524308,-0.00699534737802131,0,-0.0285630206535893,-0.000749395958522521,0,-0.0316544149887235,0,0,0,0,-0.00224426285525746,0,0,0,-0.00731739909386819,0,0,0,0,0,0,0,-0.0133513165273714,0,0,-0.00350638845819183,-0.0121325869645502,-0.00852986167976896,0,0,-0.000288429403914488,0,0,0,0,0
"Bcl6",0,0,0,0,-0.00129663971287686,0,-0.00940228765449429,0,0,-0.0289237867065945,1.4288375630787,0,0,0,0,0,-0.00454547646390811,0,0,0,0,0,0,0,-0.0102981950152066,0,0,0,0,-0.00559151264467676,0,-0.00612133934173995,0,0,0,0,-0.00486328740184722,0,-0.0126910766631486,0,0,0,-0.0337319712313431,-0.00237330543258605,0,0,-0.0135107155676314,0,0,0,0,-0.0077614885832564,0,0,0,-0.212662680587667,-0.0111262918942816,0,-0.00324365232912335,0,-0.00207705546490309,0,-0.0141295982054878,0,0,0,0,0,0,0,0,0,-0.00459695176707857,0,-0.132356568687712,0,0,0,0,0,0,0,-0.0181215497371943,0,0,0,0,0,0,0,0,-0.00908244143590803,-0.00257554654330467,0,0,0,0,0,-0.0140418531334011,-0.0202666048494914,-0.00329094238684504,-0.420880077554045,0,0,-0.0165146855942218,0,-0.00925755040525028,0,0,-0.0377439146736672,0,0,0,-0.00701684889805914,0,0,0,0,-0.0210105046422067,0,0,-0.0355406048074755,-0.0658916786935053,-0.0116841559881163,0,-0.0312187142963253,-0.000270222240381619,-0.00418626185144712,-0.0505943238917439,0,0,0,0,0,0,0,0,-0.000710228106947234,0,0,-0.0153778073287744,0,0,-0.00877172452421727,0,-0.134333620976423,-0.0694181532757337,-0.00427065388106171,-0.00676101729729509,-0.0678713422586941,-0.0144700963842749,-0.00597476476888261,-0.113581288739869,0,0,0,0,0,0
"Bhlhe40",0,-0.236300974021603,-0.159960435273366,0,0,0,0,0,0,0,0,1.29800308014771,0,0,0,0,0,0,0,0,0,0,0,0,0,0,0,0,0,0,0,0,0,0,0,0,0,0,0,0,0,0,0,0,0,0,0,0,0,0,0,0,0,0,0,0,0,0,0,0,0,0,0,0,0,0,0,0,0,0,0,0,0,0,0,0,0,0,0,-0.267694761464361,0,0,0,0,0,0,0,0,0,0,0,0,0,0,0,0,0,0,0,0,0,0,0,0,0,0,0,0,0,0,0,0,0,0,0,0,0,-0.109143030023566,0,0,0,0,0,0,0,0,0,0,0,0,0,-0.164379219126131,0,0,0,0,0,0,-0.037028322182668,0,0,0,0,0,0,0,0,0,0,0,0,0,0,0,0,0,0,0,0
"Cbfb",0,0,0,0,0,0,0,0,-0.00582700001290735,-0.00121512081899886,0,0,1.30451675738525,0,0,0,-0.0180749724764956,0,0,0,0,0,0,0,-0.00393285568359671,0,0,0,0,-0.00149757808321115,0,-0.0253972337298658,0,0,0,0,0,0,0,0,0,0,0,0,0,0,0,0,0,0,0,0,0,0,-0.00484613916967189,0,0,0,0,0,0,0,0,0,0,0,0,0,0,0,0,0,0,0,0,0,0,0,0,0,0,0,0,0,0,0,0,0,0,0,0,0,0,0,0,0,0,0,0,0,0,0,0,0,0,-0.33894035353946,-0.274448426993073,-0.231334348714365,0,-0.013105417598058,0,0,0,0,0,0,0,0,0,0,0,0,0,0,0,-0.00817669151394905,-0.00967191621933455,0,-0.0163976689130088,0,0,0,0,0,0,0,0,0,0,0,0,0,0,0,0,0,0,0,0,0,0,0,0,0,0,0,0,0,0
"Cdx1",0,0,0,0,0,0,0,0,-0.0168217193008054,-0.00473167219651352,0,0,0,0.879646686689779,0,0,0,0,0,0,0,0,0,0,0,0,0,0,0,0,0,0,0,0,0,0,-0.0200680919976494,-0.00876719966233067,0,0,0,0,-0.00798604538543756,0,0,0,0,0,0,0,0,0,0,0,0,0,-0.00732335075537916,0,0,0,0,0,0,0,0,0,0,0,0,0,0,0,0,0,0,0,0,0,0,0,0,0,0,0,0,0,0,0,0,0,0,0,0,0,0,0,0,0,0,0,0,0,0,0,0,-0.016569424856962,-0.0114866997165596,0,0,0,0,0,0,0,0,0,0,0,0,0,0,0,0,0,0,-0.00159152124430463,0,0,0,0,0,0,0,0,0,0,0,0,0,0,0,0,0,0,0,0,0,0,0,-0.00715988567243619,0,0,0,0,0,0,0,0,0
"Creb1",0,0,0,-0.507446837456583,-0.194937456677599,-0.0792743141855144,0,-0.302755492511444,0,0,0,0,0,0,1.60438296042206,-0.295500123831121,0,0,-0.00642824646502704,-0.00184843898996151,-0.00357547525390099,0,0,0,0,0,0,0,0,0,0,0,-0.0146108405832524,0,0,0,0,0,0,0,0,0,0,0,0,0,0,0,0,0,0,0,0,0,0,0,0,0,0,0,0,0,0,0,0,0,0,0,0,0,-0.0198064317312727,-0.0112692905034474,0,0,0,0,0,0,0,0,0,0,0,0,0,0,0,0,-0.00898045165474486,-0.00578720324248557,0,0,0,0,-0.00841876865111732,-0.00851452333376005,0,0,0,0,0,0,0,-0.00635473418766633,0,0,0,0,0,0,0,0,0,0,0,-0.00196803081802726,0,0,0,0,0,-0.00148581108335372,0,0,0,0,0,0,0,0,0,-0.00428979664125109,0,0,0,0,0,0,0,0,0,0,-0.00175036924979294,0,0,0,0,0,0,0,0,0,0,0,0,-0.00425455357474881,0,0,-0.0115049048721161
"Crem",0,0,0,-0.250344863977173,-0.243341945081454,-0.102442584181458,0,-0.384863497127887,0,0,0,0,0,0,-0.295509732267597,1.52932369049023,0,0,0,0,0,-0.0267232952158511,-0.0191195419950953,0,0,0,0,0,0,0,0,0,0,0,0,0,0,0,0,0,0,0,0,0,0,0,0,0,0,0,0,0,0,0,0,0,0,0,0,0,0,0,0,0,0,0,0,0,-0.0189457283227329,-0.00413959185309959,0,0,0,0,0,0,0,0,0,0,-0.00410489428244391,0,0,0,0,0,0,0,0,0,0,0,0,0,0,0,0,0,0,0,0,0,0,0,0,0,0,0,0,0,0,0,0,0,0,0,0,0,0,0,0,0,0,0,0,0,0,0,0,-0.000532988118862434,0,0,0,0,0,0,0,0,0,0,-0.0143282414253484,0,0,0,0,0,0,0,0,0,0,0,0,0,0,0,0,0,0
"Ctcf",0,0,0,0,0,0,0,0,0,-0.00572723600213821,-0.00455317004912141,0,-0.0180848456611665,0,0,0,0.984193169762054,0,0,0,0,0,0,0,-0.0348950982995472,0,0,0,0,-0.0189639538384309,0,-0.0187401437530528,0,0,0,0,0,0,0,0,0,0,-0.00121738815441372,0,0,0,-0.0947024535552079,0,0,0,0,0,0,0,0,0,0,0,0,0,0,0,-0.0178734002343284,0,0,-0.00873179313149454,0,0,0,0,0,-0.0239087776506222,-0.00551206243025275,0,-0.0191912498857794,0,0,-0.00581845174345622,0,0,0,0,0,0,0,0,0,0,0,0,0,0,0,0,0,-0.00574259438036295,0,0,0,-0.00375718341567062,0,0,0,-0.00957769267800046,0,0,-0.0111047513678311,-0.00229774267131547,0,-0.0444996547864636,-0.0285717569058522,0,-0.0315961884766525,-2.10315930414424e-05,-0.00825467769077486,-0.00308776485126737,-0.0376101579839955,0,-0.000186206209163729,0,0,0,0,0,-0.0289007729257547,-0.00570594067484352,-0.0651741697387081,-0.0370808844980051,-0.000226061514959097,0,0,0,0,0,0,0,0,0,0,0,0,0,0,-0.0209703505455313,0,0,0,0,-0.0413793606622166,0,-0.0196208219402283,-0.01446547496123,0,0,0,0,0,0,-0.0125181994680264
"Ddit3",0,0,0,0,-0.0314110208870224,0,-0.564726055874571,0,0,0,0,0,0,0,0,0,0,1.16524233218198,0,0,0,0,0,0,0,0,0,0,0,-0.000312057452988036,0,0,0,0,0,0,0,0,0,0,0,0,-0.032085303033295,0,0,0,0,0,0,0,0,0,0,0,0,0,-0.00743517400672743,0,0,0,0,-0.0102917260959823,0,0,0,0,0,0,0,0,0,0,0,0,0,0,0,0,0,0,0,0,0,0,-0.027299930737233,0,0,0,0,0,0,0,0,0,0,0,0,0,0,0,0,0,0,0,0,-0.00566219340981952,-0.0170792236336722,-0.00309774429185789,0,0,0,0,0,0,0,0,0,0,0,0,0,0,0,0,0,-0.00783008596297641,0,0,-0.00386835097198225,0,0,0,0,0,0,0,0,0,0,0,0,0,0,0,0,0,0,0,0,0,0,0,0,0,0,0,0,0,0
"E2f1",0,0,0,-0.00108989048065284,0,0,0,0,0,0,0,0,0,0,-0.00643818463539626,0,0,0,2.13443912327648,-0.117482083221425,-0.653363525125959,-0.0630316030052778,-0.0381422214184294,0,0,0,0,0,0,0,0,0,0,0,0,0,0,0,0,0,0,0,0,0,0,-0.00622115685521505,0,0,0,0,0,0,0,0,0,0,0,0,0,0,0,0,0,-0.0213546149421087,0,0,-0.151118920827772,-0.055352628305598,-0.123165817349313,-0.137106037765548,-0.244346884819538,-0.0444904353517322,0,0,0,-0.0245662936589147,0,0,0,0,0,-0.00389028767850186,0,0,0,0,0,0,-0.0157227631846335,-0.0100727587545386,0,0,0,0,-0.0487275084269325,-0.1149033910395,0,0,0,0,0,0,0,0,0,0,0,0,0,0,0,0,0,0,-0.0507727810688514,-0.0468165662531293,-0.0259487763242031,0,0,0,0,0,0,0,0,0,0,0,0,0,-0.135384745459324,0,0,-0.00814599706189761,0,0,0,0,0,-0.00289725610052149,0,0,-0.0530067700018313,0,-0.000908822977110302,0,0,0,0,0,0,0,0,0,-0.02837380534128,-0.0275696534881104,0,0,-0.0379889480832589
"E2f3",0,0,0,0,0,0,0,0,0,0,0,0,0,0,-0.00184025837681914,0,0,0,-0.117485042991767,1.26868105504235,-0.0618987802297811,0,0,-0.0299755381808481,0,0,0,0,-0.00999598207801355,0,0,0,0,0,0,0,0,0,0,0,0,0,0,0,0,0,-0.00716932530609804,0,0,0,0,0,-0.0103012516120496,0,0,0,0,0,0,0,0,0,0,-0.0166858419755733,0,0,0,0,0,0,0,0,0,0,0,-0.00366734587060427,-0.0201601610806717,0,0,0,0,-0.00986498170685136,0,0,0,0,0,0,-0.0214327816786399,0,0,0,0,0,-0.0136060280634897,0,0,0,0,0,0,0,0,-0.0267262895295668,0,0,0,0,0,0,0,0,-0.0664753178606887,-0.000482757506365405,-0.0840474622019516,-0.0352738759505988,-0.00210084206199264,0,0,0,0,0,0,0,-0.00674180146525823,0,0,0,0,0,-0.331414519798766,0,0,0,0,0,0,0,0,-0.00528523503505703,-0.0075989211789441,0,-0.0436880063883055,0,-0.0117147879301806,0,0,-0.0243995609607158,0,0,0,-0.0562112477295184,0,0,-0.058802061544634,-0.0366098040822504,0,0,-0.0186256805270379
"E2f4",0,0,0,-0.0043572088718844,0,0,0,0,0,0,0,0,0,0,-0.00357285263510934,0,0,0,-0.653400640644976,-0.0618897391892506,2.05253498776756,0,0,0,0,0,0,0,0,0,0,0,0,0,0,0,0,0,0,0,0,-0.00434610212309247,0,0,0,0,0,0,0,0,0,0,0,0,0,0,0,0,0,0,0,0,0,-0.00713767551899699,0,-0.0797534709408078,-0.132290263711095,0,0,0,-0.079998713523252,-0.0895661824783707,0,0,0,-0.00596277250893151,-0.00205977347036544,0,0,0,0,0,0,0,0,0,0,-0.0164540532489869,-0.0119551196607751,0,0,0,0,0,-0.00707417227116074,-0.081063031802421,0,0,0,0,0,0,0,-0.0154732364481359,0,0,0,0,0,0,0,0,-0.0186809936676431,0,-0.150700481162861,-0.0957384851307639,-0.387334780844682,0,0,0,0,0,0,0,0,0,0,0,0,0,-0.0592050071609556,0,0,0,0,0,0,0,0,0,0,0,0,0,-0.00579034896828927,0,0,0,0,0,0,0,0,0,0,0,-0.0172022151784876,0,-0.0557800351435696
"Egr1",0,0,0,-0.00807617490740845,0,0,0,0,0,0,0,0,0,0,0,-0.0266692784551932,0,0,-0.0630735646694599,0,0,1.96161335950813,-0.904264804980248,0,0,0,0,0,0,0,0,0,-0.0150784331231195,0,0,0,0,-0.00709169687607965,0,0,0,0,0,0,0,0,0,0,0,0,0,0,0,0,0,0,0,0,0,0,0,0,0,-0.082299230100854,-0.00409569053206598,0,-0.0172020745329503,-0.0592233905887918,-0.077563851970225,-0.156310401019823,-0.0380815390690847,0,0,0,0,-0.0271114308466397,-0.0096673336266383,0,0,-0.000456974448562352,-0.0302206945047058,-0.0116318548832221,0,0,0,0,-0.0160939721409928,0,-0.00820977951967831,-0.030999385106636,0,0,0,0,-0.0696853928603611,0,0,0,-0.0160576940984671,0,0,0,-0.00478165457518642,0,0,0,0,0,0,0,0,-0.0190789637173665,0,0,0,0,-0.0110815320672658,-0.0156981805465275,0,0,0,0,0,0,0,0,0,0,0,0,0,0,-0.00243152618957776,0,-0.00676881025207491,0,0,-0.00155811016676488,-0.00672483935553915,0,-0.124992897091102,-0.00838834504294765,-0.0598532590169481,0,0,0,0,-0.00449914684332222,0,0,0,0,0,0,-0.0402605797487107,-0.0416416037834053,0,-0.0116096082133712,-0.0282431290709426
"Egr2",0,0,0,0,0,-0.000787309987655931,0,0,0,0,0,0,0,0,0,-0.0191144037062988,0,0,-0.038162268412713,0,0,-0.904268474319249,1.9029207139153,0,0,0,0,0,0,0,0,0,-0.0183227242826294,0,0,0,0,-0.0298844146896972,0,0,0,0,0,0,0,0,-0.0050786701456288,0,0,0,0,0,-0.00820935272645351,0,0,0,0,0,0,0,-0.00993799452839371,0,0,-0.105070367940929,0,0,0,-0.103383503932631,-0.0998260606049724,-0.112103989746404,-0.0323639993849696,0,0,0,0,0,-0.000437160564781087,0,0,0,-0.0166548498038333,-0.00868031475752184,0,0,0,0,-0.0192744351531516,0,0,-0.0137437184120069,-0.0120475305245155,0,0,0,-0.0296671166338624,0,-0.00375877876404756,0,-0.00603398504212212,0,0,0,-0.00278777368622838,0,-0.01508766658257,0,0,0,0,0,-0.0198928429187979,-0.0110653061934682,0,0,0,0,0,-9.83343352211859e-05,0,0,0,0,0,0,0,-0.0155955924376226,0,0,0,0,0,0,0,0,-0.000782598103893312,0,0,-0.0158204947959182,0,0,-0.121802884573618,-0.00564541614902553,-0.0329587733669925,0,0,0,0,-0.010384231538782,-0.0714063688232928,0,0,0,0,0,-0.00220657256046057,0,0,-0.0155042643614231,-0.00765395382389715
"Elf1",-0.00308649782058852,-0.00192084972905172,0,-0.0204098499543156,0,0,0,0,0,0,0,0,0,0,0,0,0,0,0,-0.0299744426755152,0,0,0,1.65930679598636,-0.202965996996543,-0.153377610504607,-0.16400153020168,0,-0.195451728636748,-0.130399029511056,0,-0.0463380903087047,-0.194005452300863,0,0,0,0,0,0,0,0,-0.310609091962589,0,0,0,0,0,0,0,0,0,0,0,0,0,0,0,0,-0.00888971336894301,0,0,0,0,0,0,0,-0.00935577018067952,0,0,0,0,-0.00345598692822994,0,0,0,-0.00486768215765584,0,0,0,0,0,0,0,0,0,0,0,0,0,0,0,0,0,0,-0.00585441292733312,0,0,0,-0.0285624397394766,0,0,0,0,-0.007082072407673,0,0,0,0,0,0,0,0,0,0,0,-0.00025183916753677,-0.0110772894795959,0,-0.00858874548949667,0,0,0,0,0,0,0,0,0,0,0,0,0,0,0,0,0,0,0,0,0,0,0,0,0,0,0,0,-0.0134170494004575,0,0,-0.00952852865509457,-0.00243078092639906,0,0,0,-0.010834083948815,-0.00729016194964928,0,0
"Elf2",0,-0.0137771995390768,0,0,0,0,-0.00543610001382497,0,0,0,-0.0103001106932299,0,-0.00394511812372032,0,0,0,-0.0348939519380858,0,0,0,0,0,0,-0.202973219561104,1.5819190709929,-0.321009661126801,-0.127948758733937,0,-0.132278990561715,-0.0939887228504808,0,-0.338543088009738,-0.0299111069011126,0,0,0,0,0,0,0,0,-0.0579823888518596,0,0,-0.00409823013890451,0,-0.0164428310515828,0,0,0,0,-0.00316814578699488,-0.00987417825824239,0,0,0,-0.00219619351173828,0,-0.00278107322107563,0,0,-0.000933437375068851,-0.000756421965889897,0,0,0,0,0,0,0,0,-0.0109579441977973,-0.00777136664257598,0,0,0,0,-0.0205250318171164,0,0,0,0,0,-0.00995445767814766,0,0,0,0,0,0,0,0,0,0,0,0,0,0,0,-0.0033690248230034,0,0,0,-0.00349895862019152,-0.00438478867515895,0,0,0,0,-0.00693547702825056,0,0,0,0,0,0,-0.00866403280909291,-0.00500054925408198,0,0,0,-0.0625840944220398,-0.0145743712422329,0,0,-0.0118477512350712,-0.019954286692942,0,0,0,0,0,0,0,0,0,0,0,0,-0.00955716422344763,0,0,0,-0.00494359217535812,0,0,0,-0.00951078878573453,-0.0234191076161889,0,-0.018765796308205,0,-0.00638760442737845,0,0,0,-0.000945087663166765,0,0
"Elf4",0,0,0,0,0,0,0,0,0,0,0,0,0,0,0,0,0,0,0,0,0,0,0,-0.153380227136015,-0.321006979938548,1.518117345055,-0.196647655041443,-0.230507450213454,0,0,-0.238557858803324,-0.0437712700494595,0,0,0,0,0,0,0,0,0,-0.10598599304517,0,0,0,0,0,0,0,0,0,0,0,0,0,0,0,0,0,0,0,0,0,0,0,0,0,0,0,0,0,0,0,0,0,0,0,0,0,0,0,0,0,0,0,0,0,0,0,0,0,0,0,0,0,0,0,0,0,0,0,0,0,0,0,0,0,0,0,0,0,0,0,0,0,0,0,0,0,0,0,0,0,0,0,0,0,0,0,0,0,0,0,0,0,0,0,0,0,0,0,0,0,0,0,0,0,0,0,0,0,0,0,0,0,0,0,0,0
"Elk1",0,0,0,0,0,0,0,0,0,0,0,0,0,0,0,0,0,0,0,0,0,0,0,-0.164001939956056,-0.127943860531051,-0.196665601494294,2.222856365298,-0.537972565361926,-0.223419075579771,-0.0600934359773285,-0.100365127855153,-0.0762271968361739,-0.212217481197887,0,0,0,0,0,0,0,0,-0.514318254335957,0,0,0,0,0,0,0,0,0,0,0,0,0,0,0,0,0,0,0,0,0,0,0,0,0,0,0,0,0,0,0,0,0,0,0,0,0,0,0,0,0,0,0,0,0,0,0,0,0,0,0,0,0,0,0,0,0,0,0,0,0,0,0,0,0,0,0,0,0,0,0,0,0,0,0,0,0,0,0,0,0,0,0,0,0,0,0,0,0,0,0,0,0,0,0,0,0,0,0,0,0,0,0,0,0,0,0,0,0,0,0,0,0,0,0,0,0
"Elk3",0,0,0,0,0,0,0,0,0,0,0,0,0,0,0,0,0,0,0,0,0,0,0,0,0,-0.230509941117621,-0.537975818085582,1.85741180022047,-0.201140541464661,0,-0.28830790113695,0,-0.142066530313079,0,0,0,0,0,0,0,0,-0.27405350692469,0,0,0,0,0,0,0,0,0,0,0,0,0,0,0,0,0,0,0,0,0,0,0,0,0,0,0,0,0,0,0,0,0,0,0,0,0,0,0,0,0,0,0,0,0,0,0,0,0,0,0,0,0,0,0,0,0,0,0,0,0,0,0,0,0,0,0,0,0,0,0,0,0,0,0,0,0,0,0,0,0,0,0,0,0,0,0,0,0,0,0,0,0,0,0,0,0,0,0,0,0,0,0,0,0,0,0,0,0,0,0,0,0,0,0,0,0
"Elk4",0,-0.00269421727684511,0,0,0,0,0,0,0,0,0,0,0,0,0,0,0,0,0,-0.00999257600522744,0,0,0,-0.195445612123882,-0.132264281265573,0,-0.22341077329716,-0.201132624312987,2.07932318234213,-0.371786822893107,-0.0883719304564091,0,-0.438070899301259,0,0,0,0,0,0,0,0,-0.295538953589286,0,0,0,0,0,0,0,0,0,0,0,0,0,0,0,0,0,0,0,0,0,0,0,0,-0.0158850286413054,0,0,0,0,0,0,-0.00718508125396679,0,0,-0.0016677548550643,0,0,0,0,0,0,0,0,0,0,0,0,0,0,0,0,0,0,-0.00119186244041122,0,0,0,0,0,0,0,-0.0148358244652359,0,0,0,0,0,0,0,0,0,0,0,-0.00478399098900092,-0.0275127167128198,0,0,0,0,0,0,0,-0.0222330282834701,0,0,0,0,0,0,0,0,0,0,0,0,0,0,0,0,0,0,0,0,0,-0.001968804279362,0,0,0,0,-0.0155925037570176,0,0,-0.00474830645361783,0,0,0,-0.00153186425123805
"Ets1",0,-0.000679464584413664,0,0,-0.000254006854360829,0,-0.00463450506459407,0,0,-0.0109894011664061,-0.00558895414866184,0,-0.00152259983212767,0,0,0,-0.0189605502912186,-0.00030585659120439,0,0,0,0,0,-0.130411631072543,-0.0939840460422695,0,-0.0601005941526131,0,-0.371782557980723,1.92702316132753,-0.0670603677811022,-0.399387599839485,-0.376183789178072,0,0,0,0,-0.005400055769519,-0.0149395511038643,0,0,-0.209104043792854,-0.00281048484144636,0,0,0,-0.0137094461193064,0,0,0,-0.00548073964636535,-0.00803920747064858,0,0,0,0,-0.0221651331019129,0,-0.0490176809755362,0,0,0,-0.0261661300742575,0,0,0,0,0,0,0,0,0,0,0,-0.00742692699717504,0,0,0,0,0,0,0,0,-0.00238366714917922,0,0,0,0,0,0,-0.00770543859288595,0,0,0,0,0,0,0,-0.0160472792036876,-0.00126534122978381,0,0,0,-0.0103075440990934,-0.00686857954976915,0,-0.00657146090611676,-0.0134219949424851,0,-0.0180390880355713,0,0,0,-0.00433896373052246,0,0,0,-0.00553917320268141,-0.00750495418166743,0,0,-0.00361893288767256,-0.00066095860000735,-0.0103311783325975,0,-0.0144385103487372,-0.0156445057408537,-0.0210426920582871,-0.00758595944917763,0,0,0,0,0,0,0,0,-0.0109490857862112,0,-0.00365915680313107,0,0,0,-0.00282866422964114,0,0,-0.0279689194533344,0,-0.00323260009212562,0,-0.0377433532094456,0,-0.0283163192375237,0,0,0,0,0,0
"Etv3",0,0,0,0,0,0,0,0,0,0,0,0,0,0,0,0,0,0,0,0,0,0,0,0,0,-0.238556211222119,-0.100367029983702,-0.288300298501698,-0.0883726787356223,-0.0670566737701434,1.46487173124317,-0.0621072568969364,-0.19663278549631,0,0,0,0,0,0,0,0,-0.140601113200922,0,0,0,0,0,0,0,0,0,0,0,0,0,0,0,0,0,0,0,0,0,0,0,0,0,0,0,0,0,0,0,0,0,0,0,0,0,0,0,0,0,0,0,0,0,0,0,0,0,0,0,0,0,0,0,0,0,0,0,0,0,0,0,0,0,0,0,0,0,0,0,0,0,0,0,0,0,0,0,0,0,0,0,0,0,0,0,0,0,0,0,0,0,0,0,0,0,0,0,0,0,0,0,0,0,0,0,0,0,0,0,0,0,0,0,0,0
"Etv6",0,0,0,0,0,0,0,0,-4.50748193683554e-05,-0.0160855057180821,-0.00610709344085698,0,-0.025396915173656,0,0,0,-0.0187335243143801,0,0,0,0,0,0,-0.0463396534748328,-0.338539387355595,-0.0437715779606669,-0.0762265845630975,0,0,-0.399388113433878,-0.0620995813696145,1.49601489032,-0.0256754546404679,0,0,0,-0.0117512945377024,-0.0094515547335827,-0.0312650115635341,0,0,-0.0837820410361284,-0.032561265902258,0,0,0,-0.00713844346389447,0,0,0,-0.0120418888838845,-0.00839508730635017,0,0,-0.0128640506531398,-0.0162207223299034,-0.0276721466472403,0,-0.0332934714186626,0,0,-0.00454167567782071,-0.0169438147573722,0,0,0,0,0,0,0,0,0,-0.0116879931862249,0,0,0,0,0,0,0,0,0,-0.0174621728621269,-0.0198148012955765,0,-0.00156085296295743,-0.0120771848145491,0,0,0,0,0,0,0,0,0,-0.00290237713806237,0,0,0,-0.0141924340816072,0,0,0,-0.0126120984441545,-0.0139367628297348,-0.0262070682323968,-0.0273052086603249,0,-0.0153704936104726,0,0,0,0,0,0,0,0,0,0,0,-0.0311618297052816,-0.00713440806267854,-0.0237653123316681,0,-0.0340208272933756,-0.00142258409001398,-0.0112154469950935,-0.047943345242658,0,0,0,0,0,0,0,0,0,0,0,0,0,0,0,0,-0.0021968117889374,0,0,0,0,-0.0057397140567316,0,0,0,0,0,0,0,0
"Fli1",0,-0.00218842151279524,0,-0.0114410048275844,0,-0.00473921255689674,0,0,0,0,0,0,0,0,-0.0146182993633183,0,0,0,0,0,0,-0.0151021573894263,-0.0183203805902447,-0.194012558495606,-0.0299096175754796,0,-0.212213301259421,-0.142061115099922,-0.438064544588209,-0.376186397470864,-0.196620235105113,-0.0256794427616726,2.18470868518485,0,0,0,0,-0.00999694965307187,0,0,0,-0.390729373960508,0,0,0,-0.0117188225736272,0,0,0,0,0,0,0,0,0,0,0,0,0,0,0,0,0,0,-0.00673553600084184,0,-0.00359996727813006,-0.0133437805053773,-0.0119022252710792,-0.0219631095545195,0,0,0,0,0,-0.00374956628413051,-0.0247977766472037,0,0,0,-0.00979459591024582,0,0,0,0,0,0,0,-0.00870950556356288,-0.0082864430300363,0,0,0,0,-0.0274973477405365,0,0,0,-0.0127118238110979,0,0,0,-0.0011419879087481,-0.016662002855762,0,0,0,0,0,0,0,0,0,0,0,0,0,-0.020852709701274,0,0,0,0,0,0,0,0,0,0,0,0,-0.00919320050079937,-0.00412475718556093,-0.00559555546596085,-0.0321248656748283,0,0,0,-0.0115972972152905,0,0,-0.0055579800052859,0,0,0,0,0,0,-0.00047548430191604,0,0,0,0,0,0,-0.06357187278151,0,-0.000143800125050602,-0.00141533550179145,-0.0258555551338853
"Fos",0,0,0,0,0,-0.00794116499850502,0,0,-0.262661161050373,0,0,0,0,0,0,0,0,0,0,0,0,0,0,0,0,0,0,0,0,0,0,0,0,2.20478352280421,-0.790659820090805,-0.392999749493503,0,0,0,0,0,0,0,0,0,0,0,0,0,0,0,0,0,0,0,0,0,0,0,0,-0.31869505564816,-0.16531919782314,-0.118048718141802,0,0,0,0,0,0,0,0,0,-0.0555314311438299,0,0,0,0,0,0,0,0,0,-0.00754651519778171,-0.0425259892722424,0,0,0,0,0,0,0,0,0,0,0,0,0,0,0,0,0,0,0,0,0,0,-0.00429062582904433,0,0,0,0,0,0,0,0,0,0,0,0,0,0,0,0,0,0,-0.00403172510582053,0,0,0,0,0,0,0,0,0,0,0,0,0,0,0,0,0,0,0,0,0,0,0,0,0,0,0,0,0,0,0,0,0
"Fosb",0,0,0,0,0,-0.0419666276714119,0,0,-0.334700614628619,0,0,0,0,0,0,0,0,0,0,0,0,0,0,0,0,0,0,0,0,0,0,0,0,-0.790660347750274,2.21908323797817,-0.340519540365465,0,0,0,0,0,0,0,0,0,0,0,0,0,0,0,0,0,0,0,0,0,0,0,0,-0.241378277304828,-0.247249109933118,-0.120837724102814,0,0,0,0,0,0,0,0,0,-0.0301225424567348,0,0,0,0,0,0,0,0,0,-0.000497944096002497,-0.0225789346870691,0,0,0,0,0,0,0,0,0,0,0,0,0,0,0,0,0,0,0,0,0,-0.00152145062651738,-0.0043902987915793,0,0,0,0,0,0,0,0,0,0,0,0,0,0,0,0,0,0,-0.00251757703961852,0,0,0,0,0,0,0,0,0,0,0,0,0,0,0,0,0,0,0,0,0,0,0,0,0,0,0,0,0,0,0,0,0
"Fosl2",0,0,0,0,0,-0.640710171462989,0,0,-0.172202487842985,-0.00993591359216402,0,0,0,0,0,0,0,0,0,0,0,0,0,0,0,0,0,0,0,0,0,0,0,-0.392996869730815,-0.340537231252114,2.11730586411418,0,0,0,0,0,0,-0.00745991972390673,0,0,0,0,0,0,0,0,0,0,0,0,0,0,0,0,0,-0.243054494511222,-0.0893735284467569,-0.171433811545477,0,0,0,0,0,0,0,0,0,-0.0663820140664135,0,0,0,0,0,0,0,0,0,-0.00190380198793324,-0.0634018038488264,-0.000684695261162479,0,0,0,0,0,-0.0108168057276207,-0.00136900549428387,0,0,0,0,0,0,0,0,0,0,0,0,0,0,0,0,0,0,0,0,0,0,0,0,0,0,0,0,0,0,0,0,0,-0.00148456210450374,0,0,0,0,0,0,0,0,0,0,0,0,0,0,0,0,0,-0.00498383466505704,0,-0.00791645812639148,0,0,0,0,0,0,0,0,0,0,0,0,0
"Foxj3",0,0,0,0,-0.00333213716247824,0,0,0,-0.0198099645224633,-0.00536000417406974,-0.00481955056054076,0,0,-0.0200680240872043,0,0,0,0,0,0,0,0,0,0,0,0,0,0,0,0,0,-0.0117237093084983,0,0,0,0,1.22296057450389,-0.183582103512591,-0.0931270033998712,-0.169814841366166,-0.0645557860279636,0,-0.0154392555279308,-0.000520122865880868,0,0,-0.0129404247836106,0,0,0,0,-0.0045949182357751,0,-0.04155595129784,0,-0.0163134649516053,0,0,0,0,0,0,0,0,0,0,0,0,0,0,0,0,-0.0109298992320522,0,0,0,0,0,0,0,0,0,0,0,0,-0.00550269251517696,-0.00100978680893691,0,0,0,0,-0.000376739802316092,-0.00321970227038395,0,0,0,0,0,-0.0131346324493365,0,0,0,0,0,-0.00247340258027318,-0.0173815363378207,-0.000556106501692165,-0.0104998379262188,0,0,0,0,0,0,0,0,0,0,0,-0.0766946883108112,-0.0457994187463482,0,0,-0.00468148200293082,0,0,0,0,-0.0222601370505454,0,0,0,0,-2.12300919422958e-05,0,0,0,-0.00462934398184104,0,0,0,0,0,0,-0.000800805489740161,0,0,0,0,-0.132471673852185,-0.000450192267831444,0,0,-0.206738953393535,0,0,0,0,0
"Foxn3",0,-0.00336156824961485,0,-0.000798307457427592,-0.0094654912178793,0,0,0,0,-0.0111378105955108,0,0,0,-0.00876720709801397,0,0,0,0,0,0,0,-0.00706556203713867,-0.0298684670148176,0,0,0,0,0,0,-0.00539705126615565,0,-0.00945003131889934,-0.00998108094984805,0,0,0,-0.183583529590193,1.27999399373607,-0.141167668121869,-0.239937681309948,-0.237524751493061,0,-0.0424572643339927,0,0,0,-0.00804997533089733,0,0,0,0,-0.00736816062233044,0,0,0,0,-0.0213080974832292,-0.00565743033731609,-0.00261211913540925,0,-0.0274124917316114,-0.0251735052089413,0,0,0,0,0,0,0,0,0,0,-0.0137357321017494,0,0,0,0,-0.0225921686977943,0,0,0,0,-0.0113437247591389,-0.0293528075306611,0,0,-0.0344280453847511,0,0,0,-0.0023172436011141,-0.00103104229565149,-0.0191792266800212,0,0,0,0,0,-0.00247648221585339,0,-5.53328375342019e-05,-0.00505440975529982,-0.00316471508077592,0,-0.0292099932221333,-0.0273165979980644,-0.0441786589398633,-0.00868625298406541,0,0,-0.0131716616895979,-0.00419984263895951,0,0,0,0,0,-0.0139072168625749,0,0,0,-0.0279010931918699,-0.000817965295558783,-0.0230683169418605,0,-0.0310655724174656,0,0,-0.00443393984429778,0,0,0,-0.0196441891337946,-0.014565736359101,0,0,0,-0.0350734845725876,-0.00048337892687046,0,-0.0107339802325787,0,0,-0.0161656532856893,-0.00191349665542188,-0.0167961331011299,0,0,0,0,0,0,0,0,0,0,0,0,0
"Foxo1",0,0,0,0,0,0,0,0,-0.0214964505825761,-0.0263673038406869,-0.0126650175794648,0,0,0,0,0,0,0,0,0,0,0,0,0,0,0,0,0,0,-0.0149217474531662,0,-0.0312589881666971,0,0,0,0,-0.0931276013361687,-0.141165117026997,1.36307059085783,-0.480043640041674,-0.249863141586384,0,-0.0121954944447887,0,0,0,0,0,0,0,0,0,0,0,0,0,-0.00129639052992194,0,-0.0120075843948648,0,0,-0.0125032164896309,-0.00751306536350683,0,0,0,0,0,0,0,0,0,-0.00043238570478341,0,0,0,0,0,0,0,0,0,-0.0100782260415977,-0.00495671154727773,0,0,-0.00881261562852361,0,0,0,0,-0.00611789257232073,0,0,0,0,0,0,-0.00914107411854631,0,0,0,0,0,0,0,-0.00739252102119484,0,0,0,0,0,0,0,0,0,0,0,0,0,0,0,0,0,0,-0.00648028470816817,-0.0104967650738997,-0.00250991638647788,0,0,0,0,0,0,0,0,0,-0.0113384395239617,0,0,0,0,0,0,0,0,0,0,0,0,-0.00883605847143747,0,0,0,0,0,0,0,0
"Foxo3",0,0,0,0,0,0,0,0,0,0,0,0,0,0,0,0,0,0,0,0,0,0,0,0,0,0,0,0,0,0,0,0,0,0,0,0,-0.169815122761275,-0.239935338481255,-0.480042994992696,1.72537384129778,-0.679719454395361,0,0,0,0,0,0,0,0,0,0,0,0,0,0,0,0,0,0,0,0,0,0,0,0,0,0,0,0,0,0,0,0,0,0,0,0,0,0,0,0,0,0,0,0,0,0,0,0,0,0,0,0,0,0,0,0,0,0,0,0,0,0,0,0,0,0,0,0,0,0,0,0,0,0,0,0,0,0,0,0,0,0,0,0,0,0,0,0,0,0,0,0,0,0,0,0,0,0,0,0,0,0,0,0,0,0,0,0,0,0,0,0,0,0,0,0,0,0
"Foxp1",0,0,0,0,0,0,0,0,0,0,0,0,0,0,0,0,0,0,0,0,0,0,0,0,0,0,0,0,0,0,0,0,0,0,0,0,-0.0645563659427006,-0.237525550801231,-0.249863435956946,-0.679719151917965,1.53588633363696,0,0,0,0,0,0,0,0,0,0,0,0,0,0,0,0,0,0,0,0,0,0,0,0,0,0,0,0,0,0,0,0,0,0,0,0,0,0,0,0,0,0,0,0,0,0,0,0,0,0,0,0,0,0,0,0,0,0,0,0,0,0,0,0,0,0,0,0,0,0,0,0,0,0,0,0,0,0,0,0,0,0,0,0,0,0,0,0,0,0,0,0,0,0,0,0,0,0,0,0,0,0,0,0,0,0,0,0,0,0,0,0,0,0,0,0,0,0
"Gabpa",0,-0.0187254719483451,0,0,0,0,0,0,0,0,0,0,0,0,0,0,0,0,0,0,-0.00435219157659102,0,0,-0.310629055365804,-0.0579890979241821,-0.105978117470157,-0.514321387245408,-0.274060830531009,-0.295548811641172,-0.209108488496097,-0.140595615568755,-0.0837771833282376,-0.390722910515258,0,0,0,0,0,0,0,0,2.37496697697366,0,0,0,0,0,0,0,0,0,0,0,0,0,0,0,0,0,0,0,0,0,0,0,0,0,0,0,0,0,-0.0087488389856061,0,0,0,-0.00421919322586898,-0.00299837490729105,0,0,0,0,0,0,0,0,0,0,0,0,0,0,0,0,0,0,0,0,0,0,0,0,0,0,-0.0100237958893822,0,0,0,0,0,0,0,0,0,0,0,-0.00688065120358522,-0.0412187042406155,0,0,0,0,0,0,0,-0.00416496417467447,0,0,0,0,0,0,0,0,-0.00178050703298965,0,0,0,0,0,0,0,0,0,0,-0.00687867791078261,0,0,0,0,0,0,0,0,0,0,0,0,0,-0.0058013890716705
"Gata3",0,0,0,0,0,-0.0040161375916547,0,0,-0.00425130636486798,-0.0396828413386955,-0.0337190406965561,0,0,-0.0079859487665491,0,0,-0.0012084064643495,-0.0320848351010088,0,0,0,0,0,0,0,0,0,0,0,-0.00279823925658026,0,-0.0325561451212036,0,0,0,-0.00746173454952482,-0.0154367648501546,-0.0424555122745288,-0.0121951260049093,0,0,0,0.951750250351714,0,0,0,-0.0241397476185039,0,0,0,0,0,0,0,0,-0.00313176376976272,-0.0312964075458107,-0.0122928575684181,-0.00321664346239473,0,-0.00058395122286507,-0.0277560494874265,0,0,0,0,0,0,0,0,0,0,-0.0270257604466705,0,0,0,0,-0.00393351988033563,0,0,0,0,-0.0133929277114514,-0.00439239461091496,0,0,-0.00991139281304182,0,0,0,0,0,-0.0269843833502176,0,0,0,-0.020301919403596,0,0,0,-0.0284047260252938,-0.0130403831575264,0,0,-0.0141653087702199,-0.0313999166444249,-0.0446873822292296,-0.0102548968001631,0,-0.00694534409694083,-0.0154401160406467,0,0,0,0,0,0,-0.00579113511755544,0,-0.0120486323101234,0,-0.0020052308862491,-0.0194829445298395,-0.0174072721188326,0,-0.0275977510309732,0,-0.00903434871941326,-0.0255212039907528,0,0,0,0,0,0,0,0,-0.0229298551214047,0,0,0,0,0,0,0,-0.0183272029760675,0,0,0,-0.010392370625939,0,0,0,-0.0051454309613134,0,0,0,0,0
"Gfi1",0,0,0,0,0,0,0,0,0,0,-0.00237323943604731,0,0,0,0,0,0,0,0,0,0,0,0,0,0,0,0,0,0,0,0,0,0,0,0,0,-0.000519984767316986,0,0,0,0,0,0,0.876846657823791,0,0,0,0,0,0,0,0,0,0,0,0,0,0,0,0,0,0,0,0,0,0,0,0,0,0,0,0,0,0,0,0,0,0,0,0,0,0,0,0,0,0,0,-0.00626432421531385,-0.000325911462701321,-0.013940691543206,0,0,0,0,0,0,0,0,0,0,0,0,0,0,0,0,0,0,0,0,0,0,0,0,0,0,0,0,0,0,0,0,0,0,0,0,0,0,0,0,0,0,0,0,0,0,0,0,0,0,0,0,0,0,0,0,0,0,0,0,0,-0.00291359072288029,0,0,0,0,0,0,0
"Glis3",0,0,0,0,0,0,0,0,0,0,0,0,0,0,0,0,0,0,0,0,0,0,0,0,-0.00409790647942264,0,0,0,0,0,0,0,0,0,0,0,0,0,0,0,0,0,0,0,0.877769950679489,0,0,0,0,0,0,0,0,0,0,0,0,0,0,0,0,0,0,0,0,0,-0.00230418389380128,0,0,0,0,0,0,0,0,0,0,0,0,0,0,0,0,0,0,0,0,0,0,0,0,0,0,0,0,-0.00731004006670461,0,0,0,0,0,0,0,0,0,0,0,0,0,0,0,0,0,0,0,0,0,0,0,0,0,0,0,0,0,0,0,0,0,0,0,0,0,0,0,0,0,0,0,0,0,0,-0.00487265964504908,0,0,0,0,0,-0.0243115552659132,0,0,0,0,0,0,0,0,0,0
"Gmeb1",0,0,0,-0.119214455814545,0,0,0,0,0,0,0,0,0,0,0,0,0,0,-0.00622103638219902,0,0,0,0,0,0,0,0,0,0,0,0,0,-0.0117178156730777,0,0,0,0,0,0,0,0,0,0,0,0,0.893263385240504,0,0,0,0,0,0,0,0,0,0,0,0,0,0,-0.000850679396850197,0,0,0,0,0,0,0,0,0,-0.00211743354986966,0,0,0,0,0,0,0,0,0,0,0,0,0,0,0,0,0,0,0,0,0,0,0,0,0,0,0,0,0,0,0,0,0,0,0,0,0,0,0,0,0,0,0,0,0,0,0,0,0,0,0,0,0,0,0,0,0,0,0,0,0,0,0,0,0,0,0,0,0,0,0,0,0,0,0,0,0,0,0,0,0,0,0,0,0,0,0,0
"Hic1",0,0,0,0,-0.00332632571231413,0,0,0,0,-0.022241330473161,-0.0135157517432879,0,0,0,0,0,-0.0947035150637434,0,0,-0.00716966409293681,0,0,-0.00507943195371438,0,-0.01644462410193,0,0,0,0,-0.013712559557727,0,-0.00713822937405192,0,0,0,0,-0.012947556134979,-0.00805370758569404,0,0,0,0,-0.0241424590362222,0,0,0,0.937937111348073,0,0,0,0,0,0,0,0,0,-0.00891164972412458,0,-0.000171345890970157,0,0,0,0,-0.00490073902856104,0,0,0,-0.0148080985980255,-0.00394559616845672,0,0,-0.0335349751718341,-0.00560323929298618,0,0,0,0,0,0,0,0,-0.00403752895353494,0,-0.0038287980424513,0,-0.00207113359938508,-0.00186838939808444,0,0,0,0,0,0,0,0,0,-0.0044556896122329,0,-0.0109714485846594,0,0,-0.000287007675694598,0,-0.024629531018246,-0.00551612668066336,0,0,-0.00867662015387743,0,-0.00271754667149732,-0.0348195996193992,0,0,-0.00797007709843902,0,0,0,-0.0222566229781945,-0.0105811721830465,0,0,-0.00416181062015547,0,0,0,0,-0.0203983149805734,-0.00853915730889664,0,0,0,0,0,0,0,0,0,-0.0339561551808669,0,0,-0.00129723424796772,0,0,0,0,0,0,-0.00638420022882728,-0.0084586845415928,0,-0.016329800139733,-0.0103146943507435,-0.00747681784768841,0,-0.0013416567602444,-0.0163355539705363,0,0,-0.0124646149032927
"Hlx",0,0,0,0,0,0,0,0,0,0,0,0,0,0,0,0,0,0,0,0,0,0,0,0,0,0,0,0,0,0,0,0,0,0,0,0,0,0,0,0,0,0,0,0,0,0,0,1.07616983649793,0,0,0,0,0,0,0,0,0,0,0,0,0,0,0,0,0,0,0,0,0,0,0,0,0,0,0,0,0,0,-0.11013676751545,0,0,0,0,0,0,0,0,0,0,0,0,0,0,0,0,0,0,-0.0529409261120077,0,0,0,0,0,0,0,0,0,0,0,0,0,0,0,0,0,0,0,0,0,0,0,0,0,0,0,0,0,0,0,0,0,0,0,0,0,0,-0.43961388141857,0,0,0,0,0,0,0,0,0,0,0,0,0,0,0,0,0,0,0,0,0,0
"Hmg20b",0,0,0,0,0,0,0,0,0,0,0,0,0,0,0,0,0,0,0,0,0,0,0,0,0,0,0,0,0,0,0,0,0,0,0,0,0,0,0,0,0,0,0,0,0,0,0,0,0.876378904051644,0,0,0,0,0,0,0,0,0,0,0,0,0,0,0,0,0,0,0,0,0,0,0,0,0,0,0,0,0,0,0,0,0,0,0,0,0,0,0,0,0,0,0,0,0,0,0,0,0,0,0,0,0,0,0,0,0,0,0,0,0,0,0,0,0,0,0,0,0,0,0,0,0,0,0,0,0,0,0,0,0,0,0,0,0,0,0,0,0,0,0,0,0,0,0,0,0,0,0,0,0,0,0,0,0,0,0,0,0,0
"Homez",0,0,0,0,0,0,0,0,0,0,0,0,0,0,0,0,0,0,0,0,0,0,0,0,0,0,0,0,0,0,0,0,0,0,0,0,0,0,0,0,0,0,0,0,0,0,0,0,0,0.876378904051644,0,0,0,0,0,0,0,0,0,0,0,0,0,0,0,0,0,0,0,0,0,0,0,0,0,0,0,0,0,0,0,0,0,0,0,0,0,0,0,0,0,0,0,0,0,0,0,0,0,0,0,0,0,0,0,0,0,0,0,0,0,0,0,0,0,0,0,0,0,0,0,0,0,0,0,0,0,0,0,0,0,0,0,0,0,0,0,0,0,0,0,0,0,0,0,0,0,0,0,0,0,0,0,0,0,0,0,0,0
"Hsf2",0,0,0,0,0,0,0,0,0,0,0,0,0,0,0,0,0,0,0,0,0,0,0,0,0,0,0,0,0,-0.00548045758542565,0,-0.0120416030101964,0,0,0,0,0,0,0,0,0,0,0,0,0,0,0,0,0,0,0.87687064751367,0,0,0,0,0,0,0,0,0,0,0,0,0,0,0,0,0,0,0,0,0,0,0,0,0,0,0,0,0,0,0,0,0,0,0,0,0,0,0,0,0,0,0,0,0,0,0,0,0,0,0,0,0,0,0,-0.00198737404892395,0,0,0,0,0,0,0,0,0,0,0,0,0,0,0,0,0,0,-0.0092816099569483,0,0,0,0,0,0,0,0,0,0,0,0,0,0,0,0,0,0,0,0,0,0,-0.00210877418458428,0,0,0,0,0,0,0,0,0,0
"Ikzf1",0,0,0,0,0,0,0,0,0,-0.0069817728381132,-0.00776241196112456,0,0,0,0,0,0,0,0,0,0,0,0,0,-0.0031699452835998,0,0,0,0,-0.00804140105896561,0,-0.00839506986384667,0,0,0,0,-0.0045978802974738,-0.00736958185421228,0,0,0,0,0,0,0,0,0,0,0,0,0,0.885304998880559,0,-0.0115710163378417,0,-0.00255093541418848,0,0,0,0,0,0,0,0,0,-0.00323122351219913,0,-0.0142291005781158,0,0,0,-0.00860778299727025,0,0,0,0,0,0,0,0,0,0,0,0,0,0,0,0,0,0,0,0,0,0,0,-0.00999880564080133,0,0,0,0,0,-0.0136010368773236,0,0,0,0,0,0,0,-0.00565300323093326,0,0,0,0,0,0,-0.00727262507526492,0,0,0,0,0,0,0,0,-0.0126252073593634,-0.013586434520433,0,-0.00759478097807864,0,0,0,0,0,0,0,0,0,0,0,0,0,0,0,-0.000337210206551787,0,0,0,0,0,0,0,-0.00223697768716827,0,0,0,0,0,-0.0210834050544058
"Ikzf3",0,0,0,0,0,0,0,0,0,0,0,0,0,0,0,0,0,0,0,-0.0103003064526767,0,0,-0.00820721833244645,0,-0.00987377854487973,0,0,0,0,0,0,0,0,0,0,0,0,0,0,0,0,0,0,0,0,0,0,0,0,0,0,0,0.923808427333778,0,0,-0.00739491157965963,0,0,0,0,0,0,0,-0.00329102375049739,0,0,0,0,0,-0.00602004934235831,0,0,0,0,-0.00659354856207788,0,-0.00949451589128572,0,0,0,0,0,0,0,0,-0.00847718045929932,-0.0117952026042147,0,0,0,0,0,0,0,0,0,0,0,0,-0.00618190056987791,-0.0106626843713367,-0.0292400427979739,0,-0.00517356836562507,0,0,0,0,0,-0.00250718661691254,0,0,-0.0251294120270858,0,0,0,0,0,0,0,0,0,0,0,0,0,-0.00776801755287938,-0.00244968737745623,0,0,0,0,0,0,0,0,0,-0.0069479802535669,0,0,-0.0175245028579861,0,-0.0335844307588494,0,0,0,-0.0265507547891935,0,-0.0142788160199422,0,-0.00625011427146518,-0.0382661281442533,-0.0199855032041962,0,-0.00842272396572204,-0.00833348752205139,0,0,-0.0214535297656852
"Irf1",0,0,0,0,0,0,0,0,0,-0.0174082048622265,0,0,0,0,0,0,0,0,0,0,0,0,0,0,0,0,0,0,0,0,0,0,0,0,0,0,-0.0415423720657172,0,0,0,0,0,0,0,0,0,0,0,0,0,0,-0.0115419498727991,0,1.82373129288664,-0.57099314955036,-0.160703039464412,-0.0748385841732415,-0.108193900065157,-0.147304958295658,0,0,0,0,0,0,0,0,0,0,0,0,0,0,0,0,0,0,0,0,0,0,0,0,-0.00171048487221744,0,0,0,0,0,0,0,0,0,0,0,0,0,0,0,-0.0709784173149122,0,0,0,0,-0.00120900851004018,0,0,0,0,0,0,0,0,0,0,0,0,0,0,-0.280031357658553,-0.325183867600201,0,0,0,0,0,0,0,0,0,0,0,0,0,0,0,0,0,0,0,0,0,0,0,0,0,0,0,0,-0.0492695355189487,0,0,0,-0.0250194994736,0,0,0,0,0
"Irf2",0,0,0,0,0,0,0,0,0,-0.0166619610441058,0,0,-0.00484447727631641,0,0,0,0,0,0,0,0,0,0,0,0,0,0,0,0,0,0,-0.0127895328265929,0,0,0,0,0,0,0,0,0,0,0,0,0,0,0,0,0,0,0,0,0,-0.57099513849931,1.6013346707953,-0.0811808375496708,-0.061961317884434,-0.24996190417397,-0.100957766884676,0,0,0,0,0,0,0,0,0,0,0,0,0,0,0,0,0,0,-0.00330142649392888,0,0,0,0,0,0,0,0,-0.00291793964702475,0,0,0,0,0,0,0,0,0,0,0,-0.00642344066494082,-0.173515646578295,0,0,0,0,0,-0.0138395203726394,0,-0.00714874171000265,0,0,0,0,0,0,0,0,0,-0.00232871215633285,0,-0.0299525530871297,-0.174735119185214,0,0,-0.00838515809321627,0,0,0,0,-0.0375837625664679,0,0,0,0,0,0,0,0,0,0,0,0,0,0,0,0,0,0,0,0,0,0,0,0,0,0,0,0,0,0
"Irf3",0,0,0,0,0,0,0,0,0,-0.00308017906634922,-0.212640358198437,0,0,0,0,0,0,0,0,0,0,0,0,0,0,0,0,0,0,0,0,-0.0161810428070325,0,0,0,0,-0.0163144219388652,0,0,0,0,0,-0.0031397017590202,0,0,0,0,0,0,0,0,-0.00254326874651818,-0.00736140361848426,-0.160709828214416,-0.0811805277843852,1.50844016664858,-0.0821929660017265,-0.0035740967319955,-0.0534712557736974,0,0,0,0,0,0,0,0,0,0,0,0,0,0,0,0,0,0,0,0,0,0,0,-0.00253021382898379,0,0,0,0,0,0,0,0,-0.0125189414995593,0,0,0,0,0,0,0,-0.107765011148673,-0.01225038336815,-0.0942380900732111,0,0,-0.00515551184461028,0,0,0,0,-0.00636020188603049,0,0,0,0,0,0,0,0,0,-0.228339308197662,-0.194398592625631,0,0,0,0,0,0,0,-0.036014699826141,0,0,0,0,0,0,0,0,-0.0148479016963177,0,0,0,0,0,0,0,-0.126513324576219,-0.00680124649566242,0,0,-0.111783997060985,-0.00382615005814855,0,-0.0717684766511092,-0.0418502816952487,0,0,0,0,0
"Irf4",0,0,0,0,0,-0.000190761448516091,0,0,-0.0261699229311173,-0.0282491747938557,-0.0110616552142704,0,0,-0.00732350405331534,0,0,0,-0.00743224940646951,0,0,0,0,0,0,-0.00215110953649189,0,0,0,0,-0.0221182947836117,0,-0.0276580661653508,0,0,0,0,0,-0.021298551733449,-0.00129496639401232,0,0,0,-0.0312986358697519,0,0,0,-0.00888102709041117,0,0,0,0,0,0,-0.0748419931265871,-0.061965086865277,-0.0821800246269198,1.47982840567661,-0.0692300385136754,-0.694208963553759,0,0,-0.0113947448284703,0,0,0,0,0,0,0,0,0,0,-0.00253628079384791,0,0,0,0,0,0,0,0,0,-0.0139711575955351,-0.00537518798464799,-0.0147383176637383,0,0,0,0,0,-0.00438707826405744,-0.0221199241967619,0,0,0,0,0,0,0,-0.0165464420540049,-0.0264101573169225,0,0,0,-0.0122498333240179,-0.0204139662173131,-0.0219188805494209,-0.0126346487188011,0,0,-0.00922561026789327,0,0,0,0,0,0,-0.00198479932879947,0,-0.031642552901808,-0.0543492264613305,0,0,0,0,-0.0413929944631377,0,0,-0.00594245329239527,0,0,0,0,0,0,0,0,-0.0242946870891307,0,0,0,0,0,0,0,-0.00756242076021255,0,0,0,0,0,0,0,0,0,0,0,0,0
"Irf7",0,0,0,0,0,-0.0049536623549297,0,0,0,-0.0120304428379212,0,0,0,0,0,0,0,0,0,0,0,0,0,0,0,0,0,0,0,0,0,0,0,0,0,0,0,-0.00564784828704651,0,0,0,0,-0.0122914186391898,0,0,0,0,0,0,0,0,0,0,-0.108194262212272,-0.249962338194207,-0.00355360946472634,-0.0692276473202512,1.21024423398078,-0.0948130546170844,0,0,0,0,0,0,0,0,0,0,0,0,0,0,0,0,0,0,0,0,0,0,0,0,0,0,-0.00647665673315502,-0.008778106311591,0,0,0,0,0,0,0,0,0,0,0,0,-0.218723507538985,0,0,0,0,0,-0.000309225842141442,0,-0.0153952455659891,0,0,0,0,0,0,0,0,0,0,0,0,-0.103697160020997,0,0,0,0,-0.00103831700079208,0,0,-0.0412254049352933,0,0,0,0,0,0,0,0,-0.0071760441191908,0,0,0,0,0,0,0,0,0,0,0,0,0,0,0,0,0,0,0,0,0
"Irf8",0,0,0,0,0,0,0,0,-0.00562754039983249,0,-0.0032025134678697,0,0,0,0,0,0,0,0,0,0,0,0,-0.00884178314267073,-0.00277408320992654,0,0,0,0,-0.049008309780631,0,-0.0332907877816801,0,0,0,0,0,-0.00260465691426651,-0.012007829455574,0,0,0,-0.00321831557313917,0,0,0,-0.000152168563492063,0,0,0,0,0,0,-0.147307994664852,-0.100959753918579,-0.053462413186987,-0.6942071364074,-0.094808448056688,1.55057655641342,0,0,0,0,0,0,0,0,0,0,0,0,0,0,0,0,0,0,0,0,0,0,0,-0.0134569588398997,-0.0172849949403663,0,0,0,0,0,0,0,0,-0.00456739154308104,0,0,0,0,0,0,-0.129161021276053,0,0,0,0,0,0,-0.00822065182246879,0,0,0,0,0,0,0,0,0,0,0,0,-0.0410878424370802,-0.0591177519437592,0,0,-0.0129188792123422,0,-0.00931680678900265,0,0,0,0,0,0,0,0,0,0,0,0,0,0,0,0,0,0,0,0,0,0,0,0,0,0,0,0,0,0,0,0,0
"Isl2",0,0,0,0,0,0,0,0,0,-0.00575506993116748,0,0,0,0,0,0,0,0,0,0,0,0,0,0,0,0,0,0,0,0,0,0,0,0,0,0,0,0,0,0,0,0,0,0,0,0,0,0,0,0,0,0,0,0,0,0,0,0,0,0.877779984835372,0,0,0,0,0,0,0,0,0,0,0,0,0,0,0,0,0,0,0,0,0,0,0,0,0,0,0,0,0,0,0,0,0,0,0,0,0,0,0,0,0,0,0,0,0,0,0,0,0,0,0,0,0,0,0,0,0,0,0,0,0,0,0,0,0,0,0,0,0,0,0,0,0,0,0,0,-0.0345921492846515,0,0,0,0,0,0,0,0,0,0,0,0,0,0,0,0,0,0,0,0,0,0
"Jun",0,0,0,0,0,-0.189508167677444,-0.0750587015820497,0,-0.0606730122060981,0,-0.00202002575517648,0,0,0,0,0,0,0,0,0,0,0,-0.0097941028003065,0,0,0,0,0,0,0,0,0,0,-0.318689277048582,-0.241382692272075,-0.243047368361265,0,-0.0274083862667673,0,0,0,0,-0.000580062609599773,0,0,-0.000845114651613677,0,0,0,0,0,0,0,0,0,0,0,0,0,0,1.85575651123598,-0.412464900502674,-0.219016692162335,0,0,0,0,0,0,0,0,0,-0.00132473778260432,0,0,0,0,-0.00853623149525548,0,0,0,0,0,-0.0436251224096304,-0.000182024519191164,0,-0.00707367012217241,0,0,0,0,-0.00440229139401275,-0.0324731621566727,0,0,0,0,0,0,0,-0.00769830579441038,0,-0.00237491677091668,0,-0.00716201973274316,0,0,-0.00152606813560127,0,0,0,0,0,0,0,0,0,0,0,0,0,-0.00824249841539564,0,0,0,-0.00795773680649315,0,0,0,0,0,0,0,0,0,0,0,0,0,0,0,0,0,0,0,0,0,0,0,0,0,0,0,-0.0145872360689414,0,0,0,0,0
"Junb",0,0,0,0,0,-0.0892997869891661,0,0,-0.162474051732671,-0.00801022476557227,0,0,0,0,0,0,0,-0.0102919795689053,0,0,0,0,0,0,-0.000919171073335079,0,0,0,0,0,0,-0.00454554928189599,0,-0.16533080783477,-0.247255354123787,-0.0893635029922936,0,-0.0251826450859326,-0.0125059249668005,0,0,0,-0.0277659888468746,0,0,0,0,0,0,0,0,0,0,0,0,0,-0.0114122756983068,0,0,0,-0.412465066889966,1.61955631184638,-0.161473954786087,0,0,0,0,-0.000137102683534143,-0.000161048904843645,0,0,0,-0.0224742595068838,0,0,0,0,-0.0113824068572126,0,0,0,0,-0.0076610461992496,0,0,0,-0.00981977362486898,0,0,0,-0.0101034629709391,0,-0.0117783738129261,0,0,0,0,0,0,0,-0.00138169409421772,0,-0.00104608054945277,0,-0.0035145999457264,-0.00196317080529925,-0.0130136024444984,-0.0120432334773288,0,0,-0.0223098662251574,-0.00360192525506157,0,0,0,0,0,-0.0115756153430334,0,-0.00863405771662669,0,0,0,-0.00793275719090085,0,-0.0187653402915211,0,0,0,0,0,0,-0.0172397263624375,0,0,0,0,-0.0224029339341336,0,0,-0.000616733388396666,0,0,-0.011396376502433,0,-0.000684477116307802,0,0,0,0,0,0,0,-0.00909473194384615,0,0,0,0,0
"Jund",0,0,0,0,0,0,0,0,-0.233284616558757,-0.0121048558534583,-0.0140981274067559,0,0,0,0,0,-0.0178486712459198,0,0,0,0,0,0,0,-0.000732344748287415,0,0,0,0,-0.0261322658295448,0,-0.0169303325505363,0,-0.11805715519041,-0.120842909959266,-0.171432389077102,0,0,-0.00751160610311451,0,0,0,0,0,0,0,0,0,0,0,0,0,0,0,0,0,0,0,0,0,-0.219015311828971,-0.161463885996663,1.40302790916909,0,0,0,0,0,0,0,0,0,-0.00610046990136977,0,0,0,0,0,0,0,0,0,-0.0179475844247257,-0.021114027611625,0,0,0,0,0,0,0,0,0,0,0,0,0,0,0,-0.000368483201081151,0,0,0,0,0,-0.0222005132905245,0,-0.00810873103168072,0,-0.0275601411794694,0,0,0,0,0,0,0,0,0,0,0,-0.00197715597618532,-0.00335064739055495,0,0,-0.0163619846025457,-0.0126949940798177,0,-0.00200915699368073,0,0,0,0,0,0,0,0,0,0,0,0,0,0,0,0,0,0,0,0,0,-0.0108193199691423,0,0,0,0,0,0,0,0
"Klf10",0,0,0,0,0,0,0,0,0,0,0,0,0,0,0,0,0,0,-0.0213594037766627,-0.0166690792440002,-0.00712299609946708,-0.0822949047788832,-0.105064202515445,0,0,0,0,0,0,0,0,0,0,0,0,0,0,0,0,0,0,0,0,0,0,0,-0.00489913453061066,0,0,0,0,0,-0.00328717750869131,0,0,0,0,0,0,0,0,0,0,1.41236135101596,-0.00582415706475367,-0.0233766266359123,-0.134540517404465,-0.0305185400896105,-0.0413323072614594,-0.0999470390526273,-0.0282479004933865,-0.050766869201697,0,0,0,0,0,0,0,0,0,0,0,0,0,0,0,0,0,0,0,0,0,0,-0.000635962635079235,-0.0197748424798169,0,0,0,0,0,0,0,0,0,0,0,0,0,0,0,0,-0.0126828118372577,0,-0.0693553830200485,-0.120145179803225,-0.0248856989790702,-0.0116547012214615,-0.0375745787914759,0,0,0,0,0,0,0,-0.00711910706119102,-0.00240650012061172,0,0,-0.00560414788500006,0,0,0,0,0,0,0,0,0,-0.0600750940087834,-0.00468763288669131,-0.0691334981237849,-0.00479719155804718,-0.0139110989364664,0,0,0,-0.0559491022860321,0,0,0,0,0,-0.00344675133925593,-0.0159947306367787,-0.00936359394641911,-0.0386317140847866,-0.00649129534859136
"Klf13",0,0,0,0,0,0,0,0,0,0,0,0,0,0,0,0,0,0,0,0,0,-0.00409759812242475,0,0,0,0,0,0,0,0,0,0,-0.00673334664209357,0,0,0,0,0,0,0,0,0,0,0,0,0,0,0,0,0,0,0,0,0,0,0,0,0,0,0,0,0,0,-0.00582307781514877,1.01849308783136,-0.0352486105919456,0,-0.067354891072777,0,0,-0.179064712374865,-0.109581519648456,0,0,0,0,0,0,0,0,0,0,0,0,0,0,0,0,0,-0.00227139071040591,0,0,0,0,0,0,0,0,0,0,0,0,0,0,0,0,0,0,0,0,0,0,0,0,0,0,-0.0506684310975517,0,0,0,0,0,0,0,0,0,0,0,0,0,0,0,0,0,0,0,0,-0.00386419021054638,0,0,0,0,0,0,0,0,0,0,0,0,0,0,0,0,0,0,0,0,0
"Klf2",0,0,0,0,0,0,0,0,0,0,0,0,0,0,0,0,-0.00872574914702653,0,0,0,-0.0797415761511558,0,0,0,0,0,0,0,0,0,0,0,0,0,0,0,0,0,0,0,0,0,0,0,0,0,0,0,0,0,0,-0.00322909051325325,0,0,0,0,0,0,0,0,0,0,0,-0.0233769516620148,-0.0352445388389196,1.71114493788517,-0.146904097296119,0,0,0,-0.283008831838983,-0.544944742061292,0,-0.0015587546768359,0,0,-0.000694729347760368,0,0,0,0,0,0,0,0,0,0,0,0,0,0,0,0,0,0,-0.118566754675036,0,0,0,0,0,0,0,-0.00247505380349996,0,0,0,0,0,0,0,0,-0.00993988746591969,0,-0.00899148405177213,-0.0433589803946339,-0.152675153224392,0,-0.00570667166710077,0,0,0,0,0,0,0,-0.0111813169532305,-0.0154197302685131,0,0,0,0,0,0,0,0,0,0,0,-0.00499444050382213,0,0,0,0,0,0,0,0,0,0,0,0,0,0,0,0,-0.0243609504276952,0,-0.0180623328898083
"Klf3",-0.0128766874349746,-0.000931889536982243,0,-0.0128290270906076,0,0,0,0,0,0,0,0,0,0,0,0,0,0,-0.15114055814518,0,-0.132277293284902,-0.0171930298936696,0,-0.00934142799373548,0,0,0,0,-0.0158461388080048,0,0,0,-0.00355497985092214,0,0,0,0,0,0,0,0,0,0,0,-0.00230318328826063,0,0,0,0,0,0,0,0,0,0,0,0,0,0,0,0,0,0,-0.13452321564195,0,-0.14687953548054,2.55167361825337,-0.100362844908699,-0.1483236716473,-0.258090353310928,-0.168431123523029,-0.131227344605769,0,-0.0216051163457682,0,-0.024956937808906,-0.0389638000539417,0,0,0,0,-0.000783228338590534,0,0,0,-0.00375643339160153,0,0,-0.0173748318185412,0,0,0,0,0,-0.0211019586465432,-0.243386644064793,0,0,-0.000749803069476718,0,0,0,0,-0.0154629727752923,0,0,0,0,0,0,0,0,-0.0657830886548242,-0.0195268800993799,-0.202302040316443,-0.37155443149683,-0.213427054332143,0,-0.0210831995933588,0,0,0,0,0,-0.000580280588744518,0,0,0,0,0,0,0,0,0,0,0,0,0,0,-0.0127530912652657,0,-0.00177680032263099,-0.0577068731967716,-0.0125472005155369,-0.003366054278457,0,0,-0.0105353166998944,0,0,-0.00216954964730736,0,0,0,0,-0.019352772028067,-0.0421735373121392,0,-0.0386465533214916
"Klf4",-0.00623779468133683,0,0,0,0,-0.0223093631539653,0,0,0,0,0,0,0,0,0,0,0,0,-0.0553938674348027,0,0,-0.0592513083950603,-0.103380271137847,0,0,0,0,0,0,0,0,0,-0.0133486768272757,0,0,0,0,0,0,0,0,0,0,0,0,0,-0.0148093007880356,0,0,0,0,-0.0142277619253437,0,0,0,0,0,0,0,0,0,-0.000133882172376279,0,-0.0305236520095229,-0.067354258643534,0,-0.100424519003554,2.16747463434879,-0.599454731012365,-0.228727744846829,-0.459317424533164,-0.279053515152909,0,0,0,0,0,-0.00532101421179448,0,-0.0132551970570553,-0.0253568256249862,-0.00368737817726354,0,0,0,0,-0.0047864003769532,0,0,-0.00948090575219908,-0.00779923051408019,0,-0.00865123105521624,0,0,-0.0553006994432847,0,0,-0.00726584164491292,0,0,0,-8.79491200634986e-05,0,-0.019664136984895,0,0,0,0,0,-0.025921757137137,-0.00282199515727439,0,0,0,0,0,-0.0242617866762176,-0.00114597029605924,0,0,-0.0150685907731095,0,0,0,0,0,0,0,0,0,0,-0.00551805216530844,-0.0273628824805753,-0.00336916975633596,0,0,-0.00698244219635105,0,0,0,-0.00896345847102261,0,0,0,0,0,0,0,0,0,0,0,0,0,0,-0.0389007282651287,0,0
"Klf5",-0.00551322000011953,0,0,0,0,-0.0257593708356827,0,0,0,0,0,0,0,0,0,-0.0189259666567384,0,0,-0.123179679547508,0,0,-0.0775836955915394,-0.0998158664442997,0,0,0,0,0,0,0,0,0,-0.0119164480254483,0,0,0,0,0,0,0,0,0,0,0,0,0,-0.0039370007087502,0,0,0,0,0,0,0,0,0,0,0,0,0,0,-0.000149585468781852,0,-0.0413326844814277,0,0,-0.148351912376822,-0.59943180418503,2.16546147996894,-0.441293048507414,-0.182749720589695,0,0,0,0,0,0,0,0,0,-0.0376712865821006,-0.00816446440116428,0,0,0,0,-0.0250261462514221,0,0,-0.00669595034975551,-0.00732550082437846,0,0,0,-0.0153650045946335,-0.145604873101775,0,0,0,0,0,0,0,0,-0.0142797149229171,0,0,0,0,0,-0.0386943169725192,0,0,-0.0057372542434634,0,0,0,-0.00497158289588533,-0.0268013191282294,0,0,0,0,0,0,0,0,0,0,0,0,0,-0.00609820524238339,-0.00627000209586791,0,0,0,-0.00614743756180213,0,0,-0.158475066934985,0,0,0,0,0,0,0,0,0,0,0,0,0,0,0,0,0,0
"Klf6",-0.00561499187341294,0,0,0,0,-0.011913829322418,-0.0137771210973049,0,0,0,0,0,0,0,0,-0.0041657356961622,0,0,-0.137113732255006,0,0,-0.156337329993954,-0.112080532971379,0,0,0,0,0,0,0,0,0,-0.0219726589389894,0,0,0,0,0,0,0,0,0,0,0,0,0,0,0,0,0,0,0,-0.00601117795598635,0,0,0,0,0,0,0,0,0,0,-0.0999374832029328,0,0,-0.258087945977091,-0.228700770148316,-0.441276293049313,2.28427476573166,-0.0530123797220547,0,-0.000769839389014727,0,0,0,0,0,0,0,-0.0262637019274935,-0.0262479656642933,0,0,0,0,-0.0114803320293871,0,0,-0.0181145093651183,0,0,0,0,-0.0405924359727441,-0.0773185073597886,0,0,0,0,0,0,-0.0230355671548994,0,-0.00467035889104525,0,0,0,0,0,-0.00719348752864532,-0.0196306525703362,0,-0.0164314982944001,0,-0.0228803748615616,0,0,-0.00204180793247424,0,0,0,0,-0.00375823880164871,0,0,0,0,0,0,0,0,-0.000919798516752379,-0.000537650456132592,0,0,0,-0.00188108010863875,0,0,-0.419858854516291,-0.0201104460000105,-0.138874081042035,0,0,0,0,-0.00209894391018979,0,0,0,0,0,0,-0.0667834603210354,-0.0133881523251641,-0.0063618218221076,0,-0.0227131786855306
"Klf7",0,0,-0.00141847838503071,0,0,0,0,0,0,0,0,0,0,0,-0.0198125117345959,0,0,0,-0.244344450841663,0,-0.080030938857176,-0.0381042585452866,-0.0323502747742896,0,0,0,0,0,0,0,0,0,0,0,0,0,0,0,0,0,0,0,0,0,0,-0.00211754728204304,0,0,0,0,0,0,0,0,0,0,0,0,0,0,0,0,0,-0.0282437155713181,-0.179071651515964,-0.283023673500963,-0.168433553503523,-0.45931248917512,-0.182737812520652,-0.0529856396275175,2.22848324291588,-0.483418566402005,0,0,0,0,0,0,0,0,-0.0149485867870251,0,0,0,0,0,0,0,0,0,0,0,0,0,-0.0381655593373934,0,0,0,0,0,0,0,0,0,0,0,0,0,0,0,0,0,0,0,0,0,-0.0266816063421378,0,0,0,0,0,0,0,0,0,0,0,0,0,0,0,0,0,0,0,0,0,0,0,0,0,0,0,-0.00398181652251106,0,0,0,0,0,0,0,0,0,0,0,0,0,-0.00919019738711799
"Klf8",0,-0.0101805621985629,0,-0.00758499560778909,0,0,0,0,0,0,0,0,0,0,-0.0112676322255894,0,-0.023906748061347,0,-0.0444785658868997,0,-0.0895803809715559,0,0,-0.00344576166117647,-0.0109391251375907,0,0,0,0,0,0,0,0,0,0,0,0,0,0,0,0,-0.00873992302124732,0,0,0,0,-0.0335295523055413,0,0,0,0,-0.00860521396516132,0,0,0,0,0,0,0,0,0,0,0,-0.0507577506560437,-0.109581082962249,-0.544942631736914,-0.131218660794875,-0.279036495826186,0,0,-0.48342712198098,2.04268973524463,0,-0.0139263546464511,0,0,-0.00750307225783613,0,0,0,0,0,0,0,0,0,0,0,-0.00731149093696225,0,0,0,0,0,0,-0.0554453625906173,0,0,-0.00593930792145047,0,0,0,0,-0.00158705862861467,-0.00739013228551306,0,0,0,0,0,0,0,0,0,0,0,-0.105208591773374,-0.00519944845970991,0,0,0,0,0,0,0,0,-0.0053820062111887,-0.000559653111385598,0,0,0,0,0,0,0,0,0,0,0,-0.00844138954931213,0,0,0,-0.0078403238000867,-0.0112867154429612,0,0,0,0,0,0,0,0,0,0,0,-0.0395746058182795,0,-0.0345388743974031
"Mafk",0,0,0,0,0,0,0,0,-0.0727704889148953,-0.0167432732605941,-0.00459670119368634,0,0,0,0,0,-0.00550901695091834,0,0,0,0,0,0,0,-0.0077705265411499,0,0,0,0,0,0,-0.0116868470575158,0,-0.0555363122662771,-0.030125219903851,-0.0663831876187129,-0.0109312515379076,-0.0137369058251759,-0.000431217968360055,0,0,0,-0.0270279387546816,0,0,0,-0.00560147875193928,0,0,0,0,0,0,0,0,0,-0.00254107929430441,0,0,0,-0.00132320958652911,-0.0224698894627257,-0.00610058423008833,0,0,0,0,0,0,-0.000744584453404988,0,0,1.05224809657185,0,0,0,0,0,0,0,0,0,0,-0.273765887547608,0,0,0,0,0,0,0,0,0,0,0,0,0,0,0,0,-0.00596828267128101,0,0,0,-0.0021750557262213,-0.00905680409473699,-0.0244341874254952,-0.00676708289861305,0,0,-0.00170879336018814,0,0,-9.04033768409631e-05,0,0,0,-0.0020034659318401,0,-0.00592555957678327,0,0,0,0,0,-0.0161996665306447,-0.00297359498923205,-0.00265987963577565,0,0,0,0,-0.0116250734619154,0,0,0,0,0,0,0,-0.023075947632653,0,0,0,0,-0.00277933409924866,0,0,0,-0.000399104678895157,0,0,0,0,0,0,0,0,0
"Max",0,-0.299441459828579,-0.0956262765768254,0,0,0,0,0,0,0,0,0,0,0,0,0,0,0,0,0,0,0,0,0,0,0,0,0,-0.00717437113429462,0,0,0,0,0,0,0,0,0,0,0,0,0,0,0,0,0,0,0,0,0,0,0,0,0,0,0,0,0,0,0,0,0,0,0,0,-0.00155173560317426,-0.0215861064105516,0,0,0,0,-0.0139203720184436,0,1.38781975299828,0,0,0,0,0,-0.048819431485943,-0.174298802742113,-0.486531551805206,0,0,0,0,0,0,0,0,0,0,0,0,-0.0160300769537106,0,0,0,0,0,0,0,0,-0.00179656186677257,0,0,0,0,0,0,0,0,0,0,-0.00543234577628324,0,0,0,0,0,0,0,0,0,0,0,0,0,0,0,0,0,0,0,0,0,0,0,0,-0.0385854192347012,0,0,0,0,0,0,0,0,0,0,0,0,0,0,0,-8.37777313438131e-05,0,0,-0.00470120621621371
"Maz",0,0,0,0,0,0,0,0,0,0,-0.13234219808545,0,0,0,0,0,-0.019190090689132,0,0,0,0,0,0,0,0,0,0,0,0,-0.00742889612177789,0,0,0,0,0,0,0,0,0,0,0,0,0,0,0,0,0,0,0,0,0,0,-0.00658649851820847,0,0,0,0,0,0,0,0,0,0,0,0,0,0,0,0,0,0,0,0,0,1.82062468500877,0,0,0,0,0,0,0,0,0,0,0,0,0,0,0,0,0,0,0,0,-0.00383691342421814,0,0,0,0,0,-0.308534142879172,0,0,0,0,0,0,0,-0.0623673347190084,0,0,-0.360786297998967,0,0,-0.0607958353852484,-0.0755342321834518,0,-0.00870393794217732,0,0,0,0,0,-0.0224003807737187,0,-0.0182433372987983,0,0,0,0,0,0,0,0,0,0,0,0,0,0,0,-0.124322423540706,0,0,0,-0.0999261029245604,0,-0.245697435935405,0,0,-0.244058044369341,-0.113234270720779,0,0,0,0,-0.00837757279119659,0
"Mbd2",0,-0.00364059231290128,0,0,0,0,0,0,0,0,0,0,0,0,0,0,0,0,-0.0245679064773533,-0.00366412462832086,-0.00596382403667294,-0.0271220302104651,0,-0.00486605112433286,0,0,0,0,0,0,0,0,-0.00375398197266499,0,0,0,0,0,0,0,0,-0.00422179781779146,0,0,0,0,0,0,0,0,0,0,0,0,0,0,0,0,0,0,0,0,0,0,0,0,-0.0249620301515263,0,0,0,0,0,0,0,0,1.04863851837347,-0.0212579132558111,0,0,0,-0.000801022683281944,-0.00103891151943568,0,0,0,0,0,0,0,0,0,0,0,0,-0.0330485252922857,0,0,0,0,0,0,0,0,-0.0228197456850217,0,0,0,0,0,0,0,0,-0.0439165828577867,0,-0.120502181178035,-0.0353233664362892,0,0,0,0,0,0,0,0,-0.0148433897153191,0,0,0,0,0,0,0,0,0,0,0,0,0,0,0,-0.0165332443345996,0,-0.052336221981482,0,0,0,0,0,0,0,-0.0031333846531438,-0.00895777339143857,0,0,-0.0496541425049048,-0.0715693922588205,0,0,-0.0262748460181982
"Mecp2",0,-0.0104111229980162,0,0,0,0,0,0,0,0,0,0,0,0,0,0,0,0,0,-0.0201565444119993,-0.00206067831192276,-0.00966650895882129,-0.000440266039086174,0,0,0,0,0,-0.00166390562629784,0,0,0,-0.0247997474834919,0,0,0,0,0,0,0,0,-0.00299637769321454,0,0,0,0,0,0,0,0,0,0,-0.00949232007221888,0,0,0,0,0,0,0,0,0,0,0,0,-0.000692718560701039,-0.0389629229715842,0,0,0,0,-0.00750266860896453,0,0,0,-0.0212538650361719,0.981809845110286,0,0,0,0,0,0,0,0,0,0,-0.00185388786524069,-0.0065655840316404,0,0,0,0,0,0,0,0,0,0,0,0,0,0,-0.0376444977537254,0,0,0,0,0,0,0,0,-0.0308642385139584,0,-0.06336959580936,-0.0247303939769089,-0.0152171014795734,-0.00581199284225183,0,0,0,0,0,0,-0.0130549679604306,0,-0.00751054266206977,0,0,0,0,0,0,0,0,0,0,0,0,-0.00551886336104478,0,0,-0.000200476801732172,0,-0.0198468085002391,0,-0.00955376725193863,-7.6419196687792e-05,0,0,-0.00149564522424672,-0.000611499141375523,0,0,-0.0351484704304642,-0.0678272264512758,-0.0212676663329533,0,-0.0351103582651413
"Meis3",0,0,0,0,-0.00902734571249906,0,0,0,0,-0.0169281191004323,0,0,0,0,0,0,-0.0058164511918232,0,0,0,0,0,0,0,-0.0205226949419573,0,0,0,0,0,0,0,0,0,0,0,0,-0.0225927810791604,0,0,0,0,-0.00393286164762563,0,0,0,0,0,0,0,0,0,0,0,-0.00331483534446787,0,0,0,0,0,-0.00854398703370898,-0.0113775470712632,0,0,0,0,0,-0.00531933455609119,0,0,0,0,0,0,0,0,0,1.16166723002847,0,0,0,0,0,-0.00967698091301895,0,0,0,0,0,0,0,0,0,0,0,0,0,0,-0.268675965966705,-0.00784822113358927,-0.00571957343103316,0,0,0,0,-0.0184513490565151,-0.016265156708421,0,0,-0.0187138441143247,-0.090486129464915,0,0,0,0,0,0,-0.000808241229773324,-0.00173231569770755,0,-0.0051221985413258,-0.00220650572401257,-0.0216217556451164,-0.00285652548824951,0,-0.0447563449073843,-0.00414332594472139,-0.0221160389255437,0,0,0,0,-0.342417260122645,0,0,0,0,-0.0195515252152296,0,0,0,0,0,0,0,0,0,0,0,0,-0.00239471208093236,0,0,0,0,0,0,0,0
"Meox2",0,0,0,0,0,0,0,0,0,0,0,0,0,0,0,0,0,0,0,0,0,0,0,0,0,0,0,0,0,0,0,0,0,0,0,0,0,0,0,0,0,0,0,0,0,0,0,-0.11013676751545,0,0,0,0,0,0,0,0,0,0,0,0,0,0,0,0,0,0,0,0,0,0,0,0,0,0,0,0,0,0,0.891622333736908,0,0,0,0,0,0,0,0,0,0,0,0,0,0,0,0,0,0,-0.0317668912092112,0,0,0,0,0,0,0,0,0,0,0,0,0,0,0,0,0,0,0,0,0,0,0,0,0,0,0,0,0,0,0,0,0,0,0,0,0,0,0,0,0,0,0,0,0,0,0,0,0,0,0,0,0,0,0,0,0,0,0,0,0
"Mlx",0,-0.16442165443094,-0.387660829471493,0,0,0,0,0,0,0,0,-0.267693958031995,0,0,0,0,0,0,0,0,0,-0.000437760247630728,0,0,0,0,0,0,0,0,0,0,0,0,0,0,0,0,0,0,0,0,0,0,0,0,0,0,0,0,0,0,0,0,0,0,0,0,0,0,0,0,0,0,0,0,0,-0.0132399766143827,0,0,0,0,0,-0.0488193404141062,0,0,0,0,0,1.62550270037888,-0.0128563519976551,0,0,0,0,0,0,0,0,0,0,0,0,0,0,0,0,0,0,0,0,0,0,0,0,0,0,0,0,0,0,0,0,0,0,0,0,-0.0662522972008424,0,0,0,0,0,0,0,0,0,0,0,0,0,-0.195395758880423,0,0,0,0,0,0,-0.292525853478724,-0.0220499307241214,0,-0.0447619172204994,0,0,0,0,0,0,0,0,0,0,0,0,0,0,0,0,0
"Mxd1",0,-0.0923233970845902,-0.0859421269498229,0,0,0,0,0,0,0,0,0,0,0,0,-0.00410340787597464,0,0,0,0,0,-0.0302250972396862,-0.0166486887925614,0,0,0,0,0,0,0,0,0,-0.00979189564321772,0,0,0,0,0,0,0,0,0,0,0,0,0,0,0,0,0,0,0,0,0,0,0,0,0,0,0,0,0,0,0,0,0,0,-0.025354123967199,-0.0376669499383058,-0.0262589922628453,-0.0149529434073421,0,0,-0.174296956653958,0,-0.000798238242887629,0,0,0,-0.0128553480104541,1.16232848715585,-0.282399721507993,0,0,0,0,0,0,0,-0.00295437950774279,0,0,0,0,-0.0260260372858796,0,0,0,0,0,0,0,0,0,0,0,0,0,0,0,-0.0603003047636378,0,0,0,0,0,0,0,0,0,0,0,0,0,0,0,0,0,0,0,0,0,0,-0.00186716037496011,0,0,0,0,0,0,0,0,0,0,0,0,0,0,0,0,-0.000896041733620551,0,0,0,-0.0108081184751828,-0.0184570605485319,-0.0183699886347445,0,0
"Myc",0,-0.0503904789332485,0,0,0,0,0,0,0,0,0,0,0,0,0,0,0,0,-0.00389053117011199,-0.00986610592165619,0,-0.0116351212832487,-0.00868085326837633,0,0,0,0,0,0,0,0,0,0,0,0,0,0,0,0,0,0,0,0,0,0,0,-0.00403438041443324,0,0,0,0,0,0,0,0,0,0,0,0,0,0,0,0,0,0,0,-0.000789731829488978,-0.0036813390093897,-0.00815739259319286,-0.0262339689766835,0,0,0,-0.486527316936123,0,-0.00103390294084104,0,0,0,0,-0.28239643913004,1.28328305259174,0,0,0,0,0,0,-0.0128499000283354,-0.000738097347205203,0,0,0,0,-0.0114091474920155,0,0,0,0,0,0,0,0,0,0,0,0,0,0,0,-0.00366509035859448,0,0,0,0,0,0,0,0,0,0,0,0,0,0,0,0,0,0,0,0,0,0,0,0,0,0,0,0,0,-0.0267758701414534,0,-0.0253240218087321,0,-0.012138716671701,0,0,0,0,0,0,0,0,0,-0.00955600785398747,-0.0126668164125175,-0.0192779529582364,0,0
"Nfatc1",0,0,0,0,0,0,0,0,-0.0213609248024343,-0.00846601101887602,-0.0181173284792579,0,0,0,0,0,0,0,0,0,0,0,0,0,0,0,0,0,0,0,0,-0.0174591146211227,0,-0.0075502319795422,-0.000497257930409126,-0.00190426152401164,0,-0.0113428324836494,-0.0100783402504408,0,0,0,-0.0133933523948605,0,0,0,0,0,0,0,0,0,0,0,0,-0.00252741954371966,-0.0139708355638183,0,-0.0134560345606903,0,0,-0.00765941939752713,-0.0179464884283466,0,0,0,0,0,0,0,0,0,0,0,0,0,0,0,0,0,0,0,0.891759800683975,0,0,0,0,0,0,0,0,0,0,0,0,0,0,0,0,0,0,0,0,0,0,-0.0173984174339481,-0.0333642265291416,0,0,0,0,0,0,0,0,0,0,0,0,-0.00283421273752098,0,0,-0.000126211657248257,0,0,-0.0229125124514846,0,0,0,0,0,0,0,0,0,0,0,0,0,0,0,0,0,0,0,0,0,0,0,0,0,0,0,-0.00648231919442733,0,0,0,0,0
"Nfe2l2",0,0,0,0,0,0,0,0,-0.0926319433616073,-0.00522132253338002,0,0,0,0,0,0,0,0,0,0,0,0,0,0,-0.00994273931517453,0,0,0,0,-0.00236840272232661,0,-0.0198099421483255,0,-0.042528289272966,-0.0225803357828281,-0.0634018773639413,0,-0.0293508365438401,-0.00495622502590906,0,0,0,-0.00439120836002851,0,0,0,-0.00382262974525192,0,0,0,0,0,0,-0.0017160575395548,0,0,-0.00537690734321074,0,-0.0172843185292688,0,-0.0436239170778803,0,-0.0211137057117417,0,0,0,0,0,0,0,0,0,-0.27376446568047,0,0,0,0,-0.00967271773845276,0,0,0,0,0,1.05694558366097,0,0,0,0,0,0,-0.00228273923320458,0,0,0,0,0,0,0,0,-0.00119596213898254,-0.00179415011319215,0,0,0,-0.0102998091506611,-0.00612647964862668,-0.0108373680235544,0,0,0,-0.00278891751287748,0,0,0,0,0,0,-0.00395032633663656,0,0,0,0,0,0,0,-0.0152806360884964,0,-0.000773061246922158,0,0,0,0,0,0,0,0,0,0,0,0,0,0,0,0,0,-0.0064517278754045,0,0,0,0,0,0,0,0,0,0,0,0,0
"Nfil3",0,0,0,0,0,0,-0.22796797710073,0,0,0,0,0,0,0,0,0,0,-0.0272998337155871,0,0,0,0,0,0,0,0,0,0,0,0,0,0,0,0,0,-0.00068477731107782,0,0,0,0,0,0,0,0,0,0,0,0,0,0,0,0,0,0,0,0,-0.0147392795395292,0,0,0,-0.000182878382936976,0,0,0,0,0,0,0,0,0,0,0,0,0,0,0,0,0,0,0,0,0,0,0,1.07776472231316,0,0,0,0,0,0,0,0,0,0,0,0,0,0,0,0,0,0,0,0,0,-0.00958641322784567,0,0,0,0,0,0,0,0,0,0,0,0,0,0,0,0,0,0,0,0,0,0,-0.373810365274829,0,0,0,0,0,0,0,0,0,0,0,0,0,0,0,0,0,0,0,0,0,0,0,0,0,0,0,0,0
"Nfkb1",0,0,0,0,0,0,0,0,0,-0.0047213331520454,0,0,0,0,0,0,0,0,0,0,0,0,0,0,0,0,0,0,0,0,0,-0.00156181392009245,0,0,0,0,-0.00550647463460321,0,0,0,0,0,0,0,0,0,-0.00207109796893302,0,0,0,0,0,-0.00847625643547883,0,0,0,0,-0.00648354954074655,0,0,0,0,0,0,0,0,-0.00376711229854999,0,0,0,0,0,0,0,0,0,0,0,0,0,0,0,0,0,0,1.33285485255868,-0.692325892101791,0,0,0,0,0,0,0,0,-0.00468544263674665,0,0,-0.00422928825700794,0,-0.108893852556804,-0.0414375442517508,-0.0863401286524582,0,0,0,0,0,0,0,0,0,0,0,0,0,0,0,-0.00453937385053392,0,0,0,0,0,0,0,-0.0113183060345622,0,0,0,0,0,0,0,0,0,0,0,0,0,0,0,-0.0112392590383007,0,0,0,0,0,-0.00310023198087778,0,0,0,0,0,0,0,0,0,0
"Nfkb2",0,0,0,0,0,0,0,0,0,0,0,0,0,0,0,0,0,0,0,0,0,-0.0160974141205192,-0.0192730384152133,0,0,0,0,0,0,0,0,-0.0120818115514546,0,0,0,0,-0.00100843030781149,-0.0344315590846649,-0.00881713504756586,0,0,0,-0.00991642586745309,0,0,0,-0.00186883607822625,0,0,0,0,0,-0.0117954053581796,0,-0.00293912550896157,0,0,-0.00877489751873355,0,0,-0.00708914388197769,-0.00982111290159054,0,0,0,0,0,-0.00478649484144147,-0.0250264179919264,-0.0114781744146479,0,0,0,0,0,0,0,0,0,0,0,0,0,0,0,-0.69232450134885,1.44289038955152,0,0,0,0,0,0,0,0,-0.00307158987696848,0,0,-0.0168053825823134,0,-0.127609020946041,-0.039064374160835,-0.297856252114064,-0.00790630875323852,0,0,0,0,0,0,0,0,0,0,0,0,0,0,-0.0025534119663004,-0.00212510870171716,0,0,0,0,0,-0.00629123728009611,-0.0064161881754922,0,0,0,0,0,0,0,0,0,0,-0.00449487095867165,0,0,-0.00370041363593981,0,0,0,0,0,0,0,0,0,0,0,0,0,0,0,0,0,0
"Nfya",0,0,0,0,0,0,0,0,0,0,0,0,0,0,0,0,0,0,0,0,-0.0164674771953702,0,0,0,0,0,0,0,0,0,0,0,0,0,0,0,0,0,0,0,0,0,0,-0.00626419083653982,0,0,0,0,0,0,0,0,0,0,0,0,0,0,0,0,0,0,0,0,0,0,0,0,0,0,0,0,0,0,0,0,-0.00185219451237215,0,0,0,0,0,0,0,0,0,0,1.7795056010213,-0.63963187595652,-0.69944803511413,0,0,0,0,0,0,0,0,-0.0210705983902857,0,0,0,0,-0.00254515914890787,0,0,0,0,0,0,0,0,0,0,-0.0189126941302505,-0.004133682110577,-0.0611852136182032,0,0,0,0,0,0,0,-0.0153864801962785,0,0,0,0,0,0,0,0,0,0,0,0,0,0,0,0,0,0,0,0,0,0,0,-0.00467363679500892,0,0,0,0,0,0,0,0,0,0
"Nfyb",0,0,0,0,0,0,0,0,0,0,0,0,0,0,-0.00897573816312871,0,0,0,-0.0157096028073936,-0.0214296321971004,-0.0119715473582031,-0.00820984308702247,0,0,0,0,0,0,0,0,0,0,-0.00869004220914115,0,0,0,0,0,0,0,0,0,0,-0.000325880362584973,0,0,0,0,0,0,0,0,0,0,0,0,0,0,0,0,0,0,0,0,0,0,-0.0173687563751432,0,0,0,0,-0.00730594313545659,0,0,0,0,-0.00656839789430714,0,0,0,0,-0.0128505215245241,0,0,0,0,0,-0.639630265884719,1.9602548254874,-0.905313715971067,0,0,0,0,-0.0128286758603608,0,0,0,-0.0344953358960746,0,0,0,0,0,0,0,0,0,0,0,0,0,0,0,-0.0154890091061911,-0.00266279167208751,0,0,0,0,0,0,0,0,-0.0249837701276247,0,0,0,0,0,0,0,0,0,0,0,0,0,0,0,0,-0.00319835043292505,-0.0136386269828655,0,0,0,0,0,0,0,0,0,0,0,-0.00336514136473235,-0.0106365393512155,0,0,-0.00361323308602986
"Nfyc",0,0,0,0,0,0,0,0,0,0,0,0,0,0,-0.00577378334213972,0,0,0,-0.0100667919415321,0,0,-0.0310150225166978,-0.0137304084553567,0,0,0,0,0,0,0,0,0,-0.00827386733468733,0,0,0,0,0,0,0,0,0,0,-0.0139406677042142,0,0,0,0,0,0,0,0,0,0,0,0,0,0,0,0,0,0,0,0,-0.00227209759171939,0,0,-0.00949172593230888,-0.00670683510341291,-0.0181163726294119,0,0,0,0,0,0,0,0,0,0,-0.00294942293633724,-0.00073485174217995,0,0,0,0,0,-0.699451096207504,-0.905315050703656,2.0048543139788,0,0,0,0,-0.0271302729026685,0,-0.00373626922639066,0,-0.0578628588435803,0,0,0,0,0,0,0,0,0,0,0,0,0,0,0,0,0,0,0,0,0,0,0,0,0,0,0,0,0,0,0,0,0,0,0,0,0,0,0,0,0,-0.0213215743398478,-0.00226022723362388,0,0,0,0,0,0,0,0,0,0,0,0,0,0,0,0,0
"Nr1i3",0,0,0,0,0,-0.0187374137379816,0,0,0,-0.0139279920871622,0,0,0,0,0,0,0,0,0,0,0,0,-0.0120465668291913,0,0,0,0,0,0,-0.00770473962659026,0,0,0,0,0,-0.010817873576248,0,-0.00231733400303681,0,0,0,0,0,0,0,0,0,0,0,0,0,0,0,0,0,0,-0.0043886915865964,0,0,0,0,-0.0101040186431931,0,0,0,0,0,-0.00779752345151214,-0.00732569982352793,0,0,0,0,0,0,0,0,0,0,0,0,0,0,-0.00228322220962476,0,0,0,0,0,0,0.88035338085363,0,0,0,0,0,0,0,0,0,0,0,0,0,-0.0204263587967033,0,0,0,0,0,0,0,0,0,0,0,0,0,0,0,0,0,0,0,0,-0.00323485926779832,0,0,0,0,0,0,0,0,0,0,0,0,0,0,0,0,0,0,0,0,0,0,0,0,0,0,0,0,0,0,0,0,0
"Nr4a1",0,0,0,0,0,0,0,0,0,0,-0.00907650143880208,0,0,0,0,0,0,0,0,0,0,0,0,0,0,0,0,0,0,0,0,0,0,0,0,-0.00136462778182613,-0.000374430055007886,-0.0010293041607763,-0.00611680113022292,0,0,0,0,0,0,0,0,0,0,0,0,0,0,0,0,-0.0125151882793037,-0.0221179802798208,0,0,0,-0.00440007769794532,0,0,0,0,0,0,0,0,0,0,0,0,0,0,0,0,0,0,0,0,0,0,0,0,0,0,0,0,0,0,0.952716354291932,-0.0794295937543956,-0.206956127927581,0,0,0,0,0,0,0,0,0,0,0,-0.000838909556252962,-0.0146398966543444,0,0,0,0,0,0,0,0,0,0,0,0,-0.00917560656554542,0,0,0,0,0,-0.00865898218038334,0,0,0,0,0,0,0,0,0,0,0,0,0,0,-0.00207850414493578,0,0,0,0,0,0,0,0,0,0,0,0,0,0,0,0,0,0
"Nr4a2",0,0,0,0,0,-0.00614066641509009,-0.000340985676204405,0,0,0,-0.00256904092867164,0,0,0,0,0,0,0,0,0,0,0,0,0,0,0,0,0,0,0,0,0,0,0,0,0,-0.00321831086124316,-0.0191766622499829,0,0,0,0,-0.0269837818134248,0,0,0,0,0,0,0,0,0,0,0,0,0,0,0,-0.00456268557053566,0,-0.0324687783410191,-0.0117746074642977,0,0,0,0,0,-0.00863701535913073,0,0,0,0,0,0,0,0,0,0,0,0,0,0,0,0,0,0,0,0,0,0,0,-0.0794300967092635,1.35601948152035,-0.77141839781413,0,0,0,0,0,0,0,0,0,0,0,-0.0107177867777168,-0.00825472515969001,-0.00465328684369407,0,0,0,0,0,0,0,0,0,0,0,-0.003431817971754,0,0,0,0,0,-0.0205551148733564,0,0,-0.00452642451893266,0,0,0,0,0,0,0,0,0,0,0,0,0,0,0,0,0,0,0,0,0,0,0,0,0,0,0,0,0,0
"Nr4a3",0,0,0,0,0,0,0,0,0,0,0,0,0,0,0,0,0,0,0,0,0,0,0,0,0,0,0,0,0,0,0,0,0,0,0,0,0,0,0,0,0,0,0,0,0,0,0,0,0,0,0,0,0,0,0,0,0,0,0,0,0,0,0,0,0,0,0,0,0,0,0,0,0,0,0,0,0,0,0,0,0,0,0,0,0,0,0,0,0,0,0,-0.206956390667839,-0.7714188662716,1.38615546089631,0,0,0,0,0,0,0,0,0,0,0,0,0,0,0,0,0,0,0,0,0,0,0,0,0,0,0,0,0,0,0,0,0,0,0,0,0,0,0,0,0,0,0,0,0,0,0,0,0,0,0,0,0,0,0,0,0,0,0,0,0,0,0,0,0
"Nrf1",0,-0.00492971128881253,0,0,0,0,0,0,0,0,0,0,0,0,-0.00841925432123762,0,0,0,-0.0487300494849095,-0.0136023387576229,-0.00707945281532583,-0.069698173514201,-0.0296633128598376,-0.00585189785856849,0,0,0,0,0,0,0,0,-0.027501033842562,0,0,0,0,0,0,0,0,0,0,0,0,0,0,0,0,0,0,0,0,0,0,0,0,0,0,0,0,0,0,-0.000636179150432012,0,0,-0.0210993404494676,0,-0.0153648977881809,-0.0405885767193608,-0.0381639587928359,0,0,-0.0160308887532764,0,-0.0330443334973929,0,0,0,0,-0.0260251237948084,-0.0114125051648096,0,0,0,0,0,0,-0.0128275617638128,-0.027127511070041,0,0,0,0,1.083593977987,0,0,0,0,0,0,0,0,-0.030624279342191,0,0,0,0,0,0,0,0,0,-0.00157457592040118,-0.0493022889539501,-0.0040386350292401,0,0,0,0,0,0,0,0,-0.01617476417287,0,0,0,0,0,-0.00525620971623408,0,0,-0.00849308664956239,0,0,0,0,0,0,-0.0207036332175868,-0.00804674366768189,-0.0161405603861719,0,-0.0366497918476242,0,0,-0.00188614241552261,0,0,0,0,0,0,-0.0767616695084592,-0.0359687708858741,0,0,-0.0588520966953763
"Patz1",0,0,0,-0.00849762203506004,0,0,0,0,0,0,0,0,0,0,-0.00850734190115326,0,-0.00574326689280752,0,-0.114899328625608,0,-0.0811038168729437,0,0,0,0,0,0,0,-0.00116129602280834,0,0,0,0,0,0,0,0,0,0,0,0,0,0,0,-0.0073102315345957,0,0,0,0,0,0,-0.009996739287293,0,0,0,0,0,0,0,0,0,0,0,-0.0197811668342474,0,-0.118582736603551,-0.243442689343295,-0.0553461628282847,-0.145633512658032,-0.0773355664031013,0,-0.0554601054839132,0,0,-0.00378773747466359,0,0,0,0,0,0,0,0,0,0,-0.00467317437602178,-0.00306125148269955,0,0,0,0,0,0,0,0,1.79846797660125,0,0,-0.00131229302294025,0,0,0,-0.00737853407321552,0,0,0,0,0,0,-0.000174670332711713,0,0,-0.0439291349361089,-0.0048696252601042,-0.0384655399636681,-0.172990299183518,-0.0418244164638895,0,-0.053924376544574,0,0,0,0,0,-0.00356999252567532,0,-0.0152392506886732,0,0,0,0,0,0,0,0,0,0,0,0,0,0,0,-0.154947946935563,0,-0.00556246699733547,0,0,0,-0.170824968377164,0,0,-0.0501806580753628,-0.011146600526938,0,0,-0.0015807251316651,-0.036039482058061,0,-0.027028429237605
"Pbx4",0,0,0,0,0,0,0,0,0,-0.0169737687073246,0,0,0,0,0,0,0,0,0,0,0,0,-0.00375867289938974,0,0,0,0,0,0,0,0,-0.00290252687772303,0,0,0,0,0,0,0,0,0,0,-0.0203034065979079,0,0,0,-0.00445657382143134,0,0,0,0,0,0,0,0,0,0,0,0,0,0,0,0,0,0,0,0,0,0,0,0,0,0,0,0,0,0,0,0,0,0,0,0,0,0,0,0,0,0,-0.00373716327385014,0,0,0,0,0,0,1.01112754219432,0,-0.363414409883056,0,0,0,0,0,0,0,0,0,0,0,0,0,0,0,0,0,0,0,0,0,0,0,0,0,0,0,0,0,0,0,0,0,0,0,0,0,0,0,0,0,0,0,0,0,0,0,0,0,0,0,0,0,0,0,0,0,0,0,0
"Phox2b",0,0,0,0,0,0,0,0,0,0,0,0,0,0,0,0,0,0,0,0,0,0,0,0,0,0,0,0,0,0,0,0,0,0,0,0,0,0,0,0,0,0,0,0,0,0,0,-0.0529409261120076,0,0,0,0,0,0,0,0,0,0,0,0,0,0,0,0,0,0,0,0,0,0,0,0,0,0,0,0,0,0,-0.0317668912092112,0,0,0,0,0,0,0,0,0,0,0,0,0,0,0,0,0,0,0.881185043207576,0,0,0,0,0,0,0,0,0,0,0,0,0,0,0,0,0,0,0,0,0,0,0,0,0,0,0,0,0,0,0,0,0,0,0,0,0,0,0,0,0,0,0,0,0,0,0,0,0,0,0,0,0,0,0,0,0,0,0,0,0
"Pknox1",0,-0.00737036597051103,0,0,-0.0141309096715053,0,0,-0.000259532231016713,0,-0.00832313882660008,-0.0140569144117774,0,0,0,0,0,0,0,0,0,0,-0.0160659760889151,-0.00603785542731532,-0.0285721721388395,0,0,0,0,0,-0.0160542255723288,0,0,-0.0127131920458905,0,0,0,-0.0131464735882059,-0.0024820924488389,-0.00914726562331867,0,0,0,0,0,0,0,-0.0109728155704458,0,0,0,0,0,0,0,-0.0064495598565587,0,0,0,0,0,0,0,0,0,0,0,-0.000746847552638519,-0.00727275070840332,0,0,0,-0.00594532282897251,0,0,0,0,0,-0.268675485099072,0,0,0,0,0,0,0,-0.0042268796688836,-0.0168090725973885,-0.0210768168341924,-0.034500032801842,-0.0578629526266442,0,0,0,0,0,-0.00131869431792393,-0.363414348233555,0,1.24570694476669,-0.00233499348789772,-0.00707591576159202,0,0,0,-0.00930509558541413,0,0,0,0,-0.0155770303571233,-0.0497997781617927,-0.0120857894237443,0,0,0,-0.00105321208022892,0,-0.0157493866234767,-0.0017954587384107,0,0,-0.00790863262061309,0,0,0,-0.0126388049947409,-0.00755708789592928,-0.0183107261917419,0,0,0,0,-0.207541095368259,0,0,0,0,-0.0202875406271654,0,0,0,0,-0.0120932620317973,0,0,0,0,-0.00442665774976627,-0.0116723199383302,0,-0.0187987490879433,-0.0172839696472467,0,0,0,-0.000961427243393626,0,0,-0.0108689781194694
"Prdm1",0,0,0,0,0,0,0,0,0,-0.00354813028376222,-0.0202676720715653,0,0,0,0,0,-0.00373537128221834,0,0,0,0,0,0,0,-0.00335463442731565,0,0,0,0,-0.0012458006985813,0,0,0,0,0,0,0,0,0,0,0,0,0,0,0,0,0,0,0,0,0,0,-0.00616660660605482,-0.0709854018894877,-0.173519006141548,-0.107771976445912,-0.0165505630298981,-0.218721586865331,-0.129161886234994,0,0,0,-0.000370079507506549,0,0,0,0,0,0,0,0,0,0,0,0,0,0,-0.00784744904129038,0,0,0,0,0,-0.00119614707290166,0,0,0,0,0,0,0,0,0,0,0,0,0,0,-0.00231590861534192,1.15527288123508,-0.00246144971718052,-0.0403508725185935,-0.00172756014390599,0,0,0,0,0,0,-0.00309718723454207,0,0,0,-0.000180199436731289,0,0,0,0,0,0,-0.0146862217019747,0,0,0,0,0,0,0,-0.0078963677794338,0,0,0,0,0,0,0,0,0,0,0,0,0,0,0,0,-0.0252879646937361,-0.00361488682825203,0,0,0,-0.00744321967186446,0,-0.0175888503246418,0,0,0,0,0,0
"Rel",0,0,0,0,0,0,0,0,0,-0.00703677828324565,-0.00329132331281369,0,0,0,0,0,0,0,0,0,0,0,0,0,0,0,0,0,0,0,0,-0.0141911202889904,0,0,0,0,0,-5.47915581096941e-05,0,0,0,0,-0.0284055105127668,0,0,0,0,0,0,0,0,0,-0.0106603126148119,0,0,-0.0122457590390091,-0.0264118574067473,0,0,0,-0.00769950251218941,-0.00138079736809518,0,0,0,0,0,0,0,0,0,0,-0.00596833362585507,0,0,0,0,-0.00571803921811245,0,0,0,0,0,-0.00179443494821728,0,-0.108892199413853,-0.12760870026122,0,0,0,0,0,0,0,0,0,0,0,-0.00707328815394648,-0.00245928950142514,0.959608429439806,-0.0340078070926924,-0.0737211198318499,0,0,-0.00687753911752632,-0.013188713514307,-0.00980158572098366,0,0,0,0,0,0,0,0,0,0,0,-0.00108939526576433,-0.000687773387061837,0,-0.00323499032754507,-0.010788973084194,0,-0.00314787905358741,0,0,-0.00249515414921837,0,0,0,0,0,0,0,0,-0.00644191757992065,0,0,0,0,0,0,0,0,0,0,0,0,0,0,0,0,0,0,0,0,0
"Rela",0,0,0,0,0,0,0,0,0,-0.0109265714126715,-0.420903251436723,0,0,0,0,0,0,0,0,0,0,0,0,0,0,0,0,0,0,0,0,0,0,0,0,0,0,-0.00507001989922187,0,0,0,0,-0.0130410050785032,0,0,0,-0.000284903139293833,0,0,0,0,-0.0136014600063099,-0.0292395546562874,0,0,-0.0942705656943226,0,0,0,0,0,0,0,0,0,0,0,0,0,0,0,0,0,0,-0.308522212969644,0,0,0,0,0,0,0,0,0,0,-0.0414415354100084,-0.0390726941814491,0,0,0,0,0,0,0,0,0,0,0,0,-0.0403711360979166,-0.0340092542753591,1.58590334231823,-0.0238792278130699,0,0,0,0,0,0,-0.0269262916289149,0,0,0,0,0,0,0,0,-0.0334784929566941,0,0,0,0,0,-0.00960106799603208,-0.0185128598882002,-0.00581933927471995,0,-0.00492511260660839,0,0,0,0,0,0,0,0,-0.00392099884378732,0,0,-0.161362282351444,0,-0.00333060106143557,0,0,-0.0880611562465431,-0.0982083662627874,0,-0.0900985854610401,0,-0.00304716503288718,-0.0950744289636922,-0.106560399542878,0,0,0,0,-0.00809672610796249,0
"Relb",0,0,0,0,0,0,0,0,0,-0.00384417000813854,0,0,0,0,0,0,0,0,0,0,0,-0.00478094172889887,-0.00278929209664148,0,0,0,0,0,0,0,0,0,-0.00114366941511516,0,0,0,0,-0.00316466697334944,0,0,0,0,0,0,0,0,0,0,0,0,0,0,0,0,0,0,0,0,0,0,-0.00237892758903779,-0.0010469762037901,0,0,0,0,0,-9.22057687416553e-05,0,-0.0230343695950216,0,0,0,0,0,0,0,0,0,0,0,0,0,0,0,-0.0863415496944889,-0.297857114773246,0,0,0,0,0,0,0,0,-0.00737967492867375,0,0,0,-0.00172818581384123,-0.0737212913703427,-0.0238812104064956,1.02965143389092,0,0,0,-0.00227224512418991,0,0,0,-0.00947644172134468,0,0,0,0,0,0,0,0,-0.00569889700901139,0,0,0,0,0,0,0,0,0,0,0,0,0,0,0,0,0,0,0,0,-0.00322319508516508,0,0,0,0,0,0,0,0,0,0,0,0,0,0,0,0,0,0
"Rfx1",0,-0.00387163144155992,0,0,-0.0100366898387943,0,0,0,0,0,0,0,0,0,-0.00635285100995328,0,-0.00957652057632942,0,0,-0.0267209665244343,-0.0154719646917181,0,0,-0.00708004524324188,-0.00349426462566136,0,0,0,-0.0148297751048428,-0.0103086739348181,0,0,-0.0166691438060523,0,0,0,0,0,0,0,0,-0.0100261076445681,0,0,0,0,-0.0246289759459498,0,0,0,0,0,-0.0051720698808518,0,0,0,0,0,0,0,0,0,0,0,0,-0.00247619504988957,-0.0154617060638362,0,0,0,0,-0.00159065658475028,0,-0.00180034193699303,0,-0.0228167447015164,-0.0376449101049553,0,0,0,0,0,0,0,0,0,-0.0079039204781592,-0.00254876935277609,0,0,0,0,0,0,-0.0306260026786168,0,0,0,0,0,0,0,0,0.990801641395278,0,0,0,0,0,-0.00860970053906906,0,0,-0.0258876374624576,-2.82160590471744e-05,-0.0404200178586679,-0.00409511637381202,-0.0286590983671176,-0.00346111919043989,-0.0013554729402545,0,0,0,0,0,-0.0120443684529538,0,-0.0201256397508067,-0.00307483055150193,0,0,-0.000445766468028253,0,0,0,0,0,0,0,0,-0.00736787156492651,0,0,-0.00174747427317532,0,0,0,0,0,-0.00645728285649463,0,-0.00752012034459829,-0.0286809233118457,0,0,-0.0381936465786888,-0.0606630402195702,-0.00133413676808013,0,-0.044587760785836
"Rora",0,0,0,0,-0.0107780201846094,0,0,0,0,-0.0196065037564845,-0.0165232841540594,0,0,0,0,0,0,0,0,0,0,0,-0.0150910757930044,0,-0.00438783525872264,0,0,0,0,-0.00687219207713604,0,-0.0126129349807068,0,0,0,0,-0.00247897877631126,-0.0292131828923097,0,0,0,0,-0.0141664353238473,0,0,0,-0.00551675511914188,0,0,0,0,0,0,-0.00122800804711027,0,-0.00516214761091734,-0.0122573197287913,0,0,0,-0.00716573451872739,-0.00351616561300188,0,0,0,0,0,-0.019661916006927,-0.0142791457294298,-0.00467584690529369,0,-0.00738994256894148,-0.00217662108744823,0,0,0,0,0,0,0,0,0,0,-0.0103009400652659,0,0,0,0,0,0,-0.0204263806170874,0,0,0,0,0,0,0,-0.00930457535921161,0,0,0,0,0,0.8970758961937,0,-0.0152193490236691,0,0,0,-0.000310861907596108,0,0,-0.00230991577102106,0,0,0,-0.0126788491809265,0,0,0,0,-0.00455662568647222,0,0,-0.0224859002104773,-0.00498301355436849,0,-0.00686434764484067,0,0,-0.0109569683386052,-0.000215164305279016,-0.00677745249219599,0,0,0,-0.0105575642183309,0,0,0,0,0,0,0,0,0,0,0,0,0,0,0,0,0,0,0,0,0
"Runx1",0,0,0,0,0,0,0,0,-0.0221908411432654,-0.0202006668635372,0,0,-0.338944008649498,-0.0165695399126595,0,0,0,-0.0056590134225816,0,0,0,0,0,0,0,0,0,0,0,0,0,-0.0138932552010273,0,0,-0.00151727753584176,0,-0.0173794115514645,-0.027305119244094,0,0,0,0,-0.0313929285060262,0,0,0,0,0,0,0,0,0,0,0,-0.0138383596590402,0,-0.0204065570052296,-0.000305076783754408,0,0,0,-0.00195340493356034,-0.0221872840913518,0,0,0,0,0,0,0,0,0,-0.00904779758320633,0,0,0,0,-0.0184276866874652,0,0,0,0,-0.0173965333324379,-0.00612351682836601,0,0,0,0,0,0,0,-0.000840771554991896,-0.0107146915861413,0,0,0,0,0,0,0,-0.00686786611207121,0,0,0,0,1.90953981520638,-0.719377849505488,-0.559765469968336,0,0,0,0,0,0,0,0,0,0,0,-0.00825445678733647,0,0,0,-0.00699928563239431,0,-0.0301541288692852,0,-0.00761590699269926,-0.0158645637095959,0,0,0,0,0,0,0,0,0,0,0,0,0,0,0,0,-0.00490657554635855,0,0,0,-0.0177533208497076,0,0,0,0,0,0,0,0,0
"Runx2",0,0,0,0,0,0,0,0,-0.016163427270441,-0.00966972388220484,-0.00920186049721228,0,-0.274450704161312,-0.011486799780151,0,0,-0.0110701014575281,-0.0170777342647267,0,0,0,0,0,0,0,0,0,0,0,-0.00652230427246192,0,-0.0261977675244541,0,-0.00429639902586124,-0.00438414498852153,0,-0.000551227684668329,-0.0441766099720158,-0.00739211910026526,0,0,0,-0.0446886299594351,0,0,0,0,0,0,0,-0.00198714296023258,0,0,0,0,0,-0.0219215385954403,0,-0.00822093802589047,0,0,-0.0130009482947257,0,0,0,0,0,0,0,0,0,0,-0.024430995406001,0,0,0,0,-0.0162592103007493,0,0,0,0,-0.0333650109155013,-0.0108377626780647,-0.00958502372861768,0,0,0,0,0,0,-0.0146421271872214,-0.00825302444636603,0,0,0,0,0,0,0,-0.0131844914762827,0,-0.00225509308563448,0,-0.0152080476078749,-0.719373945957375,1.77194291323982,-0.398016639966111,0,0,-0.0167143119913605,0,0,0,0,0,0,-0.00380276880380255,-0.00405793827720316,-0.0120852692720678,0,0,-0.00579152673944897,-0.0110161048014645,0,-0.0361154193206795,0,-0.0123317440963444,-0.0106413724005185,0,0,0,0,0,0,0,0,-0.0231207620830015,0,0,0,0,0,-0.0175277525544384,0,-0.000452800883825243,0,0,0,-0.00152049848253014,0,0,0,0,0,0,0,0,0
"Runx3",0,0,0,0,0,0,0,0,-0.00267859609468714,-0.0126940786830022,0,0,-0.231335673210841,0,0,0,-0.00227614589646024,-0.00309704549238329,0,0,0,0,0,0,0,0,0,0,0,-0.0133904918321742,0,-0.0273076990216653,0,0,0,0,-0.0105007034082246,-0.00868552297455719,0,0,0,0,-0.0102553060855496,0,0,0,-0.00865950659989065,0,0,0,0,0,0,0,-0.00715399461158827,0,-0.0126383520682694,-0.0153974676294541,0,0,-0.00152323953766894,-0.0120461398037426,-0.0081155732445528,0,0,0,0,0,0,0,0,0,-0.00676825220318888,0,0,0,0,0,0,0,0,0,0,0,0,0,0,0,0,0,0,0,-0.00465435570507443,0,0,0,0,0,0,0,-0.00980056834603264,0,0,0,0,-0.55976880663174,-0.398018425065193,1.57811244464389,0,-0.00977527977955696,0,0,0,0,0,0,0,0,0,0,0,0,0,0,0,-0.00214637285776684,-0.0011563087256174,-0.0103240310558976,-0.00684956252944884,0,0,0,0,0,0,0,0,0,0,0,0,0,0,0,0,0,0,0,0,-0.00639466160178716,0,0,0,0,0,0,0,0,0
"Setbp1",0,0,0,0,0,0,0,0,0,0,0,0,0,0,0,0,0,0,0,0,0,0,0,0,0,0,0,0,0,0,0,0,0,0,0,0,0,0,0,0,0,0,0,0,0,0,0,0,0,0,0,0,0,0,0,0,0,0,0,0,0,0,0,0,0,0,0,0,0,0,0,0,0,0,0,0,0,0,0,0,0,0,0,0,0,0,0,0,0,0,0,0,0,0,0,0,0,0,0,0,0,0,0,0,0,0,0,0,0.876378904051644,0,0,0,0,0,0,0,0,0,0,0,0,0,0,0,0,0,0,0,0,0,0,0,0,0,0,0,0,0,0,0,0,0,0,0,0,0,0,0,0,0,0,0,0,0,0,0,0,0,0
"Smad3",0,0,0,0,0,0,0,0,0,-0.0133742066821672,-0.0377502144924535,0,-0.0131129356191617,0,0,0,-0.0445017135811173,0,0,0,0,0,0,0,-0.00693819999384352,0,0,0,0,-0.0180404424006644,0,-0.0153705632762613,0,0,0,0,0,0,0,0,0,0,-0.00694645144455847,0,0,0,-0.00271713005675435,0,0,0,0,-0.0056530516763296,-0.00250705887836057,0,0,-0.00636589609823603,0,0,0,0,0,0,-0.027566148304288,0,0,0,0,0,0,0,0,0,0,0,-0.0623643139764025,0,0,-0.0187135462616028,0,0,0,0,0,0,0,0,0,0,0,0,0,0,0,0,0,-0.00017970292560619,0,0,-0.0155765076719171,-0.0031004553075499,0,-0.0269255045400412,0,-0.00860846224119424,0,0,0,-0.00977995357282971,0,0.940329690676328,0,0,0,0,0,0,-0.00616520040054749,0,-0.00420417504399279,0,0,0,0,0,0,-0.0289981973592609,-0.064510220553555,-0.0234234334757,-0.0122413686975482,0,0,0,0,0,0,0,0,-0.0119900893235387,0,0,0,0,0,0,0,0,-0.000854126372714015,0,-0.0183968654448974,0,-0.018768884873215,0,-0.00953965971480562,0,0,0,0,0,0
"Snai1",0,0,0,0,0,-0.00553041900332159,0,0,0,0,0,0,0,0,0,0,-0.0285721649093994,0,0,0,0,0,-0.0198869924356395,0,0,0,0,0,0,0,0,0,0,0,0,0,0,-0.0131729056863807,0,0,0,0,-0.0154392066936591,0,0,0,-0.0348197386354512,0,0,0,0,0,0,0,0,0,-0.00923809459190423,0,0,0,0,-0.0223097143332761,0,0,0,0,0,-0.0259195795932222,-0.0386961014785287,-0.00719610416438823,0,0,-0.00171138860857103,0,0,0,0,-0.09048639639835,0,0,-0.0603006609472996,-0.00366576555336791,0,-0.00279158981503341,0,0,0,0,0,0,0,0,0,0,0,0,0,0,-0.0498004925490005,0,0,0,-0.00947859381810138,0,-0.000311446884164676,0,-0.0167310471536954,0,0,0,1.02311313990439,-0.0455546378679794,0,0,0,0,0,0,0,0,0,0,0,0,0,-0.0190220468603243,-0.10956312805261,0,0,0,0,0,-0.182430914107479,0,0,0,0,-0.0298547803000037,0,0,-0.00769391463804715,0,0,0,0,0,0,0,0,0,0,0,0,0,0,0,0,0,0
"Snai3",0,0,0,0,0,0,0,0,0,0,0,0,0,0,0,0,0,0,0,0,0,-0.0190831840193753,-0.0110662676940632,0,0,0,0,0,0,0,0,0,0,0,0,0,0,-0.00419989157386259,0,0,0,0,0,0,0,0,0,0,0,0,0,0,0,0,0,0,0,0,0,0,0,-0.00360292391481747,0,0,0,0,0,-0.00282505811855212,0,-0.0196338822287846,0,0,0,0,0,0,0,0,0,0,0,0,0,0,0,0,0,0,0,0,0,0,0,0,0,0,0,0,-0.0120861526726463,0,0,0,0,0,0,0,0,0,0,0,-0.0455540410457234,0.967137021903912,0,0,0,0,0,0,0,0,0,0,0,0,0,0,-0.0198528875507053,-0.256281387216457,0,0,0,0,0,0,0,0,0,0,0,0,-0.00877993062414967,0,0,0,0,0,0,0,0,0,0,-0.00509439367677491,0,0,0,0,0,0,0
"Sp1",0,0,0,0,0,0,0,0,0,0,0,0,0,0,0,0,-0.0315953620310823,0,0,-0.0664484420981938,-0.0187310229225782,0,0,0,0,0,0,0,0,0,0,0,0,0,0,0,0,0,0,0,0,0,0,0,0,0,0,0,0,0,0,0,-0.0251249754702738,0,0,0,0,0,0,0,0,0,0,-0.0126671550794255,0,-0.0099380950939609,-0.0657616931917363,0,0,0,0,0,0,0,-0.360745543426879,-0.0438921908528391,-0.0308700550111221,0,0,0,0,0,0,0,0,0,0,0,0,0,0,0,0,0,0,-0.0438889313516026,0,0,0,0,0,0,0,-0.0258796506830316,0,0,0,0,0,0,0,0,2.44207847812427,0,-0.447814734986934,-0.343871576600308,-0.371531490928641,0,-0.0026921796924894,0,0,0,0,0,-0.0487001558698089,0,-0.0198565801885426,0,0,0,0,0,0,0,0,0,0,0,0,-0.00233525342051542,0,0,-0.222539403254746,0,0,0,-0.0187464066082365,0,-0.0633122393141261,0,-0.0124092414927801,-0.26008354965598,0,0,-0.0170854191847354,-0.0439489041225697,0,0,-0.0448965758345976
"Sp110",0,0,0,0,0,0,0,0,0,0,-0.00701897895762391,0,0,0,0,0,-2.17859663705633e-05,0,0,-0.000483776388938491,0,0,0,0,0,0,0,0,0,-0.0043416528534193,0,0,0,0,0,0,0,0,0,0,0,0,0,0,0,0,-0.00797069609973414,0,0,0,0,0,0,0,0,0,0,0,0,0,0,0,0,0,0,0,-0.0195304139026849,0,-0.00574272598402097,-0.0164339562754773,0,0,-8.84867038566894e-05,0,0,0,0,0,0,0,0,0,0,0,0,0,0,0,0,0,0,0,0,0,-0.00157543127201406,-0.00487264301504874,0,0,0,-0.000180029242367823,0,0,0,-2.83671349779712e-05,-0.00230975732115288,0,0,0,0,0,0,0,0,0.903097845651054,-0.00382634682275374,-0.0139906019054863,-0.000137683094150655,0,-0.00516080844098918,0,0,0,0,0,-0.00706234870200703,0,-0.0119812565345691,0,0,0,0,0,0,0,0,0,0,0,0,0,-0.00350406890367168,0,-0.0160522792186832,0,0,0,0,0,-0.00172911682622752,0,-0.00981876176258073,-0.022670316295351,-0.0176877864813806,0,-0.0328189469218282,0,0,0,-0.0347822321161956
"Sp2",0,0,0,-0.000956571525494863,0,0,0,0,0,0,0,0,0,0,0,0,-0.00824650790911478,0,-0.0507481350912273,-0.0840265525903863,-0.150752329939942,0,0,0,0,0,0,0,0,0,0,0,0,0,0,0,0,0,0,0,0,0,0,0,0,0,0,0,0,0,0,0,0,0,0,0,0,0,0,0,0,0,0,-0.0693429397279436,0,-0.00897092595030359,-0.202325058630767,0,0,0,0,0,0,-0.00542226698317033,0,-0.120494724125242,-0.063379157300538,0,0,0,0,0,0,0,0,0,0,-0.0189360009486329,-0.0154903584687424,0,0,0,0,0,-0.0493315705703987,-0.0384784149706299,0,0,0,0,0,0,0,-0.0404182378084586,0,0,0,0,0,0,0,0,-0.447894954822563,-0.00382066038312738,2.52441209382797,-0.450498796745374,-0.190619538869971,0,0,0,0,0,0,0,-0.038133410402387,0,0,0,0,0,-0.00351580085962602,0,0,0,0,0,0,0,0,-0.00124273375331594,-0.0305636431349626,0,-0.213411997521902,0,0,0,0,-0.007362728771565,0,0,-0.0373176256202156,-0.138711393333685,0,0,-0.155479031343625,-0.128435284223962,-0.0424092761108923,0,-0.115645964013412
"Sp3",-2.35990667334868e-05,-0.0152359577020813,0,-0.00380838351112965,0,0,0,0,0,0,0,0,0,0,-0.00192451453584953,0,-0.00307370027321179,0,-0.046796156924033,-0.0352590524800802,-0.0957527078738477,0,0,-0.000214933988011346,0,0,0,0,-0.00479382690944959,0,0,0,0,0,0,0,0,0,0,0,0,-0.0068547730481691,0,0,0,0,0,0,0,0,0,0,0,0,0,0,0,0,0,0,0,0,0,-0.12013032794111,0,-0.0433520149312664,-0.371527876740364,0,0,-0.0228644144158752,0,0,0,0,-0.060716786023773,-0.0353060997264788,-0.0247247197758935,0,0,0,0,0,0,0,0,0,0,-0.00413908453812961,-0.00266311755425637,0,0,0,0,0,-0.00402858283981172,-0.172978786637481,0,0,-0.00102998723957328,0,0,0,0,-0.00408146572287441,0,0,0,0,0,0,0,0,-0.343907108460272,-0.0139864489518634,-0.450462233839462,2.64436077761994,-0.296948152810895,0,-0.00973176938964674,0,0,0,0,0,-0.0127364783599051,0,0,0,0,0,0,0,0,0,-0.00929196557043606,0,0,0,0,-0.0111589229181894,-0.0322541734956325,0,-0.264399313516641,0,-0.00013214848191348,0,0,-0.0249036222122758,-0.136504179565819,0,-0.00439277891327959,-0.114921510956448,0,0,0,-0.0360607541263411,-0.0219897555963916,-0.0304395446062266,-0.0417313361201547
"Sp4",0,-0.0187811852033763,0,0,0,0,0,0,0,0,0,0,0,0,0,0,-0.0376033746447234,0,-0.0259364667241852,-0.0021214293846391,-0.387321676622093,-0.0111254721423013,0,-0.0110927199792226,-0.00863180711660305,0,0,0,-0.0275034161885065,0,0,0,0,0,0,0,0,0,0,0,0,-0.0412369469414073,0,0,0,0,0,0,0,0,0,-0.00726706409231965,0,0,0,0,0,0,0,0,0,0,0,-0.0248776637988956,-0.0506707015590667,-0.152681114732973,-0.213456784073642,0,0,0,-0.0267310656533097,-0.105233032922801,0,0,-0.0754896123194599,0,-0.0152191014742842,0,0,0,0,0,0,0,0,0,0,-0.0612049909286823,0,0,0,0,0,0,0,-0.0418506401970992,0,0,0,0,0,0,0,-0.028654537272943,0,0,0,0,0,-0.00616044861173657,0,0,-0.371585306502161,-0.000138401775248742,-0.190646763733017,-0.296953818508519,2.24691910675401,0,0,0,0,0,0,0,-0.0352492127780177,0,-0.0137643337210356,0,0,0,0,0,0,0,0,0,0,0,0,-0.011923170246608,0,0,-0.00812014123572864,0,-0.0258960885656437,0,0,0,-0.116108233321402,0,-0.0136530010424962,0,0,0,0,0,-0.0197162837491458,0,-0.0349753177475058
"Srebf1",0,0,-0.0213499734394018,-0.00901314898102957,0,0,0,0,0,-0.00371926825087625,0,-0.109145046010207,0,0,0,0,0,0,0,0,0,-0.0157141490510482,-8.92933113802066e-05,0,-0.00501286490272303,0,0,0,0,-0.0055541958376253,0,0,-0.0208665879340633,0,0,0,0,-0.013925142807657,0,0,0,0,-0.00579862306358156,0,0,0,-0.0222599152527558,0,0,0,0,0,0,0,-0.00237237905937523,0,-0.0020154188910932,0,0,0,0,-0.0115829386579865,0,-0.0116537269696917,0,0,0,-0.0242649763212798,-0.00497029587767058,0,0,-0.00519830509564105,-0.00201069862363947,0,0,0,-0.00581015803981074,-0.000810231047226823,0,-0.0662488767234938,0,0,0,-0.00395162995770853,0,0,0,0,0,0,0,0,0,0,0,0,0,0,-0.0157493138736068,0,0,0,0,-0.00345900419657086,-0.0126800987190094,0,-0.00383714181171152,0,0,0,0,0,0,0,0,0,0,1.17349042655182,-0.285164199308373,0,0,0,0,0,0,-0.00284019940464318,0,0,0,0,0,-0.178375244785619,0,0,0,0,0,0,-0.141231980510263,-0.0167720119378901,0,0,0,0,0,0,0,0,0,0,0,0,0,0,0,0,0,0,-0.00885789054123493
"Srebf2",0,0,0,0,0,0,0,0,0,0,-0.0210154101503142,0,0,0,0,0,-0.000187047469691896,0,0,0,0,0,0,-0.00859167869389075,0,0,0,0,0,-0.00750115448506151,0,0,0,0,0,0,0,0,0,0,0,0,0,0,0,0,-0.0105813336243486,0,0,0,0,0,0,0,0,0,0,0,0,0,0,0,0,-0.0375717498840063,0,-0.00570503742808383,-0.0210760364505796,-0.00115746137890076,-0.0267967238487345,-0.00205246163667061,0,0,0,0,-0.00869659136657123,0,0,-0.00173297335812225,0,0,0,0,0,0,0,-0.00453833346540005,-0.00255319090413676,0,0,0,0,0,0,0,0,-0.0539190403656436,0,0,-0.00179393354701129,0,0,-0.0334755639666242,0,-0.00135426409670169,0,0,-0.00407458023800672,0,0,-0.00420428279704325,0,0,-0.00270515728619121,-0.00515888615605744,0,-0.00973637654025179,0,-0.285164116620632,1.06595408085621,0,0,0,0,0,0,0,-0.0138675629549849,0,0,0,0,0,0,0,-0.00190200855212726,0,0,0,0,0,-0.00256957713904557,0,-0.0346263049104492,0,0,0,0,0,-0.0851852932883891,0,-0.0138625548255706,-0.0141199151089911,-0.010259176966214,0,0,0,0,0,-0.000539030607986156
"Stat1",0,0,0,0,0,0,0,0,-0.00343349607097856,-0.0127562104094792,0,0,0,0,0,0,0,0,0,0,0,0,0,0,0,0,0,0,0,0,0,0,0,0,0,0,-0.0766869126825632,0,0,0,0,0,-0.0120301210438961,0,0,0,0,0,0,0,0,0,0,-0.280034844718222,-0.0299549717243396,-0.228300982707484,-0.0316365488623748,0,-0.0410826474839247,0,0,-0.00860830664091817,0,0,0,0,0,0,0,0,0,0,-0.00591254256676537,0,0,0,0,0,0,0,0,0,-0.00282980487747812,0,0,0,-0.00206786309570399,0,0,0,0,-0.00917693471926413,-0.00342591940366578,0,0,0,0,0,0,0,-0.00108169762360689,0,-0.00568144275032929,0,0,-0.00824720017963859,-0.0120695080788939,0,0,0,0,0,0,0,0,0,0,0,0,1.75606066176932,-0.542014371856182,0,-0.00162636254087755,0,0,0,0,0,-0.0273141104722821,0,0,0,0,0,0,0,0,0,0,0,0,0,0,0,0,0,0,0,0,-0.288280455310767,0,0,0,-0.204461857302332,0,0,0,0,0
"Stat2",0,0,0,0,0,0,0,0,0,0,0,0,0,0,0,0,0,0,0,0,0,0,0,0,0,0,0,0,0,0,0,0,0,0,0,0,-0.045797998852885,0,0,0,0,0,0,0,0,0,0,0,0,0,0,0,0,-0.325181283750107,-0.174736574421841,-0.194377993730725,-0.0543442803005291,-0.103695613628682,-0.0591155076790255,0,0,0,0,0,0,0,0,0,0,0,0,0,0,0,0,0,0,-0.00508805834106979,0,0,0,0,0,0,0,0,0,0,0,0,0,0,0,0,0,0,0,0,0,-0.0146767146183366,-0.00067692650951837,0,0,0,0,0,0,0,0,0,0,0,0,0,0,0,0,0,0,-0.54201314985091,1.71827080672809,0,-0.0021575514321883,0,0,0,0,0,-0.00547624670201396,0,0,0,0,0,0,0,0,0,0,0,0,0,0,0,0,0,0,0,0,-0.0635339113145257,0,0,0,-0.100589517360563,0,0,0,0,0
"Stat3",0,0,0,0,-0.00736289598635774,-0.00965229509555841,0,-0.00296796539841038,0,0,-0.0355411009631673,0,0,0,-0.00148700226654364,0,0,0,0,0,0,0,0,0,-0.0625769761254315,0,0,0,0,-0.00361853073881857,0,-0.0311578614179707,0,0,0,0,0,-0.0279017526539007,0,0,0,0,-0.00200464164840437,0,0,0,-0.0041594576974766,0,0,0,0,0,0,0,0,0,0,0,0,0,-0.00824222242585222,0,-0.00197938300974843,0,0,0,0,-0.015067872978325,0,0,0,0,0,0,0,0,0,-0.00220828181030708,0,0,0,0,0,0,0,0,0,0,0,0,0,0,0,0,0,0,0,0,-0.00790822594859516,0,0,0,0,0,0,0,0,0,0,0,0,0,0,0,0,0,0,0,0,0,0,1.35680228101718,-0.764235155249159,0,0,-0.0107926991856884,0,-0.00347407131461278,0,0,0,0,0,-0.0404208938115813,0,0,0,-0.00783627983950802,0,0,0,0,0,0,-0.0472426729748334,0,0,0,0,0,0,0,0,0,0,0,0,0,0
"Stat4",0,0,0,0,0,0,0,0,0,-0.00748878928351664,-0.0658952792427712,0,0,0,0,0,0,0,0,0,0,0,0,0,-0.0145777366147744,0,0,0,0,-0.000657049250191476,0,-0.00713649523865286,0,0,0,0,0,-0.000817795673247578,0,0,0,0,-0.019484269410296,0,0,0,0,0,0,0,0,0,0,0,0,0,0,0,0,0,0,0,-0.00335453836415384,0,0,0,0,0,0,0,0,0,0,0,0,0,0,-0.0216200110019849,0,0,0,0,-0.000126326325036832,0,0,0,0,0,0,0,0,0,0,0,0,0,0,0,0,0,-0.00323484231880751,0,0,0,-0.00455682127617118,0,-0.00579502467307524,0,0,0,0,0,0,0,0,0,0,0,0,-0.00163474209221635,-0.00216759123615159,-0.764234699306178,1.33996422178411,-0.00765516016008642,0,0,0,-0.0042021597626989,-0.0160718265747916,0,0,0,0,0,0,0,0,-0.0120704780206542,0,0,0,0,0,0,0,0,0,0,0,0,-0.00590993561266989,0,0,0,0,0,0,0,0
"Stat6",0,0,0,0,0,0,0,0,-0.0054405180308995,-0.00699662761888691,-0.011689556458332,0,0,0,0,0,0,0,0,0,0,0,0,0,0,0,0,0,0,-0.0103346374504582,0,-0.0237674417535267,0,0,0,0,-0.00468347598622023,-0.0230704155506453,0,0,0,0,-0.0174077489093294,0,0,0,0,0,0,0,0,0,0,0,-0.00838962371870986,0,0,0,-0.0129212377756712,0,0,-0.00793437832808535,0,0,0,0,0,0,0,-0.00375808530810703,0,0,0,0,0,0,0,-0.00285748223538057,0,0,0,0,0,0,0,0,0,0,0,0,0,0,0,0,0,0,0,0,0,0,-0.0107894860897368,0,0,0,0,-0.00700074682743073,-0.0110167505684002,0,0,0,0,0,0,0,0,0,0,0,0,0,0,0,-0.00765476552677284,0.884336044591196,0,0,0,0,0,0,0,0,0,0,0,0,0,0,0,0,0,0,-0.00555302453492645,0,0,0,0,0,0,0,0,-0.00281083922181949,0,0,-0.00285934748022653,0,0,0,0
"Taf1",0,-0.00379815177815788,0,0,0,0,0,0,0,0,0,0,0,0,0,0,-0.0288997125226218,0,0,-0.00674392414951737,0,0,0,0,0,0,0,0,-0.0222318301331694,0,0,0,0,0,0,0,0,0,0,0,0,-0.0041650551302155,0,0,0,0,0,0,0,0,0,0,0,0,0,0,0,0,0,0,0,0,0,0,0,0,-0.000579569765382212,0,0,0,0,0,0,0,-0.0223842070170869,-0.0148406568967302,-0.013054492027885,0,0,0,0,0,0,0,0,0,0,-0.0153885776015568,-0.0249848170406961,0,0,0,0,0,-0.0161773497093947,-0.00357530895088778,0,0,0,0,0,-0.00960805410402633,0,-0.0120440362973191,0,0,0,0,0,0,0,0,-0.0487144693940663,-0.00706214158490166,-0.0381424384470897,-0.0127520809473152,-0.0352502409588156,0,0,0,0,0,0,0,1.00776288145247,0,0,0,0,0,0,0,0,0,0,0,0,0,0,-0.0227883304176301,-0.0194878037520696,0,-0.0209312032294419,0,0,0,-0.0636875505500609,-0.00584975810456051,-0.0223799384653311,0,-0.00694342881657984,-0.0333496414797868,-0.00469183471155398,0,-0.0444176703772254,-0.00499868844337667,0,0,-0.0450481712099533
"Tbx21",0,0,0,0,-0.00046911473899936,0,0,0,-0.0343019616065056,-0.0285665950269192,-0.031229888463118,0,-0.00818354046714797,-0.00159193609333621,0,0,-0.0057055314742983,-0.00783036297177285,0,0,0,0,-0.0155886950137476,0,-0.0118494072004058,0,0,0,0,-0.0144394202430627,0,-0.0340221542856629,0,-0.00405287469393861,-0.00252420869612363,-0.00148978743744074,0,-0.0310723352928249,-0.00648309253182141,0,0,0,-0.0275988792058832,0,0,0,0,0,0,0,-0.00928170906086652,-0.0126246927782915,0,0,0,0,-0.041404002036763,-0.00104495673308418,-0.00932349159618431,0,-0.0079652152123187,-0.0187632619745672,-0.0163634424318969,0,0,0,0,0,0,0,0,0,-0.016200608431059,0,0,0,0,-0.0447574875836192,0,0,0,0,-0.0229126154871842,-0.0152815784223414,0,0,-0.00629045191669947,0,0,0,-0.00323469273960284,-0.00866135691512001,-0.0205554308191829,0,0,0,0,0,-0.0126358938924056,0,-0.00314760681735585,-0.018504294800596,0,0,-0.0224857281577909,-0.0301607491594108,-0.0361190784528125,-0.00214427747698469,0,-0.0289970752893098,-0.0190192390992294,0,0,0,0,0,0,-0.00283346923148548,0,0,0,-0.0107908862941599,0,0,0,0.972861948063509,-0.0341119517610374,-0.0347862857865061,-0.0167032638569237,0,0,0,-0.00517905785306555,0,0,0,0,-0.0201449718685131,0,0,0,0,0,0,0,-0.0261276856361336,0,0,-0.0135776521362137,0,0,0,-0.0081461164816885,-0.00170967748827017,0,0,0,0,0
"Tcf12",0,0,0,0,0,0,0,0,0,-0.000751781792590939,-0.000270131664303782,0,-0.00968264652720262,0,0,0,-0.0651756779820834,0,0,0,0,0,0,0,-0.0199556617678772,0,0,0,0,-0.0156477515605635,0,-0.00142500025570022,0,0,0,0,0,0,-0.0105032664575308,0,0,0,0,0,0,0,-0.020399763064066,0,0,0,0,-0.0135866238606984,-0.00776720270945363,0,0,0,0,0,0,0,0,0,-0.0127038588848309,-0.00712255721418882,0,-0.0111863778141055,0,0,0,0,0,-0.0053855779553557,-0.00297773581669239,0,-0.0182432012629166,0,-0.00751047821618631,-0.00414530372721916,0,0,0,0,0,0,0,-0.0113169109818861,-0.00641797368890595,0,0,0,0,0,0,0,0,-0.015244776842339,0,0,-0.00755668238009574,0,0,-0.00582398356396625,0,-0.0201241247176344,-0.00498421704521474,0,0,-0.0011637010962895,0,-0.0645099214535248,-0.109563016493048,-0.0198520076873461,-0.0198671588169996,-0.0119807108322717,0,0,-0.0137699243041732,0,-0.01386810254777,0,0,0,0,0,0,-0.0341150861954987,1.17581729052185,-0.445181876088649,0,0,0,0,0,0,0,0,0,0,0,0,0,0,0,-0.0109647463761581,0,0,0,-0.0124336070512869,-0.0208506707829491,0,-0.0140948207387223,-0.0144674642011708,-0.0080992973336137,0,0,0,-0.0090430221017427,0,-0.000189835650957239
"Tcf3",0,0,0,0,-0.00355693524776545,0,0,0,0,0,-0.00418639878147314,0,0,0,0,0,-0.0370798127737545,0,0,0,0,0,0,0,0,0,0,0,0,-0.0210438559909544,0,-0.0112128537301728,0,0,0,0,0,0,-0.00251121574419067,0,0,0,-0.00903422810669787,0,0,0,-0.0085389589118577,0,0,0,0,0,-0.0024487499793857,0,0,0,0,0,0,0,0,0,0,-0.00240075906351635,0,-0.015416694311832,0,0,0,0,0,-0.000568428478705104,-0.00266115683319486,0,0,0,0,-0.022116067583836,0,0,0,0,0,-0.000774267941437699,0,0,0,0,0,0,0,0,0,0,0,0,0,0,-0.0183093305161185,0,0,0,0,-0.0030741116855953,0,-0.00763526766081601,-0.0123403332173825,-0.0103249917473867,0,-0.0234244818780731,0,-0.256281115726056,0,0,0,0,0,0,0,0,0,-0.00347507206572553,-0.00420224172743555,0,0,-0.0347877943286785,-0.445180290802541,1.2051425221848,-0.0695132712823765,0,0,0,0,0,0,0,0,-0.00672411606782012,0,0,0,0,0,-0.0191805549234694,0,0,0,-0.00732640526386327,-0.0150034959276713,0,-0.0272386794466382,-0.0276707899402102,-0.0141341241638331,0,0,0,0,0,-0.00723241721386479
"Tcf7",0,0,0,0,-0.00877192439602725,0,0,0,0,-0.0316560396615879,-0.0505923216867157,0,-0.0164001094728944,0,0,0,-0.000217630996723719,-0.00386770337583909,0,0,0,0,0,0,0,0,0,0,0,-0.00757327403393501,0,-0.0479424342582741,0,0,0,0,-0.02226143719472,-0.00443234146405269,0,0,0,0,-0.0255208184963702,0,0,0,0,0,0,0,0,-0.00759292427469693,0,0,-0.0375909151293718,-0.0360163758551341,-0.00594358916550924,-0.0412253141035929,0,0,0,0,-0.00201057989612846,0,0,0,0,0,0,0,0,0,0,0,0,0,0,0,0,0,0,0,0,0,0,0,0,0,0,0,0,0,-0.00452574650753881,0,0,0,0,0,0,-0.00789537388270932,-0.00249411008956077,-0.0049024954786889,0,0,-0.00686177424397456,-0.0158649873724614,-0.0106436420759002,-0.00684820084544114,0,-0.0122376004650583,0,0,0,0,0,0,0,0,0,-0.027317553011806,-0.00547824211144694,0,-0.0160708387358235,0,0,-0.0167023339601357,0,-0.0695072895733638,0.959809936801929,0,0,0,0,0,0,0,0,0,0,0,0,0,0,-0.00447341137916803,0,-0.0189366332139957,0,0,0,-0.0674288989655467,-0.00363521422812244,0,-0.000246790422738165,0,0,0,0,0,0
"Tef",0,0,0,0,0,0,0,-0.0159123824327874,0,0,0,0,0,0,0,-0.000532970611750504,0,0,0,0,0,0,0,0,0,0,0,0,0,0,0,0,0,0,0,0,0,0,0,0,0,0,0,0,0,0,0,0,0,0,0,0,0,0,0,0,0,0,0,0,0,0,0,0,0,0,0,0,0,0,0,0,0,0,0,0,0,0,0,0,0,0,0,0,-0.373810336674752,0,0,0,0,0,0,0,0,0,0,0,0,0,0,0,0,0,0,0,0,0,0,0,0,0,0,0,0,0,0,0,0,0,0,0,0,0,0,0,0,0,0,0,0,1.01456447900502,0,0,0,0,0,0,0,0,0,0,0,0,0,0,0,0,0,0,0,0,0,0,0,0,0,0,0,0,0
"Tfdp1",0,0,0,0,0,0,0,0,0,0,0,0,0,0,0,0,0,0,-0.135380119073262,-0.331408930683175,-0.0592035293258596,0,0,0,0,0,0,0,0,0,0,0,-0.00918882290836755,0,0,0,0,0,0,0,0,0,0,0,0,0,0,0,0,0,0,0,0,0,0,0,0,0,0,0,0,0,0,-0.00560135658088038,0,0,0,0,0,0,0,0,0,0,0,0,0,0,0,0,0,0,0,0,0,0,0,0,0,0,0,0,0,0,-0.00525563396308959,0,0,0,0,0,0,0,0,-0.000444431899629829,0,0,0,0,0,0,0,0,0,0,-0.00351879789893503,0,0,0,0,0,0,0,0,0,0,0,0,0,0,0,1.09195965898207,0,0,0,0,0,0,0,0,0,0,0,0,0,0,0,0,0,0,0,0,0,0,0,-0.0523535446900429,-0.0252758013923368,0,0,0
"Tfe3",0,0,-0.211798597933381,0,0,0,0,0,0,0,0,-0.164378657310524,0,0,-0.00426950053961778,0,0,0,0,0,0,0,0,0,0,0,0,0,0,0,0,0,-0.00410202813992912,0,0,0,0,0,0,0,0,0,0,0,0,0,0,0,0,0,0,0,0,0,0,0,0,0,0,0,0,0,0,0,0,0,0,0,0,0,0,0,0,0,0,0,0,0,0,-0.195394337294393,0,0,0,0,0,0,0,0,0,0,0,0,0,0,0,0,0,0,0,0,0,0,0,0,-0.0109508973604866,0,0,0,0,0,0,0,0,0,0,0,0,-0.178372295323164,0,0,0,0,0,0,0,0,0,0,0,0,0,1.73653334418127,0,0,0,0,0,-0.00489816571763745,-0.565392051895068,-0.257069881134768,0,-0.0867414986929471,0,0,0,0,0,0,0,0,0,0,0,0,0,0,0,0,0
"Tgif1",0,0,0,0,0,0,0,0,0,0,0,0,0,0,0,0,0,0,0,0,0,-0.00242860889836046,0,0,0,0,0,0,0,0,0,0,-0.00559412499806906,0,0,0,0,-0.0196467470848801,0,0,0,0,0,0,0,0,0,0,0,0,0,0,0,0,0,0,0,0,0,0,0,-0.0172415959842026,0,0,0,0,0,-0.00551372874004704,-0.00610116486989479,-0.000924236050526008,0,0,-0.0116255640924544,0,0,0,0,-0.342417427845093,0,0,0,0,0,0,0,0,0,0,0,0,0,0,0,0,0,0,0,0,-0.207540360014351,0,0,0,0,0,-0.000215168531799403,0,0,0,0,0,-0.18243047915718,0,0,0,0,0,0,0,0,0,0,0,0,0,0,-0.0051796560642533,0,0,0,0,0,0,1.14007589764412,0,0,0,0,0,0,0,0,0,0,0,0,0,0,0,0,0,0,0,0,0,0,0,0,0,0
"Thap11",0,0,0,0,0,-0.010428522830744,0,0,0,-0.00224332187947716,0,0,0,0,0,0,0,0,-0.00814761003557251,0,0,0,0,0,0,0,0,0,0,0,0,0,-0.0321279016438894,0,0,0,-2.15754963687462e-05,-0.0145686713226425,0,0,0,-0.00177853328492868,0,0,0,0,0,0,0,0,0,0,0,0,0,0,0,0,0,0,0,0,0,0,0,0,0,-0.0273642074039675,-0.00627334726168267,-0.000538581742446311,0,0,0,0,0,0,0,0,0,0,-0.00186666880581401,0,0,0,0,0,0,0,0,0,0,0,0,0,-0.00849606737172047,0,0,0,0,0,0,0,0,0,-0.00677740447550462,0,0,0,0,0,0,0,0,0,0,0,0,0,0,0,0,-0.0404219619984263,0,0,0,0,0,0,0,0,0,0,0,1.4081684108801,0,0,0,0,0,0,-0.00628959502229398,0,0,0,-0.843456963314058,0,0,0,0,0,0,0,0,0,-0.00487494213027526,0,0,0,0
"Thrb",0,0,0,-0.000667858612570025,-0.0216107120424426,0,0,-0.00629553226591749,0,0,0,0,0,0,0,0,0,0,0,0,0,-0.0067687317682148,-0.000782488866848504,0,0,0,0,0,0,0,0,0,0,0,0,0,0,0,0,0,0,0,0,0,0,0,0,0,0,0,0,0,0,0,0,0,0,0,0,0,0,0,0,0,0,0,0,-0.00336849366840543,0,0,0,0,0,0,0,0,0,0,0,0,0,0,0,0,0,0,0,0,0,0,0,0,0,0,0,0,0,0,0,0,0,0,0,0,0,0,0,0,0,0,0,0,0,0,0,-0.00929194087830336,0,0,-0.0019017794672044,0,0,0,0,0,0,0,0,0,0,0,0,0,0,0,0.878396612935476,0,0,0,0,0,-0.000237668981897314,0,-0.00443772479148462,0,0,0,0,0,-0.0103268084000059,0,0,0,0,0,0,0,0,0,0
"Tigd2",0,0,0,0,0,0,0,0,0,0,0,0,0,0,0,0,0,0,0,0,0,0,0,0,0,0,0,0,0,0,0,0,0,0,0,0,0,0,0,0,0,0,0,0,0,0,0,0,0,0,0,0,0,0,0,0,0,0,0,0,0,0,0,0,0,0,0,0,0,0,0,0,0,0,0,0,0,0,0,0,0,0,0,0,0,0,0,0,0,0,0,0,0,0,0,0,0,0,0,0,0,0,0,0,0,0,0,0,0,0,0,0,0,0,0,0,0,0,0,0,0,0,0,0,0,0,0,0,0,0,0,0,0,0,0,0.876378904051644,0,0,0,0,0,0,0,0,0,0,0,0,0,0,0,0,0,0,0,0,0,0,0
"Tlx2",0,0,0,0,0,0,0,0,0,0,0,0,0,0,0,0,0,0,0,0,0,0,0,0,0,0,0,0,0,0,0,0,0,0,0,0,0,0,0,0,0,0,0,0,0,0,0,-0.43961388141857,0,0,0,0,0,0,0,0,0,0,0,-0.0345921492841451,0,0,0,0,0,0,0,0,0,0,0,0,0,0,0,0,0,0,0,0,0,0,0,0,0,0,0,0,0,0,0,0,0,0,0,0,0,0,0,0,0,0,0,0,0,0,0,0,0,0,0,0,0,0,0,0,0,0,0,0,0,0,0,0,0,0,0,0,0,0,0,0,0,0,0,0,1.06025424845959,0,0,0,0,0,0,0,0,0,0,0,0,0,0,0,0,0,0,0,0,0,0
"Trp53",0,0,0,0,-0.0144841435090366,0,0,0,0,-0.00731927224601437,-0.000715740946561164,0,0,0,0,0,0,0,0,0,0,-0.00155961784283168,-0.0158211846219949,0,0,0,0,0,0,-0.0109512514894896,0,0,-0.0115960959943191,0,0,0,-0.00463286213078738,-0.0350771487799719,-0.0113398566085602,0,0,0,-0.022929945556083,0,0,0,-0.0339565290687678,0,0,0,0,0,-0.0069469567787842,0,0,-0.014853764537041,-0.0243027141255506,-0.00718114227389206,0,0,0,-0.022402958779496,0,0,-0.00386265846361091,0,0,-0.00698023286355346,-0.00614949315536371,-0.0018855727354143,0,0,0,0,0,0,0,-0.019552025239117,0,0,0,0,0,0,0,0,-0.0044949333337238,0,0,0,0,0,0,0,0,0,0,0,-0.0202867885731691,0,-0.0064423085741452,-0.00392203874732285,0,0,-0.0105583801465784,0,-0.0231293297191044,0,0,-0.0119902080692619,-0.0298544383365759,0,0,0,0,0,0,0,0,0,0,-0.00783603087674386,-0.0120708725101255,0,0,-0.0201461892814398,0,-0.00672368486934014,0,0,0,-0.00489995727358692,0,0,0,0,0,0.914479449053962,0,-0.0121849480185519,-0.00750150968381307,0,0,0,-0.0101764067748948,-0.00301785177549749,0,0,0,0,-0.0209604492227974,0,0,0,0,0,0,0,-0.0143772252162722
"Usf1",0,-0.0608706307174136,-0.262629426099781,0,0,0,0,0,0,0,0,-0.0370294289739723,0,0,0,0,0,0,0,0,0,-0.00672270153313461,0,0,0,0,0,0,0,0,0,0,0,0,0,0,0,-0.000446380825720851,0,0,0,0,0,0,0,0,0,0,0,0,0,0,0,0,0,0,0,0,0,0,0,0,0,0,0,0,0,0,0,0,0,0,0,0,0,0,0,0,0,-0.292522207499735,0,0,0,0,0,0,0,0,0,0,0,0,0,0,0,0,0,0,0,0,0,0,0,0,0,0,0,0,0,0,0,0,0,0,0,0,0,-0.141227135964612,0,0,0,0,0,0,0,0,0,0,0,0,0,-0.565387873828842,0,0,0,0,0,0,1.95324034427309,-0.523919150310548,0,-0.010640966120938,0,0,0,0,0,0,0,0,0,0,0,0,0,0,0,0,0
"Usf2",0,-0.17104142943532,-0.257215320978815,0,0,0,0,0,0,0,0,0,0,0,0,0,0,0,-0.00288555532028254,-0.00528029963284165,0,0,0,0,-0.00954184788678619,0,0,0,0,-0.00364082713633955,0,0,0,0,0,0,0,0,0,0,0,0,0,0,0,0,0,0,0,0,0,0,0,0,0,0,0,0,0,0,0,0,0,0,0,-0.00499364210887451,-0.0127481468379812,0,0,0,0,-0.00843656309835287,0,-0.0385858783898332,0,0,-0.00551517990486403,0,0,-0.0220500215551688,0,0,0,0,0,0,0,0,0,0,0,0,0,0,0,0,0,0,0,0,0,0,0,-0.00736374962819027,0,0,0,0,0,0,0,0,-0.00230973943002051,0,-0.00123951095221414,-0.0111317278060389,-0.0118990713334258,-0.0167675200844446,0,0,0,0,0,0,-0.0227787219888769,0,0,0,0,0,0,-0.257065386202439,0,0,0,0,0,-0.0121770653169438,-0.523915451976114,1.58536184776452,0,-0.00725986965557636,0,0,0,0,0,0,0,0,0,-0.00234852597860496,0,0,0,0,0,0,0
"Wt1",-0.00700735232700989,0,0,0,0,0,0,0,0,0,-0.0153839371149539,0,0,0,0,-0.0143514756748532,0,0,0,-0.00758676620417752,0,-0.125051091658279,-0.121798554746791,0,0,0,0,0,0,0,0,0,-0.00559079932935316,0,0,0,0,-0.0107265791115076,0,0,0,0,0,0,0,0,-0.00129850229041461,0,0,0,0,0,-0.0175232698601523,0,0,0,0,0,0,0,0,-0.000638198588974064,0,-0.0600743442605143,0,0,0,0,-0.158512158684218,-0.419871716939599,0,0,-0.0230808801520626,0,0,-0.0165235594808626,0,0,0,0,0,-0.0267937640179093,0,0,0,0,-0.00370190474296361,0,0,-0.0213324337848318,0,-0.00207496175977571,0,0,-0.0207161821469518,0,0,0,0,0,0,-0.161371974505344,-0.00322424017470333,0,0,0,0,0,0,0,-0.00769455693770093,-0.0087809745642789,0,-0.00350139338548623,-0.0306064505397766,-0.0322978086407047,0,0,-0.0025729851070854,0,0,0,0,0,-0.0194873824523301,0,0,0,0,0,0,0,0,-0.00629365896414782,-0.00023809152061743,0,0,-0.0075036009094063,0,0,2.11669164712921,-0.0100713735864188,-0.47158205916909,-0.00650076883975536,-0.00967306010439704,0,-0.0496381678005212,-0.00395004864533066,-0.0178892259374112,0,-0.000515388163015218,-0.225461521114302,-0.0289460741831569,0,-0.166794726826436,-0.0182994247140044,0,-0.0154949504289336,0
"Xbp1",0,0,-0.0847898591589258,-0.0875611692560875,0,-0.104400966613369,0,0,0,0,0,0,0,0,0,0,0,0,0,0,0,-0.00839599870552308,-0.00564675584968663,0,0,0,0,0,0,0,0,0,0,0,0,0,0,0,0,0,0,0,0,0,0,0,0,0,0,0,0,0,0,0,0,0,0,0,0,0,0,0,0,-0.00468767280127995,0,0,-0.00177729204465948,-0.00896210289552505,0,-0.0200983567298059,0,0,0,0,0,0,0,0,0,-0.044761551000815,0,0,0,0,0,0,0,0,-0.00319868144039158,-0.00226124692731544,0,0,0,0,-0.00804369411564495,0,0,0,0,0,0,0,0,0,0,0,0,0,0,0,0,0,0,0,0,0,0,0,0,0,0,0,0,0,0,0,0,0,0,0,0,-0.086742156532687,0,0,0,0,0,0,-0.0106426508941288,-0.00726247950894586,-0.0100611219885573,0.959927634264676,0,0,0,0,0,0,0,0,0,0,0,0,-0.0109817955533205,0,0,0,0
"Zbtb17",-0.018738213794479,0,0,-0.00331833748172829,0,0,-0.00270531048144908,0,0,0,0,0,0,0,-0.00171658049247694,0,0,0,-0.0530059516359529,-0.0436909079000704,0,-0.0598902074743647,-0.0329625211462848,0,0,0,0,0,0,0,0,0,0,0,0,0,0,0,0,0,0,0,0,0,-0.00487333908455588,0,0,0,0,0,0,0,-0.0335838339010844,0,0,0,0,0,0,0,0,0,0,-0.0691392275405116,0,0,-0.0577021298282376,0,0,-0.138858772898004,0,0,0,0,-0.124243510057227,-0.0523247058531713,-0.000184858700700525,0,0,0,0,-0.0253180472828525,0,0,0,-0.0112413009889845,0,0,-0.0136303084703554,0,0,0,0,0,-0.0161362848315356,-0.154931720079643,0,0,-0.0120782561667768,0,0,-0.00330286199838022,0,-0.00174861027284208,0,0,0,0,0,0,0,0,-0.222525690610255,-0.0160483005201707,-0.213384439021384,-0.264354801673752,-0.00811385148054374,0,-0.0346064854625234,0,0,0,0,-0.00554552024576662,-0.0209199308674064,0,0,0,0,0,0,0,0,0,-0.00443505801801933,0,0,0,0,0,-0.471493216248644,0,2.5292300365984,-0.0110104040686402,-0.00673852598894072,0,-0.0232806609118562,-0.0248868165395531,-0.276416516178943,0,-0.0155028450035565,-0.248155622886711,-0.0203888659317102,0,-0.0793486644174734,-0.0198747386747416,0,-0.0500533256143612,-0.00530507861271855
"Zbtb3",0,0,0,0,0,-0.00179029100500659,0,0,0,0,-0.00877364377307425,0,0,0,0,0,-0.0209712440727787,0,0,0,0,0,0,0,-0.0049445785684289,0,0,0,0,-0.00282974314988058,0,0,0,0,0,-0.00498822504645509,0,-0.0161670722971892,0,0,0,0,0,0,0,0,0,0,0,0,0,0,0,0,0,0,0,0,0,0,0,-0.0113993639131589,0,-0.00479803230224228,0,0,-0.0125495077643579,0,0,0,0,-0.00784294247117598,0,0,0,0,0,0,0,0,0,0,0,0,0,0,0,0,0,0,0,0,0,0,0,0,0,0,0,0,0,0,0,0,0,0,-0.0175326803117173,0,0,0,0,0,0,0,0,0,0,0,0,0,0,0,0,0,0,0,-0.0109647301203761,-0.0191815148737796,-0.00447360623953604,0,0,0,0,0,0,0,0,0,0,0,-0.00650272244595152,0,-0.0110130899082221,0.886935542476112,0,0,-0.00770075692712768,0,0,0,0,-0.00811241660138353,0,0,0,0,0,0,-0.0171732845207224
"Zfp143",0,0,0,0,0,0,0,0,0,0,0,0,0,0,0,0,0,0,-0.000896946629704875,-0.0117170965469496,-0.00580413527926974,0,0,0,0,0,0,0,0,0,0,0,0,0,0,0,-0.000800177646017262,-0.00190494611739189,0,0,0,-0.00687822021112089,0,0,0,0,0,0,0,0,0,-0.000337111369290424,0,0,0,0,0,0,0,0,0,0,0,-0.0139152613219053,0,0,-0.00335000983630593,0,0,0,-0.0039951320442958,-0.0112921386742931,0,0,0,0,-0.0198482475381307,0,0,0,0,-0.012140673208332,0,0,0,0,0,0,0,0,0,0,0,0,-0.0366510548976716,-0.00557123280047161,0,0,0,0,0,0,0,0,0,0,0,0,0,0,0,0,0,0,0,-0.000134190019985971,-0.0258953495905006,0,0,0,0,-0.0472405931257587,0,0,0,0,0,0,0,0,0,0,0,-0.843457078092451,0,0,0,-0.0101757821426605,0,0,-0.00967094494294716,0,-0.00673396218411526,0,1.42150736307577,0,0,0,0,0,0,0,0,0,0,0,0,0,-0.0338341842940331
"Zfp212",0,0,0,0,0,0,0,0,0,-0.0133528423407871,-0.134337949555013,0,0,0,0,0,0,0,0,0,0,0,0,0,0,0,0,0,0,0,0,-0.00219715039921459,0,0,0,-0.00792746930249497,0,-0.0167969243943483,0,0,0,0,-0.0183277250681328,0,0,0,0,0,0,0,0,0,0,0,0,-0.12651917156421,-0.00757104272222207,0,0,0,0,-0.000688591438351745,0,0,0,0,0,0,0,0,0,0,-0.00278176777715102,0,0,0,0,0,0,0,0,0,0,-0.00645354284780956,0,0,0,0,0,0,0,0,0,0,0,0,0,0,0,-0.0252905360712284,0,-0.088047000895573,0,0,0,-0.00491926314952037,-0.00045935875061801,0,0,0,0,0,0,0,0,0,0,0,0,0,0,0,0,0,0,-0.0261283203297691,0,0,-0.0189374515656389,0,0,0,0,0,0,0,0,-0.0030153220060887,0,0,0,0,0,0,0,1.03410096053209,0,0,0,-0.0306778753343951,-0.00110951801830626,0,-0.146639908209962,0,0,0,0,0,0
"Zfp260",0,0,0,0,0,0,0,0,0,0,-0.06942735545449,0,0,0,0,0,0,0,0,0,0,0,0,0,0,0,0,0,-0.00196750817049898,-0.0279672763426718,0,0,0,0,0,0,0,0,0,0,0,0,0,0,0,0,0,0,0,0,0,0,-0.0265498107062382,0,0,-0.00681102411885284,0,0,0,0,0,0,0,0,0,0,0,0,0,0,0,0,0,0,-0.0999153553926915,0,-0.00955335267988947,0,0,0,0,0,0,0,0,0,0,0,0,0,0,0,0,0,0,0,0,0,0,-0.00362147585150359,0,-0.0982141597316755,0,0,0,0,0,0,0,-0.00085469016980592,0,0,-0.0187543981971074,0,0,0,0,0,0,0,0,0,0,0,-0.0636873491421792,0,0,0,0,0,0,0,0,0,0,0,0,0,0,0,-0.0496325781951105,0,-0.0232911453850074,-0.0077008942000038,0,0,1.06044712819043,-0.0159917278060383,-0.0264845588275791,0,-0.0139737418664242,-0.0709262581179645,-0.0590640304777186,0,-0.0294911146506553,-0.000173507700615436,0,0,0
"Zfp263",0,0,0,0,0,0,0,0,0,0,-0.00427025258009271,0,0,0,0,0,0,0,0,-0.0244004017344549,0,-0.00450411316453902,-0.0103873293198303,-0.0134197175921203,-0.00951074758433799,0,0,0,0,0,0,0,-0.000476915429037082,0,0,0,0,0,0,0,0,0,0,0,0,0,-0.00638469808921351,0,0,0,0,0,0,0,0,0,0,0,0,0,0,0,0,0,0,0,-0.0105444825824163,0,0,-0.00209742000579296,0,0,0,0,0,0,-7.72418435334493e-05,0,0,0,0,0,0,0,0,0,0,0,0,0,0,0,0,0,-0.00188782517158386,0,0,0,-0.00442748360391769,0,0,0,0,0,0,0,0,0,0,0,0,0,0,0,-0.0073748953187513,-0.0249128449129973,0,0,0,0,0,0,0,0,-0.00585172594001036,0,-0.0124342527029224,-0.00732782494154349,0,0,0,0,0,0,0,0,0,0,0,0,-0.00395402918261516,0,-0.0248896811101156,0,0,0,-0.015991637946478,0.911699157793236,-0.0409094187330149,0,0,-0.025845598272317,0,0,0,-0.0221470869049252,0,0,-0.00868076846439868
"Zfp281",0,0,0,0,-0.0134439689288657,0,0,0,0,-0.00349401806417737,-0.00676001474238457,0,0,0,0,0,-0.04138101429663,0,0,0,0,0,-0.0714179378523865,0,-0.0234122741532358,0,0,0,0,-0.00323117165365223,0,0,0,0,0,0,0,0,0,0,0,0,0,0,-0.0243117869901067,0,-0.00845862292395916,0,0,0,-0.00210850774681068,0,-0.0142796894381764,0,0,0,0,0,0,0,0,0,0,-0.0559523848789994,0,0,0,0,0,0,0,0,0,0,-0.245699018234021,0,0,0,0,0,0,0,0,0,0,-0.00309754216725315,0,-0.00468358975315361,0,0,0,0,0,0,0,-0.170833900366406,0,0,-0.0116728246359963,0,0,-0.0901117999073966,0,-0.00645301085094914,0,0,0,0,0,-0.0183956293881544,0,0,-0.0633158545393326,-0.00173089310512519,0,-0.136507260684649,-0.116093264905118,0,-0.0851790664202567,0,0,0,0,0,-0.0223772755062908,-0.0135655161308071,-0.0208471016425299,-0.0150069574226067,0,0,0,0,0,0,-0.0103261840031672,0,0,0,0,0,-0.0178804992461434,0,-0.276450894441993,0,0,0,-0.0264809404516551,-0.0409062803134819,1.74037930210519,0,-0.000103654416714924,-0.0875106792357829,-0.000948053176584469,0,0,0,0,-0.242489831974257,0
"Zfp287",0,0,0,0,0,0,0,0,-0.00314566660010298,-0.0121313681232498,-0.0678366453430808,0,0,-0.00715997962783389,0,0,0,0,0,0,0,0,0,0,0,0,0,0,0,0,0,0,0,0,0,0,-0.132472915006092,0,0,0,0,0,-0.0103909483604201,0,0,0,0,0,0,0,0,0,0,-0.049281592818304,0,-0.111781791192311,0,0,0,0,0,0,0,0,0,0,0,0,0,0,0,0,-0.000397177970519704,0,0,0,0,0,0,0,0,0,0,0,0,0,0,0,0,0,0,0,0,0,0,0,0,0,0,0,0,0,0,0,0,-0.0177555652898428,-0.00151881916323408,-0.00639318943238888,0,0,0,0,0,0,0,0,0,0,0,-0.288281262917115,-0.0635312032476294,0,0,0,0,0,0,0,-0.067423674283126,0,0,0,0,0,0,0,0,0,0,0,0,0,0,0,0,-0.030666538036653,0,0,0,1.28416795981848,0,0,0,-0.271127477853768,0,0,0,0,0
"Zfp335",0,-0.00117163378294782,0,0,0,0,0,0,0,-0.00853279683394591,-0.014481170753631,0,0,0,0,0,-0.0196219997438901,0,0,0,0,0,0,-0.00953262893142947,-0.0187682778345721,0,0,0,0,-0.0377472315119786,0,-0.00574105139545104,0,0,0,0,-0.000461366712833646,0,-0.00884250506004022,0,0,0,0,0,0,0,-0.0163298204715358,0,0,0,0,0,-0.00624974608561427,0,0,-0.00383675937335049,0,0,0,0,0,0,-0.0108232278967952,0,0,0,-0.00218208894803891,0,0,0,0,0,0,0,0,-0.0031334220558709,-0.00149418934068846,-0.0023951381285762,0,0,-0.000895867761352524,0,0,0,0,0,0,0,0,0,0,0,0,0,0,0,0,0,-0.0187982312121415,-0.00744843946739794,0,-0.00305126889706919,0,-0.00751818782416344,0,0,0,0,0,-0.0187687603602051,0,0,-0.0124099285341164,-0.00981832640757691,-0.0373203116933604,-0.00439861524913296,-0.0136566705110613,0,-0.0138625935259209,0,0,0,-0.00591076000155309,0,-0.00694356991731838,0,-0.0140954576193514,-0.0272414838826952,-0.00363775508546871,0,0,0,0,0,0,0,0,-0.0209621784813343,0,0,-0.000519408400499674,0,-0.0155107873040171,0,0,-0.00111088556570315,-0.0139743715053734,0,-0.0001033875350148,0,0.948076523857686,-0.0359221087064219,0,0,-0.0457751795766749,-0.00503263245558784,-0.00448710816328617,0,-0.0289081155499907
"Zfp341",0,0,0,-0.00281429094134101,-0.00656228564802319,0,0,0,0,0,-0.00595693105305233,0,0,0,0,0,-0.0144633736617852,0,0,-0.0562105788425966,0,0,0,-0.00243601421255079,0,0,0,0,-0.0155856490876086,0,0,0,0,0,0,0,0,0,0,0,0,0,0,-0.00291339393927112,0,0,-0.0103090807261058,0,0,0,0,0,-0.038263490252895,0,0,0,0,0,0,0,0,0,0,0,0,0,0,0,0,0,0,0,0,0,-0.244038006438293,-0.00895356950712085,-0.00061547788985611,0,0,0,0,0,0,0,0,0,0,0,0,0,0,0,0,0,0,-0.0501760733406474,0,0,-0.0172748997249549,0,0,-0.0950544801376629,0,-0.0286704938361662,0,0,0,0,0,0,0,-0.00508917341661397,-0.260062071245758,-0.0226668945604248,-0.138719567001214,-0.114933833002933,0,0,-0.0141127956889946,0,0,0,0,-0.002806701543216,-0.0333496998501752,0,-0.0144613800726368,-0.027669963966783,0,0,0,0,0,0,0,0,0,0,0,-0.00234558325886203,-0.225436736302666,0,-0.248199489064311,-0.0081090285103629,0,0,-0.070921826022041,-0.0258428101094064,-0.0875071154360128,0,-0.0359137727828278,1.89970186611192,-0.0660582364388357,0,-0.0819792733388353,-0.02856808934087,0,0,-0.0094370097933696
"Zfp398",0,0,0,0,-0.00100016510929616,0,0,0,0,0,-0.113590060832035,0,0,0,0,0,0,0,0,0,0,0,0,0,-0.00638731187340608,0,0,0,0,-0.0283134363735794,0,0,0,0,0,0,0,0,0,0,0,0,0,0,0,0,-0.00747631888858193,0,0,0,0,-0.00223736521726002,-0.0199873070968895,0,0,-0.0717757330973706,0,0,0,0,0,0,0,0,0,0,0,0,0,0,0,0,0,0,-0.113229464485151,0,0,0,0,0,0,0,0,0,0,0,0,0,0,0,0,0,0,0,0,-0.0111417693196347,0,0,0,-0.017594535998775,0,-0.106568994932433,0,0,0,0,0,0,0,-0.00954012210688117,0,0,0,-0.0176873762540451,0,0,0,0,-0.0102560291450697,0,0,0,0,0,-0.00469037757522977,-0.00814598177894062,-0.00809802821312242,-0.0141359179391218,-0.000249202250538254,0,0,0,0,0,0,0,0,0,0,0,-0.0289380904969493,0,-0.0203878542415681,0,0,-0.146639850501355,-0.0590646075296302,0,-0.00095116653567147,0,0,-0.0660712325306541,1.11767683754267,0,0,0,0,0,-0.0102997711517852
"Zfp422",0,0,0,0,0,0,0,0,0,-0.000287957593893581,0,0,0,0,0,0,0,0,0,0,0,0,0,0,0,0,0,0,0,0,0,0,0,0,0,0,-0.206739013166204,0,0,0,0,0,-0.00514377806456001,0,0,0,0,0,0,0,0,0,0,-0.0250186115495092,0,-0.0418471509809077,0,0,0,0,-0.0145842491373627,-0.00909229876009836,0,0,0,0,0,0,0,0,0,0,0,0,0,0,0,0,0,0,0,0,-0.00648198705992782,0,0,0,0,0,0,0,0,0,0,0,0,0,0,0,0,0,0,0,0,0,0,0,0,0,0,0,0,0,0,0,0,0,0,0,0,-0.204461166456259,-0.100589053913695,0,0,0,0,-0.00169840091624602,0,0,0,0,0,0,0,0,0,0,0,0,0,0,0,0,0,0,0,0,0,0,0,-0.271125412086204,0,0,0,1.19915709098577,0,0,0,0,0
"Zfp566",0,0,0,0,0,0,0,0,0,0,0,0,0,0,0,0,0,0,-0.0283674703151537,-0.0588037003844434,0,-0.0402594765022912,-0.00221089803906388,0,0,0,0,0,-0.00473223229722949,0,0,0,-0.06356890403172,0,0,0,0,0,0,0,0,0,0,0,0,0,-0.00133774495812984,0,0,0,0,0,-0.00842113161979169,0,0,0,0,0,0,0,0,0,0,-0.0034426603141914,0,0,0,0,0,-0.0667718962920639,0,0,0,0,0,-0.0496530835309842,-0.0351434806909062,0,0,0,-0.0108068868745451,-0.00955412819970627,0,0,0,0,0,0,-0.00336524908393671,0,0,0,0,0,-0.0767571227430436,0,0,0,0,0,0,0,0,-0.038189258198497,0,0,0,0,0,0,0,0,-0.0170811949958179,-0.0328190854066657,-0.155496523314468,0,0,0,0,0,0,0,0,-0.00285628612947207,-0.0444187948653926,0,0,0,0,0,-0.0523572999066289,0,0,-0.00487464249072739,0,0,0,0,0,0,-0.166801655891379,-0.0109847182535064,-0.079389789440976,0,0,0,-0.0294922498008806,0,0,0,-0.0457733792491003,-0.0819854587509852,0,0,1.37980882373068,-0.0937878526683714,-0.0147668211413174,0,-0.0844647820315259
"Zfp64",0,0,0,-0.00387280252318247,0,0,0,0,0,0,0,0,0,0,-0.00425362094158133,0,0,0,-0.0275643672321138,-0.0366110696969005,0,-0.0416410909261352,0,-0.0108297313539825,0,0,0,0,0,0,0,0,0,0,0,0,0,0,0,0,0,0,0,0,0,0,-0.0163317312512598,0,0,0,0,0,-0.00833183855771171,0,0,0,0,0,0,0,0,0,0,-0.0159888431751673,0,0,-0.0193402811606036,0,0,-0.0133877787214304,0,0,0,-8.14698271581568e-05,0,-0.0715705494088514,-0.0678246467421019,0,0,0,-0.0184571184237249,-0.0126681858169508,0,0,0,0,0,0,-0.0106352278337903,0,0,0,0,0,-0.0359677459285154,-0.00158561939376512,0,0,-0.000956997419832118,0,0,0,0,-0.0606617683815048,0,0,0,0,0,0,0,0,-0.0439629400455125,0,-0.128462273681931,-0.0360842214350007,0,0,0,0,0,0,0,0,-0.00500108281409086,0,0,0,0,0,-0.0252809969140036,0,0,0,0,0,0,0,0,0,-0.018313898625636,0,-0.0198990678989731,0,0,0,-0.000174094220781547,-0.0221477452114745,0,0,-0.00503183758561498,-0.0285683824012129,0,0,-0.0937840389692306,1.17369989634329,-0.055776848474761,0,-0.0679208542390542
"Zfp692",0,0,0,0,0,0,0,0,0,0,0,0,0,0,0,0,0,0,0,0,-0.0172009102430128,0,0,-0.00728921953672191,-0.000940120796810874,0,0,0,0,0,0,0,-0.000140148054285649,0,0,0,0,0,0,0,0,0,0,0,0,0,0,0,0,0,0,0,0,0,0,0,0,0,0,0,0,0,0,-0.0093639828352048,0,-0.0243592259732025,-0.0421687017881883,-0.0389021788684185,0,-0.00636007950270909,0,-0.0395765790893711,0,0,0,0,-0.0212666996080048,0,0,0,-0.018369786942945,-0.0192784821631269,0,0,0,0,0,0,0,0,0,0,0,0,0,-0.0360430956650436,0,0,0,0,0,0,0,-0.00133408392529964,0,0,0,0,0,0,0,0,0,0,-0.0424169776532515,-0.0219933775642649,-0.0197117230682729,0,0,0,0,0,0,0,0,0,-0.0090406907092664,0,0,0,0,0,0,0,0,0,0,0,0,0,0,0,0,0,0,0,0,0,0,0,-0.00448539614503874,0,0,0,-0.0147652034145163,-0.0557753601241408,0.984048294386862,0,-0.0517022761466694
"Zfp740",0,0,0,0,0,0,0,0,0,0,0,0,0,0,0,0,0,0,0,0,0,-0.0116063248078646,-0.0155035839938726,0,0,0,0,0,0,0,0,0,-0.00141747905917296,0,0,0,0,0,0,0,0,0,0,0,0,0,0,0,0,0,0,0,0,0,0,0,0,0,0,0,0,0,0,-0.0386299526495406,0,0,0,0,0,0,0,0,0,0,-0.00838197514818992,0,0,0,0,0,0,0,0,0,0,0,0,0,0,0,0,0,0,0,0,0,0,0,0,0,0,-0.00809372469481758,0,0,0,0,0,0,0,0,0,0,0,0,0,-0.0304496746019238,0,0,0,0,0,0,0,0,0,0,0,0,0,0,0,0,0,0,0,0,0,0,0,0,-0.0155047312252189,0,-0.0500606402757849,0,0,0,0,0,-0.242490122899728,0,0,0,0,0,0,0,0,0.998474141157179,0
"Zfx",0,0,0,0,0,0,0,0,0,0,0,0,0,0,-0.0115058382694818,0,-0.0125171343697084,0,-0.0379899256566935,-0.0186295438640333,-0.055776092278613,-0.0282506490689918,-0.00765182792005049,0,0,0,0,0,-0.0015241605396068,0,0,0,-0.0258606509994855,0,0,0,0,0,0,0,0,-0.00579788569102079,0,0,0,0,-0.0124615726895988,0,0,0,0,-0.0210815132336181,-0.0214526463618286,0,0,0,0,0,0,0,0,0,0,-0.00649275776610034,0,-0.0180591821538073,-0.0386259500703285,0,0,-0.0226925394899992,-0.00917866011066449,-0.034532288729375,0,-0.00469567174876634,0,-0.0262727096435032,-0.0351052515953268,0,0,0,0,0,0,0,0,0,0,0,-0.00360784243665967,0,0,0,0,0,-0.0588458153042958,-0.0270201192677673,0,0,-0.0108616319684457,0,0,0,0,-0.0445824914090145,0,0,0,0,0,0,0,0,-0.0448677832647196,-0.0347800737482957,-0.115633491147788,-0.0417287935252498,-0.0349644178049021,-0.00885338214474695,-0.000535941820965156,0,0,0,0,0,-0.0450458880204428,0,-0.000187272372376553,-0.00722847376132205,0,0,0,0,0,0,0,0,0,-0.0143715648069267,0,0,0,0,-0.00530832591624638,-0.0171716994172703,-0.0338369520801715,0,0,-0.00868045657475888,0,0,-0.02890636617602,-0.00943552978698531,-0.0102929896774037,0,-0.0844669378604707,-0.0679229419297941,-0.0517041046393663,0,1.25142392844099
