"","Ahr","Arid3a","Arnt","Arntl","Atf1","Atf2","Atf7","Batf","Bbx","Bcl6","Bhlhe40","Bhlhe41","Cbfb","Cebpb","Creb1","Crem","Ctcf","Ddit3","Dmrt2","E2f1","E2f3","E2f4","E2f6","Egr1","Egr2","Elf1","Elf2","Elf4","Elk1","Elk3","Elk4","Eomes","Ets1","Ets2","Etv3","Etv5","Etv6","Fli1","Fos","Foxd2","Foxj2","Foxj3","Foxn3","Foxo1","Foxp1","Gabpa","Gata3","Gfi1","Heyl","Hic1","Hinfp","Hmg20b","Homez","Ikzf1","Ikzf3","Irf1","Irf2","Irf3","Irf4","Irf7","Irf8","Irf9","Isl2","Jdp2","Jun","Junb","Jund","Klf10","Klf13","Klf2","Klf3","Klf6","Klf7","Klf8","Klf9","Mafk","Max","Maz","Mbd2","Mecp2","Meis3","Meox2","Mlx","Mxd1","Nfatc1","Nfe2l1","Nfe2l2","Nfil3","Nfkb1","Nfkb2","Nfya","Nfyb","Nfyc","Nr1d2","Nr3c1","Nr4a2","Nrf1","Patz1","Pax9","Pbx3","Pknox1","Prdm1","Prdm16","Prdm4","Rbak","Rela","Rfx1","Rfx7","Rora","Runx1","Runx2","Runx3","Rxrb","Setbp1","Smad3","Smad4","Snai3","Sp1","Sp110","Sp2","Sp3","Sp4","Spi1","Srebf1","Srebf2","Stat1","Stat2","Stat3","Stat4","Stat5b","Stat6","Taf1","Tbx21","Tcf12","Tcf3","Tef","Tfdp1","Tfe3","Tfeb","Thap11","Thrb","Tigd2","Trp53","Usf1","Vax2","Xbp1","Zbtb14","Zbtb17","Zbtb20","Zbtb3","Zbtb49","Zfp143","Zfp212","Zfp213","Zfp260","Zfp263","Zfp281","Zfp287","Zfp324","Zfp335","Zfp398","Zfp410","Zfp422","Zfp523","Zfp566","Zfp64","Zfp740","Zfp768","Zfx","Zscan20"
"Ahr",1,0,0.0292972508691746,0,0,0,0,0,0,0,0,0,0,0,0,0,0,0,0,0,0,0,0,0.00436552629553044,0,0,0,0,0,0,0.000832867904092458,0,0,0,0,0,0,0,0,0,0,0,0,0,0,0,0,0,0,0,0,0,0,0,0,0,0,0,0,0,0,0,0,0,0,0,0,0,0,0,0.00786689337510846,0,0,0,0,0,0,0,0,0.01930061718004,0,0,0,0,0,0,0,0,0,0,0,0,0,0,0,0,0,0,0,0,0,0,0,0,0,0,0,0,0,0,0,0,0,0,0,0,0,0,0,0,0,0.0198584628477781,0,0,0,0,0,0,0,0,0,0,0,0,0,0,0,0,0,0,0,0,0,0,0,0,0,0.00256070044778943,0,0,0,0,0,0,0,0,0,0,0,0,0,0,0,0,0,0,0,0,0,0
"Arid3a",0,1,0,0,0,0,0,0.0252174873706214,0.0830651068530248,0,0,0,0,0,0,0,0.0481111513164724,0.0144373381688658,0.0482661616175786,0,0,0,0,0,0,0,0,0,0,0,0,0,0,0.00112540839259476,0,0,0,0,0,0,0,0.028067304713023,0.0326480434926244,0,0,0,0.0380077981068617,0.03543968363999,0,0,0,0.0314113487376416,0,0,0,0.0115410758826187,0.0036911501107075,0,0.0104277253649987,0.0110756158947531,0,0.0113951588243712,0.131161360408333,0.0029161315507294,0,0,0,0,0,0,0,0,0,0,0,0.0213131243251218,0,0,0,0,0,0.0316309526830836,0,0,0,0.0227093262722015,0,0.00884754961679042,0,0,0,0,0,0.00256410848335338,0.0101586516756588,0.0182532759526756,0,0,0,0,0,0,0,0,0,0,0,0.0036076160318177,0.026299769610624,0.0162766710853938,0,0,0,0,0,0.00482997778022627,0,0,0,0,0,0,0,0,0,0,0,0,0,0.0121608197126383,0.00234956947192431,0,0.0069115442872827,0,0,0,0,0,0,0,0,0,0.0161581864426669,0,0.0196818371602207,0,0,0,0,0.000822476997152469,0,0,0,0,0,0,0,0.0559810808508301,0,0,0,0,0.0116987416913369,0,0,0,0,0.000910888137040125,0,0
"Arnt",0.029297275824413,0,1,0.2880293147214,0,0,0,0,0,0,0.218679720911071,0,0,0,0,0,0.00254755719323716,0,0,0,0,0,0,0.00283618547615633,0,0.00547224127286347,0,0,0,0,0,0,0,0,0,0,0,0.00140275009203437,0,0,0,0,0.00854017039591489,0,0,0.00137689081830935,0.00614715674103959,0,0.0920136800594067,0,0,0,0,0.00147206909264257,0,0,0,0,0,0,0,0,0,0,0,0,0,0,0.000562510660982576,0.000267162636019547,0,0,0,0,0,0,0.220199474798351,0,0,0.01241860142165,0,0,0.19051159203843,0.083920862907952,0,0,0,0,0,0,0,0.00158568956968074,0,0,0,0,0.015071234850172,0,0,0,0,0,0.000321115652092986,0,0,0,0,0,0,0,0,0,0,0,0,0.00651287206386986,0,0,0.0108273565008581,0,0,0,0,0,0,0,0,0,0,0,0,0,0,0,0,0,0,0,0,0,0,0,0.0142533690622463,0.048476745778891,0,0,0.00526459752747547,0,0,0,0,0.0077530617213131,0,0,0,0.0120618648305419,0,0,0,0.00742701234791911,0,0,0,0,0,0.0046881350666766,0,0,0,0
"Arntl",0,0,0.288025423649811,1,0,0,0,0,0,0,0.03133408072375,0.0584480893132105,0,0,0,0,0,0,0,0,0,0,0,0,0,0,0,0,0,0,0,0,0,0,0,0,0,0,0,0,0,0,0,0,0,0,0,0,0.0957675313341238,0,0,0,0,0,0,0,0,0,0,0,0,0,0,0,0,0,0,0,0,0,0,0,0,0,0,0,0.0411659639241747,0,0,0,0,0,0.211865706613462,0.0469431205249299,0,0,0,0,0,0,0,0,0,0,0,0,0,0,0,0,0,0,0,0,0,0,0,0,0,0,0,0,0,0,0,0,0,0,0,0,0,0,0,0,0,0,0,0,0,0,0,0,0,0,0,0,0,0.0870139255971968,0.128080073582503,0,0,0,0,0.174334340391079,0,0.0587919645425782,0.00488048678782671,0,0,0,0,0,0,0,0,0,0,0,0,0,0,0.000197912122066347,0,0,0,0,0,0,0,0
"Atf1",0,0,0,0,1,0,0.0258842533210582,0,0,0,0,0,0,0,0.333525406984961,0.219156370076557,0,0,0,0,0,0,0,0.0104988406088552,0,0.00165139614789697,0,0,0.00244831487372626,0,0,0,0,0,0,0,0,0,0,0,0,0,0,0,0,0,0,0,0,0,0.0160697236701776,0,0,0,0,0,0,0,0,0,0,0,0,0.134386842704762,0,0,0,0,0,0,0,0,0,0,0,0,0,0,0,0,0,0,0,0,0,0,0,0,0,0,0,0.0107074147641333,0,0,0,0,0,0,0,0,0.00451840325018198,0,0.000870624407663078,0,0,0,0,0,0,0,0,0,0,0,0,0,0,0,0,0,0,0,0,0.0115909798349127,0,0,0,0,0,0,0,0.00322019032465033,0,0,0,0.0115373292705608,0,0,0,0.00228985962738158,0,0,0,0,0,0.0983220578852227,0,0,0,0,0,0.00389009941604613,0,0.0172292979054471,0,0.00346468820683342,0,0,0,0,0,0,0,0.00826739114468594,0,0,0.00303148410648229,0,0,0
"Atf2",0,0,0,0,0,1,0.520738135309766,0,0.000777507175772909,0,0,0,0,0,0.0697095581584201,0.181325098813167,0,0.0273218865063649,0,0,0,0,0,0,0,0,0,0,0,0,0,0,0,0,0,0,0,0,0,0,0,0,0,0,0,0,0,0,0,0,0,0,0,0,0,0,0,0,0,0,0,0,0,0.143781166816244,0,0,0,0,0,0,0,0,0,0,0,0,0,0,0,0,0,0,0,0,0,0,0,0.00804605504980598,0,0,0,0,0,0,0.00176976644875476,0,0,0,0,0,0,0,0.00548456585905983,0,0.00255816303341148,0,0,0,0,0,0,0,0.038103628579726,0,0,0,0,0,0.0124098832307007,0,0,0,0,0,0,0,0,0.00680863099037906,0,0,0,0,0,0,0,0,0,0,0,0,0.0335144775389086,0,0,0,0,0,0,0,0,0,0,0,0,0,0,0,0,0,0,0,0,0,0,0,0,0,0,0,0,0
"Atf7",0,0,0,0,0.0258854617888298,0.52074498859634,1,0,0,0,0,0,0,0,0.12045918232102,0.2204951617951,0,0,0,0,0,0,0,0,0,0,0,0,0,0,0,0,0,0,0,0,0,0,0,0,0,0,0,0,0,0,0,0,0,0,0,0,0,0,0,0,0,0,0,0,0,0,0,0.170298836451417,0,0,-0.00770524643496485,0,0,0,0,0,0,0,0,0,0,0,0,0,0,0,0,0,0,0,0,0,0,0,0,0,0,0,0,0,0,0,0,0,0,0,0.000882335143319197,0,0,0,0,0,0,0,0,0,0,0,0,0,0,0,0.0108785793375627,0,0,0,0,0,0,0,0,0,0,0,0,0,0,0,0,0.0154501850943704,0,0,0,0,0,0,0,0,0,0,0,0,0,0,0,0,0,0,0,0,0,0,0,0,0,0,0,0,0,0,0,0,0,0
"Batf",0,0.0252198805673647,0,0,0,0,0,1,0,0,0,0,0,0,0,0,0,0,0,0,0,0,0,0,0,0,0,0,0,0,0,0.000800258231391166,0,0,0,0,0,0,0.282892539645512,0,0,0.0111831356629565,0,0.00230256169285726,0,0,0.0114304164817442,0,0,0,0,0.00370208884419748,0,0,0,0.00234448873372877,0.0037083276245782,0,0.00990800022335509,0,0,0,0,0.0178007838802942,0.0517549756293007,0.158940644251693,0.130534017546405,0,0,0,0,0,0,0,0,0.0591408507652209,0,0,0,0,0.00397031483552078,0,0,0,0.0100891641762254,0.08029209216689,0.0923241008557287,0,0,0,0,0,0,0.00913104888284636,0.00186969716465879,0.00986300494168607,0,0,0,0,0,0.00013280702709037,0,0,0,0,0,0,0,0.0147114886841602,0.00352382601042075,0,0,0,0,0.00687725651331292,0,0,0,0,0,0,0,0,0,0,0,0,0,0.00438880247603228,0.0167292275277155,0,0.00983820179777448,0,0,0,0,0,0,0,0,0,0.00557936199466638,0,0,0,0,0,0,0,0,0,0.00567041603866658,0,0,0,0,0,0,0,0,0,0,0,0,0,0,0.000820111667899928,0,0
"Bbx",0,0.0830671742947874,0,0,0,0.000783921112166527,0,0,1,0.0119424116662934,0,0,0.0150352019227154,0,0,0,0.0425132104577315,0.0184993369846739,0.0221371876390074,0,0,0,0,0,0,0,0,0,0,0,0,0.00249308404368316,0,0,0,0,0,0,0,0,0,0,0.0231035582930248,0.0124589968575486,0,0,0.0434669492221054,0,0,0.00630492258786778,0,0.0248973147129581,0,0.0410198643902572,0,0.00109096575832274,0.0092999452275065,0,0.0155431129347372,0.0260080137487927,0,0,0.0578058405678415,0.00812730513907443,0,0.00300810263777707,0,0,0,0,0,0,0,0,0,0.0196046722635069,0,0,0,0.00542268550845095,0.0227776755018304,0.0161320677546544,0,0,0.0191742769633774,0.0400407103737447,0.0182370086593195,0,0,0,0,0,0,0,0.0104076103714744,0.0245020523901342,0,0,0,0.0132421178366563,0,0.0116894767346349,0.0119685639043484,0,0,0,0,0.0146205433757825,0.028541677390973,0.0113142990979783,0.00148868859215687,0,0.0067479036499903,0,0.0137542395230562,0.0137034624014644,0,0,0.00637213779230936,0,0,0,0.0237212848485541,0,0,0.0052125262801748,0,0,0.000200757561401732,0.0150578053876858,0.0330088234786318,0,0.0154985621911245,0,0,0,0,0,0,0,0,0,0.0282961785302162,0,0,0.0232430159575845,0,0,0.00978550253661541,0.00772716522936025,0,0,0.0085792143624717,0,0,0,0,0.0241054827735546,0.0123280492253309,0.0109943730255678,0,0,0,0,0,0,0,0.0117748308094358,0,0.00267730568886053
"Bcl6",0,0,0,0,0,0,0,0,0.0119487363883066,1,0,0,0,0.00120153722112187,0,0,0.00981468071095785,0.0189821756422323,0,0,0,0,0,0,0,0,0,0,0,0,0,0,0,0.0480631500177123,0,0,0,0,0,0,0,0,0,0,0,0,0.0103913203479349,0,0,0.00366210635738688,0,0,0,0.00679527071202999,0,0,0,0.139493463307712,0,0,0,0,0,0,0,0,0,0,0,0,0,0,0,0,0,0.00598790304901127,0,0.0657967173432928,0,0,0,0,0,0,0,0,0,0,0,0,0,0,0,0.0139187821208828,0,0.00764879539046192,0,0,0,0,0,0,0.002391524004775,0.00214240869410493,0.0358551194865412,0.285908688383347,0,0,0.00862200905523474,0,0,0,0,0,0.0264635988811305,0,0,0,0.00135503403373553,0,0,0,0.019031054734314,0,0,0,0,0.024822406470588,0.0392373700233311,0.0260212093096971,0.00846054685875929,0,0.0258471107213176,0,0,0,0,0,0,0,0,0,0.003420538167277,0,0,0,0,0,0,0.010781974854137,0,0,0.126613232232182,0,0.0242753211905382,0,0,0.0480708669771127,0.00976558464917985,0,0.0951055200069096,0.00256651357308447,0,0,0,0,0,0,0,0
"Bhlhe40",0,0,0.218669661065864,0.031328669966105,0,0,0,0,0,0,1,0.350292653393623,0,0,0,0,0,0,0,0,0,0,0,0,0,0,0,0,0,0,0,0,0,0,0,0,0,0,0,0,0,0,0,0,0,0,0,0,0.108559188498995,0,0,0,0,0,0,0,0,0,0,0,0,0,0,0,0,0,0,0,0,0,0,0,0,0,0,0,-0.00550720805345495,0,0,0,0,0,0.116888761956153,0,0,0,0,0,0,0,0,0,0,0,0,0,0,0,0,0,0,0,0,0,0,0,0,0,0,0,0,0,0,0,0,0,0,0,0,0,0,0,0,0.0808254924999218,0,0,0,0,0,0,0,0,0,0,0,0,0,0.026526944456801,0.0468274101999523,0,0,0,0,0,0,0,0,0,0,0,0,0,0,0,0,0,0,0,0,0,0,0,0,0,0,0,0,0,0,0
"Bhlhe41",0,0,0,0.0584503471411735,0,0,0,0,0,0,0.350296521146618,1,0,0,0,0,0,0,0,0,0,0,0,0,0,0,0,0,0,0,0,0,0,0,0,0,0,0,0,0,0,0,0,0,0,0,0,0,0.136678175606774,0,0,0,0,0,0,0,0,0,0,0,0,0,0,0,0,0,0,0,0,0,0,0,0,0,0,0,0,0,0,0,0,0,0,0,0,0,0,0,0,0,0,0,0,0,0,0,0,0,0,0,0,0,0,0,0,0,0,0,0,0,0,0,0,0,0,0,0,0,0,0,0,0,0,0.00880383112575393,0.0231156036768364,0,0,0,0,0,0,0,0,0,0,0,0,0.0117859021929615,0.151229851299356,0,0,0,0,0,0,0,0.0038447566999074,0,0,0,0,0,0,0,0,0,0,0,0,0,0,0,0,0,0,0,0,0,0,0
"Cbfb",0,0,0,0,0,0,0,0,0.0150354941335376,0,0,0,1,0,0,0,0.000382208691990523,0.00373117760002308,0,0,0,0,0,0,0,0,0,0,0,0,0,0.0227956826665956,0,0,0,0,0,0,0.00452775969087407,0,0,0,0,0,0,0,0.00553080216715733,0,0,0.00383282548211954,0,0,0,0,0,0,0.00635509271631364,0,0,0,0,0,0,0,0,0.00370878656044477,0,0,0,0,0,0,0,0,0,0.00139338116005419,0,0,0,0,0,0,0,0,0.00238587147752174,0.00942864899402894,0.00315030720593434,0,0,0,0,0,0,0,0.0283211038990073,0.0256397856415104,0,0,0,0,0,0,0,0,0,0,0,0,0.00199951876729593,0.228712676212825,0.235823396763593,0.154799108254129,0,0,0.0021616474128583,0,0,0,0,0,0,0,0,0,0,0,0,0,0.00462355298172521,0,0.0250630611814041,0,0.0128732112809382,0,0.00868228572901321,0,0,0,0,0,0,0,0.0187618397070154,0,0,0,0,0,0,0.000963993009371858,0,0,0.00115923164648089,0,0,0,0,0,0,0,0,0,0,0,0,0,0,0.00967744106459602,0,0
"Cebpb",0,0,0,0,0,0,0,0,0,0.00120097230409315,0,0,0,1,0,0,0.0230272198476559,0,0,0,0,0,0,0,0,0,0,0,0,0,0,0,0,0,0,0,0,0,0,0,0,0,0,0,0,0,0.000655123486002698,0.0140695404835272,0,0,0,0,0,0,0,0,0,0.000429803340938445,0,0,0,0.00798180282721875,0,0,0.0361839746866533,0,0,0,0,0,0,0,0,0.00530786045980846,0,0,0,0,0,0,0,0,0,0,0,0,0,0.186623186496724,0,0,0,0,0.00161314214322284,0,0,0,0,0.00474732930472045,0,0,0.00705583305826071,0,0,0,0,0,0,0,0,0,0,0,0,0,0,0,0,0,0,0,0,0,0,0,0,0,0,0,0,0,0,0.0220628045588435,0,0,0.0096397651833281,0.0196713315226858,0,0,0,0,0,0,0,0,0,0,0,0,0,0,0,0,0,0,0,0,0.000268180183120543,0,0,0,0,0,0,0,0,0,0,0,0,0
"Creb1",0,0,0,0,0.333529798309157,0.0697090839296103,0.120456434244386,0,0,0,0,0,0,0,1,0.195826897086916,0,0,0,0,0.0158781562917666,0,0,6.13567689925514e-06,0,0,0,0,0,0,0,0,0,0,0,0,0,0.00518877284742436,-0.000742467346286864,0,0,0,0,0,0,0,0,0,0,0,0.00848526875041222,0,0,0,0,0,0,0,0,0,0,0,0,0.167439366684323,0,0,-0.00505045119845347,0,0,0.00215564686649646,0,0,0,0.00918344785909277,0,0,0,0,0,0,0,0,0,0,0,0,0,0,0,0,0,0,0,0,0,0,0,0.0086444817537507,0,0,0,0,0,0,0,0,0.00519136960477871,0,0,0,0,0,0,0,0,0,0,0,0,0.00365154648862775,0,0,0,0,0,0,0,0,0,0,0,0.0149246506206432,0,0,0,0,0,0.00178688807582099,0,0,0,0,0,0,0,0,0.0071724786056817,0,0,0,0,0,0,0,0,0,0,0,0,0,0,0,0,0.00525368111319429,0,0.0104112769968387,0,0,0.00209588678125059,0
"Crem",0,0,0,0,0.219156685130348,0.181323270164932,0.22049370825924,0,0,0,0,0,0,0,0.195824065313083,1,0,0,0,0,0,0,0,0,0,0,0,0,0,0,0,0,0,0,0,0,0,0,0,0,0,0,0,0,0,0,0,0,0,0,0.000136556476221755,0,0,0,0,0,0,0,0,0,0,0,0,0.0958222974017998,0,0,0,0,0,0,0,0,0,0,0,0,0.00821539342533305,0,0,0.0123242550767626,0,0,0,0,0,0,0,0,0,0,0,0,0,0,0,0,0,0,0,0,0,0,0,0,0,0,0,0,0,0,0,0,0,0,0,0,0,0,0.000832624731968006,0,0,0,0,0,0,0,0,0,0,0,0,0,0,0,0,0.0102360528877701,0,0,0,0,0,0,0,0,0,0,0,0,0,0,0,0,0,0,0,0,0,0,0,0,0,0,0,0,0.00476840775229473,0,0,0,0,0
"Ctcf",0,0.048114613742191,0.00255440552106886,0,0,0,0,0,0.0425145906562999,0.00981739687727423,0,0,0.000376277882906068,0.0230277705751016,0,0,1,0,0,0,0,0,0,0,0.00877300655196433,0,0,0,0,0,0,0,0,0,0,0,0.00367788819341531,0,0,0,0,0.0146013660396925,0.0158827215972539,0,0,0,0.0306630405137631,0.00236931997061505,0,0.148737445881484,0,0.00909412909047449,0,0.0117719007463107,0,0,0.00171540549105061,0,0.00396792540024523,0,0,0,0,0,0,0.00891509075123762,0,0,0,0,0,0,0,0.019698790845813,0,0.0162450027551245,0,0,0,0.00256933958352503,0.0174354620753526,0,0,0,0,0.00447252007238046,0.00087404556072704,0,0,0,0,0,0,0.00104612450988227,0.0101660925406134,0.00975249870954062,0,0,0,0,0,0.0111621799125916,0.00195733141456328,0.0109049561111105,0,0,0,0.0049010309419261,0.0066220709620675,0.000686064040580596,0.00803146072813996,0.00391223613269178,0.0242352888387292,0,0.061483257434862,0.0309793373521505,0,0,0,0,0,0,0.0230830042397754,0,0.0027219295752724,0,0,0,0,0,0,0.0334556668091378,0.0182628726451755,0.0654213600530014,0.0295940675679065,0,0,0,0,0,0,0,0.0161119976488127,0,0,0,0,0,0,0.0473038759129987,0,0,0,0,0,0.0148843661602522,0.00632255734292267,0.00969708233250619,0.000812337458667677,0.0184112934644674,0,0,0,0,0,0,0,0.0103018140402375,0.0134736458910896,0.00309885211491414
"Ddit3",0,0.0144377866401911,0,0,0,0.0273228255286949,0,0,0.0184987956432044,0.0189780985450845,0,0,0.0037293509218198,0,0,0,0,1,0,0,0,0,0,0,0,0,0.011284496864726,0,0,0,0,0,0,0.00155006181687118,0,0,0.00305240089260926,0,0,0,0,0.00913641183591556,0,0,0,0,0.035016169794722,0,0,0.00740647767710803,0,0,0,0,0,0,0.00147858731786192,0,0,0,0,0,0,0,0.0247630793778305,0,0,0,0,0,0,0,0,0,0,0,0,0,0,0,0,0,0,0,0,0,0.00612842157149585,0.179481654622066,0,0,0,0,0,0,0,0,0,0,0,0,0,0,0,0,0,0,0,0,0,0.0118425496500254,0.00317755148704358,0.000918504277413331,0,0,0.00948007295189116,0.0147822595068406,0,0,0,0,0,0,0.00757251495613703,0,0,0,0.000423754145482658,0,0,0,0,0,0.00750390523967976,0.00138149025315696,0.00067079438529517,0,0,0,0,0,0,0,0,0,0,0,0,0,0,0,0,0,0,0,0,0,0,8.22831110834255e-05,0,0,0,0,0,0,0,0,0,0,0,0
"Dmrt2",0,0.0482662546339822,0,0,0,0,0,0,0.0221370520691824,0,0,0,0,0,0,0,0,0,1,0,0,0,0,0,0,0,0,0,0,0,0,0,0,0,0,0,0,0,0,0,0,0.0104850977667391,0,0,0,0,0,0,0,0,0,0.0269871806969963,0,0,0,0,0,0,0,0,0,0,0,0,0,0.000798847416777423,0,0,0,0,0,0,0,0,0,0,0,0,0,0,0,0,0,0,0,0,0,0,0,0,0,0,0,0,0,0,0,0,0,0,0,0,0,0,0,0,0,0,0,0.00404604207627738,0,0,0,0,0,0,0,0,0,0,0,0,0,0,0,0,0,0,0,0,0,0,0,0,0,0,0,0,0,0,0,0,0,0,0,0,0,0,0.0654956077091428,0,0,0,0,0,0,0,0,0.00789388204413025,0,0,0,0,0,0,0,0,0,0,0,0
"E2f1",0,0,0,0,0,0,0,0,0,0,0,0,0,0,0,0,0,0,0,1,0.0562392816324348,0.425600154667516,0.104009595067281,0,0.00649816023259546,0,0,0,0,0,0,0,0,0,0,0,0,0,0,0,0,0,0,0,0,0,0,0,0,0,0,0,0,0,0,0,0,0,0,0,0,0,0,0,0,0,0,0,0,0.0191335865278891,0.0581851238204743,0.0251774088633545,0.0774959158884992,0.016350540844426,0,0,0,0,0.00387246811765976,0,0,0,0,0.0020618268557739,0,0,0,0,0,0,0,0,0,0,0,0,0.0170021930232384,0.0925791961334055,0,0,0,0,0,0,0,0,0.000916574972522197,0,0,0,0,0,0,0,0,0,0,0,0,0.0360762834099767,0.0292483011091542,0.033352409407846,0,0,0,0,0,0,0,0,0,0,0,0,0,0,0.0454194644970295,0,0,0,0,0,0,0.000355014168199365,0,0,0.00246221138742,0,0,0,0,0,0,0.0105921027724697,0,0.00521853249855883,0,0,0,0,0,0,0,0.000832850585934271,0,0,0,0,0.0115923190506536,0
"E2f3",0,0,0,0,0,0,0,0,0,0,0,0,0,0,0.0158746343599133,0,0,0,0,0.0562311498358962,1,0.0230906376432168,0.384559133906445,0,0,0.00497381638263839,0,0,0,0,0.0030299466858911,0,0,0,0,0,0,0,0,0,0,0,0,0,0,0,0,0,0,0.00586205412270131,0,0,0,0,0,0,0,0,0,0,0,0,0,0,0,0,0,0,0,0,0,0,0,0,0,0,0.00693731199636631,0,0.0327379382652089,0,0,0,0,0,0,0,0,0,0,0,0,0.0140980192079358,0.000467375676461649,0,0,0,0.00480577691744638,0,0,0,0,0,0.00374438860375779,0,0.0184147076921223,0,0.0107851797524852,0,0,0,0,0,0,0,0,0,0,0.00933482838027511,0.00782928988458718,0.0200510059256965,0,0,0,0,0,0,0,0,0,0,0,0.0078115351682266,0,0,0,0,0.263306636127491,0,0,0,0,0,0,0,0,0.00434787209899289,0.048971869940161,0,0,0,0,0,0,0.000622938486042989,0,0.0241800938326987,0,0,0,0,0,0,0,0,0.0296728420468142,0.02509775481909,0,0,0.00224098126441849,0
"E2f4",0,0,0,0,0,0,0,0,0,0,0,0,0,0,0,0,0,0,0,0.42559522053247,0.0230872122976426,1,0,0.0229659809774626,0.0113957828992424,0,0,0,0,0,0,0,0,0,0,0,0,0,0,0,0,0,0,0,0,0,0,0,0,0,0,0,0,0,0,0,0,0,0,0,0,0,0,0,0,0,0,0,0,0.0160135052483102,0.0431599173437298,0.00548129628806067,0.0544303315226644,0.0264841713083175,0,0,0,0,0,0,0,0,0,0,0,0,0,0,0,0,0.0102634156995329,0.00405743383164451,0.00247177968860445,0,0,0,0.0257783218254635,0.00806706116904696,0.00124762365471465,0,0,0,0,0,0,0,0,0,0,0,0,0,0,0,0,0,0,0,0,0.0437621797157216,0.0168740219737533,0.217308128651406,0,0,0,0,0,0,0,0,0,0,0,0,0,0,0.0246780998288511,0,0,0,0,0,0,0,0,0,0,0,0,0,0,0.00437064992607468,0,0.00103092349120252,0,0,0,0,0,0,0,0,0,0.00139060673925674,0,0,0,0,0.0141369812944031,0
"E2f6",0,0,0,0,0,0,0,0,0,0,0,0,0,0,0,0,0,0,0,0.104013365500216,0.384560944030876,0,1,0,0.00984739160187281,0,0,0,0,0,0,0,0,0,0,0,0,0,0,0,0,0,0,0,0,0,0,0,0,0,0,0,0,0,0.0729299311863782,0,0,0,0,0,0,0,0,0,0,0,0,0.0192931461240982,0,0,0,0.00966154094184962,0,0,0,0,0,0.0502200932400042,0,0,0,0,0,0,0,0,0,0,0,0.000812431694047404,0,0,0,0,0,0,0,0,0,0,0,0,0,0,0.0209795700426841,0,0,0,0,0,0,0,0,0,0,0,0,0.0353765203598029,0,0,0.00228830315958228,0,0,0,0,0,0,0,0,0,0,0.00611197989425037,0,0,0,0,0.146391535707913,0,0,0,0,0,0,0,0,0.0020566335761852,0,0.0544879921882549,0,0,0,0,0,0.0154679324502602,0,0.00644103900357528,0,0,0,0,0.0181722211908184,0,0,0.0152506573608295,0.0398179111288612,0.00497278693085474,0,0.00523278168144622,0,0
"Egr1",0.00436679646861919,0,0.0028333629968812,0,0.0105009891256855,0,0,0,0,0,0,0,0,0,0,0,0,0,0,0,0,0.0229686895834052,0,1,0.53316154730758,0.00627537891660872,0,0,0,0,0,0,0,0,0,0,0,0,0,0,0,0,0,0,0,0,0,0,0,0,0,0,0,0,0,0,0,0,0,0,0,0,0,0,0,0,0,0.0548689349024403,0,0,0.0173631723217241,0.00696194045017916,0,0,0,0,0.00556308609953573,0,0,0.00445441863041307,0,0,0,0.00723377500889514,0,0,0,0,0.000124003351214885,7.57839997964018e-05,0,0.00321642584075795,0.0027677055828924,0,0,0,0.0240346742398973,0.00650170525711578,0,0,0,0,0,0,0,0,0.0205731506351957,0,0,0,0,0,0,0,0,0,0,0.0376661788148927,0,0.0260732901845914,0.0147882135558144,0.0872936179897417,0,0,0,0,0,0,0,0,0,0,0,0,0,0,0,0,0,0,0.00588577704114289,0,0,0,0,0.000809212718443892,0.0184145308390493,0.0285997231082117,0,0,0,0,0,0,0,0,0.02681137759485,0,0,0.00781113748793024,0,0,0,0,0,0.0192249670431374,0,0,0.00513734958327593,0
"Egr2",0,0,0,0,0,0,0,0,0,0,0,0,0,0,0,0,0.00876992790085227,0,0,0.00649775949336609,0,0.0113956723734409,0.00984035990406113,0.533153846892606,1,0.00451394048415999,0.00086273738533972,0,0,0,0.00104130346008178,0,0,0,0,0,0,0.00249451904718363,0,0,0,0,0,0,0,0,0,0,0,0,0,0,0,0,0,0,0,0,0,0,0,0,0,0,0,0,0,0.0421954565949681,0,0.0146259669708961,0,0.0214210287662161,0,0.00636197007767179,0,0,0,0,0,0,0,0,0,0.00467237093291382,0,0,0,0,0,0.000896928221427176,0,0,0,0,0,0,0,0.037366782588163,0,0,0.0115815662966989,0,0,0.00683798817747263,0,0,0.0188029467058104,0,0,0,0,0,0,0,0.00509086932166138,0,0,0.00981205627460419,0,0,0.00173532112579411,0.0564627085733168,0,0,0,0,0,0,0,0,0,0,0,0.00197279218839942,0,0,0,0,0,0,0,0,0,0,0,0,0,0.0171207912382945,0,0,0,0,0,0,0,0.00457604100943882,0.0965315859953504,0,0,0,0,0,0,0.00178462466622215,0,0,0,0.00944954050421545,0.00799433031821919,0
"Elf1",0,0,0.0054769168933686,0,0.00164270272997025,0,0,0,0,0,0,0,0,0,0,0,0,0,0,0,0.00496339654734095,0,0,0.00628202936592192,0.00450945111125909,1,0.135354634254259,0.115204378002707,0.090359326059849,0,0.108228860596559,0,0.075215226253812,0,0,0,0.0143320600427049,0.0717817890664166,0,0,0,0,0,0,0,0.161033852520438,0,0,0,0,0,0,0,0,0,0,0,0,0,0,0,0,0,0,0,0,0,0,0,0,0,0,0,0,0,0,0.00211255833675722,0,0,0.0241202486704329,0,0,0,0,0,0,0,0,0,0,0,0,0,0,0,0,0.000637708505331207,0,0,0,0.00303873881727263,0,0,0,0,0,0.00993802126503724,0,0,0,0,0,0,0,0,0,0,0,0,0,0,0.00774175179067321,0.00673254585858315,0,0,0,0,0,0,0,0,0,0,0,0,0,0,0,0,0,0,0,0,0,0,0.00841757517767261,0.00397725658636439,0,0,0,0,0,0,0.00977717651797699,0,0.0115748530358148,0,0,0,0.000276978904923981,0,0,0,0,0.000179510493711958,0.00316420676804674,0,0,0,0
"Elf2",0,0,0,0,0,0,0,0,0,0,0,0,0,0,0,0,0,0.0112807386924309,0,0,0,0,0,0,0.000864011166978252,0.135353980149292,1,0.26036037784368,0.0540951245189842,0,0.0543865723842537,0,0.0256750949731459,0.0416620106513704,0,0,0.249175585510301,0.0107463979835076,0,0,0,0,0,0,0,0.0177264509111102,0,0,0,0.00868615148221717,0,0,0,0,0,0,0,0,0,0,0,0,0,0,0,0,0,0,0.00194707327986545,0,0,0,0,0.00609000779839674,0,0,0,0,0,0,0.00164442709863476,0,0,0,0,0,0,0,0,0,0,0,0,0.00511568247431033,0,0,0,0,0,0,0.0159570456555173,0,0,0,0,0,0.00698492301654302,0.000651458182417387,0.00294222962288023,0,0,0,0.00111061345987071,0,0,0.00786361280789175,0,0,7.18497197368946e-06,0,0,0,0.0418135859714136,0.016557723144134,0,0,0,0.0441588243491437,0.00185551211744149,0,0,0,0,0.00525629190328684,0.0137667452206578,0,0,0,0,0,0,0,0.00775414159640117,0,0,0.0106991438066086,0,0,0,0.0119106517774963,0,0,0,0,0,0.00513598079515562,0,0,0.0153214278541301,0,0,0,0,0,0,0,0,0,0,0
"Elf4",0,0,0,0,0,0,0,0,0,0,0,0,0,0,0,0,0,0,0,0,0,0,0,0,0,0.115199812578376,0.260351640487384,1,0.105172983917439,0.097250437854753,0,0,0,0,0.157480423603983,0.0818757474385527,0.00320318384892601,0,0,0,0,0,0,0,0,0.0227401370868449,0,0,0,0,0,0,0,0,0,0,0,0,0,0,0,0,0,0,0,0,0,0,0,0,0,0,0,0,0,0,0,0,0,0,0,0,0,0,0,0,0,0,0,0,0,0,0,0,0,0,0,0,0,0,0,0,0,0,0,0,0,0,0,0,0,0,0,0,0,0,0,0,0,0,0,0,0,0,0,0,0,0,0,0,0,0,0,0,0,0,0,0,0,0,0,0,0,0,0,0,0,0,0,0,0,0,0,0,0,0,0,0,0,0,0,0,0,0.00109019579223161,0,0,0,0,0,0
"Elk1",0,0,0,0,0.00244348672184266,0,0,0,0,0,0,0,0,0,0,0,0,0,0,0,0,0,0,0,0,0.0903598263782763,0.0540785490742139,0.10520391560327,1,0.211630292586175,0.0955828501201401,0,0.0162996442035563,0,0.00153736861535646,0.122717346800486,0.0352869649310781,0.103953504715074,0,0,0,0,0,0,0,0.247831567504195,0,0,0,0,0,0,0,0,0,0,0,0,0,0,0,0,0,0,0,0,0,0,0,0,0,0,0,0,0,0,0,0,0,0,0,0,0,0,0,0,0,0,0,0,0,0,0,0,0,0,0,0,0,0,0,0,0,0,0,0,0,0,0,0,0,0,0,0,0,0,0,0,0,0,0,0,0,0,0,0,0,0,0,0,0,0,0,0,0,0,0,0,0,0.000604502686832151,0,0,0,0,0,0,0,0,0,0,0,0,0,0,0,0,0,0,0,0,0,0,0,0.00402595130880145,0,0,0,0,0,0
"Elk3",0,0,0,0,0,0,0,0,0,0,0,0,0,0,0,0,0,0,0,0,0,0,0,0,0,0,0,0.0972582050278813,0.211651132549839,1,0.0752163647815704,0,0,0,0.103798023365699,0.411204795812529,0,0.0415707601891291,0,0,0,0,0,0,0,0.106278743891041,0,0,0,0,0,0,0,0,0,0,0,0,0,0,0,0,0,0,0,0,0,0,0,0,0,0,0,0,0,0,0,0,0,0,0,0,0,0,0,0,0,0,0,0,0,0,0,0,0,0,0,0,0,0,0,0,0,0,0,0,0,0,0,0,0,0,0,0,0,0,0,0,0,0,0,0,0,0,0,0,0,0,0,0,0,0,0,0,0,0,0,0,0,0,0,0,0,0,0,0,0,0,0,0,0,0,0,0,0,0,0,0,0,0,0,0,0,0,0,0,0,0,0,0
"Elk4",0.000834763212780678,0,0,0,0,0,0,0,0,0,0,0,0,0,0,0,0,0,0,0,0.00304626131967489,0,0,0,0.00106518478682724,0.10822187719626,0.054366042527059,0,0.0955842433400946,0.075203096173434,1,0,0.178215028915758,0,0.0265189693948849,0.0543661226809452,0,0.224968269347555,0,0,0,0,0,0,0,0.140119583518697,0,0,0,0,0.00607344138854548,0,0,0,0,0,0,0,0,0,0,0,0,0,0,0,0,0,0.00113690063898308,0,0,0,0,0,0,0,0,0,0.00204534429179224,0,0,0,0,0,0,0,0,0,0,0,0,0.00402560512100537,0.00207923487521357,0,0,0,0.000181716153782602,0,0,0.0013907480438373,0,0,0,0.00201786512534525,0,0,0.00412995915153361,0,0,0,0,0,0,0,0,0,0,0,0,0,0,0.00988576684947292,0,0,0,0,0,0,0,0,0,0.0136133661832719,0,0,0,0,0,0,0,0,0,0,0,0.00101915505003605,0,0.0077800971179201,0,0,0,0,0,0,0,0.0100830467107911,0,0.00439741268377404,0,0,0,0.000697522666094746,0,0,0,0.0112046178393684,0,0,0,0,0.0107238498378233,0
"Eomes",0,0,0,0,0,0,0,0.000799140450327067,0.00249235466942102,0,0,0,0.0227942208864714,0,0,0,0,0,0,0,0,0,0,0,0,0,0,0,0,0,0,1,0,0,0,0,0.00963641169361426,0,0.0170589154792244,0,0,0,0,0,0,0,0,0,0,0,0,0,0,0,0,0,0,0,0,0,0,0,0,0,0,0.00817880458406257,0.00245175526595292,0,0,0,0,0,0,0,0,0,0,0,0,0,0,0,0,0,0,0,0.0044449839266805,0,0,0,0,0,0,0.00571811917561885,0,0,0,0,0,0,0,0,0,0,0,0,0,0,0,0.00314470684141662,0.00411584609754674,0.0170218402666169,0.0138698862953421,0,0,0.00226616028080636,0,0,0,0,0,0,0.00433005102732055,0,0,0,0,0,0,0,0.0158985359916069,0,0.468961246187046,0.00352916968518718,0.0159958363131784,0,0,0,0,0,0,0,0,0,0,0,0,0,0.000759524919036771,0.00221387322254695,0,0,0,0,0,0,0,0,0,0,0,0,0,0,0,0,0,0,0,0
"Ets1",0,0,0,0,0,0,0,0,0,0,0,0,0,0,0,0,0,0,0,0,0,0,0,0,0,0.0752188168439407,0.0256557231031962,0,0.0163115839241747,0,0.178208981048483,0,1,0.0483918445982256,0.0436528113144934,0,0.225014981111136,0.243854107971248,0,0,0,0,0,0,0,0.069615350963763,0,0,0,0.00132530261186315,0,0,0,0.00735971079151675,0,0,0,0,0,0,0,0,0,0.00170085799851143,0,0,0,0,0,0,0,0,0,0,0,0,0,0,0,0,0.00641430927194415,0,0,0,0,0,0,0,0,0.00343703564510926,0,0,0,0,0,0.00962778748501934,0,0,0,0,0.0195578308529472,0,0,0.00434608515921745,0,0,0.00399901012014051,0,0,0,0,0,0.00851332621448414,0,0.0139267105525236,0.00913383175706878,0,0,0,0,0,0,0.135642639743885,0,0,0,0,0,0,0,0,0,0.000595586734962857,0.0115746885049051,0,0,0,0,0,0,0,0,0.0125562230097906,0,0,0,0,0,0,0,0,0,0,0,0,0.00857614458433514,0,0,0,0.0138981278348189,0,0.00800761703163829,0,0,0,0,0,0.000360130412375647,0,0.0136932677059988
"Ets2",0,0.00113043168565393,0,0,0,0,0,0,0,0.0480555325937147,0,0,0,0,0,0,0,0.00155115569276591,0,0,0,0,0,0,0,0,0.041654371993044,0,0,0,0,0,0.0483838078422213,1,0,0,0,0,0,0,0,0,0,0.0196552008338538,0,0,0.0249745109761595,0,0,0.0105501633096867,0,0,0,0,0.0538864559100987,0,0,0.0737429931448934,0.00430050569829141,0,0.0295058437263517,0,0,0,0,0,0,0,0,0,0,0,0,0,0,0,0,0,0,0,0,0,0,0,0.00305279685171364,0,0,0,0.0127043807682088,0,0,0,0,0,0.00413357710450256,0.00066738048242954,0,0,0,0,0.00135696045919816,0.0178845802342987,0,0,0.110466973751828,0.0584687341461403,0,0,0,0.00221747780635476,0.0181775909376138,0,0.00126572964435887,0,0.0208577778935119,0.0281381926106924,0,0,0.0177671942175582,0,0,0,0.109100893233228,0,0,0,0,0,0,0,0,0,0,0,0.00777154464322784,0,0,0,0,0,0,0,0.00279000384747953,0,0,0,0,0,0,0,0,0,0,0,0.0608695772524526,0.00320215739141421,0,0,0,0.0189864184491812,0.04277787314543,0,0,0,0,0,0,0.00197119496528362,0,0
"Etv3",0,0,0,0,0,0,0,0,0,0,0,0,0,0,0,0,0,0,0,0,0,0,0,0,0,0,0,0.157467705654794,0.00152774337078999,0.103769558681996,0.0265044773575831,0,0.0436403338496359,0,1,0.190029859787194,0.0337132648405211,0.0843854020426041,0,0,0,0,0,0,0,0.0796121092450393,0,0,0,0,0,0,0,0,0,0,0,0,0,0,0,0,0,0,0,0,0,0,0,0,0,0,0,0,0,0,0,0,0,0,0,0,0,0,0,0,0,0,0,0,0,0,0,0,0,0,0,0,0,0,0,0,0,0,0,0,0,0,0,0,0,0,0,0,0,0,0,0,0,0,0,0,0,0,0,0,0,0,0,0,0,0,0,0,0,0,0,0,0,0,0,0,0,0,0,0,0,0,0,0,0,0,0,0,0,0,0,0,0,0,0,0,0,0,0,0,0,0,0,0
"Etv5",0,0,0,0,0,0,0,0,0,0,0,0,0,0,0,0,0,0,0,0,0,0,0,0,0,0,0,0.0818666481301289,0.122734245048732,0.411218133490148,0.0543611373211026,0,0,0,0.190014144452471,1,0,0.00316601896961301,0,0,0,0,0,0,0,0.0573571802769604,0,0,0,0,0,0,0,0,0,0,0,0,0,0,0,0,0,0,0,0,0,0,0,0,0,0,0,0,0,0,0,0,0,0,0,0,0,0,0,0,0,0,0,0,0,0,0,0,0,0,0,0,0,0,0,0,0,0,0,0,0,0,0,0,0,0,0,0,0,0,0,0,0,0,0,0,-0.0247890080827176,0,0,0,0,0,0,0,0,0,0,0,0,0,0,0,0,0,0,0,0,0,0,0,0,0,0,0,0,0,0,0,0,0,0,0,0,0,0,0,0,0,0,0,0,0,0,0
"Etv6",0,0,0,0,0,0,0,0,0,0,0,0,0,0,0,0,0.00368436412909638,0.00305640011643622,0,0,0,0,0,0,0,0.0143306412954085,0.249170177303142,0.00320653987901686,0.0352772977328306,0,0,0.00963095195058136,0.22501327984259,0,0.0336934181742315,0,1,0.024961413582227,0,0,0,0,0.00855437556877827,0.0234494526745295,0,0.0164476274804272,0.0289576849211669,0,0,0.0174967932761104,0,0,0,0.010375020569051,0,0,0,0,0,0,0,0,0,0,0,0.0127055164050416,0,0,0,0,0,0,0,0,0,0.000773438410444063,0,0,0,0,0.0103511974689846,0,0,0,0.000971373055392542,0.00180746611392804,0.00802897327225295,0,0,0.00925518208576442,0,0,0,0.0246853005009999,0.0241843813002512,0.0068213854072085,0,0,0,0,0,0,0,0.00126949282394345,0,0,0,0,0.00441163552630121,0,0.0171564371202573,0.015641280862591,0.000551845530495053,0,0,0,0,0,0,0,0,0,0.234547455955033,0,0,0,0,0.0211809970553182,0.00307005766074206,0,0.016789262071525,0,0.0175362848628091,3.6772699016585e-05,0.00699217067014179,0,0,0,0,0,0,0,0.006267964559533,0,0,0,0,0,0,0.00731535218352567,0,0,0,0,0,0,0,0,0.00690875884104304,0,0,0,0,0,0,0,0,0.013062423233931,0,0.00208258099524914
"Fli1",0,0,0.00140763849494833,0,0,0,0,0,0,0,0,0,0,0,0.00518940718985482,0,0,0,0,0,0,0,0,0,0.00249139649506674,0.071780691444982,0.0107495662427602,0,0.10394052447281,0.0415853212681427,0.224965749139425,0,0.243852345301822,0,0.0843637592088095,0.00316254398024006,0.0249823692434663,1,0,0,0,0,0,0,0,0.211361999565272,0,0,0,0,0,0,0,0,0,0,0,0,0,0,0,0,0,0,0,0,0,0,0.00200603633647256,0,0.00429354963677914,0,0,0.00198449330380149,0,0,0,0,0.0194331390203699,0.00893129903249776,0,0,0,0,0,0,0,0,0,0,0,0,0,0,0,0,0,0,0,0.00224129398520222,0.000906375180981039,0,0,0.0121178026141966,0,0,0.0127028316444601,0,0,0,0,0,0,0,0,0,0,0,0.00324329967551555,0,0,0.00776977703727548,0,0,0,0,0,0,0,0,0,0.00903593695763463,0,0,0,0,0,0,0,0,0,0,0,0.00554964163243788,0,0,0.00219675209578643,0,0,0,0.000357512156954068,0.0015194336124995,0,0.00938291549680901,0,0.00111756773155941,0,0,0,0.00701567335570094,0,0,0,0,0.0276786000885474,0,0,0,0.0123031200542907,0
"Fos",0,0,0,0,0,0,0,0.282892182460768,0,0,0,0,0.00452652965844236,0,-0.00075575555793908,0,0,0,0,0,0,0,0,0,0,0,0,0,0,0,0,0.0170570748883806,0,0,0,0,0,0,1,0,0,0,0,0,0,0,0,0,0,0,0,0,0,0,0,0,0,0,0,0,0,0,0,0.00034871987737908,0.228334063096889,0.11482986447238,0.249579067211479,0,0,0,0,0,0,0,0,0.0699483040025092,0,0,0,0,0,0,0,0,0.00427659916681518,0,0.068358069187947,0,0,0,0,0,0,0.0545296649195582,0,0,0,0,0,0,0,0,0,0,0,0,0,0,0,0,0,0,0,0,0,0,0,0,0,0,0,0,0,0,0,0,0,0,0,0,0,0,0,0,0,0,0,0,0,0,0,0,0,0,0,0,0,0,0,0,0,0,0,0,0,0,0,0,0,0,0,0,0,0,0,0,0,0,0,0
"Foxd2",0,0,0,0,0,0,0,0,0,0,0,0,0,0,0,0,0,0,0,0,0,0,0,0,0,0,0,0,0,0,0,0,0,0,0,0,0,0,0,1,0.0940048269361054,0,0.0568853733831635,0.21669246161968,0.559697953531181,0,0,0,0,0,0,0,0,0,0,0,0,0,0,0,0,0,0,0,0,0,0,0,0,0,0,0,0,0,0,0,0,0,0,0,0,0,0,0,0,0,0,0,0,0,0,0,0,0,0,0,0,0,0,0,0,0,0,0,0,0,0,0,0,0,0,0,0,0,0,0,0,0,0,0,0,0,0,0,0,0,0,0,0,0,0,0,0,0,0,0,0,0,0,0,0,0,0,0,0,0,0,0,0,0,0,0,0,0,0,0,0,0,0,0,0,0,0,0,0,0,0,0,0,0
"Foxj2",0,0,0,0,0,0,0,0,0,0,0,0,0,0,0,0,0,0,0,0,0,0,0,0,0,0,0,0,0,0,0,0,0,0,0,0,0,0,0,0.0940110949868006,1,0.276000542654962,0.155693211850453,0.068565191327476,0.170403575077322,0,0,0,0,0,0,0,0,0,0,0,0,0,0,0,0,0,0,0.00205299624592557,0,0.000307894055358205,0,0,0,0,0,0,0,0,0,0,0,0,0,0,0,0,0,0,0,0,0,0,0,0,0,0,0,0,0,0,0,0,0,0,0,0,0,0,0,0,0,0,0,0,0,0,0,0,0,0,0,0,0,0,0,0,0,0,0,0,0,0,0,0,0,0,0,0,0,0,0,0,0,0,0,0,0,0,0,0,0,0,0,0,0,0,0,0,0,0,0,0,0,0,0,0,0,0,0,0,0,0,0,0
"Foxj3",0,0.0280684047383577,0,0,0,0,0,0.0111815326495877,0,0,0,0,0,0,0,0,0.0145872392465185,0.00913446260616285,0.0104845409947655,0,0,0,0,0,0,0,0,0,0,0,0,0,0,0,0,0,0,0,0,0,0.27599510680237,1,0.133093076612399,0.0849796009638362,0.0106152795415897,0,0.0153124963410878,0.00486438765263562,0,0,0,0.00917691850662881,0,0,0,0.0148109298783329,0,0.000917645615065408,0,0,0,0,0,0,0,1.27661624687736e-05,0,0,0,0,0,0,0,0,0,0,0,0,0,0,0,0,0,0,0,0,0,0.0266879556958144,0,0,0,0,0,0.000143702646597024,0,0,0,0,0,0,0,0,0,0,0,0,0,0,0.00387526034758273,0.000275828762858712,0.00670388297036255,0.0156357532486171,0.00642954737160488,0,0.0128611647113095,0,0,0,0,0,0,0,0,0,0,0.0534750576048698,0.0260544331813776,0.00384939294195537,0,0,0.0129671822816044,0,0,0,0,0,0,0,0,0,0.000532152620271396,0,0.0201755744774721,0,0,0,0,0,0.0121526545365074,0,0,0,0,0,0,0,0,0.133842240938399,0,0,0,0.00343545546381089,0.182573826558615,0,0,0,0,0,0,0
"Foxn3",0,0.0326514862267893,0.00854386296246649,0,0,0,0,0,0.0231052706378067,0,0,0,0,0,0,0,0.0158853997002792,0,0,0,0,0,0,0,0,0,0,0,0,0,0,0,0,0,0,0,0.00854546275877249,0,0,0.0568845471015846,0.155695015965494,0.13310183728097,1,0.133671928294562,0.138594679485686,0,0.0287838667699744,0.00729751111354656,0,0.0137823904327079,0,0,0,0.019376323035938,0,0,0,0,0,0.00231656676167048,0,0,0.0128277438144899,0,0.00283606967541854,0.0128865981296365,0,0,0,0,0,0,0,0,0,0.00872942748915648,0,0,0,0,0.0326252328890014,0,0,0,0.021973700432618,0.00508715067562715,0.00524897070056631,0.00521216009392787,0.0091435740158821,0.00668268679062946,0,0,0,0.0146702433769039,0.0150453179696964,0.011426262173234,0,0,0,0,0.000474258702195003,0,0.0109872725565349,0,0.00694813566493102,0.00494512486466174,0,0.0248881470322496,0.018890725267339,0.014261063511619,0.0195597901567015,0.0054071093072198,0.0145976029445817,0,0.00372014095487229,0.0125591945756795,0,0,0,0,0,0,0.00971278647654929,0.00239978203571111,0,0,0,0.0138337189845863,0.000449247812844853,0.000106148387684569,0.0127063594535869,0,0,0,0.00277166109816189,0,0,0,0,0.00321408896554437,0,0,0.0324435045468791,0,0.00913281097438301,0.00131349970185233,0,0,0,0.0252516376799207,0,0.00133857645860443,0.00339283614538306,0,0.00783703077403759,0,0,0,0,0.000253352937463311,0,0.00814104368377079,0,0.00949976292880466,0,0,0,0.0262508990976788,0,0.0179806881688324
"Foxo1",0,0,0,0,0,0,0,0.00230032653320981,0.0124548728831099,0,0,0,0,0,0,0,0,0,0,0,0,0,0,0,0,0,0,0,0,0,0,0,0,0.0196393940782507,0,0,0.0234309475077572,0,0,0.216692016751502,0.0685678216787574,0.0849842809564714,0.133665259843458,1,0.184633821668725,0,0,0,0,0,0,0,0,0,0,0,0,0,0,0.000125756300310007,0,0,0,0,0,0.00667906643002461,0,0,0,0,0,0,0,0,0,0.00400465787354084,0,0,0,0.0133671367192019,0,0,0,0,0.0233596899262953,0,0,0,0,0.00423082798467402,0,0,0,0.00236666665445262,0.0146829170817436,0.00850275451949603,0,0,0,0,0.0112589272423414,0.00144770028579444,0,0,0,0,0,0,0.0183618235664514,0,0,0,0,0,0.0053294107490317,0,0,0,0,0,0,0,0.0149188314880928,0,0,0,0,0,0,0,0,0,0.00173342207594624,0.0269714773832183,0,0,0,0,0,0,0,0,0,0,0.00343358218645054,0,0,0,0,0,0,0,0,0,0,0,0,0,0.00411872236165174,0,0,0.00834669425308322,0,0,0,0,0,0,0,0
"Foxp1",0,0,0,0,0,0,0,0,0,0,0,0,0,0,0,0,0,0,0,0,0,0,0,0,0,0,0,0,0,0,0,0,0,0,0,0,0,0,0,0.559697708462885,0.170405448257029,0.0106139287905393,0.138590407059013,0.184633913514521,1,0,0,0,0,0,0,0,0,0,0,0,0,0,0,0,0,0,0,0,0,0,0,0,0,0,0,0,0,0,0,0,0,0,0,0,0,0,0,0,0,0,0,0,0,0,0,0,0,0,0,0,0,0,0,0,0,0,0,0,0,0,0,0,0,0,0,0,0,0,0,0,0,0,0,0,0,0,0,0,0,0,0,0,0,0,0,0,0,0,0,0,0,0,0,0,0,0,0,0,0,0,0,0,0,0,0,0,0,0,0,0,0,0,0,0,0,0,0,0,0,0,0,0,0,0
"Gabpa",0,0,0.0013842492957232,0,0,0,0,0,0,0,0,0,0,0,0,0,0,0,0,0,0,0,0,0,0,0.16104684685435,0.0177438269880807,0.0227276294414153,0.247829962583113,0.106288541679254,0.140130872599343,0,0.0696193710965768,0,0.0796088571376828,0.0573769208342917,0.0164430463715797,0.211353601885909,0,0,0,0,0,0,0,1,0,0,0,0,0.00758705821023041,0,0,0,0,0,0,0,0,0,0,0,0,0,0,0,0,0,0,0,0,0,0,0.00661106545041479,0,0,0,0,0.0011287148675686,0,0,0,0,0,0,0,0,0,0,0,0,0,0,0,0,0,0.0129016200695078,0,0,0.00103580748217022,0,0,0,0,0,0,0.00760037175969556,0,0,0,0,0,0,0,0,0,0,0,0,0,0,0.00382561040772024,0,0,0,0,0,0,0,0,0,0,0,0,0,0,0,0,0,0.00543091530521745,0,0,0,0,0,0,0,0,0,0,0,0.00474199872832003,0,0,0,0.000356708802647112,0,0,0,0,0,0,0,0.0110018108086167,0,0,0,0,0,0
"Gata3",0,0.0380091640702694,0.0061510404232866,0,0,0,0,0.011433861359309,0.043467694061344,0.0103848996092814,0,0,0.00552889036406939,0.000654671630904026,0,0,0.0306631292094034,0.0350163015398967,0,0,0,0,0,0,0,0,0,0,0,0,0,0,0,0.0249710088125938,0,0,0.0289509722193433,0,0,0,0,0.0153165153299485,0.0287822003096042,0,0,0,1,0.0114930752904155,0,0.000740325860996373,0,0.00534911323549676,0,0.00180462115948538,0,0,0.0059996487296678,0.00778346678058412,0.0104103550266078,0,0,0.0166127870757282,0,0,0,0.0210049568129128,0.00371377290800909,0,0,0,0,0,0,0,0,0.0180568266321345,0,0,0,0,0.00136720262808079,0,0,0,0.0248550811118527,0.000375391656496569,0.0107585664677999,0,0,0,0,0,0,0,0.0166046598936552,0.00171463352651166,0,0,0,0,0,7.11136501399763e-05,0,0,0,0,0,0,0.000279143278159626,0.0226461306014547,0.021547600060534,0.0122372320393025,0.00410852223305794,0,0.00711619973125198,0.0374426747662956,0,0,0,0,0,0,0.0189872618655692,0,0,0,0,0,0.0085419288682519,0,0.00653771895831981,0,0,0.00587700977042721,0.00602324155515706,0,0,0,0,0,0,0,0.0158378566434679,0,0,0,0,0,0,0.0063065195811675,0,0,0.00790194114469235,0,0,0,0,0.0258948305573397,0,0,0,0.00358052723089541,0,0,0,0,0,0,0,0.0183703724219931
"Gfi1",0,0.0354430626537144,0,0,0,0,0,0,0,0,0,0,0,0.0140703094830766,0,0,0.00237184853019005,0,0,0,0,0,0,0,0,0,0,0,0,0,0,0,0,0,0,0,0,0,0,0,0,0.00486928025704943,0.00730051122356399,0,0,0,0.0114942357411433,1,0,0.00299928666717837,0,0,0,0,0,0.00123276337682567,0,0.0101429043882564,0,0.00140365329914667,0,0,0,0,0,0,0,0,0,0,0,0,0,0,0,0,0,0,0,0,0,0,0,0,0,0,0,0,0,0.00826989365505624,0.0163385855127706,0,0.0125954089026724,0,0,0,0,0,0,0.0432190441576292,0.00391643865990835,0,0,0,0,0,0,0,0.00589409356474405,0,0,0,0,0,0,0,0,0,0.0165057446858259,0,0,0,0,0,0,0.00214847298734105,0,0,0,0,0,0,0,0,0,0,0,0,0,0,0,0,0,0,0,0,0,0,0,0.0084731158287204,0,0,0,0,0,0,0,0,0,0,0,0,0,0,0,0,0,0,0,0
"Heyl",0,0,0.0920150488265968,0.0957678342967179,0,0,0,0,0,0,0.108560789897183,0.136677362970799,0,0,0,0,0,0,0,0,0,0,0,0,0,0,0,0,0,0,0,0,0,0,0,0,0,0,0,0,0,0,0,0,0,0,0,0,1,0,0,0,0,0,0,0,0,0,0,0,0,0,0,0,0,0,0,0,0,0,0,0,0,0,0,0,0,0,0,0,0,0,0,0.0608523356256037,0,0,0,0,0,0,0,0,0,0,0,0,0,0,0,0,0,0,0,0,0,0,0,0,0,0,0,0,0,0,0,0,0,0,0,0,0,0,0,0,0,0,0,0,0,0,0,0,0,0,0,0,0,0,0,0,0,0,0.00335962585209468,0,0,0,0,0,0,0,0,0,0,0,0,0,0,0,0,0,0,0,0,0,0,0,0,0,0,0
"Hic1",0,0,0,0,0,0,0,0,0.00630839213066965,0.00366394802103114,0,0,0.00383513810840914,0,0,0,0.148741154985291,0.00740736079143697,0,0,0.00586686315929395,0,0,0,0,0,0.00869053538466836,0,0,0,0,0,0.0013303365452949,0.0105520455078952,0,0,0.0174953595114255,0,0,0,0,0,0.0137842989779478,0,0,0,0.000739987880688081,0.00299868369633149,0,1,0,0,0,0,0,0,0,0,0,0,0,0,0,0,0,0,0,0,0,0.0075728406400312,0,0,0,0.0102806370868042,0,0.0071770584941533,0,0,0,0,0,0,0,0,0,0,0,0,0.00221751666428547,0.0138770969803994,0,0,0,0,0.00538989923916137,0,0,0,0,0,0.0303779901131023,0,0.0219598764154643,0,0.00840845678041011,0.00597006510335361,0.0423888978850966,0.0158339067924952,0,0,0.00054528728301171,0.00511468687988007,0.0103968243956467,0,0.0354158620601142,0.0224744719799291,0,0,0.0115325788423806,0,0,0.000817174079431914,0.0230269719201942,0.0145269631588454,0.00341844920742854,0,0,0,0,0,1.51041860747865e-05,0,0.00848665384715195,0.0214081985345698,0,0,0,0,0,0,0,0,0.0160225790199266,0,0,0.00879500297260428,0,0,0,0,0,0,0,0,0,0,0.00450469702680886,0,0,0.0249889374648269,0.000443458661153607,0,0,0,0,0.0162922229640956,0,0.0124317939742654,0,0
"Hinfp",0,0,0,0,0.0160687027873838,0,0,0,0,0,0,0,0,0,0.00848315150705246,0.000137410895032476,0,0,0,0,0,0,0,0,0,0,0,0,0,0,0.00607234598319404,0,0,0,0,0,0,0,0,0,0,0,0,0,0,0.00758658164751129,0,0,0,0,1,0,0,0,0,0,0,0,0,0,0,0,0,0,0,0,0,0,0,0,0,0,0.0060289913646961,0.00288087266933468,0,0,0,0,0,0,0,0,0,0,0,0,0,0,0,0,0,0.00404726988839392,0.00361114503547807,0,0,0,0,0,0,0,0,0,0,0,0,0,0.00431218641624336,0,0,0,0,0,0,0,0,0,0,0,0,0,0.000866249730526671,0.00696016234093629,0,0,0,0,0,0,0,0,0,0.00467418176224589,0,0,0,0,0,0,0,0,0,0,0,0,0,0,0.0223222606974833,0,0,0,0,0,0,0,0,0,0,0,0,0,0,0,0,0,0.00709056403806529,0,0,0,0,0
"Hmg20b",0,0.0314115994806732,0,0,0,0,0,0.00370250062080958,0.0248972063351035,0,0,0,0,0,0,0,0.0090933452846475,0,0.0269871716410916,0,0,0,0,0,0,0,0,0,0,0,0,0,0,0,0,0,0,0,0,0,0,0.00917703737184045,0,0,0,0,0.00534869074824547,0,0,0,0,1,0,0,0,0,0,0,0,0,0,0,0,0,0,0,0,0,0,0,0,0,0,0,0,0,0,0,0,0,0,0,0,0,0,0,0,0,0,0,0,0,0,0,0.00209685110421821,0,0,0,0,0,0,0,0,0,0,0,0,0,0,0.00666153831181165,0,0,0,0,0,0,0,0,0,0,0,0,0,0,0,0,0,0,0,0,0,0,0,0,0,0,0,0,0,0,0,0,0,0,0,0,0,0,0,0,0,0,0,0,0,0,0,0.0292595583599488,0,0,0,0,0,0,0,0,0,0,0,0
"Homez",0,0,0,0,0,0,0,0,0,0,0,0,0,0,0,0,0,0,0,0,0,0,0,0,0,0,0,0,0,0,0,0,0,0,0,0,0,0,0,0,0,0,0,0,0,0,0,0,0,0,0,0,1,0,0,0,0,0,0,0,0,0,0,0,0,0,0,0,0,0,0,0,0,0,0,0,0,0,0,0,0,0,0,0,0,0,0,0,0,0,0,0,0,0,0,0,0,0,0,0,0,0,0,0,0,0,0,0,0,0,0,0,0,0,0,0,0,0,0,0,0,0,0,0,0,0,0,0,0,0,0,0,0,0,0,0,0,0,0,0,0,0,0,0,0,0,0,0,0,0,0,0,0,0,0,0,0,0,0,0,0,0,0,0,0,0,0,0,0,0
"Ikzf1",0,0,0.00147543237076601,0,0,0,0,0,0.0410226596702429,0.00679822675700848,0,0,0,0,0,0,0.0117741616932182,0,0,0,0,0,0,0,0,0,0,0,0,0,0,0,0.00736098532154033,0,0,0,0.0103731087520056,0,0,0,0,0,0.019378135483046,0,0,0,0.00180490815159498,0,0,0,0,0,0,1,0,0.00656129452048027,0.00392075665775816,0,0,0,0,0,0,0,0,0,0,0,0,0.00031463575589082,0,0,0,0.016656285621932,0,0.00106312990288696,0,0,0,0.00792900876585366,0.00751369433059104,0,0,0,0,0,0.00259852544836291,0,0.000429440566269317,0.00024971980155991,0,0,0,0,0.0129037256930204,0,0,0.0117506361893295,0,0,0.000577566847332506,0,0.0189336698128439,0,0.00673469008158095,0,0.00566174880578205,0,0,0,0,0,0.000925302648959983,0,0.000358600432243279,0,0,0,0,0,0,0,0.00757619663143403,0,0,0,0.00443853371913737,0,0.00428082132298541,0,0,0,0.0058687605294706,0.00169404976013056,0,0,0,0,0,0.0150292871823095,0,0,0,0,0,0,0,0,0,0,0,0.00292475924533957,0,0,0,0,0,0,0,0.0126673870187677,0.0134776590634142,0,0,0.0186110162267175,0,0,0,0,0,0
"Ikzf3",0,0,0,0,0,0,0,0,0,0,0,0,0,0,0,0,0,0,0,0,0,0,0.0729255128545221,0,0,0,0,0,0,0,0,0,0,0.0538864848698492,0,0,0,0,0,0,0,0,0,0,0,0,0,0,0,0,0,0,0,0,1,0,0,0,0,0,0,0,0,0,0,0,0,0,0,0,0,0.0297304723407772,0,0,0,0,0,0.000664289357745574,0,0.0201310571958842,0,0,0,0,0,0,0,0,0,0.011073915395751,0,0.0037168858631429,0,0,0,0,0.0103846292028296,0.010901856470561,0,0,0.00716778670633964,0.0102554090681207,0,0,0.00847801078152349,0.00494731016004339,0,0,0,0,0,0,0.00425874635590202,0,0,0,0,0.0159871542657202,0,0,0,0,0,0,0,0,0,0,0,0,0,0.013479069861421,0,0.0141551805330912,0,0,0,0,0,0,0,0,0.00610175494428106,0,0,0,0.00986076964609877,0.00301787769722803,0,0,0,0,0,0.00393036696933114,0,0,0,0,0.00268907316542411,0,0,0,0,0,0.0269087187825483,0.0231598453932391,0,0,0,0
"Irf1",0,0.0115332048752825,0,0,0,0,0,0.00230654378449947,0.00107348103845877,0,0,0,0,0,0,0,0,0,0,0,0,0,0,0,0,0,0,0,0,0,0,0,0,0,0,0,0,0,0,0,0,0.0148098093654528,0,0,0,0,0,0.00121058238990529,0,0,0,0,0,0.00653447416251994,0,1,0.399171873438766,0.100921464359637,0.0248540002801286,0.0568490207154259,0.0826142518850855,0,0,0,0,0,0,0,0,0,0,0,0,0,0,0,0,0,0,0,0,0,0,0,0,0,0,0,0,0,0,0,0,0,0,0.00256804986556318,0,0,0,0,0,0.0570472034244156,0,0,0,0,0,0,0,0.000910822898259346,0.00100722498507686,0,0,0,0,0,0,0,0,0,0,0,0,0,0,0.127084086061463,0.199508804184185,0,0,0,0.000714994388675319,0,0,0,0,0,0,0,0,0,0,0,0,0,0,0,0,0,0,0,0,0,0,0,0,0,0,0.0232259010309052,0,0,0,0,0,0,0,0,0,0,0,0
"Irf2",0,0.00368787181824509,0,0,0,0,0,0.00372016455225756,0.00929032152456147,0,0,0,0.00634743802173027,0,0,0,0.00167786552279266,0.00146737730339235,0,0,0,0,0,0,0,0,0,0,0,0,0,0,0,0,0,0,0,0,0,0,0,0,0,0,0,0,0.00598529011071273,0,0,0,0,0,0,0.00390886289728343,0,0.399171084686815,1,0.0284955794878165,0.0607751001444484,0.224103708760054,0.0693955480350367,0.097659242625159,0,0,0,0,0,0,0,0,0,0,0,0,0,0,0,0,0,0,0.0153237510131361,0,0,0,0.00177503507436513,0.00911979681612807,0.00403512345263546,0,0.000177403763442954,0,0,0,0,0,0,0.0121069791881334,0,0,0,0,0,0.135785214335932,0,0,0,0,0,0,0,0.0155142654536742,0.00145571279281584,0,0,0,0,0,0,0,0,0,0,0,0,0,0,0.0239508046454978,0.0807859570763509,0,0.00191895254949938,0.00352693120168835,0.00844346863922245,0,0,0,0.0012404928698787,0,0,0,0,0,0,0,0,0,0.00616810920402304,0,0,0,0,0.00262846311418959,0,0,0,0,0,0,0,0,0,0,0,0,0,0,0,0,0,0,0,0
"Irf3",0,0,0,0,0,0,0,0,0,0.139453510131051,0,0,0,0.000421253235675072,0,0,0,0,0,0,0,0,0,0,0,0,0,0,0,0,0,0,0,0.073715285276094,0,0,0,0,0,0,0,0.000917498295026478,0,0,0,0,0.00777515498331332,0.0101315062404363,0,0,0,0,0,0,0,0.100918892853488,0.0284947221209483,1,0.0728668774566775,0,0.0230922369754422,0,0,0,0,0,0,0,0,0,0,0,0,0,0,0.00554251808228508,0,0,0,0,0,0,0,0,0.0212582228869914,0.00069136125620111,0,0,0,0,0,0,0,0,0,0,0,0,0,0,0,0.0808267981671555,0,0,0,0.0411919333670347,0,0,0,0,0,0,0,0,0,0.00700547592552874,0,0,0,0,0,0,0.0175716459393434,0,0,0.164874536412295,0.13098663378746,0,0,0,0,0,0,0,0,0,0,0,0,0,0,0,0,0,0,0,0,0,0,0.00380407908752952,0,0,0.0920002932683643,0,0,0,0,0.0807100363790023,0,0,0.0297099912013069,0,0.0194575872955511,0,0,0,0,0,0,0
"Irf4",0,0.0104254954752396,0,0,0,0,0,0.00990255073757404,0.0155333284648734,0,0,0,0,0,0,0,0.00393931344771259,0,0,0,0,0,0,0,0,0,0,0,0,0,0,0,0,0.00426629803876704,0,0,0,0,0,0,0,0,0,0,0,0,0.0104021154520992,0,0,0,0,0,0,0,0,0.0248581209679616,0.0607760157560411,0.0728683041050255,1,0.0462526894317299,0.473960865889072,0.129365951626916,0.000264871952426766,0,0,0,0,0,0,0,0,0,0,0,0,0,0,0,0,0,0.006567808780559,0,0,0,0.019228242727499,0.0165566728073386,0.00492589412646345,0,0,0,0,0,0,0.0132716142580174,0.00537184836913583,0.00106235053108465,0,0,0,0,0,0.0221473992567119,0,0,0,0,0,0,0.00140388170252149,0.0100935904340355,0.00959828985366969,0,0,0,0,0,0,0,0,0,0,0,0.0632524467329473,0,0,0.00779979707276055,0.0372498839014605,0,0,0.00549547208821283,0,0,0.0261675478973871,0,0,0,0,0,0,0,0,0,0.00753659584170161,0,0,0,0,0,0,0.00184311908462255,0,0,0.00413959769121343,0,0,0,0,0,0,0,0,0,0,0,0,0,0,0.0081127920378656,0,0.00534448158308648
"Irf7",0,0.0110770247333376,0,0,0,0,0,0,0.0260041497439379,0,0,0,0,0,0,0,0,0,0,0,0,0,0,0,0,0,0,0,0,0,0,0,0,0,0,0,0,0,0,0,0,0,0.00230516888179801,0.000122160688739343,0,0,0,0.00139523763629279,0,0,0,0,0,0,0,0.0568440486102204,0.224098357983788,0,0.0462361937529281,1,0.0605844556396893,0.0738449791008977,0,0,0,0,0,0,0,0,0,0,0,0,0,0.0210086261450423,0,0,0,0,0,0.0169734393636543,0,0,0.00411721156374536,0,0,0,0,0,0,0,0,0,0.00253559945294475,0,0,0,0,0,0,0.209315153000998,0,0,0,0,0,0,0,0,0.00369271598916507,0,0,0,0,0.00976047537565843,0,0,0,0,0,0,0,0.00347006270148865,0,0,0.0660017609668384,0,0,0.00426838048818718,0,0,0,0,0,0,0,0,0,0,0,0,0,0,0,0,0,0,0,0.00181894451863545,0,0,0,0,0,0,0,0,0,0,0,0,0,0,0,0,0,0.0015597547923014,0,0.00234478619781383
"Irf8",0,0,0,0,0,0,0,0,0,0,0,0,0,0,0,0,0,0,0,0,0,0,0,0,0,0,0,0,0,0,0,0,0,0.0294835693117605,0,0,0,0,0,0,0,0,0,0,0,0,0,0,0,0,0,0,0,0,0,0.0826205067882492,0.0693939771301201,0.0230890826232312,0.47395523758737,0.0605891528966354,1,0,0,0,0,0,0,0,0,0,0,0,0,0,0,0,0,0,0,0,0,0,0,0,0.00135939994135217,0,0,0,0,0,0,0,0,0,0,0,0,0,0,0,0,0.121903904843187,0,0,0,0,0,0,0,0,0,0,0,0,0,0.00356124912315994,0,0,0,0,0,0,0.0831433545544218,0,0,0.00524791635859291,0.0638749731720552,0,0,0,0,0,0,0,0,0,0,0,0,0,0,0,0,0,0,0,0,0,0,0.00182606459166768,0,0,0,0,0,0,0,0,0.00395534449845581,0,0,0,0,0,0,0,0,0,0,0
"Irf9",0,0.0113961375027728,0,0,0,0,0,0,0,0,0,0,0,0.0079791860757212,0,0,0,0,0,0,0,0,0,0,0,0,0,0,0,0,0,0,0,0,0,0,0,0,0,0,0,0,0,0,0,0,0.0166115240752386,0,0,0,0,0,0,0,0,0,0.0976510245516042,0,0.12935767580392,0.0738434305356269,0,1,0,0,0.00745202818047737,0,0.00398509420239055,0,0,0,0,0,0,0,0,0,0,0,0,0,0,0,0,0,0,0,0,0,0,0,0,0,0,0,0,0,0,0,0,0,0,0,0,0,0,0,0,0,0,0,0,0,0,0,0,0,0,0,0,0,0,0,0,0,0,0,0.0180542795446569,0,0,0,0,0,0,0,0,0,0,0,0,0,0,0,0,0,0,0,0,0,0,0,0,0,0,0,0,0,0,0,0,0,0,0,0,0,0,0,0,0,0,0.00443597679358402
"Isl2",0,0.131161689814593,0,0,0,0,0,0,0.0578058938844602,0,0,0,0,0,0,0,0,0,0,0,0,0,0,0,0,0,0,0,0,0,0,0,0,0,0,0,0,0,0,0,0,0,0.0128278012968258,0,0,0,0,0,0,0,0,0,0,0,0,0,0,0,0.00026530238059115,0,0,0,1,0,0,0,0,0,0,0,0,0,0,0,0,0,0,0,0,0,0,0,0,0,0,0,0,0,0,0,0,0,0,0,0,0,0,0,0,0,0,0,0,0,0,0,0,0,0,0,0,0,0,0,0,0,0,0,0,0,0,0,0,0,0,0,0,0,0,0,0,0,0,0,0,0,0,0,0,0,0,0,0,0,0,0,0,0,0,0,0,0,0,0,0,0,0,0,0,0,0,0,0,0,0,0,0,0,0,0
"Jdp2",0,0.00290923826235987,0,0,0.134386854000319,0.14378543187599,0.170304133067425,0.017801944472905,0.00812300004314264,0,0,0,0,0,0.167437679105965,0.0958166099494673,0,0,0,0,0,0,0,0,0,0,0,0,0,0,0,0,0.00168979922081017,0,0,0,0,0,0.000346893504622617,0,0.0020516923847253,0,0,0,0,0,0,0,0,0,0,0,0,0,0,0,0,0,0,0,0,0,0,1,0.128024645942927,0.0231556034301893,0.0585011182069376,0,0,0,0,0,0,0,0,0,0,0,0,0.007457672007553,0,0,0,0,0,0,0,0.00423115128591053,0,0,0,0,0,0,0.00312364923287086,0,0,0,0.0038032730016568,0,0.00875258701173585,0,0.00362916299347395,0,0,0,0.0029677350347478,0,0.0076110269790325,0,0,0,0,0,0.00601898294643657,0,0,0,0.0009431311938806,0,0,0,0,0,0.00394837144958482,0,0,0.0124979806137869,0,0,0,0,0,0,0.00857366601950077,0.0111004389250781,0,0,0,0.0019507226441783,0.00621666280358151,0,0.0226059346641777,0,0,0,0,0,0,0,0,0,0,0,0,0,0.000145812258656604,0,0,0,0,0,0,0.00050993697668403,0,0,0.00499805158996844,0,0.00946247098863393,0
"Jun",0,0,0,0,0,0,0,0.05175376826497,0,0,0,0,0,0.0361824658651157,0,0,0,0.024760014420042,0,0,0,0,0,0,0,0,0,0,0,0,0,0,0,0,0,0,0,0,0.228333869632633,0,0,0,0.002829488919805,0,0,0,0,0,0,0,0,0,0,0,0,0,0,0,0,0,0,0.00745159722474398,0,0.12801706632824,1,0.200872577419054,0.295021488068295,0,0,0,0,0,0,0,0,0.0110230079895449,0,0,0,0,0,0,0,0,0,0.00452697905853656,0.0271195595118894,0,0,0,0,0,0,0.0338182262580526,4.70797684410735e-05,0,0,0,0,0,0,0,0,0,0,0,0,0,0,0,0,0.00318917852203976,0,0,0,0.00234852462187832,0,0,0,0,0,0,0,0,0,0,0,0,0,0,0,0,0,0.00345027751210038,0.00596651689581406,0,0,0,0,0,0,0,0,0,0,0,0,0,0,0.0053987570553124,0,0,0,0,0,0,0,0,0,0,0,0,0,0,0,0,0,0,0,0
"Junb",0,0,0,0,0,0,0,0.158943737176978,0.00300641262291342,0,0,0,0.00371008806598249,0,0,0,0.00890739573477785,0,0.000798723512866266,0,0,0,0,0,0,0,0,0,0,0,0,0.00817736412604815,0,0,0,0,0.0126856247755611,0,0.114833329311264,0,0.000307403850109961,1.22698959716335e-05,0.0128857718752413,0.00667937429083532,0,0,0.0210057859785095,0,0,0,0,0,0,0,0,0,0,0,0,0,0,0,0,0.0231523129459637,0.200873688071355,1,0.324630278867203,0,0,0,0,0,0,0,0,0.0154616805592687,0,0,0,0,0,0,0,0,0.014985933424864,0,0.0147104828262727,0,0,0.00609379345383902,0,0,0,0.0134892095930121,0,0.00970104481146267,0,0,0,0,0,0,0,0,0,0,0,0,0,0.0010145172691774,0.00450550566333409,0.00555192312972606,0.00672784308682039,0,0.0110667854688219,0,0,0,0,0,0,0,0.00124190294849247,0.00521235747372159,0,0,0,0.0023807799334566,0.00443660394694682,0,0.00721482556238518,0,0.00940174113252125,0.0120669245525868,0,0,0,0,0,0,0,0,0.0159622516507924,0,0,0,0,0,0,0.0150859455956364,0,0,0,0,0,0,0,0,0,0,0,0,0,0,0,0,0,0.00974334695027387,0,0.00490949797386987
"Jund",0,0,0,0,0,0,-0.00770254122969001,0.130537154195969,0,0,0,0,0,0,-0.0050511339932287,0,0,0,0,0,0,0,0,0,0,0,0,0,0,0,0,0.00245133257451733,0,0,0,0,0,0,0.24957969552733,0,0,0,0,0,0,0,0.00370995887418315,0,0,0,0,0,0,0,0,0,0,0,0,0,0,0.00398490032783704,0,0.0585026222835941,0.295020201881845,0.324626155666951,1,0,0,0,0,0,0,0,0,0,0,0,0,0,0,0,0,0,0.0239454085065431,0.0351455612709227,0,0,0,0,0,0,0,0.0277722431353712,0,0.00881852686713176,0,0,0,0,0,0,0,0,0,0,0,0,0,0,0.00133764205277791,0.00166400683694131,0,0,0,0,0,0,0,0,0,0,0,0.00860332599853634,0,0,0,0,0,0,0,0,0.00448384096454257,0,0,0,0,0,0,0,0,0,0.00252882602161681,0,0,0,0,0,0,0,0,0,0.00314067524344548,0,0,0,0,0,0,0,0,0,0,0,0,0,0,0,0,0
"Klf10",0,0,0,0,0,0,0,0,0,0,0,0,0,0,0,0,0,0,0,0,0,0,0.0192865902612234,0.0548659013140469,0.0422050364179557,0,0,0,0,0,0,0,0,0,0,0,0,0,0,0,0,0,0,0,0,0,0,0,0,0,0,0,0,0,0,0,0,0,0,0,0,0,0,0,0,0,0,1,0.000938114433948286,0.0560274404833991,0.0562129042501296,0.0738414939668399,0.0102624524656633,0.0102265944105858,0,0,0,0.00175108411448746,0,0,0,0,0,0,0,0,0,0,0,0,0,0,0,0,0,0,0,0.00962804101894442,0,0,0,0,0.0160686035823179,0,0,0,0,0,0,0,0,0,0,0,0,0,0.00693652897529065,0.0374399557269199,0,0.028658374703506,0.0597104017812405,0.0127463987896925,0,0,0.046644031484085,0,0,0,0,0,0,0,0,0.0079676356217959,0.0100115282518063,0,0,0,0,0,0,0,0,0,0,0.00932369933211383,0.00472572241190563,0.00949880931761093,0,0,0,0,0,0.00740919899987237,0,0,0.0550539118294342,0,0,0,0,0,0,0,0,0.000846633547637728,0.0104531916585817,0.00201792699371235,0.000180954717992875,0
"Klf13",0,0,0.000562050886235027,0,0,0,0,0,0,0,0,0,0,0,0,0,0,0,0,0,0,0,0,0,0,0,0.00194294201252168,0,0,0,0.00113432106361081,0,0,0,0,0,0,0.00200231386143422,0,0,0,0,0,0,0,0,0,0,0,0,0,0,0,0,0,0,0,0,0,0,0,0,0,0,0,0,0,0.000939299256342021,1,0.0465329116166525,0,0,0.0849539059165017,0.0857550953548941,0,0,0,0,0,0,0,0,0,0,0,0,0,0,0,0,0.00584110329336703,0,0.00697601573169506,0,0,0,0,0,0,0,0.0111774214645775,0,0,0,0,0,0,0,0,0,0,0,0,0,0,0,0,0,0,0,0,0.0550012171015593,0,0,0,0,0,0,0,0,0,0.00385037606651312,0,0,0,0,0,0,0,0,0,0,0,0,0,0,0,0,0,0,0,0,0,0,0,0,0,0,0.00301107888188239,0,0,0,0,0,0,0,0,0,0,0
"Klf2",0,0,0.000260987757641845,0,0,0,0,0,0,0,0,0,0,0,0.00214476770152108,0,0,0,0,0.0191265897840383,0,0.0160101481187817,0,0,0.0146351641181072,0,0,0,0,0,0,0,0,0,0,0,0,0,0,0,0,0,0,0,0,0,0,0,0,0.00756160519552331,0,0,0,0.000305152380625737,0,0,0,0,0,0,0,0,0,0,0,0,0,0.056018049468725,0.0465381211152969,1,0.0897801999272176,0.0236923415780021,0.318715088939366,0.341323225596223,0,0,0.00344288211618362,0,0,0,0,0,0,0.00343726238768026,0,0,0,0,0,0,0,0,0,0,0,0,0,0.0688336768805427,0.000762522323106659,0,0,0,0,0,0,0,0,0,0,0,0,0,0,0,0,0,0,0,0.000577808010440557,0,0,0,0,0.00773123722527945,0.0212545272046816,0,0,0,0,0,0,0,0,0,0,0,0,0,0,0,0,0,0,0,0,0,0,0,0,0,0,0.00201679706988885,0,0,0,0,0,0,0.00495084176311906,0,0,0,0,0,0,0,0,0,0.00416538077337273,0
"Klf3",0.00786779853689002,0,0,0,0,0,0,0,0,0,0,0,0,0,0,0,0,0,0,0.0582076746810258,0,0.0431636341217872,0,0.0173498614527432,0,0,0,0,0,0,0,0,0,0,0,0,0,0.00428850567164116,0,0,0,0,0,0,0,0,0,0,0,0,0,0,0,0,0,0,0,0,0,0,0,0,0,0,0,0,0,0.0561960667313753,0,0.0897919660754385,1,0.218481369583843,0.103263662804799,0.059386130756317,0,0,0.00491368913464855,0,0.0128628229798021,0.0149759382542357,0,0,0,0.0207158535763431,0,0,0,0,0,0,0,0,0,0,0,0,0.00337811246552785,0.11925971294725,0.00329576179960978,0,0,0,0,0.00307315374351722,0,0,0.00114794678265255,0,0,0,0,0,0,0,0,0,0,0.0148895823405967,0,0.0642517419493714,0.156322629835617,0.101928075600609,0,0,0.00206627660669136,0,0,0,0,0,0,0,0,7.31470401876688e-05,0,0,0,0,0,0,0,0,0,0,0,0.00958419182848209,0,0,0,0,8.0585482862052e-05,0.00329629526139749,0,0.0184297844009952,0,0,0,0,0,0,0,0,0,0,0,0,0,0,0.0146932985080247,0
"Klf6",0,0,0,0,0,0,0,0,0,0,0,0,0,0,0,0,0,0,0,0.0251963280767512,0,0.00548707187187253,0.00964667641567054,0.0069479458698071,0.0214542452413012,0,0,0,0,0,0,0,0,0,0,0,0,0,0,0,0,0,0,0,0,0,0,0,0,0,0,0,0,0,0.0297362727309112,0,0,0,0,0,0,0,0,0,0,0,0,0.0738326144704811,0,0.0237021820609369,0.218512800192658,1,0.00942049325168601,0,0,0,0,0.0804568960966709,0.00675244286660791,0.0204563911998405,0,0,0,0.00592309724978155,0,0,0,0,0,0.000484647623899145,0,0,0,0,0,0,0,0.137152478152901,0.00295111497585894,0,0,0,0.00663230614062333,0,0,0,0.00172689296424023,0,0,0,0,0,0,0,0,0,0.00453718479281716,0.0944805075512633,0.00262187155369851,0.0680334707698145,0.100108624567387,0.0542975519971327,0,0,0.00545462299460822,0,0,0,0,0,0,0,0,0.00115626128095972,0,0,0,0,0,0,0,0,0.00205342104972082,0,0,0.00312358445055569,0,0.0613750408155197,0,0,0.00302359321475568,0,0,0,0,0.0118581962895784,0,0,0,0,0,0,0,0,0,0.00880631425322735,0,0.0123120684684613,0.00651212117442527,0
"Klf7",0,0,0,0,0,0,0,0,0,0,0,0,0,0,0,0,0,0,0,0.0775087159359934,0,0.0544278529569084,0,0,0,0,0,0,0,0,0,0,0,0,0,0,0,0,0,0,0,0,0,0,0,0,0,0,0,0,0.00602906992865284,0,0,0,0,0,0,0,0,0,0,0,0,0,0,0,0,0.0102464733072755,0.0849522192321435,0.318716753667056,0.103284553784002,0.00944654611804907,1,0.300536063955745,0,0,0,0,0,0,0,0,0,0,0,0,0,0,0,0,0,0,0,0,0,0,0.00441037787782078,0,0,0,0,0,0,0,0,0,0,0,0,0,0,0,0,0,0,0,0,0,0,0,0,0.0897853044564502,0,0,0,0,0,0,0,0,0,0,0,0,0,0,0,0,0,0,0,0,0,0,0,0,0,0,0,0,0,0.00141064164678887,0,0,0,0,0,0,0,0,0,0,0,0,0,0,0,0,0,0
"Klf8",0,0,0,0,0,0,0,0,0,0,0,0,0,0.00530776751304722,0.009177792947852,0,0.0196809118721591,0,0,0.0163622783770054,0,0.0264910090395248,0,0,0.0063706090324778,0,0.00608415135735275,0,0,0,0,0,0,0,0,0,0,0.00198984345262239,0,0,0,0,0,0,0,0.00660215317345862,0,0,0,0.0102801869327321,0.00288063300454098,0,0,0.0166578733868249,0,0,0,0,0,0,0,0,0,0,0,0,0,0.0102250621042945,0.0857551290598351,0.341326344861642,0.0594005590186495,0,0.300531467488688,1,0,0,0.018051371574146,0,0,0.00897028372850041,0,0,0,0,0,0,0,0,0,0,0,0,0,0,0,0,5.89110621177866e-05,0.042382926830619,0,0,0,0,0.00815082329722191,0,0,0,0.000848867481337732,0.00308669227147114,0,0,0,0,0,0,0,0,0.00256672127644834,0,0.000430512725735938,0,0,0.0414344464293223,0,0,0,0,0,0,0,0,0,0,0,0,0.00103440376511943,0,0,0,0,0,0,0,0.00121341211597681,0,0,0,0,0,0,0,0,0,0,0.00418404372967315,0,0,0,0,0.0159398565077722,0.00030779724310642,0,0,0,0.00536002256811246,0,0,0,0,0.0365610139597792,0
"Klf9",0,0,0,0,0,0,0,0,0,0,0,0,0,0,0,0,0,0,0,0,0,0,0,0,0,0,0,0,0,0,0,0,0,0,0,0,0,0,0,0,0,0,0,0,0,0,0,0,0,0,0,0,0,0,0,0,0,0,0,0,0,0,0,0,0,0,0,0,0,0,0,0,0,0,1,0,0,0,0,0,0,0,0,0,0,0,0,0,0,0,0,0,0,0,0,0,0,0,0,0,0,0,0,0,0,0,0,0,0,0,0,0,0,0,0,0,0,0,0,0,0,0,0,0,0,0,0,0,0,0,0,0,0,0,0,0,0,0,0,0,0,0,0,0,0,0,0,0,0,0,0,0,0,0,0,0,0,0,0,0,0,0,0,0,0,0,0,0,0,0
"Mafk",0,0.0213129460516706,0,0,0,0,0,0.0591407475356396,0.0196040464405021,0.00597741288059887,0,0,0.00139197694184116,0,0,0,0.0162397559414319,0,0,0,0,0,0,0,0,0,0,0,0,0,0,0,0,0,0,0,0.00076473391041396,0,0.0699466038571939,0,0,0,0.00872759434074103,0.00400429030791484,0,0,0.0180555768473186,0,0,0.00717301520284098,0,0,0,0.00106015004216941,0,0,0,0.00554582117182956,0,0.0210157144904578,0,0,0,0,0.0110237602156402,0.0154625017725564,0,0,0,0,0,0,0,0,0,1,0,0,0,0,0.000503184317283538,0,0,0,0.000329097857440258,0,0.276984835150237,0.00433794074667585,0,0,0,0,0,0.00724048779028139,0.0100199206271927,0,0,0,0,0,0,0,0,0,0,0,0,0,0,0,0.024608134947132,0.00227709438658402,0.00475687310933418,0,0.0148014971998793,0,0,0,0.00838950824926609,0,0,0,0.0103412215555831,0.00665814577423358,0,0,0,0.0119874078494158,0.00103748036742746,0,0,0,0.00781079566148164,0.0111371123981181,0,0,0,0,0,0,0,0,0,0,0,0,0,0,0,0.0147556855739904,0,0,0,0,0,0,0,0,0,0,0,0,0,0,0,0,0,0.00548126265232549,0,0
"Max",0,0,0.220195280094122,0.041165922122398,0,0,0,0,0,0,-0.00550585690328806,0,0,0,0,0.00821217672135205,0,0,0,0,0.00693635666418667,0,0,0.00555472258008026,0,0.00210193016106357,0,0,0,0,0,0,0,0,0,0,0,0,0,0,0,0,0,0,0,0,0,0,0,0,0,0,0,0,0,0,0,0,0,0,0,0,0,0,0,0,0,0,0,0.00342966212894305,0.00490805065968177,0,0,0.0180453005398922,0,0,1,0,0.0111051579708222,0,0,0,0.0416754434540278,0.332857866011322,0,0,0,0,0,0,0,0.00422367955673716,0,0,0,0,0.0253438995351697,0,0,0,0,0,0,0,0,0,0,0,0,0,0,0,0,0,0,0,0,0,0,0.00198035356281866,0,0,0,0,0,0,0,0,0,0,0,0,0,0.00414211772404862,0,0,0,0,0,0,0,0,0,0,0,0,0,0.00458486540947003,0,0,0,0.00851032760487151,0,0,0,0.00871992537909301,0,0,0,0,0,0,0,0,0,0,0,0,0.000428908436986611,0
"Maz",0,0,0,0,0,0,0,0,0,0.0657795912955115,0,0,0,0,0,0,0,0,0,0,0,0,0.0502175951572815,0,0,0,0,0,0,0,0,0,0,0,0,0,0,0,0,0,0,0,0,0,0,0,0,0,0,0,0,0,0,0,0.000659357003503727,0,0,0,0,0,0,0,0,0,0,0,0,0.00174494524277434,0,0,0,0.0804445847460305,0,0,0,0,0,1,0,0,0,0,0,0,0,0,0,0,0,0,0,0,0,0,0,0,0,0,0,0,0,0,0.00797239346654319,0,0.095976431179991,0.24922783496318,0,0,0,0,0,0,0,0,0,0,0,0.138646223821429,0.00680371757716793,0,0.00633692651392102,0,0,0,0.0230707338143884,0,0,0,0,0,0,0.00446758186112066,0,0,0,0,0,0,0,0,0,0,0,0,0,0,0,0.178447622936512,0,0,0,0,0,0,0.0788488510984387,0.00867113499285907,0.149558970897367,0,0.00884118013295627,0,0.0791924851893781,0,0,0,0,0,0.0308644040384348,0,0,0
"Mbd2",0,0,0,0,0,0,0,0,0,0,0,0,0,0,0,0,0,0,0,0.00387434910095811,0.0327381078530684,0,0,0,0,0,0,0,0,0,0.0020424537591812,0,0,0,0,0,0,0.019433105123468,0,0,0,0,0,0,0,0.00112373299060906,0,0,0,0,0,0,0,0,0,0,0,0,0,0,0,0,0,0,0,0,0,0,0,0,0.0128664231323966,0.00676073748087053,0,0,0,0,0.0111101382666384,0,1,0.0105630955388631,0,0,0,0,0,0,0,0,0,0,0,0,0,0,0,0,0.0356453682877723,0,0,0,0,0,0,0,0,0,0.0148048266396358,0,0,0,0,0,0,0,0,0,0,0.0365514399258723,0,0.0624737233991483,0.00106649467042552,0,0,0,0,0,0,0,0,0,0,0.0153944468018401,0,0,0,0,0,0,0,0,0,0,0.00207834984925021,0,0,0,0.0249189306524497,0.0211282544137493,0,0,0,0,0,0.0327542374105899,0.00397168610780672,0,0,0,0,0.000765984436995979,0,0,0,0.00548781030994269,0.0501289893854839,0.0257828620153893,0,0,0.0232606955992053,0
"Mecp2",0.0193015183870937,0,0.0124201657292264,0,0,0,0,0,0.00541995229852569,0,0,0,0,0,0,0.0123252259407827,0.00256685838322134,0,0,0,0,0,0,0.00445396970695517,0,0.0241195646136769,0,0,0,0,0,0,0,0,0,0,0,0.00892670501862669,0,0,0,0,0,0.0133702774976162,0,0,0,0,0,0,0,0,0,0.00792912755242624,0.0201310884477295,0,0,0,0,0,0,0,0,0.0074634738080652,0,0,0,0,0,0,0.014978075896903,0.0204463410613901,0,0.00897254913089355,0,0,0,0,0.0105614983820712,1,0,0,0,0,0,0,0,0,0,0,0,0.0150022010209366,0,0,0,0,0,0.00805989845487888,0,0,0.0182896466773758,0,0,0,0,0,0.00165264430686095,0,0,0,0,0,0,0,0,0,0,0.00267456131948774,0,0.0134702590798101,0.0014198440458047,0.00280315847954245,0,0,0.00485730328078867,0,0,0,0,0,0,0,0,0,0,0,0,0.00114966728121686,0,0,0,0,0.0105645440852192,0,0,0,0.0317592480955481,0,0,0.0107081113187229,0,0.00793275465354474,0,0,0.0295843419773575,0.00248230301060693,0,0,0,0,0,0,0,0.0344266138010129,0.0313492876975225,0.111978627908256,0,0,0.0444441946211639,0
"Meis3",0,0,0,0,0,0,0,0.0039783599768232,0.022779918584195,0,0,0,0,0,0,0,0.0174337451627746,0,0,0,0,0,0,0,0,0,0.00164347290506702,0,0,0,0,0,0.0064171447299868,0,0,0,0.0103487458120274,0,0,0,0,0,0.0326263252788548,0,0,0,0.00136604126566939,0,0,0,0,0,0,0.00751421899789209,0,0,0.0153431869405516,0,0.00658615253401767,0,0,0,0,0,0,0,0,0,0,0,0,0,0,0,0,0.000503273217355437,0,0,0,0,1,0,0,0,0.00209330208997427,0,0.0242054989245622,0,0,0,0,0,0,0.00673378097547355,0,0,0,0,0,0,0.373212126580144,0,0,0,0,0,0,0,0,0.00397418678362115,0.00788796852017384,0.0133479990915068,0.00914572711616346,0,0.0271459010103786,0.0131126085048045,0.0228890870140134,0,0,0,0,0,0.0138172856015048,0.0144084345757439,0.00431085088689123,0,0,0.0192199392150213,0.00991090613973811,0,0.000512702744600642,0,0.0127626245195207,0.0198541919975109,0.0259529920566566,0,0,0,0,0,0,0,0.0185460704166184,0,0,0,0,0,0,0.0259838987088254,0,0,0,0.00385588730964957,0,0,0,0,0.000640863698166718,0.00854184089147396,0.00125344976278219,0,0,0,0,0,0,0,0,0
"Meox2",0,0.0316309567388267,0,0,0,0,0,0,0.0161321876433753,0,0,0,0,0,0,0,0,0,0,0,0,0,0,0,0,0,0,0,0,0,0,0,0,0,0,0,0,0,0,0,0,0,0,0,0,0,0,0,0,0,0,0,0,0,0,0,0,0,0,0.0169738821854563,0,0,0,0,0,0,0,0,0,0,0,0,0,0,0,0,0,0,0,0,0,1,0,0,0,0,0.0010665258615776,0,0,0,0,0,0,0,0,0,0,0,0,0,0,0,0,0,0,0,0,0,0.00926300132314018,0,0,0,0,0,0,0,0,0,0,0,0,0,0,0,0,0,0,0,0,0,0,0,0,0,0,0,0,0,0,0,0,0,0,0,0.18134667293859,0,0,0,0,0,0,0,0,0,0,0,0,0,0,0,0,0,0,0,0,0,0,0,0,0
"Mlx",0,0,0.190511561015798,0.211876348081868,0,0,0,0,0,0,0.116889959971412,0,0,0,0,0,0,0,0,0,0,0,0,0,0,0,0,0,0,0,0,0,0,0,0,0,0,0,0,0,0,0,0,0,0,0,0,0,0,0,0,0,0,0,0,0,0,0,0,0,0,0,0,0,0,0,0,0,0,0,0,0,0,0,0,0,0.0416769060221501,0,0,0,0,0,1,0,0,0,0,0,0,0,0,0,0,0,0,0,0,0,0,0,0,0,0,0,0,0,0,0,0,0,0,0,0,0,0,0,0,0,0,0,0,0,0,0.0388543050632748,0,0,0,0,0,0,0,0,0,0,0,0,0,0.024075814165167,0.155312621982182,0,0,0,0,0.181847511255155,0,0.0032538445983381,0,0,0,0,0,0,0,0,0,0,0,0,0,0,0,0,0,0,0,0,0,0,0,0
"Mxd1",0,0,0.0839194794582071,0.0469502296083427,0,0,0,0,0,0,0,0,0,0,0,0,0,0,0,0.00206973509663132,0,0,0,0.0072280298268789,0.00467082116663089,0,0,0,0,0,0,0,0,0,0,0,0,0,0,0,0,0,0,0,0,0,0,0,0.0608520995077927,0,0,0,0,0,0,0,0,0,0,0,0,0,0,0,0,0,0,0,0,0.00343219700705264,0.0207046179535659,0.00591707327578209,0,0,0,0,0.332860012432349,0,0,0,0,0,0,1,0,0,0,0,0,0,0,0,0,0,0,0,0.00338582906261663,0.0098045208383377,0,0,0,0,0,0,0,0,0,0,0,0,0,0,0,0,0,0,0,0,0,0.00817845203770811,0.00357410425586528,0,0,0,0,0,0,0.00244821473137002,0.00416568309091524,0,0,0,0,0.0240224491724818,0,0,0,0,0,0,0,0,0,0,0,0,0.0175884587332744,0.000121338381382818,0,0,0,0.00958166428930034,0,0,0,0.00807959593834216,0,0,0,0.00265072942376561,0,0,0,0,0.00672609813090049,0.0349600998788288,0,0,0,0
"Nfatc1",0,0,0,0,0,0,0,0.0100893100214526,0.0191744118778416,0,0,0,0.00238563306363698,0,0,0,0,0,0,0,0,0,0,0,0,0,0,0,0,0,0,0,0,0.00305016649851437,0,0,0.000966279469810936,0,0.00427578882347241,0,0,0,0.021973436457103,0.0233609822616139,0,0,0.0248550906772197,0,0,0,0,0,0,0,0,0,0.00178001402334273,0.0212588441174909,0.0192288577785336,0.00411950210725374,0.00135999811387823,0,0,0,0,0.0149842593139734,0.0239454701569986,0,0,0,0,0,0,0,0,0.000328184621922287,0,0,0,0,0.00208985358512879,0,0,0,1,0.0177177143525358,0,0.00214326097023399,0,0,0,0,0,0.0286932721951955,0.00577597595345598,0.0201394153028554,0,0,0,0,0.00239620103939248,0,0,0,0,0,0,0,0.00200825042937295,0.00174386083574287,0.0190134814659469,0.00162263482572725,0,0,0.00993614625035842,0.00522417445451443,0,0,0,0,0,0,0.0120347872645613,0,0,0.00394598947025195,0,0.00536111754572125,0.011484228998731,0,0,0,0.0423087702113879,0.0151133715466302,0,0,0,0,0,0,0,0,0,0,0.000443364852401417,0,0,0,0,0.00051356413556654,0,0,0,0,0,0,0,0.0134244898664769,0,0,0,0,0,0,0,0,0,0,0,0
"Nfe2l1",0,0.0227089281391436,0,0,0,0,0,0.0802912440715486,0.0400404492829223,0,0,0,0.00942710713954726,0,0,0,0.00446954671138993,0,0,0,0,0,0,0,0,0,0,0,0,0,0,0,0,0,0,0,0.00180128620791996,0,0,0,0,0,0.00508660544124818,0,0,0,0.00037508168428726,0,0,0,0,0,0,0,0,0,0.00912242729654776,0.000692225641269965,0.0165568779694269,0,0,0,0,0,0.00452579464708706,0,0.03514647134595,0,0,0,0,0,0,0,0,0,0,0,0,0,0,0,0,0,0.017718003767038,1,0.0114277510370029,0,0,0,0,0,0,0,0.000202918569163259,0.0137882090807876,0,0,0,0,0,0,0,0,0,0,0,0,0,0.00767679373181278,0.00355297627104268,0.0105525116636623,0,0,0,0.0105580989462402,0,0,0,0,0,0,0.000665691769319558,0,0,0,0,0,0,0,0,0,0,0,0,0,0,0,0,0,0,0,0,0,0,0,0,0,0,0,0,0,0.00581943469937971,0,0,0,0,0.00878256110112434,0,0,0,0,0,0,0,0,0,0.00176444196652842,0,0
"Nfe2l2",0,0,0,0,0,0,0,0.0923259827225944,0.0182374516611967,0,0,0,0.00314771430988848,0,0,0,0.000871382929409611,0.00612742898078958,0,0,0,0,0,0,0,0,0,0,0,0,0,0.00444337841926614,0,0,0,0,0.00802313412443637,0,0.0683573694968868,0,0,0,0.00524880547324818,0,0,0,0.0107577379389101,0,0,0,0,0,0,0.00259758716863808,0,0,0.00404542308483787,0,0.00493492498654734,0,0,0,0,0,0.0271206162134641,0.0147117801301603,0,0,0,0,0,0,0,0,0,0.276985562980383,0,0,0,0,0.0242018518240355,0.00106663135309242,0,0,0,0.0114277795317308,1,0,0,0.0102951825462922,0,0,0,0.014922348256215,0.0148311987097579,0,0,0,0,0,0,0.0041081144495532,0,0,0,0,0,0,0.0185978756688456,0.0133733253404081,0.00129940414574358,0.00288060067442281,0.00835322404266864,0,0.014561233368739,0.000615503863394436,0,0,0,0,0,0,0.0153992293519558,0.00103208854025779,0,0,0,0,0,0,0,0,0.0316711616391878,0.0100141889398806,0.0158829904725586,0,0,0,0,0,0,0,0.0141702311809295,0,0,0,0,0,0,0.00636338428439937,0,0,0.00669920038893516,0,0,0,0,0,0,0,0,0,0,0,0,0,0,0.0155764234524089,0,0.00360759070085051
"Nfil3",0,0.00884712848122404,0,0,0,0.00804855280489877,0,0,0,0,0,0,0,0.186623438238924,0,0,0,0.1794816931183,0,0,0,0,0,0,0,0,0,0,0,0,0,0,0,0,0,0,0,0,0,0,0,0.026688998597857,0.00521222467248049,0,0,0,0,0,0,0,0,0,0,0,0,0,0,0,0,0,0,0,0,0.00423075917090559,0,0,0,0,0,0,0,0,0,0,0,0.00433761167792568,0,0,0,0,0,0,0,0,0.00214321991642334,0,0,1,0,0,0,0,0,0,0,0,0,0,0,0,0,0,0,0,0,0,0,0,0,0.00107398274153631,0.00731692365393142,0,0,0,0,0,0,0,0,0,0,0,0.0131620935991099,0,0,0,0,0,0,0,0,0,0,0.00792247897489562,0,0.436134066015547,0,0,0,0,0,0,0,0,0,0,0,0,0,0,0,0,0,0,0,0,0,0.00355908511658619,0,0,0,0,0,0,0,0,0,0,0,0
"Nfkb1",0,0,0,0,0,0,0,0,0,0,0,0,0,0,0,0,0,0,0,0,0,0,0,0.00012686164926482,0,0,0,0,0,0,0,0,0,0.0127052409332866,0,0,0,0,0,0,0,0,0.00914427175594471,0,0,0,0,0,0,0.00221784095360664,0,0,0,0.000429375054829239,0,0,0.000199472818228973,0,0,0,0,0,0,0,0,0,0,0,0,0,0,0,0,0,0,0,0,0,0,0,0,0,0,0,0,0,0,0,1,0.672564821590309,0,0,0,0,0,0,0,0,0,0,0.00561676717047425,1.90054191205415e-05,0.00353775926761586,0,0,0.0459394135365258,0,0,0,0.00338166458963841,0.00128220734343502,0,0.00197228653436571,0,0,0,0,0,0,0,0,0,0.00303005994001772,0,0.00397395782306614,0,0,0,0,0,0,0,0,4.20480018324909e-06,0,0,0,0,0,0,0,0,0,0,0,0,0,0,0,0,0,0,0,0,0,0.00330592417840242,0,0,0,0.00953196894617136,0,0,0,0,0,0,0,0,0.00420431775990584,0
"Nfkb2",0,0,0,0,0,0,0,0,0,0,0,0,0,0,0,0,0,0,0,0,0,0,0.000812137612087617,7.81598451635982e-05,0.000897876812613226,0,0,0,0,0,0,0,0.00343821380663091,0,0,0,0.00925231344037788,0,0,0,0,0,0.00668452656420083,0.00423396698764051,0,0,0,0.00826908121899896,0,0.0138752676595619,0,0,0,0.000249730369895256,0.0110743635616672,0,0,0,0,0,0,0,0,0,0,0.00610037323758225,0,0,0,0,0,0.000498112348743497,0,0,0,0,0,0,0,0,0,0,0,0,0,0,0.0102960592823172,0,0.672564409495017,1,0,0,0,0,0,0,0,0.00699878889343427,0,0,0.0031207908868399,0.00830135821161819,0,0,0,0.0357205238399407,0.0199866486707679,0,0.00858173536697092,0,0,0,0,0,0.0147578541202259,0.00174935786093104,0.0026407015306785,0,0,0,0,0,0.00406044687307094,0.00643867644525343,0,0,0,0,0,0,0,0,0.00679795517981695,0.0134665238475354,0,0,0,0,0,0,0,0,0,0,0,0,0,0,0,0,0,0,0,0,0,0,0.000681831858469789,0,0,0,0,0,0,0,0,0,0.0138641839343521,0.00297134360001844,0,0
"Nfya",0,0,0,0,0,0,0,0,0,0,0,0,0,0,0,0,0,0,0,0,0,0.0102640904624087,0,0,0,0,0,0,0,0,0,0,0,0,0,0,0,0,0,0,0,0,0,0,0,0,0,0.0163292568183537,0,0,0,0,0,0,0,0,0,0,0,0,0,0,0,0,0,0,0,0,0.00583928331308679,0,0,0,0,0,0,0,0,0,0,0,0,0,0,0,0,0,0,0,0,0,1,0.308931971140632,0.452293380430168,0,0,0,0.00786133027303083,0.00208691721792599,0,0.189445689979114,0.00328979902958915,0,0,0,0,0,0.00212970638958565,0,0,0,0,0,0,0,0,0,0,0,0,0,0,0.00919294648776202,0,0,0,0,0,0,0,0,0,0.0107168410957813,0,0,0,0,0,0,0,0,0,0,0,0,0,0,0,0,0,0,0,0,0,0.00391025983799538,0,0,0,0,0,0,0,0,0,0,0,0,0,0,0,0
"Nfyb",0,0,0.00155946930460599,0,0.0106541508387964,0,0,0,0,0,0,0,0,0,0,0,0,0,0,0,0.014106196120339,0.00406479860211216,0,0.00322120193213052,0,0,0,0,0,0,0.00399596525212355,0,0,0,0,0,0,0,0,0,0,0,0,0,0,0,0,0,0,0,0.00404863134583369,0,0,0,0.00370909656509403,0,0,0,0,0,0,0,0,0,0,0,0,0,0,0,0,0,0,0,0,0,0.00421526461914862,0,0,0.0149961415176399,0,0,0,0,0,0,0,0,0,0,0.308933199412184,1,0.357357706046131,0,0,0,0,0,0,0.200574476897087,0,0,0,0,0,0,0.000248768847823462,0.00737217137568535,0,0,0,0,0,0,0,0,0,0,0,0.0117358784861281,0.000655207504016286,0.01296362152757,0,0,0,0,0,0,0,0,0,0.00846285765845531,0,0,0,0,0,0,0,0,0,0,0,0,0,0,0,0,0,0,0,0.00145857162006991,0,0.00476695636878927,0,0,0,0,0,0,0,0,0,0,0.00308704861088302,0.0144141045038042,0,0,0.00233083324483021,0
"Nfyc",0,0,0,0,0,0,0,0,0,0,0,0,0,0.00159929555570535,0,0,0,0,0,0,0.000454824787364312,0.00246135932467606,0,0.00275442644482307,0,0,0,0,0,0,0.00204903697649704,0,0,0,0,0,0,0,0,0,0,0,0,0,0,0,0,0.0125913619271825,0,0,0.00360870076255603,0,0,0,0,0,0,0,0,0,0,0,0,0,0,0,0,0,0.00697128411501163,0,0,0,0,0,0,0,0,0,0,0,0,0,0,0,0,0,0,0,0,0,0.452294665346251,0.357354194119979,1,0,0,0,0.00889111846863657,0,0,0.22200021437803,0.0020532873590923,0,0,0,0.00154888537781456,0,0.000805765084341894,0,0,0,0,0,0,0,0,0,0,0,0.00519107896673863,0.00107892984106127,0,0.00714752367341755,0,0,0,0,0,0,0,0,0,0.01216564577106,0,0,0,0,0,0,0,0,0,0,0,0,0,0.000987645397814547,0,0,0,0,0,0,0,0,0,0,0,0,0,0,0,0,0,0,0,0,0,0,0,0
"Nr1d2",0,0.00256441167879255,0,0,0,0,0,0.00913286287501654,0,0.0139118586031914,0,0,0,0,0,0,0.00104330666362145,0,0,0,0,0,0,0,0,0,0.005114645534888,0,0,0,0,0.00571813135614511,0,0,0,0,0.0246839810633987,0,0.0545307915134321,0,0,0.000149598836501897,0.0146698296141795,0.0023664707663339,0,0,0,0,0,0,0,0,0,0,0,0,0,0,0.0132788112963077,0,0,0,0,0,0.0338204545777239,0.0134914729453143,0.02777427966551,0,0,0,0,0,0,0,0,0.00724147872086414,0,0,0,0,0.00673164694723722,0,0,0,0.0286945332164,0,0.0149217438020942,0,0,0,0,0,0,1,0,0,0,0,0,0,0,0,0.0189031853494276,0,0,0.00210032043582895,0,0,0.173893295421731,0.0108390388100843,0.00654198177004069,0.015457125705625,0.0256761600413165,0,0.00942548635294091,0,0,0,0,0,0,0,0.047951377578317,0,0,0,0,0,0,0,0,0,0.030399526349703,0.0046039939947737,0,0,0,0,0,0,0.0161354734017667,0,0.00471383563481401,0,0,0,0,0,0,0.00607026294816002,0,0,0.0253511436393333,0,0,0,0,0,0,0.0187011604571731,0,0,0,0,0,0,0,0.00790707294149749,0,0.00421657395432773
"Nr3c1",0,0.010158520254057,0,0,0,0.00177314116764946,0,0.00187379776454063,0.0104083043202511,0,0,0,0.0283199511799418,0,0,0,0.0101643440566321,0,0,0,0,0,0,0,0,0,0,0,0,0,0,0,0,0.0041319976699706,0,0,0.024183367624666,0,0,0,0,0,0.0150461835365836,0.0146844419071787,0,0,0.0166044787282753,0,0,0.0053887740973235,0,0.00209674039388637,0,0.0129034131601275,0,0,0,0,0.00537696323418881,0.00254138357568838,0,0,0,0.00312410323525775,4.83025088033418e-05,0,0,0,0,0,0,0,0,0,0,0.01001994802657,0,0,0,0,0,0,0,0,0.00577660936130053,0.000202508842484657,0.0148304057950722,0,0,0,0,0,0,0,1,0.00818441230152156,0,0,0,0,0.011264675272673,0,0,0,0,0.00566837952505417,0,0,0.00437461294464899,0.0176679938882665,0.00703424020702603,0.000567595322466489,0.00530440920362568,0,0.0218829365184717,0,0,0,0,0,0,0,0.0217145963147598,0,0,0,0,0.00341885803956472,0.00232931076266227,0,0,0,0,0.00921791078453928,0,0,0,0,0,0,0,0,0.00726002395287946,0,0,0,0,0,0,0.017503689596974,0,0,0,0,0,0,0,0.0104433988813746,0,0,0,0,0.0110196550903716,0,0,0,0,0.00708506506984558,0,0
"Nr4a2",0,0.0182530637944804,0,0,0,0,0,0.00986433490461967,0.024501934473933,0.00764299850220814,0,0,0.0256371718456005,0,0,0,0.00974985489830529,0,0,0,0,0,0,0,0,0,0,0,0,0,0,0,0.00962985139490763,0.000666915876672664,0,0,0.00682026762660365,0,0,0,0,0,0.0114263321895913,0.00850364228916992,0,0,0.00171441035983755,0,0,0,0,0,0,0,0,0.00257299182063054,0.0121085117327214,0,0.00106475034197502,0,0,0,0,0,0,0.00970093839759108,0.00881951076792747,0,0,0,0,0,0,0,0,0,0,0,0,0,0,0,0,0,0.0201399530275116,0.0137880016607672,0,0,0,0,0,0,0,0,0.00818439522583829,1,0,0,0,0,0,0,0,0,0,0,0,0,0,0.000990619492912555,0.0141102338012734,0,0.0487791361356351,0,0.00453725165209301,0,0,0,0,0,0,0,0.024385791747867,0,0,0,0.00614907213178462,0,0,0,0,0,0.0270464691451722,0,0,0,0,0,0,0,0,0,0,0,0,0,0,0,0,0.00928885278202829,0,0,0,0,0,0,0,0.00469914480859492,0,0,0,0,0,0,0,0,0,0.00550125333048151,0,0
"Nrf1",0,0,0.0150760193163713,0,0,0,0,0,0,0,0,0,0,0,0,0,0,0,0,0.017010300108089,0.00480784199985606,0.025777354467765,0,0.024023616966631,0,0.000635944052015672,0,0,0,0,0.000172627207771274,0,0,0,0,0,0,0,0,0,0,0,0,0,0,0.0129015433826767,0,0,0,0,0,0,0,0,0.0103839807339249,0,0,0,0,0,0,0,0,0,0,0,0,0,0,0,0.0033778363107096,0,0.00440668309120874,5.96919928892466e-05,0,0,0.0253480859056601,0,0.035642998260329,0,0,0,0,0.00338854828978579,0,0,0,0,0,0,0.00786114405907691,0,0.00889420261957177,0,0,0,1,0,0,0.00806916895333004,0,0,0,0,0,0,0.0262476280445796,0,0,0,0,0,0,0,0,0,0,0.0030627696857714,0,0.0468212197165076,0.0187443917274986,0.0106948552820584,0,0,0,0,0,0,0,0,0,0.0330098653506587,0,0,0,0,0,0,0,0.00139542791318308,0,0,0,0,0,0,0.158401099721514,0.00360210751050498,0,0,0,0.0250535764989157,0,0,0,0,0,0,0,0,0,0,0,0.0390470435058564,0.0462119915205522,0.0250841024619205,0,0,0.0372275301758487,0
"Patz1",0,0,0,0,0,0,0,0,0,0,0,0,0,0.00474457286888762,0.00863745525886162,0,0,0,0,0.0925875895603854,0,0.00806254643688747,0,0.00647767789678934,0.037379233398278,0,0,0,0,0,0,0,0,0,0,0,0,0,0,0,0,0,0,0,0,0,0,0,0,0,0,0,0,0.0117466240251887,0.0108993551322814,0,0,0,0,0,0,0,0,0,0,0,0,0.0096205661949973,0,0.0688383678748486,0.119268006911161,0.137133749153893,0,0.04238602406009,0,0,0,0,0,0.00806155641394241,0,0,0,0.009818123783078,0,0,0,0,0,0.00699528362927694,0.00209387911365277,0,0,0,0,0,0,1,0,0,0,0,0.0335306908313984,0.00938091741727336,0,0,0.0033256419840887,0,0,0,0,0,0,0,0,0,0,0,0.00838449574748948,0,0.064195313687184,0,0,0,0.0562145731975603,0,0,0,0,0,0,0.00731782680110549,0,0.00584812999317877,0,0,0,0,0,0.00057766140919131,0,0,0,0,0,0,0.00679263429203604,0.0629164847756598,0,0,0.0118616072750297,0.00235007394279345,0,0,0,0.00752871451686136,0.091589938171856,0,0,0.000821534454821067,0,0,0,0.00450871484756949,0,0.00404943456504982,0,0,0.0233811668948559,0
"Pax9",0,0,0,0,0,0,0,0,0,0,0,0,0,0,0,0,0,0,0,0,0,0.00124681759190689,0,0,0,0,0,0,0,0,0,0,0,0,0,0,0,0,0,0,0,0,0,0,0,0,0,0,0,0,0,0,0,0,0,0,0,0,0,0,0,0,0,0.0038034340716718,0,0,0,0,0,0.00076279587344623,0.0032962680614877,0.00295226594703765,0,0,0,0,0,0,0,0,0,0,0,0,0,0,0,0,0,0,0,0,0,0,0,0,0,0,1,0,0,0,0,0,0,0,0,0,0,0,0,0,0,0,0,0,0,0,0,0.0180705994714215,0.00335435915640658,0,0,0,0,0,0,0,0,0,0,0.000898389042555528,0,0,0,0,0,0,0,0,0,0,0,0,0,0,0,0,0,0,0,0,0,0,0,0,0,0,0,0,0,0,0,0,0,0,0,0,0,0
"Pbx3",0,0,0,0,0,0,0,0,0.0132028739824156,0,0,0,0,0,0,0,0,0,0,0,0,0,0,0,0,0,0,0,0,0,0.00137314362338459,0,0,0,0,0,0,0.00220706950233089,0,0,0,0,0,0,0,0.00103450373503798,0,0.0432181237387287,0,0,0,0,0,0,0,0,0,0,0,0,0,0,0,0,0,0,0,0,0,0,0,0,0,0,0,0,0,0,0,0,0,0,0,0,0,0,0,0,0,0,0.189449118258719,0.20057331284016,0.221999648895191,0,0,0,0.00806805166407333,0,0,1,0.109448541391112,0,0,0,0,0,0,0,0,0,0,0,0,0,0,0,0,0,0.00458068967266657,0,0,0,0,0,0,0,0,0,0,0,0,0.0152804869023908,0,0,0,0,0,0,0,0,0,0,0,0,0,0,0,0,0,0,0,0,0,0,0,0,0,0,0,0,0,0,0,0,0,0.00295351463780366,0.00367811130178854,0,0,0
"Pknox1",0,0,0,0,0.0045222016740342,0,0,0,0,0,0,0,0,0.00705733917019592,0,0,0,0,0,0,0,0,0,0,0.0115877953709098,0.00304320436788878,0.0159634295429323,0,0,0,0,0,0.0195666808862566,0.00135793111924814,0,0,0,0.000904812004454325,0,0,0,0,0.000479201805464488,0.0112643220090843,0,0,0,0.00391887879551827,0,0.0303776237493734,0,0,0,0.000577629184347722,0.00716880476039255,0,0,0,0,0,0,0,0,0.00875607735586089,0,0,0,0,0.0111766278317512,0,0,0,0,0,0,0,0,0,0,0.0182899477666887,0.373210584427734,0,0,0,0.00239540519429434,0,0,0,0.00561710964508894,0.00311958430829473,0.00330393934683888,0,0.0020665037773288,0,0.0112639949323996,0,0,0,0,0.109455122994367,1,0.000878391905600792,0,0,0.0170204000791711,0,0.0130232322891565,0,0,0,0,0,0.00545788257343299,0,0.0195860108271866,0.0312937394805205,0,0,0.00954975009952382,0,0,5.89414166160666e-05,0,0.018871986176972,0,0,0,0,0,0,0,0.000595062216757578,0,0.030012714390894,0.0157552292199065,0,0,0,0,0,0,0,0.00174268674340082,0.000116550808034549,0,0,0,0,0,0.00721757858248181,0,0,0,0.000595121150121629,0,0,0.0107802650367338,0,0.0123982320062993,0.017462561254234,0.00660542393731286,0.000679935674938881,0,0,0,0.00527515870351404,0.000686090210258357,0.017447562470695,0.0143650157715003,0
"Prdm1",0,0,0,0,0,0,0,0.000150961490614862,0.0116951019985178,0,0,0,0,0,0,0,0.0111577863894574,0,0,0,0,0,0,0,0,0,0,0,0,0,0,0,0,0.0178791773385729,0,0,0,0,0,0,0,0,0,0.00144942682351175,0,0,7.20965100715988e-05,0,0,0,0,0,0,0,0.0102261714819543,0.0570559676839132,0.135785121154035,0.0808398862638466,0.0221482734142064,0.209319237061567,0.121905002915381,0,0,0,0,0,0,0,0,0,0,0,0,0,0,0,0,0,0,0,0,0,0,0,0,0,0.00410059565673267,0,1.31645058317396e-05,0.00829527907066931,0,0,0,0,0,0,0,0,0,0,0.000853674130212842,1,0,0,0,0.0154748970208576,0,0,0,0,0,0,0.00663157804536158,0,0,0.00387356518019194,0,0,0,0,0,0,0,0.00748131864081527,0,0,0,0,0,0,0,0,0,0,0,0,0,0,0,0,0,0,0,0,0,0,0,0,0,0,0,0,0.037668628464396,0,0.000892151329002785,0,0,0,0.017692257786418,0,0.0134091432899973,0,0,0,0,0,0,0.00749560420282862,0,0
"Prdm16",0,0,0.00032388285144471,0,0.000870282353769354,0.00548440101326447,0.000885959337960467,0,0.0119684421808558,0.00239069801055593,0,0,0,0,0,0,0.00195665685539266,0,0,0,0.00374591006166616,0,0,0,0,0,0,0,0,0,0,0,0,0,0,0,0,0,0,0,0,0,0.0109891539797562,0,0,0,0,0,0,0.0219599579423311,0,0,0,0.0189343453505539,0,0,0,0,0,0,0,0,0,0.00363167685041547,0,0,0,0.0160687734012851,0,0,0,0.00663431886647136,0,0.00815105709002478,0,0,0,0.0079715927078836,0,0,0,0,0,0,0,0,0,0,0.00353807066141945,0,0,0,0,0.0189020941731123,0,0,0,0.0335241221230882,0,0,0,0,1,0,0.00793122553069574,0.0122542244776247,0,0,0,0,0,0,0.0340589237060777,0,0.0125012542099532,0,0,0,0.160574048800476,0,0.00298574061989973,0.0218545368527312,0,0,0.0128465967922044,0,0,0,0,0,0,0,0.0119734434150233,0.0190692651281593,0.0116977371137299,0,0,0,0,0,0.0114509713232574,0,0.000118890776182487,0,0,0,0,0.00463892570282232,0,0.01154267033492,0,0.0172678802300524,0.00467381720235224,0,0,0,0.000349484663866348,0,0,0.0169455320927433,0,0.000104800744148466,0,0.0181057746491993,0,0,0,0.0256045758081285,0,0
"Prdm4",0,0,0,0,0,0,0,0,0,0.00214293526514452,0,0,0,0,0,0,0.0109050859298029,0,0,0,0,0,0,0,0.00683879672944801,0,0,0,0,0,0.0020181591855192,0,0.00434576380454155,0,0,0,0.00126836669748727,0.0121163203402136,0,0,0,0,0,0,0,0,0,0,0,0,0,0,0,0,0,0,0,0,0,0,0,0,0,0,0,0,0,0,0,0,0.0030733108459651,0,0,0,0,0,0,0,0,0,0,0,0,0,0,0,0,0,0,0,0,0,0,0,0,0,0,0.00938050449300752,0,0,0,0,0,1,0,0,0,0,0,0.000738363381639799,0,0,0,0,0,0,0,0,0,0,0,0.00102312529085979,0.00358913352787132,0,0,0,0,0,0,0,0,0,0,0,0,0,0,0,0,0,0,0,0,0,0,0,0,0,0,0,0,0,0,0,0,0,0,0,0,0.000748590125448997,0,0,0,0,0,0,0,0,0,0
"Rbak",0,0,0,0,0,0.00257062027524588,0,0,0,0.0358498472780462,0,0,0,0,0,0,0,0,0,0,0.0184196926948874,0,0.0209742425779074,0,0,0,0,0,0,0,0,0,0,0.110466865299867,0,0,0,0,0,0,0,0,0.00695526424095093,0,0,0,0,0,0,0.00840822751592695,0,0,0,0.00673639663485641,0.00847848649986415,0,0,0,0,0,0,0,0,0,0,0,0,0,0,0,0,0,0,0,0,0,0,0.0959504752005147,0,0,0,0,0,0,0,0,0,0,0,0,0,0,0.00157423854981088,0,0,0,0,0,0,0,0.0170238919525515,0,0.00793317200103789,0,1,0.0811558216218447,0.000202823636249796,0.00627867107782137,0,0,0,0,0,0,0.017338132920448,0,0,0.0213594821403196,0,0,0,0,0,0,0.00752827865845377,0,0,0,0,0,0,0.041791891020358,0,0.0012457213458565,0.00401312747019444,0,0,0,0,0,0.00277684965254804,0,0,0,0,0,0,0.0371914024689364,0,0,0,0,0,0,0.12378251093254,0,0.0192308969429884,0,0,0.00202123481193574,0.081623936454334,0,0,0,0.0083497333946997,0.00156166217126638,0,0.00965606281985432,0,0
"Rela",0,0,0,0,0,0,0,0,0,0.285911723403086,0,0,0,0,0,0,0,0,0,0,0,0,0,0,0,0,0,0,0,0,0,0,0,0.0584667138801223,0,0,0,0,0,0,0,0,0.00495330958024125,0,0,0,0,0,0,0.00596592634025212,0,0,0,0,0.00493994851852926,0,0,0.0412283066439142,0,0,0,0,0,0,0,0,0,0,0,0,0,0,0,0,0,0,0,0.249196134148909,0,0,0,0,0,0,0,0,0,0,0.0459426294772604,0.0357139812826917,0,0,0,0.00210193953339738,0.00566997628221885,0,0,0,0,0,0,0.015505190064546,0.0122552919974684,0,0.0811601210703848,1,0,0.00688579531779934,0,0,0,0,0.00180841449098144,0,0.0234892947819265,0,0,0,0,0,0,0,0.0116895423333722,0,0.0119488809274115,0,0,0,0,0,0,0,0.00251862434201819,0.00249484495247501,0.0063303669474224,0,0,0,0,0,0,0,0,0,0,0,0,0,0,0.000724047958243056,0,0,0.0598299647166526,0,0.0769585736399734,0,0.0347477602841716,0,0.0156040958202454,0.00208360335891721,0.107778883138559,0.000268512658759679,0,0,0,0,0.00612531762349035,0.0055354175666397,0,0
"Rfx1",0,0,0,0,0,0,0,0,0,0,0,0,0,0,0.00518789700895119,0,0,0,0,0.000922615899761735,0.010786128066155,0,0,0.0205659480667725,0.018808454961817,0.00993546949181953,0.00698017293186829,0,0,0,0.00412801379980089,0,0.0039975584792575,0,0,0,0,0.0127036596814735,0,0,0,0,0,0,0,0.00759765028290154,0,0,0,0.0423869827974181,0.00431180284914023,0,0,0.00566057837676888,0,0,0,0,0,0,0,0,0,0.00296782794697379,0,0,0,0,0,0,0.00115694714559699,0.00172412953298888,0,0.000846117620273414,0,0,0,0,0.0148024206968566,0.00165067854586547,0,0,0,0,0,0,0,0,0,0.0199842488550533,0.00213341650419303,0.000259824197149142,0.000805145886582972,0,0,0,0.026248005143466,0.00332065379542678,0,0,0.0130228057024265,0,0,0,0.000201373053093033,0,1,0.337193113241091,0,0,0,0,0.0218111885288289,0,0.0140581102689474,0,0,0.00820940699832611,0,0.00323522233615576,0,0.0101953953104055,0,0.00320221574490958,0,0,0,0,0,0,0,0.0310542087653939,0,0.0086791891712645,0,0,0,0.00794619656586436,0,0,0,0,0,0,0,0,0.00197695409632053,0,0,0.00420011623079041,0.00166644879809212,0,0,0.00426911317154902,0,0.010116592430827,0,0,0,0.0109622085283022,0,0,0,0.000517720657249282,0.0339691791590037,0.0329254968187611,0,0.00997969565857642,0.0458784133681662,0
"Rfx7",0,0.00360868594878577,0,0,0,0,0,0,0.0146215917874719,0,0,0,0,0,0,0,0.00490129756716892,0,0,0,0,0,0,0,0,0,0.000652366549588994,0,0,0,0,0,0,0,0,0,0,0,0,0,0,0,0.0248891921990531,0,0,0,0,0,0,0.0158345718133102,0,0,0,0,0,0,0,0,0,0,0,0,0,0,0,0,0,0,0,0,0,0,0,0.00308877853960278,0,0,0,0,0,0,0,0,0,0,0,0,0,0,0,0,0,0.00737779880788837,0,0,0,0,0,0,0,0,0,0,0,0,0.00627810548906741,0.00688453780409904,0.337194401691045,1,0,0,0.014131187693712,0,0,0,0.0155593825962465,0.00185093729564561,0,0,0,0,0,0,0.025796320549763,0,0,0,0,0,0,0,0,0,0,0,0,0,0,0,0,0,0,0,0,0,0,0,0,0,0,0,0,0,0,0,0.00307665616022919,0,0,0,0,0,0,0,0,0,0,0,0,0.0108826255073016,0,0
"Rora",0,0.0262996835099153,0,0,0,0,0,0,0.0285417409030976,0.00862183497335571,0,0,0.00199730618149315,0,0,0,0.00662142240968008,0,0,0,0,0,0,0,0,0,0.00294075676046788,0,0,0,0,0,0,0,0,0,0.00441023640113628,0,0,0,0,0.00387766662078357,0.0188912446384152,0.0183626931917581,0,0,0.000278974709681683,0.00589282008478287,0,0,0,0,0,0,0,0,0,0,0.00140871705320717,0,0,0,0,0.00761137292756812,0,0,0,0,0,0,0,0,0,0,0,0,0,0,0,0,0,0.00926311162653549,0,0,0.00200824255844854,0,0.0185978494774225,0,0,0.00858075428075081,0,0,0,0.173892620847644,0.00437453127499757,0,0,0,0,0,0,0,0,0,0,0,0,0,1,0.00311892453548408,0.00140201069208366,0,0.0301018218007837,0,0.0327886406961688,0,0,0,0,0,0,0,0.00949375329563265,0,0,0,0,0.0107247201052833,0.000604404703434745,0.0148647615990905,0.00748411935569955,0,0,0.00388400531261211,0,0,0,0.0120396106134951,0,0.00947124108575183,0,0,0.0300873358489931,0,0,0,0,0,0,0,0,0.000862460825951035,0,0,0,0,0,0,0,0,0,0,0,0.00329556683336711,0,0,0,0,0,0
"Runx1",0,0.0162768244157125,0,0,0,0,0,0.0147118964830103,0.0113102444194035,0,0,0,0.228714432540087,0,0,0,0.00067550211369941,0.0118391423932102,0.00404602779188815,0,0,0,0,0,0,0,0,0,0,0,0,0.00314268472378057,0,0.00219693164490628,0,0,0,0,0,0,0,0.000270764401571574,0.0142608640763663,0,0,0,0.0226430997896052,0,0,0,0,0.00666180887009085,0,0,0,0.000897124385337582,0.0155158558209795,0,0.0100883055326,0,0,0,0,0,0,0.00101118633882986,0,0,0,0,0,0,0,0,0,0,0,0,0,0,0.00395808254102052,0,0,0,0.00174347946932136,0.00767423711121983,0.0133665153351241,0.00107336672258772,0.00337246588097714,0,0,0,0,0.0108293565024398,0.0176639970757323,0.00098719129738508,0,0,0,0,0,0,0,0.000733974253852485,0,0,0,0,0.00311754696956412,1,0.415499219617754,0.352796780367658,0.00840395940829549,0,0.00524032386017144,0,0.00129966159457316,0,0,0,0,0,0.0088265091970987,0,0,0.00360501178802172,0,0,0.00334156727318295,0,0.0108443310746432,0,0.0103156155448149,0,0.00028594145750076,0,0,0,0,0,0,0,0.00887871567272755,0,0,0,0,0,0.000975026531708852,0.00820156042650431,0,0,0,0,0,0,0,0.0150637405516834,0,0,0,0,0,0,0,0,0,0.00355808654313764,0,0.0092638858959263
"Runx2",0,0,0,0,0,0,0,0.00352735644159416,0.0014866588371936,0,0,0,0.235822297434011,0,0,0,0.00802574413705669,0.00317595988428693,0,0,0,0,0,0,0,0,0,0,0,0,0,0.00411540015795779,0,0.0181670219158877,0,0,0.0171336720662128,0,0,0,0,0.00671463020796874,0.0195572085534531,0,0,0,0.0215471733475149,0,0,0.000535574072117943,0,0,0,0,0,0.00101916370152658,0.00146289213828565,0,0.00960446117952928,0.00369532051269705,0,0,0,0,0,0.0045011661841467,0.00133361850264419,0,0,0,0,0,0,0,0,0.0246031853888559,0,0,0,0,0.00787998953832817,0,0,0,0.0190145275412474,0.00355190949206694,0.00130093053755605,0.00731650659422584,0.00127786901446359,0,0,0,0,0.0065386282138142,0.00703380629089099,0.014111229588437,0,0,0,0,0,0,0,0,0,0,0,0.0141207406817077,0.00140037247565073,0.415500477495318,1,0.212236556107581,0.0117771480094744,0,0,0.0100862703949278,0,0,0,0,0,0,0,0,0,0,0,0.000994825794714275,0.0023938328841004,0,0.00315107159322703,0,0.0107812941661801,0,0.00201780037313406,0,0,0,0,0,0,0,0.00738451343534678,0,0.00486269551939605,0,0,0,0,0,0,0,0,0,0,0,0,0,0,0,0,0,0,0,0,0,0,0.0057653187382108,0,0.0177146340968653
"Runx3",0,0,0,0,0,0,0,0,0,0,0,0,0.154798253130852,0,0,0,0.0039106155394471,0.000919614739714768,0,0,0,0,0,0,0,0,0,0,0,0,0,0.017021170291082,0,0,0,0,0.0156224195846519,0,0,0,0,0.0156448582654092,0.00540556725987104,0,0,0,0.0122375766943722,0,0,0.00511196063248892,0,0,0,0,0,0,0,0,0,0,0,0,0,0,0.0031913929674442,0.0055627047170246,0.00166153657234174,0,0,0,0,0,0,0,0,0.00227733067077586,0,0,0,0,0.0133465569855835,0,0,0,0.00162268086557234,0.010554216351736,0.00288275028908714,0,0,0,0,0,0,0.0154595564758956,0.000569378174682332,0,0,0,0,0,0,0,0,0,0,0,0,0,0,0.352802474346622,0.212238774523986,1,0,0,0.0227172224721545,0.0130253990621225,0,0,0,0,0,0,0.0065983683671912,0,0,0,0,0,0,0,0,0,0,0.00126179487040048,0.0118827733504676,0,0,0,0,0,0,0,0,0,6.82841796401869e-05,0,0,0,0,0,0,0,0.00515468316281263,0,0,0,0,0,0,0,0,0,0,0,0,0,0,0,0,0.00562599360516428
"Rxrb",0,0,0,0,0,0.038109905380055,0,0,0.00675007925194115,0,0,0,0,0,0,0,0.0242361479385028,0,0,0,0,0,0,0,0,0,0.00111009116659498,0,0,0,0,0.0138687389879787,0.00851125782643152,0.00126610169723785,0,0,0.000554513186856992,0,0,0,0,0.00643249645297887,0.0145984783557702,0,0,0,0.00410841075515991,0,0,0.0103965245232219,0,0,0,0.000924793229024579,0.00425714551809495,0,0,0,0,0,0,0,0,0,0,0.00673137507657835,0,0,0,0,0,0,0,0,0,0.00475730954847301,0,0,0,0,0.00914423009634425,0,0,0,0,0,0.0083530549836032,0,0.00197147980312741,0,0,0,0,0.0256752430728804,0.00530418000762255,0.048778930134507,0,0,0,0,0.00545728818301013,0.0066349139055485,0.0340584849199403,0,0,0.00180853226473323,0.0218114078851207,0,0.0301036518357098,0.00841059413372955,0.0117794451068793,0,1,0,0.0112035643806354,0.0186512630961468,0,0,0,0,0,0,0.036492880390832,0,0,0,0,0,0,0,0.0140546100894753,0,0.0016599826046472,0.0193190375929175,0.0173607946145888,0,0.00429879446640839,0.029716282891877,0,0.00178447382742307,0.0538278382754117,0,0,0.01077125701556,0,0.00116083547695316,0,0,0,0.0134409572809962,0,0,0,0,0.00782585859994602,0,0,0,0,0,0,0,0.00081044791707286,0.00426769505483513,0,0,0,0.00354963930104292,0.00993981557357279,0
"Setbp1",0,0,0,0,0,0,0,0,0,0,0,0,0,0,0,0,0,0,0,0,0,0,0,0,0,0,0,0,0,0,0,0,0,0,0,0,0,0,0,0,0,0,0,0,0,0,0,0,0,0,0,0,0,0,0,0,0,0,0,0,0,0,0,0,0,0,0,0,0,0,0,0,0,0,0,0,0,0,0,0,0,0,0,0,0,0,0,0,0,0,0,0,0,0,0,0,0,0,0,0,0,0,0,0,0,0,0,0,0,0,0,0,0,1,0,0,0,0,0,0,0,0,0,0,0,0,0,0,0,0,0,0,0,0,0,0,0,0,0,0,0,0,0,0,0,0,0,0,0,0,0,0,0,0,0,0,0,0,0,0,0,0,0,0,0,0,0,0,0,0
"Smad3",0,0,0,0,0,0,0,0,0.0137570512894146,0.0264671907588354,0,0,0.00216723731742463,0,0,0,0.0614837648908119,0.00948070223472561,0,0,0,0,0,0,0.00509473045694702,0,0,0,0,0,0,0,0.0139363023613936,0.0208587847397279,0,0,0,0,0,0,0,0.0128723981118888,0.00372479091588459,0.00533447247092895,0,0,0.00711779633343726,0,0,0.0354174395457596,0,0,0,0.000358873115462357,0,0,0,0,0,0,0,0,0,0.00602428231502373,0,0.0110733776853973,0,0,0,0,0,0,0,0,0,0.0148043779283273,0,0,0,0,0.0271456820277249,0,0,0,0.00993914454384133,0,0.0145622239975669,0,0,0.0147580399138347,0,0,0,0.00942645872318495,0.0218837602419896,0.00453814262054995,0,0,0,0,0.0195864761879517,0,0.012502938813248,0,0.0173400036906394,0.0234904314953464,0.0140583138848444,0.0155594307774079,0.0327901618186108,0.00525110872078582,0,0.0227149157580302,0.0112045488646874,0,1,0.160954077861961,0,0,0,0,0,0,0.0195430935589702,0.00498846787411479,0.00633567886390805,0,0,0,0,0,0,0,0.0445106871007604,0.0572482360394624,0.0212331401712144,0,0,0,0,0.00418686391915305,0,0,0.0308549629383044,0,0,0,0,0,0,0.00466980668304706,0.00735039642065294,0.00610779265583164,0,0,0,0,0.000730066747311428,0,0.041580450433608,0.0166076696759896,0.00582856253240617,0,0.00431449484816169,0,0,0,0,0.00331539748691733,0.0150088814466779,0.00455233645410652
"Smad4",0,0.0048312026912461,0.00651995650523915,0,0,0,0,0.00688589406723665,0.0137045055840927,0,0,0,0,0,0,0,0.0309789434600461,0.014782756392984,0,0,0,0,0,0,0,0,0.0078640715030884,0,0,0,0,0.00226500831902855,0.00913784935747875,0.028137723881537,0,0,0,0,0,0,0,0,0.0125615363428243,0,0,0,0.0374425630257486,0,0,0.0224741863878212,0,0,0,0,0,0,0,0.00701605612497565,0,0.00977450524346034,0.0035768637936552,0,0,0,0.00235482864678676,0,0,0,0,0,0,0,0,0,0,0,0,0,0,0,0.0131134345869491,0,0,0,0.00522661547965897,0.0105589409633342,0.000617075165908288,0,0,0.00174907501252345,0,0,0,0,0,0,0,0,0,0,0.0312936119117386,0.00387739413928565,0,0,0,0,0,0.00185039092237542,0,0,0.0100907424110281,0.0130286555755765,0.0186527704034273,0,0.160954714350746,1,0,0,0.00411537525579892,0,0,0,0.0037103561323797,0.010283187584096,0,0,0,0.000303220210836731,0,0,0,0,0.0182644950054813,0.0183763640111885,0.0162616894800076,0,0,0,0,0,0,0,0.0140815141826854,0,0,0,0,0,0,0,0,0,0.0408901459382079,0,0,0,0,0,0.0178441393306646,0.0253110717827515,0.0280242142455745,0,0,0,0,0,0,0.0295270272464178,0.0150651861696907,0.0386047505810532
"Snai3",0,0,0,0,0,0,0,0,0,0,0,0,0,0,0,0,0,0,0,0,0,0,0,0,0,0,0,0,0,0,0,0,0,0,0,0,0,0,0,0,0,0,0,0,0,0,0,0,0,0,0,0,0,0,0,0,0,0,0,0,0,0,0,0,0,0,0,0.00693768593501504,0,0,0,0.00454372478164824,0,0.00257172300090879,0,0,0,0,0,0,0.0228891658016878,0,0,0,0,0,0,0,0,0.00264083734954768,0,0,0,0,0,0,0,0,0,0,0,0,0,0,0,0,0,0,0,0.00130628388165319,0,0,0,0,0,0,1,0,0,0,0,0,0.00262924560194984,0,0,0,0,0,0,0,0,0,0,0.0477173475617623,0.289963047922856,0,0,0,0,0,0,0,0,0,0,0,0,0,0,0,0,0,0,0,0,0,0,0,0,0,0,0,0,0,0,0,0,0,0,0
"Sp1",0,0,0,0,0,0,0,0,0,0,0,0,0,0,0,0,0,0,0,0,0.00934559426778734,0,0.0353826159718279,0.0376512396545693,0.00985095567012969,0,0,0,0,0,0,0,0,0,0,0,0,0,0,0,0,0,0,0,0,0,0,0,0,0,0,0,0,0,0.0159744487486042,0,0,0,0,0,0,0,0,0,0,0,0,0.037445885754737,0,0,0.0149206512949913,0.0944532209351214,0,0,0,0,0,0.138614879228236,0.0365457955447358,0.00266960967730695,0,0,0,0,0,0,0,0,0,0,0,0,0,0,0,0,0.00306780725858881,0,0,0,0,0,0,0,0.0213396500535882,0,0.00820612811799409,0,0,0,0,0,0,0,0,0,0,1,0,0.199307751946537,0.1403731235387,0.112709663193364,0,0,0,0,0,0,0,0,0,0.0155316371813541,0,0,0,0,0,0,0,0,0,0,0,0,0,0,0.0170155927303702,0.180711754439948,0,0,0.00419469706754329,0,0,0.0427710117459238,0.00314559452258678,0.00807568884729687,0.0128675339466037,0,0,0,0,0,0,6.18796585263344e-05,0.0660323506370648,0.0225699658627387,0,0,0.0248729225870701,0
"Sp110",0,0,0.0108290133168603,0,0,0.0124129852724922,0.0108799477570018,0,0.00637146478695278,0.0013553389351022,0,0,0,0,0,0.000834431198064366,0,0,0,0,0.00783174819547638,0,0,0,0,0,7.98663710965162e-06,0,0,0,0,0,0,0.0177667802644528,0,0,0,0.00324622039517649,0,0,0,0,0,0,0,0,0,0.0165064504131671,0,0.0115335953815628,0,0,0,0,0,0,0,0,0,0,0,0,0,0.000944816343860039,0,0,0,0,0,0.000581670928786773,0,0.00262927725566073,0,0.00043625470645707,0,0.0083904157414794,0,0.00681039153876452,0,0,0,0,0,0,0,0,0,0,0,0,0,0,0.00520049818118747,0,0,0,0,0.00838797798785568,0,0.00458424405617105,0.00955186637918552,0,0.160575608205932,0,0,0,0,0,0,0,0,0,0,0,0,0.00411557454446127,0,0,1,0.00153887485783906,0,0.0106166575429214,0,0,0.00250685682402865,0,0,0,0,0.00520211421608529,0,0.00645216911976381,0,0.00731645428029271,0,0,0,0,0,0.00314742431300319,0,0,0,0,0,0,0,0.00022364320894949,0,0,0,0.0121992950174824,0,0,0.00436639379770411,0,0,0,0,0.00733532929737488,0.0082608503783291,0,0,0.0168518408656639,0.016937765776349,0,0,0,0.0136853195312681,0
"Sp2",0,0,0,0,0,0,0,0,0,0,0,0,0,0,0.00363442912426354,0,0,0,0,0.0360948037168018,0.0200486020826551,0.0437661550616877,0,0.0260468224964687,0,0,0,0,0,0,0,0,0,0,0,0,0,0,0,0,0,0,0,0,0,0,0,0,0,0,0,0,0,0,0,0,0,0,0,0,0,0,0,0,0,0,0,0.0286601431004495,0,0,0.0642760232061217,0.068044042370322,0,0,0,0,0.00199600071045328,0,0.0624792799427281,0.0134724611946902,0,0,0,0.00818701615424855,0,0,0,0,0,0,0,0.0117527783860617,0.00107811021223417,0,0,0,0.0468370710010955,0,0.018070312022873,0,0,0,0,0,0,0,0.00324759190880219,0,0,0,0,0,0,0,0,0,0,0.199387207432591,0.00153447898082622,1,0.208254165065516,0.0618094812645978,0,0,0,0,0,0,0,0,0,0.0113988154521208,0,0,0,0,0,0,0,0,0,0,0,0,0,0,0.0423054871907912,0.103883292676239,0,0,0.013986781038573,0,0,0.0455226718834924,0,0.00111806642876107,0,0,0,0.0137433341992022,0,0,0,0,0.101438978854966,0.0692150614052372,0,0,0.0702269767803039,0
"Sp3",0,0,0,0,0,0,0,0,0,0,0,0,0,0,0,0,0,0,0,0.0292554718701547,0,0.0168781758719115,0.00226827112228413,0.0147762535689672,0.00172830937902183,0,0,0,0,0,0,0,0,0,0,0,0,0,0,0,0,0,0,0,0,0,0,0,0,0,0.000865275529389281,0,0,0,0,0,0,0,0,0,0,0,0,0,0,0,0,0.0597244365363356,0,0,0.156306713956052,0.100099296290384,0,0,0,0,0,0.00633464013328773,0.00106582976270605,0.00141902638541422,0,0,0,0.00356407409444596,0,0,0,0,0,0,0,0.00066377064202742,0,0,0,0,0.0187423118601771,0.0641590344640676,0.00335290490978597,0,0,0,0.00298074436429636,0,0,0,0,0,0,0,0,0,0,0,0,0,0,0.140369213899534,0,0.208172038318592,1,0.097404393564041,0,0,0,0,0,0,0,0,0,0,0,0,0,0,0,0,0,0,0,0.00663314853044181,0,0,0,0.0113648957603981,0.00615190308051525,0.139306119665811,0,0,0.00959546219938195,0,0,0.0208410211449994,0,0.0119817970186968,0.0651393623079808,0,0,0,0,0,0,0.00145141898644725,0,0.0166769237851011,0.0196301808431802,0,0.0168319924934752,0
"Sp4",0.0198596486155887,0,0,0,0,0,0,0,0,0,0,0,0,0,0,0,0,0,0,0.0333583199512567,0,0.217299060865881,0,0.0872908426117703,0.0564695998426727,0.00773816495392361,0,0,0,0,0.00987719783892842,0,0,0,0,0,0,0.00776410987720985,0,0,0,0,0,0,0,0.0038058675107408,0,0,0,0.000805352662176632,0.0069578511398336,0,0,0,0,0,0,0,0,0,0,0,0,0,0,0,0,0.0127584666649825,0.0549986564321248,0,0.101916144895709,0.0543167889781964,0.0897784460269271,0.041432328174734,0,0,0,0,0,0.00280219623117503,0,0,0,0,0,0,0,0,0,0,0.00919510244441708,0.0129734723509487,0.00714529297049982,0,0,0,0.0106988087186296,0,0,0,4.75404843088862e-05,0,0.0218495589226059,0.00102242614063471,0,0,0.0101971795312776,0,0,0,0,0,0,0,0,0,0,0.112755140476771,0.0106110571663044,0.0618196021646972,0.0974674046484605,1,0,0,0,0,0,0,0,0,0,0.0194229761508866,0,0,0,0,0,0,0,0,0,0,0,0,0,0.00545304728268508,0,0,0,0,0.000561423337107052,0.000106337798390077,0,0.00956978698693692,0,0,0,0,0,0.0123926749496731,0,0,0,0.0169442451612777,0,0,0,0,0.0272166909906825,0
"Spi1",0,0,0,0,0,0,0,0,0.0237215085035347,0.0190220901126525,0,0,0,0,0,0,0.0230776176435753,0.0075720613813647,0,0,0,0,0,0,0,0.00672120107946805,0.0418203039327698,0,0,0,0,0.00432603950791029,0.135650459925109,0.109100051329822,0,-0.0247818367922109,0.234540477261156,0,0,0,0,0,0.00971584857448459,0.0149237038423304,0,0,0.0189878280656343,0,0,0.0230227964976034,0,0,0,0.00757416861038179,0,0,0,0.0175904868936939,0.063272413040751,0,0.0831632550866044,0,0,0,0,0.00125650307063428,0,0,0,0,0,0,0,0,0,0.0103467793618282,0,0,0,0,0.0138165481118198,0,0,0,0.0120410636990852,0.00066777956223215,0.0154008659668803,0.0131645372317888,0.00302609672028679,0.00405772468691531,0,0,0,0.0479530995545353,0.0217167844254502,0.0243890029788196,0,0,0,0,0,0,0,0.00358794373550103,0,0.0116761021581695,0,0.025791436991475,0.00949581505197482,0.00884844982513029,0,0.00659731085428322,0.0364912332902507,0,0.0195428501418144,0.00370952953287634,0.00262347792356022,0,0,0,0,0,1,0,0,0,0,0,0.00177162565076546,0,0.0137328798132785,0,0.027659610495766,0,0.0108123875761965,0,0,0,0,0,0,0,0.0185830587779593,0,0.0159580549368031,0,0,0,0,0.00471817268812424,0,0,0.00337783208586572,0,0,0,0,0,0.0106332652489086,0.0150489235147149,0,0,0,0,0,0,0,0.0298670597505501,0,0
"Srebf1",0,0,0,0,0.0115934975594031,0,0,0,0,0,0.0808272948051686,0.00880676028598177,0,0,0,0,0,0,0,0,0,0,0,0,0,0,0.0165651977328541,0,0,0,0,0,0,0,0,0,0,0,0,0,0,0,0.00239749183150332,0,0,0,0,0,0,0.0145242353472028,0,0,0,0,0,0,0,0,0,0.00348126340970559,0,0,0,0,0,0.00522330504250279,0.0086179520437535,0,0,0.00772821963090862,0,0,0,0,0,0.00666343303267565,0,0,0,0,0.0144078971219495,0,0.0388517577968672,0,0,0,0.00103672307149823,0,0,0.0064393822392783,0,0,0,0,0,0,0,0,0,0,0.0188748461559697,0.00749422875320687,0,0,0,0,0.00320372970841892,0,0,0,0,0,0,0,0.00499044168386123,0.0102859247159764,0,0,0,0,0,0,0,1,0.313756265553028,0,0,0,0,0,0,0,0.0072567639792362,0,0,0,0,0.112349362547943,0.0533033769088581,0,0,0,0.00168320732977991,0.0783943437730075,0,0,0,0,0,0.00367481211044924,0,0,0,0.00245495385073368,0,0.00272073854741755,0,0,0.0047191954971543,0.010378803714127,0,0.00359469053145694,0,0,0,0,0.00166139152750811,0,0,0
"Srebf2",0,0,0,0,0,0,0,0,0,0,0,0.0231186931908672,0,0,0,0,0.0027210387203227,0,0,0,0,0,0,0,0,0,0,0,0,0,0,0,0,0,0,0,0,0,0,0,0,0,0,0,0,0,0,0,0,0.00341988073980516,0,0,0,0,0,0,0,0,0,0,0,0,0,0.00395539709319769,0,0,0,0.0466526897303023,0,0.0212648728272112,0.00206988530528615,0.00545657788661417,0,0,0,0,0,0.023063372766049,0,0.00485602492272029,0.0043088063141112,0,0,0,0,0,0,0,0.00397397769487649,0,0,0,0,0,0,0,0,0.0562029203843379,0,0,0,0,0.0128451642128659,0,0.00752280163811733,0.0119472338839501,0,0,0,0,0,0,0,0,0.00633363773248515,0,0,0,0.00250510140462193,0,0,0,0,0.31375416168596,1,0,0,0,0,0,0,0,0.00729310625555804,0.0138684645023938,0,0,0,0,0,0,0.0174124070320917,0,0,0,0,0,0,0.00536638115582538,0,0,0,0,0,0.00163744313923426,0.0139678475361928,0,0.0520183534818974,0,0.0128362140341033,0.00994847750884049,0.0182230891554659,0,0,0,0,0,0.00832887099606215,0,0,0
"Stat1",0,0,0,0,0,0,0,0,0.00519356443459458,0,0,0,0,0,0,0,0,0,0,0,0,0,0,0,0,0,0,0,0,0,0,0,0,0,0,0,0,0,0,0,0,0.0534655924745556,0,0,0,0,0,0.00213069928548066,0,0,0,0,0,0,0,0.127088433706025,0.023942048627712,0.164841211441511,0.00779833909547479,0,0.00524137009764784,0,0,0,0,0,0,0,0,0,0,0,0,0,0,0,0,0,0,0,0,0,0,0,0.00393982951792401,0,0,0,0,0,0,0,0,0,0,0,0,0,0,0,0,0,0,0,0,0,0,0,0,0.00360057797697043,0,0,0,0,0,0,0,0,0,0,0,0,0,0,0,1,0.363244148239648,0,0,0,0,0,0.00546181148707254,0,0,0,0,0,0,0,0,0,0,0,0,0,0,0,0.000737249566377498,0,0,0,0,0,0,0,0,0.234252249023404,0,0,0,0,0.117588895771511,0,0,0,0,0,0,0
"Stat2",0,0,0,0,0,0,0,0,0,0,0,0,0,0,0,0,0,0.000412943995457223,0,0,0,0,0,0,0,0,0,0,0,0,0,0,0,0,0,0,0,0,0,0,0,0.0260507852389984,0,0,0,0,0,0,0,0,0,0,0,0.00442350768825345,0,0.199510460162474,0.0807935355135818,0.13097083392868,0.037253335297333,0.0660104361645792,0.0638782316665319,0.0180522651302015,0,0,0,0,0,0,0,0,0,0,0,0,0,0,0,0,0,0,0,0,0,0,0,0,0,0,0,0,0,0,0,0,0,0.00614103021064302,0,0,0,0,0,0,0,0,0,0,0,0,0,0,0,0,0,0,0,0,0,0,0,0,0,0,0,0,0,0.363242157024015,1,0,0,0,0,0,0,0,0,0,0,0,0,0,0,0,0,0,0,0,0,0,0,0,0,0,0,0,0,0,0,0.0297802817604486,0,0,0,0,0.0724777974687348,0,0,0,0,0,0,0
"Stat3",0,0,0,0,0,0.0068151495955535,0,0,0,0.0248174035400405,0,0,0,0,0,0,0,0,0,0,0,0,0,0,0,0,0.0441586296651754,0,0,0,0,0,0,0,0,0,0.0211761514205625,0,0,0,0,0.00385726689530178,0.0138381651476321,0,0,0,0,0,0,0,0,0,0,0,0,0,0,0,0,0,0,0,0,0.0124995314945,0,0.00238472514017201,0,0,0,0,0,0,0,0,0,0.0119866641473177,0,0,0,0,0.0192165613652298,0,0,0.00243655900230144,0.0053616762520667,0,0,0,0,0,0,0,0,0,0.00341866197361186,0,0,0,0,0,0,0,0,0,0,0,0,0,0.0107259818247689,0,0.00100118385120835,0,0,0,0,0.000301660472546683,0,0,0,0,0,0,0,0,0,0,0,1,0.545439311047882,0.0875354472387754,0,0,0,0,0.0130252177394214,0,0,0,0,0.0351835580728578,0,0,0.00765430840603931,0,0,0.000563326153025625,0,0,0,0,0,0.0216758425400651,0,0,0,0,0,0,0,0.00117408050317493,0,0,0,0.0347310180254735,0,0,0,0,0,0
"Stat4",0,0,0,0,0,0,0,0,0.000198378726617165,0.0392332338707079,0,0,0.00462691826776091,0,0,0,0,0,0,0,0,0,0,0,0,0,0.00185005051771118,0,0,0,0,0,0,0,0,0,0.00306772871369459,0,0,0,0,0,0.000444773157262352,0,0,0,0.00854135159913764,0,0,0,0,0,0,0.00427920987754734,0,0,0.00193281775993602,0,0,0,0,0,0,0,0,0.00443769302155474,0,0,0,0,0,0,0,0,0,0.00103812650612416,0,0,0,0,0.00990853411930257,0,0,0.00417150252147496,0.0114847468017729,0,0,0,0,0,0,0,0,0,0.00232937083698202,0,0,0,0,0,0,0,0,0,0,0,0,0,0.000603047111304534,0.0033445686188337,0.00239212842777317,0,0,0,0,0,0,0,0,0,0,0,0.00177001373395438,0,0,0,0,0.545437132620825,1,0.354966662478051,0,0,0,0,0,0,0,0,0,0.0021850384626458,0,0,0.000867245813341689,0,0,0,0,0,0,0,0,0,0,0,0,0,0,0.000502398255310316,0,0.00662938599017149,0,0,0,0,0,0,0,0.00163631127987265,0,0
"Stat5b",0,0.0121616640808006,0,0,0,0,0,0.00439357607744684,0.0150584303390484,0.0260206525064137,0,0,0,0,0,0,0,0,0,0,0,0,0,0,0,0,0,0,0,0,0,0,0,0,0,0,0,0,0,0,0,0,0.000106576861679828,0,0,0,0,0,0,0,0,0,0,0,0,0,0.00352881492698819,0,0.00550343610163996,0.00427360927158713,0,0,0,0,0,0,0,0,0,0,0,0,0,0,0,0,0,0,0,0,0,0,0,0,0,0,0,0,0,0,0,0,0,0,0,0,0,0,0,0,0,0,0,0,0,0,0,0,0.0148657251769111,0,0,0,0,0,0,0,0,0,0.00519903898072785,0,0,0,0,0,0,0,0,0.0875356898174906,0.354967880245064,1,0.0422318040192879,0,0,0,0,0,0,0,0,0.00947810003564346,0,0,0,0,0,0,0,0,0,0,0,0.00575887634232078,0,0,0,0,0,0,0,0,0,0,0,0.00781957913486098,0,0,0,0,0,0
"Stat6",0,0.00234982176655934,0,0,0,0,0,0.0167302524470676,0.033008377762503,0.00845744163817429,0,0,0.0250633356740036,0,0,0,0,0,0,0,0,0,0,0,0,0,0,0,0,0,0,0.0158989374147019,0,0,0,0,0.0167861040863306,0,0,0,0,0.0129687068061935,0.0127063301454831,0,0,0,0.00653748017980181,0,0,1.35838116649066e-05,0,0,0,0,0,0.000720400969460097,0.00843977892190214,0,0,0,0,0,0,0,0,0.00721442823357997,0,0,0,0,0,0,0,0,0,0,0,0,0,0,0.000511175236418537,0,0,0,0,0,0,0,0,0,0,0,0,0,0,0,0,0,0,0,0,0,0,0,0,0,0,0,0.00748397767555864,0.0108443715508117,0.00315006476012466,0,0.0140533481353158,0,0,0,0,0,0,0,0,0,0.0137295124257779,0,0,0,0,0,0,0.0422310264133387,1,0,0.00811075245035103,0,0.0141767545717905,0,0,0,0,0,0,0,0,0,0,0,0,0,0,0.0183424092899015,0,0,0,0,0,0,0,0,0,0,0,0,0,0,0,0,0,0,0,0
"Taf1",0,0,0,0,0.00321995512676003,0,0,0,0,0,0,0,0,0.0220623127603712,0.0149229709923756,0,0.0334506450580077,0,0,0,0.00781400160608809,0,0.00611469484282228,0,0,0,0,0,0,0,0.0136182396897789,0,0,0,0,0,0,0.00903269714564025,0,0,0,0,0,0,0,0,0,0,0,0,0.00467400167755796,0,0,0,0.0134760525082708,0,0,0,0,0,0,0,0,0,0,0,0,0,0.00385146320659459,0,0,0,0,0,0,0,0,0.00446394085594375,0.0153924200262387,0,0,0,0,0,0,0,0,0,0,0,0.0107212067233009,0.00846989840339583,0.0121697491948218,0,0,0,0.0330115745549948,0.00731520611379246,0.000898229689163212,0.015281899054467,0.000591091755908369,0,0,0,0.0417865679526077,0,0.0310536774533224,0,0,0,0,0,0,0,0,0,0,0.0155310535115858,0.00644907199794542,0.0113824313741876,0,0.0194074872410796,0,0,0,0,0,0,0,0,0,1,0,0,0,0,0,0.00893438803648451,0,0,0,0,0,0.00198015115549308,0,0,0.0270558550925568,0.0268785087126817,0,0,0,0,0,0.0587636047240326,0.073401743836696,0.00408771355385318,0.0203295817554959,0,0,0,0.00606307252599203,0,0,0.0161682792992564,0.0350727268806464,0.0288906853083389,0,0,0.0342715971096025,0
"Tbx21",0,0.00691220943217776,0,0,0,0,0,0.0098439706070492,0.0154978852791916,0.025842142491928,0,0,0.0128745904389256,0,0,0,0.0182603688275729,0.00750389942216819,0,0,0,0,0,0,0,0,0,0,0,0,0,0.468959403611927,0.000586290229461248,0,0,0,0.0175247985770316,0,0,0,0,0,0,0.00173378709372191,0,0,0,0,0,0.0084833617101976,0,0,0,0.00586644777351065,0,0,0,0,0.0261739874868427,0,0,0,0,0,0,0.00940076419156951,0.00448267564254069,0,0,0,0,0,0,0,0,0.00780908210409023,0,0,0,0,0.0127580239864942,0,0,0,0.0423089430882081,0,0.031669846653578,0,0,0.00679398497356857,0,0,0,0.0303981912229324,0,0.027045870185856,0,0,0,0,0,0,0.0119668118521682,0,0,0.00250534111919971,0,0,0,0.0103153584100996,0.0107809072045918,0,0.00165701211915046,0,0.0445081013180088,0.0182626269125073,0,0,0,0,0,0,0.0276523919517313,0.00724114560930978,0.00728733731365866,0.00547142718911813,0,0,0,0,0.00811185808441293,0,1,0.0441549443772695,0.0210028979255809,0,0,0,0,0,0,0,0.00194448509859315,0,0,0,0,0,0,0,0,0,0.0263789843078475,0,0,0,0,0.000754300724141252,0,0.00512884157883701,0.0002977520270097,0.00130809154902373,0,0,0,0,0,0.0268389403904586,0,0
"Tcf12",0,0,0,0,0,0,0,0,0,0,0,0,0,0,0,0,0.0654212972582146,0.00138172811742595,0,0,0,0,0,0,0.00197830321125125,0,0.00526143231404827,0,0,0,0,0.00353045685209486,0.0115836716737607,0,0,0,3.64799802865708e-05,0,0,0,0,0,0,0.0269787605729729,0,0,0.00587907384695194,0,0,0.0214106626276767,0,0,0,0.00169501667980236,0.0141538864902757,0,0,0,0,0,0,0,0,0,0.00345945930110575,0.0120757918347779,0,0.0079785611255575,0,0,9.03110760165199e-05,0.00115090149654811,0,0,0,0.0111405234660614,0.00414515395188942,0,0,0,0.0198556415156344,0,0,0.024023951689042,0.0151170600309547,0,0.0100163586891032,0.00792519988891428,2.20185205954954e-06,0.0134698415332134,0,0,0,0.00460783495911525,0.00921983401661212,0,0,0.00585127153226472,0,0,0.0300155225415433,0,0.0190708709628839,0,0.00124884726235864,0.00250077312219206,0.00868209345250155,0,0.00388703334356434,0,0,0.00127002686105326,0.0193213352979525,0,0.0572510812136518,0.0183780324895892,0.0477150236560945,0,0.00731529889985867,0,0,0,0,0,0.0138712916249361,0,0,0,0,0,0,0,0.0441585948450322,1,0.446223585334121,0,0,0,0,0,0.00568087354501635,0,0.0257901479758782,0,0,0,0,0,0,0.0130489472867985,0,0.00383402396506044,0,0,0.00421626592330456,0.00628033416849864,0.0273482474947045,0,0,0.0199627604248613,0.0124828345328987,0,0,0.00453248266680649,0,0,0,0.0108029302931175,0,0.0164635590088682
"Tcf3",0,0,0,0,0,0,0,0,0,0,0,0,0.0086876756234327,0.0096407742609129,0,0,0.0295957062919077,0.00067157278425174,0,0,0,0,0,0,0,0,0.0137653428101945,0,0,0,0,0.0159959654963885,0,0.00777222736576906,0,0,0.00698772934269464,0,0,0,0,0,0.00277314087103864,0,0,0,0.00602209748309332,0,0,0,0,0,0,0,0,0,0.00126682703602002,0,0,0,0,0,0,0.00857597102397735,0.00596542091426204,0,0,0.0100078270459457,0,0,0,0,0,0.00103938770222499,0,0,0,0,0,0,0.0259506443359471,0,0,0,0,0,0.0158820887353706,0,0,0,0,0,0,0,0,0,0,0,0,0,0.0157535995986542,0,0.0116963440692083,0,0.00400864682038074,0.00632115241536166,0,0,0,0.000293288284997039,0.00201072599475388,0.0118726213148331,0.0173579840535276,0,0.0212287348019784,0.0162593478475652,0.289960416410038,0,0,0,0,0,0.0108032179161336,0,0,0,0,0.0130209034026648,0,0,0.0141760459436589,0,0.0209987165281795,0.446216485978329,1,0,0,0,0,0,0.00736413542329485,0,0,0,0,0,0,0,0,0.0198002915082726,0,0,0,0,0.0058435183205651,0,0,0,0,0.0210859629627547,0,0,0,0,0,0,0,0.00784174124894523,0,0
"Tef",0,0,0,0,0.0115375306296384,0,0.0154522809156937,0,0,0,0,0,0,0.0196712524101661,0,0.0102357580679378,0,0,0,0,0,0,0,0,0,0,0,0,0,0,0,0,0,0,0,0,0,0,0,0,0,0,0,0,0,0,0,0,0,0,0,0,0,0,0,0,0,0,0,0,0,0,0,0.0111001537103051,0,0,0,0,0,0,0,0,0,0,0,0,0,0,0,0,0,0,0,0,0,0,0,0.436134193618424,0,0,0,0,0,0,0,0,0,0,0,0,0,0,0,0,0,0,0,0,0,0,0,0,0,0,0,0,0,0,0,0,0,0,0,0,0,0,0,0,0,0,0,0,0,0,0,1,0,0,0,0,0,0,0,0,0,0,0,0,0,0,0,0,0,0,0,0,0,0,0,0,0,0,0,0,0,0,0,0,0,0
"Tfdp1",0,0,0,0,0,0,0,0,0,0,0,0,0,0,0,0,0,0,0,0.045421820737444,0.263305298753089,0.0246776087919873,0.146392426502923,0,0,0,0,0,0,0,0,0,0,0,0,0,0,0,0,0,0,0,0,0,0,0,0,0,0,0,0,0,0,0,0,0,0,0,0,0,0,0,0,0,0,0,0,0,0,0,0,0,0,0,0,0,0,0,0,0,0,0,0,0,0,0,0,0,0,0,0,0,0,0,0,0,0,0,0,0,0,0,0,0,0,0,0,0,0,0,0,0,0.00429560431352597,0,0,0,0,0,0,0,0,0,0,0,0,0,0,0,0,0,0,0,0,0,0,0,1,0,0,0,0,0,0,0,0,0,0,0,0,0,0,0,0,0,0,0,0,0,0,0,0,0,0,0,0,0,0,0,0,0
"Tfe3",0,0,0,0.0870135184506302,0,0,0,0,0,0,0.0265279536933668,0.011785465670874,0,0,0.0017644847741272,0,0,0,0,0,0,0,0,0,0,0,0,0,0,0,0,0,0,0,0,0,0,0,0,0,0,0,0,0,0,0,0,0,0,0,0,0,0,0,0,0,0,0,0,0,0,0,0,0,0,0,0,0,0,0,0,0,0,0,0,0,0,0,0,0.00113430453485283,0,0,0.0240801044544664,0,0,0,0,0,0,0,0,0,0,0,0,0,0,0,0,0,0,0,0,0,0,0,0.00792598595975445,0,0.0120251122497269,0,0,0,0.0297030015344415,0,0,0,0,0,0,0,0,0,0,0.112339546384058,0,0,0,0,0,0,0,0.00891429524585655,0,0,0,0,0,1,0.364512648330739,0,0,0,0.000737837757322837,0.352580472401977,0,0.0588348121885416,0,0,0,0,0,0,0,0,0,0,0,0,0,0,0,0,0,0,0,0,0,0,0,0
"Tfeb",0,0,0,0.128076771475805,0,0,0,0,0,0,0.0468272257447063,0.151229539147938,0,0,0,0,0,0,0,0,0,0,0,0,0,0,0,0,0,0,0,0,0,0,0,0,0,0,0,0,0,0,0,0,0,0,0,0,0,0,0,0,0,0,0,0,0,0,0,0,0,0,0,0,0,0,0,0,0,0,0,0,0,0,0,0,0,0,0,0,0,0,0.155313171684016,0,0,0,0,0,0,0,0,0,0,0,0,0,0,0,0,0,0,0,0,0,0,0,0,0,0,0,0,0,0,0,0,0,0,0,0,0,0,0,0,0.0532955820492403,0,0,0,0,0,0,0,0,0,0,0,0,0,0.364507967996025,1,0,0,0,0,0.092411305477762,0,0.0671739624454195,0,0,0,0,0,0,0,0,0,0,0,0,0,0,0,0,0,0,0,0,0,0,0,0
"Thap11",0,0,0,0,0.00229050913557219,0,0,0,0,0,0,0,0,0,0,0,0,0,0,0,0,0,0,0,0,0,0,0,0.000587521774541448,0,0,0,0,0,0,0,0,0,0,0,0,0,0.00321059673051007,0,0,0.00540854375309308,0,0,0,0,0,0,0,0.0150254524043779,0,0,0,0,0,0,0,0,0,0.00194212460111532,0,0,0,0,0,0,0,0,0,0,0,0,0,0,0,0,0,0,0,0,0,0,0,0,0,0,0,0,0,0,0,0,0.00139148614058658,0.000565940076905496,0,0,0,0,0,0,0,0,0,0,0.00946735585551737,0,0,0,0.00177944191375215,0,0.00417808529082739,0,0,0,0.00314330727365002,0,0,0,0,0,0,0,0,0.0351772765329727,0.00218294314925527,0.00947768933612757,0,0,0,0,0,0,0,0,0,1,0,0,0,0,0,0,0,0,0,0,0,0.665266211122704,0,0,0,0,0.00157233070367624,0,0,0,0,0.0117351934334055,0,0.158144032663829,0,0,0,0,0.00722435449683041,0
"Thrb",0,0,0,0,0,0.0335152264371579,0,0,0,0,0,0,0,0,0,0,0,0,0,0,0,0,0,0.00588676975537385,0,0,0,0,0,0,0,0,0,0,0,0,0,0,0,0,0,0.000534194278860752,0,0,0,0,0,0,0,0,0,0,0,0,0,0,0,0,0,0,0,0,0,0.00621782383968634,0,0,0,0,0,0,0,0,0,0,0,0,0,0,0,0,0,0,0,0,0,0,0,0,0,0,0,0,0,0.0161361333923361,0,0,0,0,0,0,0,0,0.0114514473734853,0,0.00277728522437486,0,0,0,0,0,0,0,0.0538281149444437,0,0,0,0,0,0,0,0,0,0,0,0.0174129315346375,0,0,0,0,0,0,0,0,0.00568123668936301,0.00736512277516958,0,0,0,0,0,1,0,0,0,0,0,0,0,0,0,0,0,0,0,0,0,0,0,0,0,0,0,0,0,0,0,0,0,0,0
"Tigd2",0,0,0,0,0,0,0,0,0,0,0,0,0,0,0,0,0,0,0,0,0,0,0,0,0,0,0,0,0,0,0,0,0,0,0,0,0,0,0,0,0,0,0,0,0,0,0,0,0,0,0,0,0,0,0,0,0,0,0,0,0,0,0,0,0,0,0,0,0,0,0,0,0,0,0,0,0,0,0,0,0,0,0,0,0,0,0,0,0,0,0,0,0,0,0,0,0,0,0,0,0,0,0,0,0,0,0,0,0,0,0,0,0,0,0,0,0,0,0,0,0.00663332578604721,0,0,0,0,0,0,0,0,0,0,0,0,0,0,0,0,0,0,0,0,1,0,0,0,0,0,0.00180596019162807,0,0,0,0,0,0,0,0,0.00552377449679101,0,0,0,0,0,0,0,0,0,0,0,0.00183750937356221,0
"Trp53",0,0.0161606673141996,0.0142620745010022,0,0,0,0,0.00558505624054471,0.0282976941190363,0.00342330154259427,0,0,0.01876415608487,0,0,0,0.0161135977802012,0,0,0,0,0,0,0,0,0,0.00775402181434515,0,0,0,0,0,0.0125570820442956,0.00279198994838809,0,0,0.0062679715250622,0,0,0,0,0.0201799798989227,0.0324455716730932,0,0,0,0.0158378646363869,0,0.00336107289548551,0.016022902523761,0,0,0,0,0.00610094164476892,0,0,0,0.00754373243151837,0,0,0,0,0.0226092988121883,0,0.0159623354060483,0.00252930582901913,0,0,0,0,0.0020613200711794,0,0.00121818654358146,0,0,0,0,0.00207827372707125,0.0105639817283586,0.0185460618282212,0,0,0,0,0,0.0141705169778346,0,0,0,0,0,0,0.00471445806426899,0.00726074205779222,0,0,0,0,0,0.00174169912819853,0,0.000119143019907525,0,0,0,0,0,0.0300875254126402,0.00888380926984009,0.0073872526517863,0,0,0,0.0308559145832415,0.0140825502465517,0,0,0,0,0,0,0.0185842781401187,0.00168511024719399,0,0,0,0.00765472214242903,0.000868287948367886,0,0,0,0.00194491810564382,0.0257896901197426,0,0,0,0.000749240726664631,0,0,0,0,1,0,0,0.00621196769951865,0,0,0,0.0193162675238043,0,0.00579935072593032,0.00746987378357584,0,0.00282281292441661,0,0,0,0,0.00810631895140842,0,0,0,0,0,0,0,0,0.000333506905486946,0
"Usf1",0,0,0.0484718067799772,0.174326984254932,0,0,0,0,0,0,0,0,0,0,0,0,0,0,0,0.000323288160897674,0,0,0,0,0,0,0,0,0,0,0.000988500787863521,0,0,0,0,0,0,0.00552225915205734,0,0,0,0,0,0,0,0,0,0,0,0,0,0,0,0,0,0,0,0,0,0,0,0,0,0,0,0,0,0,0,0,0,0,0,0,0,0,0,0,0,0,0,0,0.181843628305077,0,0,0,0,0,0,0,0,0,0,0,0,0,0,0,0,0,9.88052647983529e-05,0,0,0,0,0,0,0,0,0,0,0,0.0107628781129625,0,0,0,0,0,0,0,0,0,0,0.0783863372482662,0,0,0,0,0,0,0,0.00196915101115148,0,0,0,0,0,0.352573364690487,0.0924089141508435,0,0,0,0,1,0,0,0,0,0,0,0,0,0,0.00178305760163167,0,0,0,0,0,0,0,0,0,0,0,0,0,0,0,0
"Vax2",0,0.0196819134934484,0,0,0,0,0,0,0,0,0,0,0,0,0,0,0,0,0,0,0,0,0,0,0,0,0,0,0,0,0,0,0,0,0,0,0,0,0,0,0,0,0.00913265793137537,0.00343358281440621,0,0,0,0,0,0,0,0,0,0,0,0,0.00616924976782491,0,0,0,0,0,0,0,0,0,0,0,0,0,0,0,0,0,0,0,0,0,0,0,0,0.181346674841697,0,0,0.000443217124667757,0,0,0,0,0,0,0,0,0,0,0,0,0,0,0,0,0,0,0,0,0,0,0,0,0,0.00486268029311254,6.8215172768918e-05,0,0,0,0,0,0,0,0,0,0,0.0159572145609032,0,0,0,0,0,0,0,0,0,0,0,0,0,0,0,0,0,0,0,0,0,1,0,0,0,0,0,0,0,0,0,0,0,0,0,0,0,0,0,0,0,0,0,0,0,0,0
"Xbp1",0,0,0,0.0587959577393095,0.0983208460546762,0,0,0,0.0232382385783242,0,0,0,0,0,0,0,0,0,0,0,0.00434968482354261,0,0.00205643286356826,0.000813498710720872,0,0.00841611201936554,0.0106986636626657,0,0,0,0.0077809080950491,0,0,0,0,0,0,0,0,0,0,0,0.00130741520295748,0,0,0,0,0,0,0.00879371071371066,0,0,0,0,0,0,0,0,0,0,0,0,0,0,0,0,0,0.00932498484441041,0,0,0.00958488349102228,0.00312534519081322,0,0,0,0,0,0,0,0,0,0,0.00325521304921377,0,0,0,0,0,0,0,0,0,0.000995274890015604,0,0,0,0,0,0,0,0,0,0,0,0,0,0,0,0,0,0,0,0.0011603956239189,0,0,0,0,0,0,0,0.0113697853186731,0.00545677094435783,0,0,0,0,0,0.000564234045211392,0,0,0,0,0,0,0,0,0,0.0588385081636497,0.0671756450403333,0,0,0,0.00621249994625972,0,0,1,0,0,0,0,0,0,0,0,0,0,0,0,0,0,0,0,0,0,0,0,0,0,0,0
"Zbtb14",0,0,0.00524814160582714,0.00488920974201445,0,0,0,0,0,0,0,0.00385236772431073,0,0,0.00717108177344727,0,0,0,0,0.00246778108071324,0.0489724347424082,0,0,0.0184180259079096,0,0.00397458734016602,0,0,0,0,0,0,0,0,0,0,0,0.00218967362045318,0,0,0,0,0,0,0,0,0,0,0,0,0.0223218515177221,0,0,0,0.00985793646521323,0,0,0,0,0,0,0,0,0,0,0,0,0.00472564713158118,0,0,0,0,0,0,0,0,0,0,0.0249179107206904,0.0317582068011348,0,0,0,0.0175933393922215,0,0,0,0,0,0,0,0,0,0,0,0,0.158401025739092,0.00678846594787817,0,0,0,0,0,0,0,0,0.00197458255525512,0,0,0,0,0,0,0,0,0,0,0.0170147337453232,0,0.0423082906106108,0.00615541572949976,0,0,0,0,0,0,0,0,0,0,0.0270594919356258,0,0,0,0,0,0,0,0,0,0,0,0,0,0,1,0.00698549725520097,0,0,0,0,0,0.00156693577210137,0,0.00804096809875797,0,0,0,0,0,0,0,0,0.04648057081159,0.0218505920867538,0,0,0.0344944440458106,0
"Zbtb17",0.00256041181703917,0,0,0,0,0,0,0,0,0,0,0,0,0,0,0,0,0,0,0,0,0,0.0545050797253603,0.0286148499138905,0.0171208604749592,0,0,0,0,0,0,0,0,0,0,0,0,0,0,0,0,0,0,0,0,0,0,0,0,0,0,0,0,0,0.00300980030172168,0,0,0,0,0,0,0,0,0,0,0,0,0.00951310449890871,0,0,0,0.061420894545816,0,0,0,0,0.00457791298230957,0.178459100345981,0.021133892488075,0,0,0,0,0.000115642540054132,0,0,0,0,0,0,0,0,0,0,0,0,0.00360954170687885,0.06293070063214,0,0,0,0,0.00463921367947922,0,0.0371860476296883,0,0,0,0,0,0,0,0,0,0,0,0,0.180762426151623,0.000222577818631335,0.103928831200246,0.13936917790107,0,0,0,0.00537602210746467,0,0,0,0,0,0,0.0268880327185885,0,0,0,0,0,0,0,0,0,0.00180571600826697,0,0,0,0,0.00698509474938315,1,0,0,0.00642583594992195,0,0,0.00406860860407973,0.0190431505926908,0.0116776214052463,0.186392121991693,0,0,0.0104257207721709,0,0,0,0,0.038463540185735,0.00135500595139745,0,0,0,0
"Zbtb20",0,0,0,0,0,0,0,0,0.0097854102794425,0,0,0,0,0,0,0,0,0,0.065495614087998,0,0,0,0,0,0,0,0,0,0,0,0,0.000759460813506811,0,0,0,0,0,0,0,0,0,0.0121527162408707,0,0,0,0,0,0,0,0,0,0,0,0,0,0,0,0,0,0,0,0,0,0,0,0,0,0,0,0,0,0,0,0,0,0,0,0,0,0,0,0,0,0,0,0,0,0,0,0,0,0,0,0,0,0,0,0,0,0,0,0,0,0,0,0,0,0,0,0.00097516176746025,0,0,0,0,0,0,0,0,0,0,0,0,0,0,0,0.000737281659739758,0,0,0,0,0,0,0,0,0,0,0,0,0,0,0,0,0,0,0,0,0,0,1,0,0,0,0,0,0,0,0,0,0,0,0,0,0,0,0,0,0,0,0,0
"Zbtb3",0,0.000822253135067704,0,0,0,0,0,0,0.00772679130352314,0.0107802328835222,0,0,0.000964886330165811,0,0,0,0.0473032691875573,0,0,0,0,0,0,0,0,0,0.0119085598424389,0,0,0,0,0.00221376990838235,0,0,0,0,0.007314003226821,0,0,0,0,0,0.0252524806485534,0,0,0,0.00630622184981194,0.00847184226794171,0,0,0,0,0,0,0,0,0.00263615462320325,0.00380831507024985,0.00184808319028428,0.00182164518768155,0.00182811555419743,0,0,0,0.00540025899240208,0.0150871097758903,0,0,0,0,0,0,0,0,0,0.0147557905416019,0,0,0,0.0107049774439364,0.0259835450213748,0,0,0,0.000513573437019275,0,0.00636380151342596,0,0,0,0,0,0,0.00607059561122032,0.017503933298527,0.00928907545354692,0,0,0,0,0.00721677609568844,0,0.0115410936665625,0,0,0.000721805474409262,0.00419828201830719,0,0,0.00820392733355162,0,0,0.013441084627726,0,0.00467016845762505,0,0,0,0,0,0,0,0.00471803758171693,0.00367131689222136,0,0,0,0,0,0,0.0183430122425884,0,0,0.0130481153332907,0.0198032663917621,0,0,0,0,0,0,0,0.0193165524481356,0,0,0,0,0,0,1,0,0,0.00320485544888228,0,0,0.000417086025391018,0,0.00665344566868683,0,0.00841251894245222,0,0,0,0.000417968344177304,0,0,0,0.0147000212345521,0,0.00611057275884626
"Zbtb49",0,0,0,0,0,0,0,0,0,0,0,0,0,0,0,0,0,0,0,0,0,0,0,0,0,0,0,0,0,0,0,0,0,0,0,0,0,0.000355476336606394,0,0,0,0,0,0,0,0,0,0,0,0,0,0,0,0,0,0,0,0,0,0,0,0,0,0,0,0,0,0,0,0,7.94596646103041e-05,0.00302335132129701,0,0,0,0,0,0,0,0,0,0,0,0,0,0,0,0,0,0,0,0,0,0,0,0,0,0.0118611357257364,0,0,0,0,0,0,0,0,0.00166584338932276,0,0,0,0,0,0,0,0.00734953997743619,0,0,0.00419377378098997,0,0.0139871968075411,0.00959443556583627,0.00055994531181432,0,0,0,0,0,0,0,0,0,0,0,0,0,0,0,0,0,0,0,0,0,0,0,0,0,0.00642438610171091,0,0,1,0,0,0,0,0,0,0,0,0,0,0,0,0,0,0,0,0,0.00307844473428714,0
"Zfp143",0,0,0.00774983913908468,0,0.00388905390056341,0,0,0,0,0,0,0,0,0,0,0,0,0,0,0,0,0.0043683060693992,0,0,0,0,0,0,0,0,0,0,0,0,0,0,0,0.00151783995057935,0,0,0,0,0.00133225097222344,0,0,0.00478162544177824,0,0,0,0,0,0,0,0.00292540380027682,0,0,0,0,0,0,0,0,0,0,0,0,0,0,0,0.00202244310360284,0.0033073519210159,0,0.00141120791922331,0,0,0,0.00851614464410753,0,0,0.00793365861901176,0,0,0,0.00958515435373403,0,0,0,0,0,0,0,0.00146812239690056,0,0,0,0,0.0250639399803655,0.00236710895654945,0,0,0,0,0.0172674681151518,0,0,0,0,0,0.000863102297318493,0,0,0,0,0,0.00611146070223848,0,0,0,0.0122008171850983,0,0,0.000106001619049763,0,0,0,0,0,0.0216825301067856,0,0.00575943581553425,0,0,0,0.00383387169241083,0,0,0,0,0,0.665268712122696,0,0,0.00579881457032583,0,0,0,0,0,0,0,0,1,0,0,0,0,0.00165333009331604,0,0,0,0,0.00539173302712727,0,0.171408011018136,0,0,0,0,0.00137863243260188,0
"Zfp212",0,0,0,0,0,0,0,0.00567563393555082,0.00857692957552954,0.126610218005845,0,0,0.0011622528580539,0,0,0,0,0,0,0,0,0,0,0,0,0,0,0,0,0,0,0,0,0,0,0,0,0,0,0,0,0,0.00339186512315682,0,0,0,0.00790147500804852,0,0,0,0,0,0,0,0,0,0,0.0920004996825679,0.00415376037313337,0,0,0,0,0,0,0,0.00314573203782274,0,0,0,0,0,0,0,0,0,0,0,0,0,0,0,0,0,0,0.00582047097533816,0.0067006016335692,0,0,0,0,0,0,0.0253520541303819,0,0,0,0,0,0,0,0.0376733713380815,0.00466544241274369,0,0,0.0598192711643418,0,0,0,0,0,0.00515767247779058,0,0,0,0.0408884496729423,0,0,0,0,0,0,0.00337294802838132,0,0,0,0,0,0,0,0,0,0.0263787830587027,0,0,0,0,0,0,0,0,0,0.00746854609942662,0,0,0,0,0,0,0.00320455840192922,0,0,1,0,0,0,0,0.0318318247060833,0,0.00142904653873291,0.160540755426574,0,0,0,0,0,0,0.0240026284065996,0,0
"Zfp213",0,0,0,0,0.0172247992907478,0,0,0,0,0,0,0,0,0,0,0,0,0,0,0.0105980124558017,0.000623562278833882,0.0010285020141811,0.0154706586857122,0,0,0.00977485318287082,0,0,0,0,0.0100802512202604,0,0,0,0,0,0,0.00937856023902288,0,0,0,0,0,0,0,0,0,0,0,0,0,0,0,0,0.00392764272016363,0,0,0,0,0,0,0,0,0,0,0,0,0.00741147742361383,0,0,0.0184299649233147,0,0,0.004184885725309,0,0,0,0,0.0327542788537114,0,0.00385134700507072,0,0,0,0,0,0,0,0,0,0.00391103254461654,0.00477094370470599,0,0,0,0,0,0,0,0,0.000594356306108019,0,0,0,0,0,0.00426869984499286,0,0,0,0,0,0,0,0,0,0,0.0427748836721597,0,0.0455253183539982,0.0208534912004482,0.00956211017158469,0,0.00245109154675089,0.00163558157016957,0,0,0,0,0,0,0.0587632613780413,0,0,0,0,0,0,0,0,0,0,0,0.00179341606049859,0,0,0.00156630951888564,0.00405898945749103,0,0,0,0,0,1,0,0.00340961249583015,0,0,0,0.0416710390588757,0.000901593201489355,0,0,0,0.0317730276967686,0.0344076989066158,0,0,0.0355841843487207,0
"Zfp260",0,0,0,0,0,0,0,0,0,0.0242819795662555,0,0,0,0,0,0,0,0,0,0,0,0,0,0,0,0,0,0,0,0,0,0,0,0.0608727979562081,0,0,0,0,0,0,0,0,0.00784311173022095,0,0,0,0,0,0,0,0,0,0,0,0,0,0,0,0,0,0,0,0,0,0,0,0,0,0,0,0,0,0,0,0,0,0,0.078851826107412,0.00397143884887736,0.0295833809807716,0,0,0,0,0,0,0,0,0,0,0,0,0,0,0,0,0,0,0,0,0,0.000899327139674112,0,0,0.123779767101678,0.0769618818905993,0,0.00307700246075642,0,0,0,0,0.00782678879935511,0,0,0,0,0.0031528830541856,0.00436562623795103,0,0,0,0,0,0.0139693517432336,0,0,0,0,0,0,0.0734027952817731,0,0.00421933923043763,0.00584239905650333,0,0,0,0,0,0,0,0.00282444728444309,0,0,0,0,0.0190326480120283,0,0,0,0,0,0,1,0,0.0295528152418427,0,0,0.00490911694427355,0.0135219136401597,0,0,0,0.0373587920332192,0,0,0.00444793289314133,0,0
"Zfp263",0,0,0.0120639368310467,0,0.00346425523418813,0,0,0,0,0,0,0,0,0,0,0,0.0148831823128606,0,0,0.00522458012248884,0.0241817161409915,0,0.00644383965185013,0,0.00457892995921885,0.0115749229879738,0.00513567253795386,0,0,0,0.0043986184724936,0,0.00857608839710775,0.00320071457161434,0,0,0,0.00112014993756515,0,0,0,0,0,0,0,0.000358919583321265,0,0,0,0,0,0,0,0,0,0,0,0,0,0,0,0,0,0,0,0,0,0,0,0,0,0.0118652247672999,0,0,0,0,0.00872396573901114,0.00867367524390587,0,0.00248359083558053,0,0,0,0.00808060260123516,0,0,0,0,0.00330691403957063,0,0,0,0,0,0,0,0,0.00752991764665878,0,0,0,0,0,0,0,0,0.0101171609984818,0,0,0,0,0,0,0,0,0,0,0.00807829820118022,0,0.00111661847434721,0.011982731481035,0,0,0.00272061813650721,0,0,0,0,0,0,0,0.00408827551906453,0,0.00628145514706654,0,0,0,0,0,0,0,0,0,0,0,0,0.00804117884317732,0.0116726710616958,0,0.000416320077967371,0,0,0,0.00341021026034354,0,1,0.00942174754871839,0,0,0.00541956926191074,0.0022518590416741,0,0,0.00429986449592431,0.0137344404288156,0.017350607361277,0,0.00786603997292015,0.00440524790649636,0
"Zfp281",0,0,0,0,0,0,0,0,0,0,0,0,0,0.000265501436019357,0,0,0.00631443773175083,0,0,0,0,0,0,0.02681748329754,0.0965322455559306,0,0,0,0,0,0,0,0,0,0,0,0,0,0,0,0,0,0,0,0,0,0,0,0,0.00450551197858934,0,0,0,0,0,0,0,0,0,0,0,0,0,0.000145406028372188,0,0,0,0.0550612979349692,0,0,0,0,0,0,0,0,0,0.14955613569075,0,0,0,0,0,0,0,0,0,0,0,0.000679694246773771,0,0,0,0,0,0,0,0.0915791542045652,0,0,0.0107800384688608,0,0.000345120912650788,0,0.0192154209745079,0.034740595411357,0,0,0,0,0,0,0,0,0.000724572693899581,0,0,0.0128727382034079,0,0,0.065180694272584,0,0,0,0.0520244097011219,0,0,0,0,0,0,0.0203345397433468,0,0.0273504224135527,0,0,0,0,0,0.00157893775507857,0,0.00552362193183589,0,0,0,0,0,0.186380755484095,0,0,0,0.00163792192554858,0,0,0.0295582746187464,0.00942098888724269,1,0,0.00312010414438534,0.0013889398379751,0,0.0243562766337045,0,0.00732469206034061,0,0,0.253631142531014,0.00223480489238018,0,0
"Zfp287",0,0.055979550797705,0,0,0,0,0,0,0.0241004072264004,0.0480347956560228,0,0,0,0,0,0,0.00967652158078642,7.85775439629184e-05,0.00789419371445313,0,0,0,0,0,0,0,0,0,0,0,0,0,0,0,0,0,0,0,0,0,0,0.133845972086705,0,0,0,0,0.0258902987239447,0,0,0,0,0.029259726421787,0,0,0,0.0232425899305057,0,0.0807131158375499,0,0,0,0,0,0,0,0,0,0,0,0,0,0,0,0,0,0,0,0,0,0,0,0,0,0,0.0134239115524652,0.00878078092276574,0,0.00355496265707457,0,0,0,0,0,0,0.0104387823750701,0.00469627517810938,0,0,0,0,0,0,0,0,0,0,0,0,0,0.0150651286230111,0,0,0,0,0,0,0,0,0,0,0,0,0,0,0,0.234253414819617,0.0297781841159866,0,0.000489608098344621,0,0,0,0.000741779575779372,0,0,0,0,0,0,0,0,0,0,0,0,0,0,0,0,0.00664605762269366,0,0,0.0318199989391112,0,0,0,0,1,0,0,0,0,0.255035479823122,0,0,0,0,0,0,0
"Zfp324",0,0,0,0,0,0,0,0,0.0123297428420005,0.00976711129654544,0,0,0,0,0,0,0.000813720755847009,0,0,0,0,0,0,0,0,0,0.015322537113599,0,0,0,0,0,0,0,0,0,0.00690812028767194,0,0,0,0,0,0,0.00412061193802731,0,0,0,0,0,0,0,0,0,0,0.00268931810872328,0,0,0,0,0,0.00396436732248601,0,0,0,0,0,0,0,0.00301081580525391,0.00495303294895377,0,0,0,0.0159421828677426,0,0,0,0.00884445239366779,0,0,0.000641407559811413,0,0,0,0,0,0,0,0,0,0,0,0,0,0,0,0,0,0,0,0.012400046580963,0.017698154437789,0,0,0,0.0156058610604827,0,0,0,0,0,0,0,0,0.0415819585785194,0.0178454714543165,0,0,0,0,0,0,0.0106365748976089,0.00471865095237589,0.0128376974960612,0,0,0,0,0,0,0,0,0,0,0,0,0,0,0,0,0,0,0,0,0,0,0,0,0,0,0,0,0,0,0,0.00312032555230592,0,1,0.0295601691742691,0.00667652393981711,0,0,0,0,0,0,0,0.00447754022287611,0
"Zfp335",0,0,0.00742954944334767,0,0,0,0,0,0.0109946107493756,0,0,0,0,0,0,0,0.0184117215279375,0,0,0,0,0,0,0.00781431796081426,0,0.000279508986799035,0,0,0,0,0.000699425319256254,0,0.013897687765372,0.0189855254764722,0,0,0,0.0070094609378505,0,0,0,0,0.000254102479561504,0,0,0,0,0,0,0.0249899255913189,0,0,0,0.012667244642071,0,0,0,0,0,0,0,0,0,0,0,0,0,0,0,0,0,0,0,0.000315020209005112,0,0,0,0,0.000766018842668702,0,0.00854174277864627,0,0,0.00265058064175592,0,0,0,0,0.00953359348137799,0,0,0,0,0.0187015300119818,0,0,0,0.000827034293570401,0,0,0.0174636033238551,0,0.0169450662752298,0.00074856064311912,0.00202054084718107,0.00208750834196492,0.0109612087107663,0,0,0,0,0,0,0,0.0166074151890932,0.0253116055240124,0,0,0.00733431051999997,0.0137391773496532,0,0.0123935763917096,0.0150491029614788,0.0103787459726656,0.00995075375809906,0,0,0.00117673797752035,0.00663126750341055,0,0,0,0.00513033897714569,0.0199647607585343,0.0210907727212652,0,0,0,0,0,0,0,0.00810817238996765,0,0,0,0,0.0104320172782344,0,0.00841294434201412,0,0,0.00143054465467848,0.0416743069845605,0.00491253552742341,0.00542048490527877,0.00139184128606145,0,0.0295605308918526,1,0,0.00864928921622195,0,0.000343086186374739,0.0501999249827947,0,0,0,0.0115365685079683,0
"Zfp398",0,0,0,0,0,0,0,0,0,0.0951138787076724,0,0,0,0,0,0,0,0,0,0,0,0,0.0181699379626293,0,0,0,0,0,0,0,0,0,0,0.0427824271505316,0,0,0,0,0,0,0,0,0,0,0,0,0,0,0,0.000444638699162743,0,0,0,0.0134777620594071,0,0,0,0.0297263668612622,0,0,0,0,0,0,0,0,0,0,0,0,0,0,0,0,0,0,0,0.0792008720270061,0,0,0.00125428546427039,0,0,0,0,0,0,0,0,0,0,0,0,0,0,0,0,0,0,0,0.0066084897593045,0.0134224690849224,0,0,0.0816230869609933,0.107780440049194,0,0,0,0,0,0,0,0,0.00583032086198728,0.0280278260091843,0,0,0.00825931680383898,0,0,0,0,0,0.0182204015402148,0,0,0,0,0,0,0.0060607147547836,0.000301409731615801,0.0124840648901268,0,0,0,0,0,0,0,0,0,0,0,0,0,0,0,0,0,0,0.160543129715063,0.000899715331228725,0.0135233781924762,0.00225106352628078,0,0,0.0066764857333812,0,1,0,0,0.0024961612090269,0,0,0,0.021949376341588,0,0
"Zfp410",0,0,0,0.000199935229488326,0,0,0,0,0,0.00256659891252453,0,0,0,0,0,0,0,0,0,0,0,0,0,0,0,0,0,0,0,0,0,0,0.00800764300052147,0,0,0,0,0,0,0,0,0.00343699777885114,0.00814225844651668,0.00834780616861016,0,0,0.00358068363905551,0,0,0,0,0,0,0,0,0,0,0,0,0,0,0,0,0,0,0,0,0,0,0,0,0,0,0,0,0,0,0,0,0,0,0,0,0,0,0,0,0,0,0,0,0,0,0,0,0,0,0,0,0,0.000679799821245549,0,0.00010488433423654,0,0,0.00026889310839709,0,0,0,0,0,0,0,0,0,0,0,0,0,0,0,0,0,0.00359477361275401,0,0,0,0,0,0,0,0,0.00130834780873159,0,0,0,0,0,0,0.0117353929914341,0,0,0,0,0,0,0,0,0,0,0,0.00539167039381923,0,0,0,0,0.0243562574818169,0,0,0.00864923782404867,0,1,0,0.00195839704219968,0,0,0,0,0,0
"Zfp422",0,0.011698152147165,0,0,0,0,0,0,0,0,0,0,0,0,0,0,0,0,0,0,0,0,0,0,0,0,0,0,0,0,0,0,0,0,0,0,0,0,0,0,0,0.182574100463879,0,0,0,0,0,0,0,0,0,0,0,0,0,0,0,0.0194492765557019,0,0,0,0,0,0,0,0,0,0,0,0,0,0,0,0,0,0,0,0,0,0,0,0,0,0,0,0,0,0,0,0,0,0,0,0,0.0110158809914472,0,0,0,0,0,0,0,0,0,0,0,0,0,0,0,0,0,0.000795248741208913,0,0.00429643730182299,0,0,0,0,0,0,0,0,0,0,0.117589299708382,0.0724794398264233,0,0,0,0,0,0,0,0,0,0,0,0,0,0,0,0,0,0,0,0,0,0,0,0,0,0,0,0,0,0,0.255034377311016,0,0,0,0,1,0,0,0,0,0,0,0
"Zfp523",0,0,0,0,0.00826584050513471,0,0,0,0,0,0,0,0,0,0.00524921824273552,0,0,0,0,0.000835407451393027,0,0.00139378323957578,0.0152528421374592,0,0.00178837867246385,0,0,0.00108443480688516,0.00402650383984165,0,0.0112051906191275,0,0,0,0,0,0,0,0,0,0,0,0.00950208173752631,0,0,0.011009030907638,0,0,0,0,0,0,0,0.0186111006901936,0,0,0,0,0,0,0,0,0,0.000515792190570036,0,0,0,0,0,0,0,0,0,0.00536473670720274,0,0,0,0,0.00548935511021967,0.0344267737975194,0,0,0,0,0,0,0,0,0,0,0,0,0,0,0,0,0.0390502198990232,0.00451588923892914,0,0,0,0,0.018105564553508,0,0,0,0.000515485039454504,0,0.00329500482364794,0,0,0,0.00426855557826553,0,0,0,0,6.21672874631613e-05,0.0168521921211245,0,0.00144598657872476,0.0169471672146837,0,0,0,0,0,0.0347324378016686,0,0.00781966429428861,0,0.0161698397256941,0,0.00453338882210611,0,0,0,0,0,0.158148862737839,0,0,0,0,0,0,0,0,0,0.00041587012317284,0,0.171404197156934,0,0,0,0.00430020730709366,0.00732148893607483,0,0,0.000341732585020168,0.00249236519217982,0.00195821466874491,0,1,0.0102842775147816,0,0,0,0.0186090866004279,0
"Zfp566",0,0,0,0,0,0,0,0,0,0,0,0,0,0,0,0.00477113678482247,0,0,0,0,0.029675193753217,0,0.0398200083474371,0,0,0.000173930345899,0,0,0,0,0,0,0,0,0,0,0,0.0276804719348171,0,0,0,0,0,0,0,0,0,0,0,0,0.00709032335356197,0,0,0,0.0269062397087292,0,0,0,0,0,0,0,0,0,0,0,0,0,0,0,0,0,0,0,0,0,0,0,0.0501288475783159,0.0313477429392472,0,0,0,0.00672804627067212,0,0,0,0,0,0,0,0.00309515723915711,0,0,0,0,0.0462118441074837,0,0,0,0,0,0,0,0.00834680947692742,0,0.0339687434627046,0,0,0,0,0,0,0,0,0,0,0.0660363583310158,0.0169370687282496,0.101441605279566,0,0,0,0,0,0,0,0,0,0,0,0.0350744876560958,0,0,0,0,0,0,0,0,0,0,0,0,0,0,0.0464810499758616,0.0384571671634642,0,0,0,0,0,0.0317747910464067,0.0373596699251657,0.0137341623351137,0,0,0,0.0501962649935602,0,0,0,0.0102842654742756,1,0.100414324614815,0,0,0.0677670147760606,0
"Zfp64",0,0,0.00469459761319936,0,0,0,0,0,0,0,0,0,0,0,0.0104101987657409,0,0,0,0,0,0.0250998359432977,0,0.00497423357328291,0.019232762628549,0,0.00316209894481403,0,0,0,0,0,0,0,0,0,0,0,0,0,0,0,0,0,0,0,0,0,0,0,0.0162912873758689,0,0,0,0,0.0231582488317123,0,0,0,0,0,0,0,0,0,0,0,0,0.000848386253800441,0,0,0,0.00881780022720624,0,0,0,0,0,0,0.0257852690289261,0.111979875039351,0,0,0,0.0349641758509279,0,0,0,0,0,0,0,0.0144230873555996,0,0,0,0,0.0250868146732341,0.00405806102983911,0,0.00295574800490651,0.00527793170552041,0,0,0,0.00156250712205768,0,0.0329269645745685,0,0,0,0,0,0,0,0,0,0,0.0225872267881588,0,0.0692299495778385,0.0166943173793137,0,0,0,0,0,0,0,0,0,0,0.028891861021232,0,0,0,0,0,0,0,0,0,0,0,0,0,0,0.0218499130776555,0.00134263963968974,0,0,0,0,0,0.034408624719826,0,0.0173505226429769,0,0,0,0,0,0,0,0,0.100410609241185,1,0,0,0.0629049658286679,0
"Zfp740",0,0,0,0,0.00302849590540345,0,0,0,0,0,0,0,0,0,0,0,0,0,0,0,0,0,0,0,0,0,0,0,0,0,0,0,0,0,0,0,0,0,0,0,0,0,0,0,0,0,0,0,0,0,0,0,0,0,0,0,0,0,0,0,0,0,0,0.00500104529465976,0,0,0,0.0104549583511116,0,0,0,0,0,0,0,0,0,0.0308692535920786,0,0,0,0,0,0,0,0,0,0,0,0.0138624904281008,0,0,0,0,0,0,0,0,0,0.00367974661053703,0.000684488267099434,0,0,0,0,0.00612353625341619,0,0,0,0,0,0,0,0,0,0,0,0,0,0,0.0196306637070022,0,0,0.0016593321788451,0.00832911013177999,0,0,0,0,0,0,0,0,0,0,0,0,0,0,0,0,0,0,0,0,0,0,0,0,0,0,0,0,0,0,0,0.253632500408763,0,0,0,0,0,0,0,0,0,1,0,0,0
"Zfp768",0,0.000913130965665759,0,0,0,0,0,0.000825779874936484,0.0117766801947773,0,0,0,0.00968101995259193,0,0,0,0.0103030280999581,0,0,0,0,0,0.00523281887638151,0,0.00944971609636649,0,0,0,0,0,0,0,0.000362016961051719,0.00197269965141549,0,0,0.0130627529902078,0,0,0,0,0,0.026252848928591,0,0,0,0,0,0,0.0124325606120589,0,0,0,0,0,0,0,0,0.00812270365537999,0.0015688915199248,0,0,0,0,0,0.00974734038034438,0,0.00201945059148331,0,0,0,0.0123224779285535,0,0,0,0.00548352160254723,0,0,0,0,0,0,0,0,0,0.00176530726142852,0.0155785498930979,0,0,0.00297264801951027,0,0,0,0.00791013030926247,0.00708641199373811,0.00550282318514656,0,0,0,0,0.017451001826059,0.00750287774479764,0.0256066281165649,0,0.00966006712377402,0.00554168535903633,0.00998149099687846,0.0108831398640351,0,0.00356649083579835,0.00576844498361695,0,0.00355083404072362,0,0.00331692290059906,0.0295292212190535,0,0,0,0,0,0,0.0298702583591905,0,0,0,0,0,0.00163916690265128,0,0,0,0.0268419623204606,0.0108045371383789,0.0078461793161807,0,0,0,0,0,0,0,0,0,0,0,0,0,0,0.0147005287154518,0,0,0.0240047324199077,0,0.00444846670442125,0.00786674083077877,0.00223723432143754,0,0,0,0.0219493971577697,0,0,0,0,0,0,1,0.0107714861408013,0.0033552966109965
"Zfx",0,0,0,0,0,0,0,0,0,0,0,0,0,0,0.0020911149089226,0,0.0134664774498709,0,0,0.0115967967047317,0.00224196825386557,0.0141376603562972,0,0.00514635887461037,0.00799306826340457,0,0,0,0,0,0.0107216315444876,0,0,0,0,0,0,0.0122978931258948,0,0,0,0,0,0,0,0,0,0,0,0,0,0,0,0,0,0,0,0,0,0,0,0,0,0.00946728465865438,0,0,0,0.000182975489847673,0,0.0041737275943082,0.0146986982268723,0.0065128672393737,0,0.0365582880875458,0,0,0.000425485292313159,0,0.0232604042436755,0.0444431219952476,0,0,0,0,0,0,0,0,0.00420278850803881,0,0,0.00233581996512509,0,0,0,0,0.0372271029598487,0.023378643313015,0,0,0.0143665516154911,0,0,0,0,0,0.0458766277568853,0,0,0,0,0,0.00993586492133458,0,0.0150045673043611,0.0150606414204062,0,0.0248656619029563,0.0136847504982383,0.0702226759196826,0.016845265609925,0.0272105981705981,0,0,0,0,0,0,0,0,0,0.0342716174977053,0,0,0,0,0,0,0,0.00722982650537513,0,0.00183741436613353,0.000329379892971688,0,0,0,0.0344943513180688,0,0,0,0.00307877346853908,0.00137354256305268,0,0.0355860984673833,0,0.00440504558934309,0,0,0.00447542394909007,0.0115340930143371,0,0,0,0.0186081221024887,0.0677661773517271,0.0629036761588945,0,0.0107673360824725,1,0
"Zscan20",0,0,0,0,0,0,0,0,0.00267719232789093,0,0,0,0,0,0,0,0.00309860748161571,0,0,0,0,0,0,0,0,0,0,0,0,0,0,0,0.0136949518820847,0,0,0,0.00208225892196979,0,0,0,0,0,0.017981201281729,0,0,0,0.0183705427299007,0,0,0,0,0,0,0,0,0,0,0,0.00534701753286692,0.00234645198757021,0,0.00443650538965664,0,0,0,0.00491110202550292,0,0,0,0,0,0,0,0,0,0,0,0,0,0,0,0,0,0,0,0,0.00360810499827575,0,0,0,0,0,0,0.00421707055540467,0,0,0,0,0,0,0,0,0,0,0,0,0,0,0,0.00926620867398886,0.0177158320012807,0.00562564420937045,0,0,0.00455211316101723,0.038604570868046,0,0,0,0,0,0,0,0,0,0,0,0,0,0,0,0,0,0.0164631263284454,0,0,0,0,0,0,0,0,0,0,0,0,0,0,0,0.00611059566576067,0,0,0,0,0,0,0,0,0,0,0,0,0,0,0,0,0,0.00335486391218607,0,1
