"","Ahr","Arnt","Arntl","Atf1","Atf2","Atf3","Atf4","Atf7","Batf","Bbx","Bcl6","Bhlhe40","Cbfb","Cdx1","Creb1","Crem","Ctcf","Ddit3","E2f1","E2f3","E2f4","Egr1","Egr2","Elf1","Elf2","Elf4","Elk1","Elk3","Elk4","Ets1","Etv3","Etv6","Fli1","Fos","Fosb","Fosl2","Foxj3","Foxn3","Foxo1","Foxo3","Foxp1","Gabpa","Gata3","Gfi1","Glis3","Gmeb1","Hic1","Hlx","Hmg20b","Homez","Hsf2","Ikzf1","Ikzf3","Irf1","Irf2","Irf3","Irf4","Irf7","Irf8","Isl2","Jun","Junb","Jund","Klf10","Klf13","Klf2","Klf3","Klf4","Klf5","Klf6","Klf7","Klf8","Mafk","Max","Maz","Mbd2","Mecp2","Meis3","Meox2","Mlx","Mxd1","Myc","Nfatc1","Nfe2l2","Nfil3","Nfkb1","Nfkb2","Nfya","Nfyb","Nfyc","Nr1i3","Nr4a1","Nr4a2","Nr4a3","Nrf1","Patz1","Pbx4","Phox2b","Pknox1","Prdm1","Rel","Rela","Relb","Rfx1","Rora","Runx1","Runx2","Runx3","Setbp1","Smad3","Snai1","Snai3","Sp1","Sp110","Sp2","Sp3","Sp4","Srebf1","Srebf2","Stat1","Stat2","Stat3","Stat4","Stat6","Taf1","Tbx21","Tcf12","Tcf3","Tcf7","Tef","Tfdp1","Tfe3","Tgif1","Thap11","Thrb","Tigd2","Tlx2","Trp53","Usf1","Usf2","Wt1","Xbp1","Zbtb17","Zbtb3","Zfp143","Zfp212","Zfp260","Zfp263","Zfp281","Zfp287","Zfp335","Zfp341","Zfp398","Zfp422","Zfp566","Zfp64","Zfp692","Zfp740","Zfx"
"Ahr",1,0.00349845251312279,0,0,0,0,0,0,0,0,0,0,0,0,0,0,0,0,0,0,0,0,0,0.00255545094274566,0,0,0,0,0,0,0,0,0,0,0,0,0,0,0,0,0,0,0,0,0,0,0,0,0,0,0,0,0,0,0,0,0,0,0,0,0,0,0,0,0,0,0.00859798440593349,0.00451896239717822,0.00399566528259221,0.00396167044957453,0,0,0,0,0,0,0,0,0,0,0,0,0,0,0,0,0,0,0,0,0,0,0,0,0,0,0,0,0,0,0,0,0,0,0,0,0,0,0,0,0,0,0,0,0,1.56291218256882e-05,0,0,0,0,0,0,0,0,0,0,0,0,0,0,0,0,0,0,0,0,0,0,0,0,0.0051366120897348,0,0.0125666393379263,0,0,0,0,0,0,0,0,0,0,0,0,0,0,0,0
"Arnt",0.0034975878440172,1,0.27548226920268,0,0,0,0,0,0,0,0,0.1612916963794,0,0,0,0,0,0,0,0,0,0,0,0.00115796004722152,0.00850805844683979,0,0,0,0.00145369252834181,0.000387098807161143,0,0,0.00114338939448341,0,0,0,0,0.00230490318645314,0,0,0,0.00944462600310238,0,0,0,0,0,0,0,0,0,0,0,0,0,0,0,0,0,0,0,0,0,0,0,0,0.000457263115165032,0,0,0,0,0.00552936691597871,0,0.197666059217696,0,0.00276595125686574,0.00817207605280042,0,0,0.100286392162967,0.066590502021038,0.0345867123761462,0,0,0,0,0,0,0,0,0,0,0,0,0.00368278994514651,0,0,0,0.00513281758764083,0,0,0,0,0.00302607018718473,0,0,0,0,0,0,0,0,0,0,0,0.00727525066335662,0.00974341876869513,0,0,0,0,0,0,0,0.00294417900270585,0,0,0,0,0,0,0,0,0,0,0,0,0,0.0338685956979092,0.105637745704185,0,0,0,0,0,0,0,0,0,0,0.000934808601850013,0,0,0,0,0,0,0,0
"Arntl",0,0.275476726703127,1,0,0,0,0,0,0,0,0,0.100404096411854,0,0,0,0,0,0,0,0,0,0,0,0,0,0,0,0,0,0,0,0,0,0,0,0,0,0,0,0,0,0,0,0,0,0,0,0,0,0,0,0,0,0,0,0,0,0,0,0,0,0,0,0,0,0,0,0,0,0,0.000678103779493479,0,0,0.058053029149231,0,0,0,0,0,0.217441529619514,0.0570077900922077,0,0,0,0,0,0,0,0,0,0,0,0,0,0,0,0,0,0,0,0,0,0,0,0,0,0,0,0,0,0,0,0,0,0,0,0,0.0140914200709262,0,0,0,0,0,0,0,0,0,0,0,0,0,0.114938282882158,0,0,0,0,0,0,0.134384369378543,0.146091405066256,0,0.0618853701666149,0,0,0,0,0,0,0,0,0,0,0,0,0,0,0,0,0
"Atf1",0,0,0,1,0.0264688248968344,0.0568181261259835,0,0.0811791383727617,0,0,0,0,0,0,0.336827004690272,0.170198512129844,0,0,0.000638562882400677,0,0.00256373856219828,0.00483916254289939,0,0.0133169013149535,0,0,0,0,0,0,0,0,0.00650214820606737,0,0,0,0,0.00059319775980299,0,0,0,0,0,0,0,0.106050323649334,0,0,0,0,0,0,0,0,0,0,0,0,0,0,0,0,0,0,0,0,0.00674860299030892,0,0,0,0,0.00445995130233751,0,0,0,0,0,0,0,0,0,0,0,0,0,0,0,0,0,0,0,0,0,0,0,0.0053225728172688,0,0,0,0,0,0,0,0,0,0,0,0,0,0,0,0,0,0,0.000527372265647077,0.00196634675422281,0,0.00699328330572388,0,0,0,0,0,0,0,0,0,0,0,0,0,0,0,0,0.000599565534089981,0,0,0,0,0,0,0.075136047581646,0.00174997823175472,0,0,0,0,0,0,0,0,0.0017233108113225,0,0,0,0.00300708049466248,0,0,0
"Atf2",0,0,0,0.0264697343914169,1,0.0196892605873484,0,0.521512255152124,0,0,0.000796943061039646,0,0,0,0.113572887843544,0.145205899032733,0,0.021472951190939,0,0,0,0,0,0,0,0,0,0,0,0.000127344069162258,0,0,0,0,0,0,0.00223371313608744,0.00616190062353099,0,0,0,0,0,0,0,0,0.00253104120114573,0,0,0,0,0,0,0,0,0,0,0,0,0,0,0,0,0,0,0,0,0,0,0,0,0,0,0,0,0,0,0.00617776508314035,0,0,0,0,0,0,0,0,0,0,0,0,0,0,0,0,0,0,0,0,0.00934101597785102,0,0,0,0,0.00744061151069425,0.00839475414720769,0,0,0,0,0,0,0,0,0,0,0,0,0,0,0,0,0.00466246333219727,0,0,0,0.000350780676228747,0,0.00238771816328912,0.00660682655045531,0,0,0,0,0,0.0170159342711124,0,0,0.0111746516767314,0,0,0,0,0,0,0,0,0,0,0.00751976218235376,0,0,0.00352176683140134,0.000696726254358139,0,0,0,0,0,0
"Atf3",0,0,0,0.0568185446319507,0.0196890052308535,1,0,0.027892493096782,0.00194025339839546,0.00612199440673499,0,0,0,0,0.0506884736030527,0.0670755427759196,0,0,0,0,0,0,0.000445146316396377,0,0,0,0,0,0,0,0,0,0.00259861226253096,0.00435503363824457,0.0228160102654377,0.356536672174327,0,0,0,0,0,0,0.0033391447543333,0,0,0,0,0,0,0,0,0,0,0,0,0,0.000148521977638631,0.00366223544129554,0,0,0.11264199723005,0.0567968873254609,0,0,0,0,0,0.0122577907851956,0.0141672265540924,0.00638726458002288,0,0,0,0,0,0,0,0,0,0,0,0,0,0,0,0,0,0,0,0,0.0161698016773919,0,0.00427209512443372,0,0,0,0,0,0,0,0,0,0,0,0,0,0,0,0,0,0.0044266973365736,0,0,0,0,0,0,0,0,0,0,0.00671196031400057,0,0,0,0,0,0,0,0,0,0,0,0.00711816625873154,0,0,0,0,0,0,0,0.0862828280275533,0,0.00153492980841551,0,0,0,0,0,0,0,0,0,0,0,0,0,0,0
"Atf4",0,0,0,0,0,0,1,0,0,0,0.00710066001617854,0,0,0,0,0,0,0.472973359199747,0,0,0,0,0,0,0.0039009399916297,0,0,0,0,0.00300642869133031,0,0,0,0,0,0,0,0,0,0,0,0,0,0,0,0,0,0,0,0,0,0,0,0,0,0,0,0,0,0,0.0498122302435464,0,0,0,0,0,0,0,0,0.00822668405096992,0,0,0,0,0,0,0,0,0,0,0,0,0,0,0.198526767712644,0,0,0,0,0,0,0,0.000265046612755582,0,0,0,0,0,0,0,0,0,0,0,0,0,0,0,0,0,0,0,0,0,0,0,0,0,0,0,0,0,0,0,0,0,0,0,0,0,0,0,0,0,0,0,0,0,0,0,0,0,0.00154729564312813,0,0,0,0,0,0,0,0,0,0,0,0,0,0,0,0
"Atf7",0,0,0,0.0811790596827582,0.521514110312993,0.0278812499387431,0,1,0,0,0,0,0,0,0.167661302532772,0.218294490223648,0,0,0,0,0,0,0,0,0,0,0,0,0,0,0,0,0,0,0,0,0,0,0,0,0,0,0,0,0,0,0,0,0,0,0,0,0,0,0,0,0,0,0,0,0,0,0,0,0,0,0,0,0,0,0,0,0,0,0,0,0,0,0,0,0,0,0,0,0,0,0,0,0,0,0,0,0,0,0,0,0,0,0.000164114692792363,0,0,0,0,0,0,0,0,0,0,0,0,0,0,0,0,0,0,0,0,0,0,0.00178760525753163,0,0,0,0,0,0,0,0.011081454325792,0,0,0,0,0.00471172969851828,0,0,0,0,0,0,0,0,0,0,0,0,0,0,0,0,0,0,0,0,0,0,0,0
"Batf",0,0,0,0,0,0.00192076193250054,0,0,1,0.0104104559404796,0,0,0.0040243937324026,0.014162706350655,0,0,0,0,0,0,0,0,0,0,0,0,0,0,0,0,0,1.61703650191491e-05,0,0.139689468529678,0.177423405782762,0.0934546950871167,0.0141392859261474,0,0.0145342700217693,0,0,0,0.00343595674260911,0,0,0,0,0,0,0,0,0,0,0,0,0,0.016981572509657,0,0.00356403943367339,0,0.0351749293874678,0.10080858537963,0.155522840935213,0,0,0,0,0,0,0,0,0,0.0560150552548464,0,0,0,0,0,0,0,0,0,0.0178619177259178,0.0711501536282946,0,0,0,0,0,0,0,0,0,0,0,0,0,0,0,0,0,0,0,0,0,0.0126811739679721,0.00958566120699129,0.00167915020998856,0,0,0,0,0,0,0,0,0,0,0,0.00204393398925866,0,0,0,0.00456463022374751,0,0.0274509786015486,0,0,0,0,0,0,0,0,0,0,0,0,0,0,0,0,0,0,0,0,0,0,0,0.00218427647484348,0,0,0,0,0,0,0,0,0
"Bbx",0,0,0,0,0,0.00612048279251907,0,0,0.0104155144359876,1,0.0250799118852164,0,0.00110556381984685,0.00523020180213441,0,0,0.00598266876507799,0,0,0,0,0,0,0,0,0,0,0,0,0.00820348679557043,0,0.0136337189696004,0,0,0,0.00708381985705588,0.00502676606233011,0.0102049189312039,0.0234130226419767,0,0,0,0.0421670874067275,0,0,0,0.0238041694444074,0,0,0,0,0.00769089313006867,0,0.0133781977976624,0.0136543820273275,0.00259977813774893,0.0240762493221662,0.0113374213371082,0,0.00636764498247316,0,0.00652233732847004,0.0105971098082536,0,0,0,0,0,0,0,0,0,0.0169189661829274,0,0,0,0,0.0162816903011078,0,0,0,0,0.009294063098317,0.00526606562139438,0,0.00423843493771023,0,0,0,0,0.0153877754436757,0,0,0,0,0,0.0174983123942037,0,0.0077271677748045,0.00341736360108794,0.0074462056551361,0.00898798935536156,0.00392656726189799,0,0.0214558939626807,0.0151565205143109,0.0075310935599598,0.010474453909674,0,0.0142948860165144,0,0,0,0,0,0,0,0.00355091918214791,0,0.00998493767129931,0,0,0.00670532219090869,0.00771119444538036,0,0.0300192306338844,0.000716411349767132,0,0.0334936673567209,0,0,0,0,0.00196050274515427,0,0,0,0.00793214782646131,0,0,0,0,0,0,0,0.0136101732443993,0,0,0.00275523790955503,0.0110984806708491,0.00908115993402087,0,0,0.000273037641923181,0,0,0,0,0
"Bcl6",0,0,0,0,0.000800490807645115,0,0.00711131072569987,0,0,0.0250833046437972,1,0,0,0,0,0,0.00383307935595387,0,0,0,0,0,0,0,0.00684979464035741,0,0,0,0,0.0033697246478513,0,0.00418684678120954,0,0,0,0,0.00367902109229922,0,0.00909385162986201,0,0,0,0.0289260273109983,0.00212031496406687,0,0,0.0116707848166469,0,0,0,0,0.00690092226377113,0,0,0,0.14485577372735,0.00765161905632653,0,0.00217919584389619,0,0.00127554612553544,0,0.00997941831594009,0,0,0,0,0,0,0,0,0,0.00374903455284008,0,0.0820623324560633,0,0,0,0,0,0,0,0.0160538780770209,0,0,0,0,0,0,0,0,0.00778447568623545,0.00185031218386752,0,0,0,0,0,0.0105250714814474,0.0157741977492033,0.00281048856568516,0.279594473043974,0,0,0.0145869430273416,0,0.00581808139623988,0,0,0.0325623273326761,0,0,0,0.00617708093698147,0,0,0,0,0.0170245564527185,0,0,0.0255255496153396,0.0476203454205578,0.010394348016415,0,0.0264787802418123,0.000208477763668226,0.00319018416779621,0.0432033821150922,0,0,0,0,0,0,0,0,0.000621325890267638,0,0,0.00884248206800432,0,0,0.00779197454815434,0,0.110512606247127,0.0563945475056736,0.00374177069021383,0.004287445995169,0.0501053492468583,0.0124324951379431,0.00362649144502823,0.0898787941599163,0,0,0,0,0,0
"Bhlhe40",0,0.161292020462657,0.100405934196758,0,0,0,0,0,0,0,0,1,0,0,0,0,0,0,0,0,0,0,0,0,0,0,0,0,0,0,0,0,0,0,0,0,0,0,0,0,0,0,0,0,0,0,0,0,0,0,0,0,0,0,0,0,0,0,0,0,0,0,0,0,0,0,0,0,0,0,0,0,0,0,0,0,0,0,0,0.184292712983156,0,0,0,0,0,0,0,0,0,0,0,0,0,0,0,0,0,0,0,0,0,0,0,0,0,0,0,0,0,0,0,0,0,0,0,0,0,0.0884338167873041,0,0,0,0,0,0,0,0,0,0,0,0,0,0.109488243387764,0,0,0,0,0,0,0.0232551063145609,0,0,0,0,0,0,0,0,0,0,0,0,0,0,0,0,0,0,0,0
"Cbfb",0,0,0,0,0,0,0,0,0.00402869497938465,0.00110284800710174,0,0,1,0,0,0,0.0159519081429941,0,0,0,0,0,0,0,0.00273773273104065,0,0,0,0,0.000944541789411042,0,0.0181799894362875,0,0,0,0,0,0,0,0,0,0,0,0,0,0,0,0,0,0,0,0,0,0,0.00335297254543437,0,0,0,0,0,0,0,0,0,0,0,0,0,0,0,0,0,0,0,0,0,0,0,0,0,0,0,0,0,0,0,0,0,0,0,0,0,0,0,0,0,0,0,0,0,0,0,0,0,0,0.214750452653102,0.180514067313424,0.161230172459303,0,0.0118327573428098,0,0,0,0,0,0,0,0,0,0,0,0,0,0,0,0.00725817062855657,0.00780940189767913,0,0.0146542859342392,0,0,0,0,0,0,0,0,0,0,0,0,0,0,0,0,0,0,0,0,0,0,0,0,0,0,0,0,0,0
"Cdx1",0,0,0,0,0,0,0,0,0.0141631692680314,0.00522975743655263,0,0,0,1,0,0,0,0,0,0,0,0,0,0,0,0,0,0,0,0,0,0,0,0,0,0,0.0193484295008146,0.00826233492495095,0,0,0,0,0.00872802815501138,0,0,0,0,0,0,0,0,0,0,0,0,0,0.0064187434836901,0,0,0,0,0,0,0,0,0,0,0,0,0,0,0,0,0,0,0,0,0,0,0,0,0,0,0,0,0,0,0,0,0,0,0,0,0,0,0,0,0,0,0,0,0,0,0,0,0.0127846528301591,0.00920060252815552,0,0,0,0,0,0,0,0,0,0,0,0,0,0,0,0,0,0,0.00172041292267652,0,0,0,0,0,0,0,0,0,0,0,0,0,0,0,0,0,0,0,0,0,0,0,0.00673660428242014,0,0,0,0,0,0,0,0,0
"Creb1",0,0,0,0.33682702937531,0.113571597577171,0.0506766685010686,0,0.167659701151252,0,0,0,0,0,0,1,0.188648752965034,0,0,0.00347373442753744,0.00129561173491366,0.0019703095925742,0,0,0,0,0,0,0,0,0,0,0,0.00780412854519446,0,0,0,0,0,0,0,0,0,0,0,0,0,0,0,0,0,0,0,0,0,0,0,0,0,0,0,0,0,0,0,0,0,0,0,0,0,0.0104748432944224,0.0062250285950951,0,0,0,0,0,0,0,0,0,0,0,0,0,0,0,0,0.00506393232401495,0.00322680933474611,0,0,0,0,0.00638500531903723,0.00501250668651721,0,0,0,0,0,0,0,0.00504022599670306,0,0,0,0,0,0,0,0,0,0,0,0.000955471024089099,0,0,0,0,0,0.00100705059568263,0,0,0,0,0,0,0,0,0,0.00257004732773431,0,0,0,0,0,0,0,0,0,0,0.000868923392843102,0,0,0,0,0,0,0,0,0,0,0,0,0.00310042652163361,0,0,0.00811945322453387
"Crem",0,0,0,0.170199932353889,0.145209732976941,0.0670749566370748,0,0.218296961689816,0,0,0,0,0,0,0.188654887038806,1,0,0,0,0,0,0.0154288513926622,0.0112077240574376,0,0,0,0,0,0,0,0,0,0,0,0,0,0,0,0,0,0,0,0,0,0,0,0,0,0,0,0,0,0,0,0,0,0,0,0,0,0,0,0,0,0,0,0,0,0.0104108542356699,0.00221479556098557,0,0,0,0,0,0,0,0,0,0,0.00307884501558545,0,0,0,0,0,0,0,0,0,0,0,0,0,0,0,0,0,0,0,0,0,0,0,0,0,0,0,0,0,0,0,0,0,0,0,0,0,0,0,0,0,0,0,0,0,0,0,0,0.000427885917583426,0,0,0,0,0,0,0,0,0,0,0.00796369070553503,0,0,0,0,0,0,0,0,0,0,0,0,0,0,0,0,0,0
"Ctcf",0,0,0,0,0,0,0,0,0,0.00598447336122827,0.00383956715165329,0,0.0159606216353744,0,0,0,1,0,0,0,0,0,0,0,0.0279661138816091,0,0,0,0,0.0137703585616133,0,0.0154441775771855,0,0,0,0,0,0,0,0,0,0,0.00125784578379584,0,0,0,0.0985676034939225,0,0,0,0,0,0,0,0,0,0,0,0,0,0,0,0.0152101624352491,0,0,0.0067285249371964,0,0,0,0,0,0.0168622683511521,0.00541645176542113,0,0.0143368213498632,0,0,0.0054415972389332,0,0,0,0,0,0,0,0,0,0,0,0,0,0,0,0,0,0.00431634960802298,0,0,0,0.00352354590488968,0,0,0,0.00969900907198555,0,0,0.00840898935789013,0.00184370844064928,0,0.0462568861215596,0.0284731123553414,0,0.0203804943622109,2.2308203272908e-05,0.00523696680630838,0.00191400775209807,0.0252913065557981,0,0.000181796173181339,0,0,0,0,0,0.0290195120244035,0.00583124743538113,0.0605850419388286,0.0340479294488948,0.00023259149996885,0,0,0,0,0,0,0,0,0,0,0,0,0,0,0.0224449936822105,0,0,0,0,0.0316170719860128,0,0.0203121234236965,0.010579126247113,0,0,0,0,0,0,0.0112797498029587
"Ddit3",0,0,0,0,0.0214734776469108,0,0.472973980952093,0,0,0,0,0,0,0,0,0,0,1,0,0,0,0,0,0,0,0,0,0,0,0.000208249019502068,0,0,0,0,0,0,0,0,0,0,0,0,0.030467478872678,0,0,0,0,0,0,0,0,0,0,0,0,0,0.00566209732656469,0,0,0,0,0.00749172911808086,0,0,0,0,0,0,0,0,0,0,0,0,0,0,0,0,0,0,0,0,0,0,0.0243607938306882,0,0,0,0,0,0,0,0,0,0,0,0,0,0,0,0,0,0,0,0,0.00379587772302226,0.0118859838342023,0.00228438061539185,0,0,0,0,0,0,0,0,0,0,0,0,0,0,0,0,0,0.00735415526390126,0,0,0.00365784351857524,0,0,0,0,0,0,0,0,0,0,0,0,0,0,0,0,0,0,0,0,0,0,0,0,0,0,0,0,0,0
"E2f1",0,0,0,0.000627207695543642,0,0,0,0,0,0,0,0,0,0,0.00347910487572205,0,0,0,1,0.0713926537056482,0.312153145045753,0.0308041876614613,0.018925778360995,0,0,0,0,0,0,0,0,0,0,0,0,0,0,0,0,0,0,0,0,0,0,0.00450546373891331,0,0,0,0,0,0,0,0,0,0,0,0,0,0,0,0,0,0.0122992023331282,0,0,0.0647536711585032,0.0257347141746964,0.057289241923644,0.0620926968595591,0.112036680775744,0.021307061815417,0,0,0,0.0164204422435791,0,0,0,0,0,0.00235059929662528,0,0,0,0,0,0,0.00768653698114065,0.00486928434893502,0,0,0,0,0.0320404810220325,0.0586461632350045,0,0,0,0,0,0,0,0,0,0,0,0,0,0,0,0,0,0,0.0218730295679342,0.0197059473233935,0.0118489884864201,0,0,0,0,0,0,0,0,0,0,0,0,0,0.0886797682104727,0,0,0.00469867129254108,0,0,0,0,0,0.0015750008712266,0,0,0.0228136770455061,0,0.000521750477629228,0,0,0,0,0,0,0,0,0,0.0165335548169948,0.0174185054275517,0,0,0.0232441224313053
"E2f3",0,0,0,0,0,0,0,0,0,0,0,0,0,0,0.00128987776238679,0,0,0,0.071394452327645,1,0.0383584084359013,0,0,0.0206598619804816,0,0,0,0,0.00615443577147884,0,0,0,0,0,0,0,0,0,0,0,0,0,0,0,0,0,0.00657226701624979,0,0,0,0,0,0.00951530706713292,0,0,0,0,0,0,0,0,0,0,0.0124651924101867,0,0,0,0,0,0,0,0,0,0,0,0.00317952863196161,0.0180635904944008,0,0,0,0,0.00773141218549688,0,0,0,0,0,0,0.013590832090596,0,0,0,0,0,0.0116043773752296,0,0,0,0,0,0,0,0,0.0238379597882209,0,0,0,0,0,0,0,0,0.0377662955230791,0.00045100920398452,0.0469643429905187,0.0192582403468185,0.00124429529247366,0,0,0,0,0,0,0,0.00596239237372353,0,0,0,0,0,0.281573647800252,0,0,0,0,0,0,0,0,0.00372669522213703,0.00463710483424456,0,0.0243888787340223,0,0.00872335701565649,0,0,0.0226871534067039,0,0,0,0.0362079780629062,0,0,0.044443358059503,0.0300014775763133,0,0,0.0147820169105098
"E2f4",0,0,0,0.00255701632113754,0,0,0,0,0,0,0,0,0,0,0.00196886436624878,0,0,0,0.312170877480371,0.0383528057418891,1,0,0,0,0,0,0,0,0,0,0,0,0,0,0,0,0,0,0,0,0,0.00196845664928618,0,0,0,0,0,0,0,0,0,0,0,0,0,0,0,0,0,0,0,0,0,0.00419216728146211,0,0.0425560107723838,0.0578056163250938,0,0,0,0.037405290525322,0.0437418932371759,0,0,0,0.0040643402018374,0.00145097685325407,0,0,0,0,0,0,0,0,0,0,0.00860950007903045,0.00596008395222184,0,0,0,0,0,0.00474347980293816,0.0421916202461548,0,0,0,0,0,0,0,0.0108503193071847,0,0,0,0,0,0,0,0,0.00834401124422697,0,0.06620476196935,0.0410942362617635,0.180363017808192,0,0,0,0,0,0,0,0,0,0,0,0,0,0.0395466642190383,0,0,0,0,0,0,0,0,0,0,0,0,0,0.00338988446733301,0,0,0,0,0,0,0,0,0,0,0,0.0121040549028614,0,0.0348041692299502
"Egr1",0,0,0,0.00484807596222787,0,0,0,0,0,0,0,0,0,0,0,0.0153976644987492,0,0,0.0308246947549893,0,0,1,0.468035263706072,0,0,0,0,0,0,0,0,0,0.00728371159563449,0,0,0,0,0.00447547868284344,0,0,0,0,0,0,0,0,0,0,0,0,0,0,0,0,0,0,0,0,0,0,0,0,0,0.0494442911209176,0.00289761970198538,0,0.00768885300207294,0.028721660894151,0.0376337445056779,0.073842603587399,0.0182139064003033,0,0,0,0,0.0189030912326111,0.00696604555169457,0,0,0.000255912420481237,0.0200139723022216,0.00733130083127535,0,0,0,0,0.00956620909997808,0,0.00418666799850376,0.0156316551104748,0,0,0,0,0.0477971229659731,0,0,0,0.0102723198162412,0,0,0,0.00336454530039912,0,0,0,0,0,0,0,0,0.0138517317542865,0,0,0,0,0.00527836457603982,0.0103467233922816,0,0,0,0,0,0,0,0,0,0,0,0,0,0,0.00162594317793762,0,0.0051565627649145,0,0,0.00116333416048527,0.00343555864174329,0,0.0613408558292659,0.00611294282534668,0.0268711920016583,0,0,0,0,0.00336432300921269,0,0,0,0,0,0,0.0244716842331677,0.027443671307867,0,0.00829549770936407,0.018026187248818
"Egr2",0,0,0,0,0,0.00046213088849779,0,0,0,0,0,0,0,0,0,0.0112047120332493,0,0,0.0189357254735781,0,0,0.468037162906436,1,0,0,0,0,0,0,0,0,0,0.00898634177705308,0,0,0,0,0.019148309635497,0,0,0,0,0,0,0,0,0.00380148078828463,0,0,0,0,0,0.00619166726225953,0,0,0,0,0,0,0,0.00528844400099399,0,0,0.0640909920480034,0,0,0,0.0509054040374344,0.0491765836903505,0.053769568515196,0.0157161856765865,0,0,0,0,0,0.000319828337256399,0,0,0,0.0111986567361265,0.00555474206468246,0,0,0,0,0.0116320066691177,0,0,0.00703643195226213,0.00930805991947413,0,0,0,0.0206600658215158,0,0.00270977634699969,0,0.0039190963411177,0,0,0,0.00199159970542323,0,0.0115477437352243,0,0,0,0,0,0.0142568859468387,0.00815659849797663,0,0,0,0,0,6.58044197369891e-05,0,0,0,0,0,0,0,0.0114621456269629,0,0,0,0,0,0,0,0,0.000605317344684513,0,0,0.0119928593495378,0,0,0.0606901804426605,0.00417701819761912,0.0150233411022098,0,0,0,0,0.00788384794511409,0.039237799813158,0,0,0,0,0,0.00136175320950489,0,0,0.0112479248785626,0.00495990391872043
"Elf1",0.00255559557986386,0.00115961887765869,0,0.0133213080492188,0,0,0,0,0,0,0,0,0,0,0,0,0,0,0,0.0206591069318536,0,0,0,1,0.125275980224188,0.0966375587808694,0.0853942943049944,0,0.105224088431575,0.0729235069312811,0,0.0294107993014515,0.101895222479186,0,0,0,0,0,0,0,0,0.156466738661307,0,0,0,0,0,0,0,0,0,0,0,0,0,0,0,0,0.00554214399739489,0,0,0,0,0,0,0,0.00454677682126799,0,0,0,0,0.00187718701720581,0,0,0,0.0036901665141216,0,0,0,0,0,0,0,0,0,0,0,0,0,0,0,0,0,0,0.00436602998232333,0,0,0,0.0198666212583136,0,0,0,0,0.0055233639118663,0,0,0,0,0,0,0,0,0,0,0,0.000120226326003259,0.00573688891428186,0,0.00645798659532621,0,0,0,0,0,0,0,0,0,0,0,0,0,0,0,0,0,0,0,0,0,0,0,0,0,0,0,0,0.010908571839028,0,0,0.00759697683287775,0.00136911443466872,0,0,0,0.00776337057826058,0.00570513103579938,0,0
"Elf2",0,0.0085183219372933,0,0,0,0,0.00390753483518393,0,0,0,0.0068510688443356,0,0.00274626883975903,0,0,0,0.0279651951486999,0,0,0,0,0,0,0.125280438182016,1,0.207144449692011,0.0682320226847012,0,0.0729352949274818,0.0538319547378273,0,0.220066462468193,0.0160895384702605,0,0,0,0,0,0,0,0,0.0299140479607542,0,0,0.00347787410778101,0,0.0134988758658824,0,0,0,0,0.00267711217386506,0.0081680403127523,0,0,0,0.00143539950970779,0,0.00177571672680774,0,0,0.000583169804346585,0.000507737038977532,0,0,0,0,0,0,0,0,0.00609587075313788,0.00602346225949456,0,0,0,0,0.0151408702917342,0,0,0,0,0,0.00769837671886623,0,0,0,0,0,0,0,0,0,0,0,0,0,0,0,0.00249212482029187,0,0,0,0.00279481661752113,0.00368079764748293,0,0,0,0,0.00568648806774178,0,0,0,0,0,0,0.00459551553628324,0.00367016680557517,0,0,0,0.0427182604295984,0.0100103922579072,0,0,0.00955032580145929,0.0146310048960108,0,0,0,0,0,0,0,0,0,0,0,0,0.00603493666310956,0,0,0,0.00417353899701386,0,0,0,0.00791951579545857,0.0141141996556341,0,0.0153233305707878,0,0.00480383140417992,0,0,0,0.000757481022476251,0,0
"Elf4",0,0,0,0,0,0,0,0,0,0,0,0,0,0,0,0,0,0,0,0,0,0,0,0.0966392074235279,0.207142719546995,1,0.107048454219761,0.137270809718157,0,0,0.159970999341281,0.0290448085974278,0,0,0,0,0,0,0,0,0,0.0558170673229063,0,0,0,0,0,0,0,0,0,0,0,0,0,0,0,0,0,0,0,0,0,0,0,0,0,0,0,0,0,0,0,0,0,0,0,0,0,0,0,0,0,0,0,0,0,0,0,0,0,0,0,0,0,0,0,0,0,0,0,0,0,0,0,0,0,0,0,0,0,0,0,0,0,0,0,0,0,0,0,0,0,0,0,0,0,0,0,0,0,0,0,0,0,0,0,0,0,0,0,0,0,0,0,0,0,0,0,0,0,0,0,0,0,0,0,0,0
"Elk1",0,0,0,0,0,0,0,0,0,0,0,0,0,0,0,0,0,0,0,0,0,0,0,0.0853945076608438,0.0682294105898772,0.107058223672827,1,0.264758753830769,0.10392105629059,0.0290354037081501,0.0556195335985677,0.041800963372969,0.0963005322899551,0,0,0,0,0,0,0,0,0.223845027136767,0,0,0,0,0,0,0,0,0,0,0,0,0,0,0,0,0,0,0,0,0,0,0,0,0,0,0,0,0,0,0,0,0,0,0,0,0,0,0,0,0,0,0,0,0,0,0,0,0,0,0,0,0,0,0,0,0,0,0,0,0,0,0,0,0,0,0,0,0,0,0,0,0,0,0,0,0,0,0,0,0,0,0,0,0,0,0,0,0,0,0,0,0,0,0,0,0,0,0,0,0,0,0,0,0,0,0,0,0,0,0,0,0,0,0,0,0
"Elk3",0,0,0,0,0,0,0,0,0,0,0,0,0,0,0,0,0,0,0,0,0,0,0,0,0,0.13727229309074,0.264760354631845,1,0.102349215218387,0,0.17478439083064,0,0.070524644569646,0,0,0,0,0,0,0,0,0.130482562204321,0,0,0,0,0,0,0,0,0,0,0,0,0,0,0,0,0,0,0,0,0,0,0,0,0,0,0,0,0,0,0,0,0,0,0,0,0,0,0,0,0,0,0,0,0,0,0,0,0,0,0,0,0,0,0,0,0,0,0,0,0,0,0,0,0,0,0,0,0,0,0,0,0,0,0,0,0,0,0,0,0,0,0,0,0,0,0,0,0,0,0,0,0,0,0,0,0,0,0,0,0,0,0,0,0,0,0,0,0,0,0,0,0,0,0,0,0
"Elk4",0,0.00145297068119476,0,0,0,0,0,0,0,0,0,0,0,0,0,0,0,0,0,0.00615233868326565,0,0,0,0.105220795523934,0.0729271845930458,0,0.103917194570295,0.102345186620996,1,0.18573319437572,0.0506353184065007,0,0.20553540302639,0,0,0,0,0,0,0,0,0.132991825042697,0,0,0,0,0,0,0,0,0,0,0,0,0,0,0,0,0,0,0,0,0,0,0,0,0.00689627295726235,0,0,0,0,0,0,0.00422964729642564,0,0,0.00116723291152691,0,0,0,0,0,0,0,0,0,0,0,0,0,0,0,0,0,0,0.000616330672559691,0,0,0,0,0,0,0,0.0103361149305247,0,0,0,0,0,0,0,0,0,0,0,0.00204018242358772,0.0127285449335332,0,0,0,0,0,0,0,0.0153588409714744,0,0,0,0,0,0,0,0,0,0,0,0,0,0,0,0,0,0,0,0,0,0.00132585807119561,0,0,0,0,0.00784534659749109,0,0,0.00280329165151044,0,0,0,0.000949635750767636
"Ets1",0,0.000380634885934666,0,0,0.000135030050058414,0,0.00301833503488761,0,0,0.00820637941433524,0.00336818277043265,0,0.0009603233287917,0,0,0,0.0137678871326121,0.000204110924500178,0,0,0,0,0,0.0729305541467391,0.0538292761002173,0,0.0290388623306406,0,0.185731063757441,1,0.0399137621086973,0.235224823535958,0.183341103833268,0,0,0,0,0.00343835577273212,0.00921796186436865,0,0,0.0977440154957413,0.00207527799016811,0,0,0,0.0101974029740195,0,0,0,0.00421626538066824,0.00615493273821516,0,0,0,0,0.0131256613973982,0,0.0283571569506405,0,0,0,0.0159133961255213,0,0,0,0,0,0,0,0,0,0,0,0.00396511213949594,0,0,0,0,0,0,0,0,0.0016702282681654,0,0,0,0,0,0,0.00591596203462199,0,0,0,0,0,0,0,0.0103573821106609,0.000848050867156012,0,0,0,0.00745964869989853,0.00522406860140637,0,0.00355626076418098,0.00769670127922466,0,0.0134008095842094,0,0,0,0.00328908539629917,0,0,0,0.0036835087210626,0.00523643032925704,0,0,0.00223809635267527,0.000411324131350546,0.00791403064386339,0,0.0105451633772613,0.0103931802307428,0.0138082495501827,0.00557794758104679,0,0,0,0,0,0,0,0,0.00824797652391807,0,0.00209350186358006,0,0,0,0.00216367437591571,0,0,0.0195653540314918,0,0.0017651700856226,0,0.0279238513638672,0,0.0192945745723421,0,0,0,0,0,0
"Etv3",0,0,0,0,0,0,0,0,0,0,0,0,0,0,0,0,0,0,0,0,0,0,0,0,0,0.159969894514078,0.0556205877047597,0.17477978179299,0.0506357471552677,0.0399115634647066,1,0.0419541175691751,0.109915607551911,0,0,0,0,0,0,0,0,0.0753807011085046,0,0,0,0,0,0,0,0,0,0,0,0,0,0,0,0,0,0,0,0,0,0,0,0,0,0,0,0,0,0,0,0,0,0,0,0,0,0,0,0,0,0,0,0,0,0,0,0,0,0,0,0,0,0,0,0,0,0,0,0,0,0,0,0,0,0,0,0,0,0,0,0,0,0,0,0,0,0,0,0,0,0,0,0,0,0,0,0,0,0,0,0,0,0,0,0,0,0,0,0,0,0,0,0,0,0,0,0,0,0,0,0,0,0,0,0,0
"Etv6",0,0,0,0,0,0,0,0,2.91011556840167e-05,0.0136328856936573,0.00417710293253077,0,0.0181797614056055,0,0,0,0.0154387223476169,0,0,0,0,0,0,0.0294117914434444,0.220064056895919,0.0290450129145992,0.0418006276187303,0,0,0.235225126024444,0.041948932668219,1,0.0142021278121945,0,0,0,0.00868783422195291,0.00683016711327246,0.0218943200191441,0,0,0.0444482012415629,0.0272880073186315,0,0,0,0.00602627167029487,0,0,0,0.0105137801403133,0.00729475651711818,0,0,0.00831129562420708,0.0107978723184741,0.0185981271570321,0,0.0218597160019185,0,0,0.00291776381013972,0.0116952653971053,0,0,0,0,0,0,0,0,0,0.00931564472354881,0,0,0,0,0,0,0,0,0,0.0151184190698628,0.0157577951076337,0,0.00110535710285721,0.00822017538599877,0,0,0,0,0,0,0,0,0,0.00235984194479178,0,0,0,0.0118451864328765,0,0,0,0.0108869141951623,0.00824573915546398,0.0160962837111739,0.0177708650644979,0,0.0129592474354646,0,0,0,0,0,0,0,0,0,0,0,0.0218724135794137,0.00503898872333424,0.0206617405988146,0,0.028200142549548,0.00107260561977956,0.00835274886270829,0.0400099265949117,0,0,0,0,0,0,0,0,0,0,0,0,0,0,0,0,0.00176621440144582,0,0,0,0,0.0048194846633813,0,0,0,0,0,0,0,0
"Fli1",0,0.0011513820107843,0,0.00650785407970895,0,0.00259620512743071,0,0,0,0,0,0,0,0,0.00780811252394597,0,0,0,0,0,0,0.0072951717196531,0.00898519231802808,0.101898954783025,0.0160887373443728,0,0.0962986355079512,0.0705219563503849,0.205532421503285,0.183342375039772,0.109908592018515,0.0142043338026189,1,0,0,0,0,0.00597814949815769,0,0,0,0.171534115026216,0,0,0,0.00838875373188511,0,0,0,0,0,0,0,0,0,0,0,0,0,0,0,0,0,0,0.00451540127396207,0,0.00152471693468001,0.00613204184915926,0.00547212698336201,0.00983157030576801,0,0,0,0,0,0.00247725871388787,0.0169317670624621,0,0,0,0.00614646360969961,0,0,0,0,0,0,0,0.00420862729541504,0.00395940540501277,0,0,0,0,0.0178714893612792,0,0,0,0.00770554133361513,0,0,0,0.000761411836352376,0.0113249704705868,0,0,0,0,0,0,0,0,0,0,0,0,0,0.0130234472172839,0,0,0,0,0,0,0,0,0,0,0,0,0.00595205132261685,0.0021176786430554,0.00354551686290011,0.0183154356815879,0,0,0,0.00820489532297283,0,0,0.0025845885408362,0,0,0,0,0,0,0.00033690979613828,0,0,0,0,0,0,0.0366149781307972,0,9.80740905686393e-05,0.000958283966852848,0.015637051688712
"Fos",0,0,0,0,0,0.00433042803591793,0,0,0.139687351066532,0,0,0,0,0,0,0,0,0,0,0,0,0,0,0,0,0,0,0,0,0,0,0,0,1,0.357453781251315,0.181893632490276,0,0,0,0,0,0,0,0,0,0,0,0,0,0,0,0,0,0,0,0,0,0,0,0,0.157554877333258,0.0874867504129969,0.0671189483560555,0,0,0,0,0,0,0,0,0,0.0364583335972426,0,0,0,0,0,0,0,0,0,0.0053819483823465,0.0278576920863843,0,0,0,0,0,0,0,0,0,0,0,0,0,0,0,0,0,0,0,0,0,0,0.00217076495905457,0,0,0,0,0,0,0,0,0,0,0,0,0,0,0,0,0,0,0.00275284860221564,0,0,0,0,0,0,0,0,0,0,0,0,0,0,0,0,0,0,0,0,0,0,0,0,0,0,0,0,0,0,0,0,0
"Fosb",0,0,0,0,0,0.0228111331081936,0,0,0.177424631870489,0,0,0,0,0,0,0,0,0,0,0,0,0,0,0,0,0,0,0,0,0,0,0,0,0.35745401980381,1,0.157095390398534,0,0,0,0,0,0,0,0,0,0,0,0,0,0,0,0,0,0,0,0,0,0,0,0,0.118946287193782,0.130421717150117,0.0684829697997761,0,0,0,0,0,0,0,0,0,0.0197126837361942,0,0,0,0,0,0,0,0,0,0.000353972762661908,0.0147431517805432,0,0,0,0,0,0,0,0,0,0,0,0,0,0,0,0,0,0,0,0,0,0.000739105965916108,0.00221402448067355,0,0,0,0,0,0,0,0,0,0,0,0,0,0,0,0,0,0,0.00171344577183585,0,0,0,0,0,0,0,0,0,0,0,0,0,0,0,0,0,0,0,0,0,0,0,0,0,0,0,0,0,0,0,0,0
"Fosl2",0,0,0,0,0,0.356532727683561,0,0,0.0934526929780567,0.00707843156936221,0,0,0,0,0,0,0,0,0,0,0,0,0,0,0,0,0,0,0,0,0,0,0,0.181892299638291,0.157103551917669,1,0,0,0,0,0,0,0.0052550984189212,0,0,0,0,0,0,0,0,0,0,0,0,0,0,0,0,0,0.122617190123653,0.0482635293744105,0.099465283730048,0,0,0,0,0,0,0,0,0,0.0444733199005266,0,0,0,0,0,0,0,0,0,0.00138549840537792,0.0423822003156732,0.00045325597713217,0,0,0,0,0,0.00792280033678327,0.000963899113288689,0,0,0,0,0,0,0,0,0,0,0,0,0,0,0,0,0,0,0,0,0,0,0,0,0,0,0,0,0,0,0,0,0,0.00103438201725832,0,0,0,0,0,0,0,0,0,0,0,0,0,0,0,0,0,0.00363685341426798,0,0.00535004762456137,0,0,0,0,0,0,0,0,0,0,0,0,0
"Foxj3",0,0,0,0,0.00222354079424489,0,0,0,0.0141456096298534,0.00502435053907576,0.00364593467391978,0,0,0.0193483640257082,0,0,0,0,0,0,0,0,0,0,0,0,0,0,0,0,0,0.00866744022216578,0,0,0,0,1,0.146730415582962,0.072129052372959,0.116903579945141,0.0471030909760562,0,0.0143106258381103,0.000502270756410157,0,0,0.0120824621827861,0,0,0,0,0.00441595969837695,0,0.0278257305463912,0,0.0120109108042214,0,0,0,0,0,0,0,0,0,0,0,0,0,0,0,0,0.00963498083863655,0,0,0,0,0,0,0,0,0,0,0,0,0.00431000315956245,0.000760163117972076,0,0,0,0,0.000349022533832792,0.00250021019107755,0,0,0,0,0,0.0106415221460974,0,0,0,0,0,0.00236142407928628,0.0113741139100384,0.000377769491266947,0.00755800882767869,0,0,0,0,0,0,0,0,0,0,0,0.0523346472693826,0.0315942414083479,0,0,0.00450161621496784,0,0,0,0,0.0205460804668043,0,0,0,0,1.6177758494239e-05,0,0,0,0.00437750094739375,0,0,0,0,0,0,0.000607360098169931,0,0,0,0,0.105707519177715,0.000418090314645636,0,0,0.170717501105621,0,0,0,0,0
"Foxn3",0,0.00231059164820942,0,0.000593248468418551,0.0061740145802445,0,0,0,0,0.0102050912973435,0,0,0,0.00826234193244573,0,0,0,0,0,0,0,0.00445898532214235,0.0191380912316992,0,0,0,0,0,0,0.00343644272739991,0,0.00682906621747664,0.00596866005552709,0,0,0,0.146731555394279,1,0.106874009105171,0.161455516057691,0.169404666128249,0,0.0384668427335006,0,0,0,0.0073468931488506,0,0,0,0,0.00692163447025745,0,0,0,0,0.0154822839887073,0.00454546939534405,0.00185413950844706,0,0.0177862360311983,0.0174840362966338,0,0,0,0,0,0,0,0,0,0,0.0118355589143415,0,0,0,0,0.018527340674773,0,0,0,0,0.0106176344461018,0.0252359330617007,0,0,0.0253332979239691,0,0,0,0.00218292697443085,0.00093366419694497,0.0145577468086323,0,0,0,0,0,0.00196120641383583,0,4.99265950903903e-05,0.00354754672013213,0.00275667480134561,0,0.027259186846581,0.0174726302456748,0.0293348383674772,0.00611166492347511,0,0,0.011509985337498,0.00377472266102969,0,0,0,0,0,0.0113474031711888,0,0,0,0.021171857940394,0.000624574588916053,0.0216821967202884,0,0.0278387535302289,0,0,0.00400030596615419,0,0,0,0.0162615994249647,0.0108492865583203,0,0,0,0.0324181311221785,0.00030570736680461,0,0.00652120761908271,0,0,0.0151720150443479,0.00141856481845191,0.0145990256263655,0,0,0,0,0,0,0,0,0,0,0,0,0
"Foxo1",0,0,0,0,0,0,0,0,0.0145395773499554,0.0234114106042086,0.00907517886891976,0,0,0,0,0,0,0,0,0,0,0,0,0,0,0,0,0,0,0.00920697670343301,0,0.0218901019436867,0,0,0,0,0.0721295154886713,0.106872077744116,1,0.313025661292324,0.172688526685073,0,0.01070726962493,0,0,0,0,0,0,0,0,0,0,0,0,0,0.000912790257948292,0,0.00825942601274429,0,0,0.00841520210187657,0.00543281402094454,0,0,0,0,0,0,0,0,0,0.000361038136521763,0,0,0,0,0,0,0,0,0,0.00914115294543929,0.00412960162477136,0,0,0.00628389593245214,0,0,0,0,0.00536859772045524,0,0,0,0,0,0,0.00701503938525876,0,0,0,0,0,0,0,0.00475673033311852,0,0,0,0,0,0,0,0,0,0,0,0,0,0,0,0,0,0,0.00562741967238412,0.00829137165383893,0.00195830744467165,0,0,0,0,0,0,0,0,0,0.01015563629632,0,0,0,0,0,0,0,0,0,0,0,0,0.00777280389683891,0,0,0,0,0,0,0,0
"Foxo3",0,0,0,0,0,0,0,0,0,0,0,0,0,0,0,0,0,0,0,0,0,0,0,0,0,0,0,0,0,0,0,0,0,0,0,0,0.116903773662577,0.161453939554101,0.313025240670392,1,0.417550066746916,0,0,0,0,0,0,0,0,0,0,0,0,0,0,0,0,0,0,0,0,0,0,0,0,0,0,0,0,0,0,0,0,0,0,0,0,0,0,0,0,0,0,0,0,0,0,0,0,0,0,0,0,0,0,0,0,0,0,0,0,0,0,0,0,0,0,0,0,0,0,0,0,0,0,0,0,0,0,0,0,0,0,0,0,0,0,0,0,0,0,0,0,0,0,0,0,0,0,0,0,0,0,0,0,0,0,0,0,0,0,0,0,0,0,0,0,0,0
"Foxp1",0,0,0,0,0,0,0,0,0,0,0,0,0,0,0,0,0,0,0,0,0,0,0,0,0,0,0,0,0,0,0,0,0,0,0,0,0.0471035141105,0.169405236201611,0.172688730134123,0.417549880935761,1,0,0,0,0,0,0,0,0,0,0,0,0,0,0,0,0,0,0,0,0,0,0,0,0,0,0,0,0,0,0,0,0,0,0,0,0,0,0,0,0,0,0,0,0,0,0,0,0,0,0,0,0,0,0,0,0,0,0,0,0,0,0,0,0,0,0,0,0,0,0,0,0,0,0,0,0,0,0,0,0,0,0,0,0,0,0,0,0,0,0,0,0,0,0,0,0,0,0,0,0,0,0,0,0,0,0,0,0,0,0,0,0,0,0,0,0,0,0
"Gabpa",0,0.00944907326987842,0,0,0,0,0,0,0,0,0,0,0,0,0,0,0,0,0,0,0.0019712147126934,0,0,0.156476795059122,0.0299175092791857,0.0558129196852035,0.22384639066255,0.13048604912528,0.13299626114256,0.0977460931367797,0.0753777536541227,0.0444456241215115,0.171531277508909,0,0,0,0,0,0,0,0,1,0,0,0,0,0,0,0,0,0,0,0,0,0,0,0,0,0,0,0,0,0,0,0,0,0,0,0,0,0,0.00397210237171295,0,0,0,0.00267354639196149,0.00196355674147404,0,0,0,0,0,0,0,0,0,0,0,0,0,0,0,0,0,0,0,0,0,0,0,0,0,0,0.00653446548503253,0,0,0,0,0,0,0,0,0,0,0,0.00274561982411843,0.0178431624225175,0,0,0,0,0,0,0,0.00269217510182875,0,0,0,0,0,0,0,0,0.000973615786345572,0,0,0,0,0,0,0,0,0,0,0.00374370509040965,0,0,0,0,0,0,0,0,0,0,0,0,0,0.00336512326742317
"Gata3",0,0,0,0,0,0.00333331737959115,0,0,0.00344116187378602,0.0421659891616239,0.0289149390469941,0,0,0.00872792255927055,0,0,0.00124856560397999,0.0304670345347509,0,0,0,0,0,0,0,0,0,0,0,0.00206623578066227,0,0.0272837158420252,0,0,0,0.00525637686260279,0.0143083172321238,0.0384652553444656,0.0107069461460299,0,0,0,1,0,0,0,0.0255496153027207,0,0,0,0,0,0,0,0,0.00261374642384434,0.0263710431272669,0.0114539382841169,0.00264785878151288,0,0.000439394458933209,0.0223562072373617,0,0,0,0,0,0,0,0,0,0,0.0270058187549306,0,0,0,0,0.00374092482013326,0,0,0,0,0.0145375117695785,0.00437938912867249,0,0,0.00845778261171807,0,0,0,0,0,0.023752976202343,0,0,0,0.0206953430292637,0,0,0,0.0297222770260808,0.010614278904815,0,0,0.0153302752263957,0.0232917776869924,0.0344110996827124,0.00836759828146842,0,0.00734162491754005,0.0156468611592978,0,0,0,0,0,0,0.00547977116305942,0,0.0093197978875471,0,0.00176459320680266,0.0172522797983752,0.0189740724800553,0,0.0286804911331875,0,0.00843560324041783,0.02670219960793,0,0,0,0,0,0,0,0,0.0245783563072306,0,0,0,0,0,0,0,0.0184736716027519,0,0,0,0.00940031077917621,0,0,0,0.0048163963169582,0,0,0,0,0
"Gfi1",0,0,0,0,0,0,0,0,0,0,0.00212025600265097,0,0,0,0,0,0,0,0,0,0,0,0,0,0,0,0,0,0,0,0,0,0,0,0,0,0.00050213739778532,0,0,0,0,0,0,1,0,0,0,0,0,0,0,0,0,0,0,0,0,0,0,0,0,0,0,0,0,0,0,0,0,0,0,0,0,0,0,0,0,0,0,0,0,0,0,0,0,0,0,0.0050149051317649,0.000248588792102511,0.0105143173919388,0,0,0,0,0,0,0,0,0,0,0,0,0,0,0,0,0,0,0,0,0,0,0,0,0,0,0,0,0,0,0,0,0,0,0,0,0,0,0,0,0,0,0,0,0,0,0,0,0,0,0,0,0,0,0,0,0,0,0,0,0,0.00225748043699921,0,0,0,0,0,0,0
"Glis3",0,0,0,0,0,0,0,0,0,0,0,0,0,0,0,0,0,0,0,0,0,0,0,0,0.0034775994411826,0,0,0,0,0,0,0,0,0,0,0,0,0,0,0,0,0,0,0,1,0,0,0,0,0,0,0,0,0,0,0,0,0,0,0,0,0,0,0,0,0,0.00153962239715434,0,0,0,0,0,0,0,0,0,0,0,0,0,0,0,0,0,0,0,0,0,0,0,0,0,0,0,0,0.00581805802314658,0,0,0,0,0,0,0,0,0,0,0,0,0,0,0,0,0,0,0,0,0,0,0,0,0,0,0,0,0,0,0,0,0,0,0,0,0,0,0,0,0,0,0,0,0,0,0.0032702545380518,0,0,0,0,0,0.0196698221465866,0,0,0,0,0,0,0,0,0,0
"Gmeb1",0,0,0,0.106049728161282,0,0,0,0,0,0,0,0,0,0,0,0,0,0,0.00450537649038094,0,0,0,0,0,0,0,0,0,0,0,0,0,0.00838803295633884,0,0,0,0,0,0,0,0,0,0,0,0,1,0,0,0,0,0,0,0,0,0,0,0,0,0,0,0.000660717259301697,0,0,0,0,0,0,0,0,0,0.00150077413853689,0,0,0,0,0,0,0,0,0,0,0,0,0,0,0,0,0,0,0,0,0,0,0,0,0,0,0,0,0,0,0,0,0,0,0,0,0,0,0,0,0,0,0,0,0,0,0,0,0,0,0,0,0,0,0,0,0,0,0,0,0,0,0,0,0,0,0,0,0,0,0,0,0,0,0,0,0,0,0,0,0,0,0,0,0,0,0,0
"Hic1",0,0,0,0,0.00253458215401478,0,0,0,0,0.0238064662611764,0.0116751351504314,0,0,0,0,0,0.0985687083264638,0,0,0.00657257758906814,0,0,0.00380205101606448,0,0.0135003478851461,0,0,0,0,0.0101997188214967,0,0.00602609093571882,0,0,0,0,0.0120891207187045,0.00735029942974819,0,0,0,0,0.0255524850791873,0,0,0,1,0,0,0,0,0,0,0,0,0,0.00756424467776778,0,0.000142082381349188,0,0,0,0,0.00425796222298519,0,0,0,0.0103856916822814,0.00276853833770889,0,0,0.0242275738424143,0.00564018352374924,0,0,0,0,0,0,0,0,0.00368016728486672,0,0.00384546873770964,0,0.00185237890021885,0.00160606775893709,0,0,0,0,0,0,0,0,0,0.00457535819483829,0,0.0101500730867181,0,0,0.000235325123045762,0,0.0255491186791074,0.00601357563505814,0,0,0.0071317277033356,0,0.00289367716380913,0.0355447187205704,0,0,0.00865980792528221,0,0,0,0.0212144918502186,0.0105822416179559,0,0,0.00368924223296705,0,0,0,0,0.0194239482606649,0.00803172719972976,0,0,0,0,0,0,0,0,0,0.0366644077950465,0,0,0.000920667362788529,0,0,0,0,0,0,0.00690388999233687,0.00662054914711574,0,0.0173169862893094,0.00772728230185935,0.00730250419286573,0,0.00117935649833547,0.015569278015264,0,0,0.0115050835812494
"Hlx",0,0,0,0,0,0,0,0,0,0,0,0,0,0,0,0,0,0,0,0,0,0,0,0,0,0,0,0,0,0,0,0,0,0,0,0,0,0,0,0,0,0,0,0,0,0,0,1,0,0,0,0,0,0,0,0,0,0,0,0,0,0,0,0,0,0,0,0,0,0,0,0,0,0,0,0,0,0,0.112434980555704,0,0,0,0,0,0,0,0,0,0,0,0,0,0,0,0,0,0,0.0543647716439879,0,0,0,0,0,0,0,0,0,0,0,0,0,0,0,0,0,0,0,0,0,0,0,0,0,0,0,0,0,0,0,0,0,0,0,0,0,0,0.41155319645939,0,0,0,0,0,0,0,0,0,0,0,0,0,0,0,0,0,0,0,0,0,0
"Hmg20b",0,0,0,0,0,0,0,0,0,0,0,0,0,0,0,0,0,0,0,0,0,0,0,0,0,0,0,0,0,0,0,0,0,0,0,0,0,0,0,0,0,0,0,0,0,0,0,0,1,0,0,0,0,0,0,0,0,0,0,0,0,0,0,0,0,0,0,0,0,0,0,0,0,0,0,0,0,0,0,0,0,0,0,0,0,0,0,0,0,0,0,0,0,0,0,0,0,0,0,0,0,0,0,0,0,0,0,0,0,0,0,0,0,0,0,0,0,0,0,0,0,0,0,0,0,0,0,0,0,0,0,0,0,0,0,0,0,0,0,0,0,0,0,0,0,0,0,0,0,0,0,0,0,0,0,0,0,0,0
"Homez",0,0,0,0,0,0,0,0,0,0,0,0,0,0,0,0,0,0,0,0,0,0,0,0,0,0,0,0,0,0,0,0,0,0,0,0,0,0,0,0,0,0,0,0,0,0,0,0,0,1,0,0,0,0,0,0,0,0,0,0,0,0,0,0,0,0,0,0,0,0,0,0,0,0,0,0,0,0,0,0,0,0,0,0,0,0,0,0,0,0,0,0,0,0,0,0,0,0,0,0,0,0,0,0,0,0,0,0,0,0,0,0,0,0,0,0,0,0,0,0,0,0,0,0,0,0,0,0,0,0,0,0,0,0,0,0,0,0,0,0,0,0,0,0,0,0,0,0,0,0,0,0,0,0,0,0,0,0,0
"Hsf2",0,0,0,0,0,0,0,0,0,0,0,0,0,0,0,0,0,0,0,0,0,0,0,0,0,0,0,0,0,0.0042160483946678,0,0.0105135305438311,0,0,0,0,0,0,0,0,0,0,0,0,0,0,0,0,0,0,1,0,0,0,0,0,0,0,0,0,0,0,0,0,0,0,0,0,0,0,0,0,0,0,0,0,0,0,0,0,0,0,0,0,0,0,0,0,0,0,0,0,0,0,0,0,0,0,0,0,0,0,0,0,0,0,0.00159436218457658,0,0,0,0,0,0,0,0,0,0,0,0,0,0,0,0,0,0,0.0100491641228838,0,0,0,0,0,0,0,0,0,0,0,0,0,0,0,0,0,0,0,0,0,0,0.00170702686152128,0,0,0,0,0,0,0,0,0,0
"Ikzf1",0,0,0,0,0,0,0,0,0,0.00769201793419547,0.00690174326077703,0,0,0,0,0,0,0,0,0,0,0,0,0,0.00267863276495895,0,0,0,0,0.0061566121809458,0,0.00729474136077597,0,0,0,0,0.00441880639649308,0.00692296957247465,0,0,0,0,0,0,0,0,0,0,0,0,0,1,0,0.00910635598066489,0,0.00220744026823648,0,0,0,0,0,0,0,0,0,0.00262528915007334,0,0.0102719755999373,0,0,0,0.00640093840925341,0,0,0,0,0,0,0,0,0,0,0,0,0,0,0,0,0,0,0,0,0,0,0,0.00792410668023174,0,0,0,0,0,0.0114785545560909,0,0,0,0,0,0,0,0.00619573309958671,0,0,0,0,0,0,0.00515645250768149,0,0,0,0,0,0,0,0,0.013603994668917,0.0133164701738879,0,0.00823903171925063,0,0,0,0,0,0,0,0,0,0,0,0,0,0,0,0.000300593576808163,0,0,0,0,0,0,0,0.00224883229050121,0,0,0,0,0,0.0200305127565195
"Ikzf3",0,0,0,0,0,0,0,0,0,0,0,0,0,0,0,0,0,0,0,0.0095144340196626,0,0,0.00619005745720685,0,0.0081677096649987,0,0,0,0,0,0,0,0,0,0,0,0,0,0,0,0,0,0,0,0,0,0,0,0,0,0,0,1,0,0,0.00626437837308566,0,0,0,0,0,0,0,0.00288115845818282,0,0,0,0,0,0.00414414478402754,0,0,0,0,0.00508414626103983,0,0.00996938055844533,0,0,0,0,0,0,0,0,0.00763957220160937,0.0102163973283461,0,0,0,0,0,0,0,0,0,0,0,0,0.00598396116359927,0.0113247485199737,0.0241573163657261,0,0.00540761636717167,0,0,0,0,0,0.00269002072823807,0,0,0.0167306016603466,0,0,0,0,0,0,0,0,0,0,0,0,0,0.0074533122716308,0.00232167005231725,0,0,0,0,0,0,0,0,0,0.00755928362793062,0,0,0.012532160512627,0,0.0219711539092404,0,0,0,0.0268251032202217,0,0.0112610602766721,0,0.0066784441958184,0.0288855630214132,0.019668262790532,0,0.00746022883414025,0.00800308254870646,0,0,0.0199528790476543
"Irf1",0,0,0,0,0,0,0,0,0,0.0133627116159712,0,0,0,0,0,0,0,0,0,0,0,0,0,0,0,0,0,0,0,0,0,0,0,0,0,0,0.0278166379364936,0,0,0,0,0,0,0,0,0,0,0,0,0,0,0.0090834807577761,0,1,0.334125344417859,0.0968901485396313,0.0455553573753132,0.0728258965610753,0.087597222045768,0,0,0,0,0,0,0,0,0,0,0,0,0,0,0,0,0,0,0,0,0,0,0,0,0.00123200507919853,0,0,0,0,0,0,0,0,0,0,0,0,0,0,0,0.0488994074714252,0,0,0,0,0.000945223126694128,0,0,0,0,0,0,0,0,0,0,0,0,0,0,0.156479151970925,0.183697295008766,0,0,0,0,0,0,0,0,0,0,0,0,0,0,0,0,0,0,0,0,0,0,0,0,0,0,0,0,0.0321949035226868,0,0,0,0.0169184336367898,0,0,0,0,0
"Irf2",0,0,0,0,0,0,0,0,0,0.0136491653017505,0,0,0.00335182270581993,0,0,0,0,0,0,0,0,0,0,0,0,0,0,0,0,0,0,0.00826315062677167,0,0,0,0,0,0,0,0,0,0,0,0,0,0,0,0,0,0,0,0,0,0.334126508281652,1,0.0522334161298163,0.0402507440895319,0.179554485958062,0.0640696092945161,0,0,0,0,0,0,0,0,0,0,0,0,0,0,0,0,0,0,0.00242058149942457,0,0,0,0,0,0,0,0,0.00191963465314841,0,0,0,0,0,0,0,0,0,0,0,0.00454798182644218,0.127571981171801,0,0,0,0,0,0.00791435682494003,0,0.00449696575386262,0,0,0,0,0,0,0,0,0,0.00169877155927319,0,0.0178617100885342,0.10534000664393,0,0,0.00704630663382352,0,0,0,0,0.0303156288575247,0,0,0,0,0,0,0,0,0,0,0,0,0,0,0,0,0,0,0,0,0,0,0,0,0,0,0,0,0,0
"Irf3",0,0,0,0,0,0,0,0,0,0.00259975817717315,0.144840568770118,0,0,0,0,0,0,0,0,0,0,0,0,0,0,0,0,0,0,0,0,0.0107714583023221,0,0,0,0,0.012011615393262,0,0,0,0,0,0.00262037140981377,0,0,0,0,0,0,0,0,0.00220080595250882,0.00623599310504668,0.0968942415735805,0.0522332168204774,1,0.0550129493268797,0.00264524405597453,0.034963083933245,0,0,0,0,0,0,0,0,0,0,0,0,0,0,0,0,0,0,0,0,0,0,0,0.00218157041522187,0,0,0,0,0,0,0,0,0.0104429153031317,0,0,0,0,0,0,0,0.0816340690823574,0.0101821293213643,0.0609290033727748,0,0,0.00443193264002084,0,0,0,0,0.00534031386687358,0,0,0,0,0,0,0,0,0,0.140296513877957,0.120748923209445,0,0,0,0,0,0,0,0.0299311314566545,0,0,0,0,0,0,0,0,0.0126419498849882,0,0,0,0,0,0,0,0.101295640203065,0.00537749432645656,0,0,0.080316481653534,0.00319945685582664,0,0.0552728118311862,0.0311168983751759,0,0,0,0,0
"Irf4",0,0,0,0,0,0.000126973916376914,0,0,0.0169879495803266,0.0240724957216613,0.00760716801574529,0,0,0.00641887784570031,0,0,0,0.00565987015995277,0,0,0,0,0,0,0.0014059332920824,0,0,0,0,0.0130979248661706,0,0.0185886638293058,0,0,0,0,0,0.0154753481273945,0.000911787522002378,0,0,0,0.0263729207621574,0,0,0,0.00753825206122017,0,0,0,0,0,0,0.0455574324558301,0.0402531924603634,0.0550042874762239,1,0.0517311797039192,0.458287414153342,0,0,0.00736039120813996,0,0,0,0,0,0,0,0,0,0,0.00203250947509567,0,0,0,0,0,0,0,0,0,0.0121619374732468,0.00429795301345772,0.0116702524599721,0,0,0,0,0,0.0038436265463363,0.0186292831823216,0,0,0,0,0,0,0,0.0126548398541651,0.022162476153193,0,0,0,0.010631876079376,0.0121438768080667,0.0135359215020477,0.00826777253507107,0,0,0.00749769195198029,0,0,0,0,0,0,0.00150616013735573,0,0.0196289052214702,0.034083319192031,0,0,0,0,0.034498130218085,0,0,0.00498617453316152,0,0,0,0,0,0,0,0,0.0208842390183525,0,0,0,0,0,0,0,0.00611327153792246,0,0,0,0,0,0,0,0,0,0,0,0,0
"Irf7",0,0,0,0,0,0.00364602358556383,0,0,0,0.0113361643828084,0,0,0,0,0,0,0,0,0,0,0,0,0,0,0,0,0,0,0,0,0,0,0,0,0,0,0,0.00453777068521452,0,0,0,0,0.0114525975538202,0,0,0,0,0,0,0,0,0,0,0.0728261403242474,0.179554797726693,0.0026300811138298,0.0517293929180183,1,0.0692125771710438,0,0,0,0,0,0,0,0,0,0,0,0,0,0,0,0,0,0,0,0,0,0,0,0,0,0,0.00509944532747303,0.00664274612601447,0,0,0,0,0,0,0,0,0,0,0,0,0.184976544086522,0,0,0,0,0,0.000203411222903143,0,0.01113989602228,0,0,0,0,0,0,0,0,0,0,0,0,0.0719092146322166,0,0,0,0,0.000956902844039623,0,0,0.0382503838884137,0,0,0,0,0,0,0,0,0.00682121304592894,0,0,0,0,0,0,0,0,0,0,0,0,0,0,0,0,0,0,0,0,0
"Irf8",0,0,0,0,0,0,0,0,0.00356875072761283,0,0.00215155735913577,0,0,0,0,0,0,0,0,0,0,0,0,0.00551226269472469,0.00177125360098137,0,0,0,0,0.0283517356324661,0,0.021857953988533,0,0,0,0,0,0.00184884266005528,0.00825959457793857,0,0,0,0.00264923522039088,0,0,0,0.0001261802763114,0,0,0,0,0,0,0.0875990276707077,0.0640708703018636,0.0349573020585373,0.458286207948548,0.069209214428242,1,0,0,0,0,0,0,0,0,0,0,0,0,0,0,0,0,0,0,0,0,0,0,0,0.0114439610711226,0.013501945038428,0,0,0,0,0,0,0,0,0.00314984129380351,0,0,0,0,0,0,0.0965033910032849,0,0,0,0,0,0,0.0049594644861633,0,0,0,0,0,0,0,0,0,0,0,0,0.0248998638715113,0.0362180862302802,0,0,0.0110323890263602,0,0.00758568621547916,0,0,0,0,0,0,0,0,0,0,0,0,0,0,0,0,0,0,0,0,0,0,0,0,0,0,0,0,0,0,0,0,0
"Isl2",0,0,0,0,0,0,0,0,0,0.00636764437133329,0,0,0,0,0,0,0,0,0,0,0,0,0,0,0,0,0,0,0,0,0,0,0,0,0,0,0,0,0,0,0,0,0,0,0,0,0,0,0,0,0,0,0,0,0,0,0,0,0,1,0,0,0,0,0,0,0,0,0,0,0,0,0,0,0,0,0,0,0,0,0,0,0,0,0,0,0,0,0,0,0,0,0,0,0,0,0,0,0,0,0,0,0,0,0,0,0,0,0,0,0,0,0,0,0,0,0,0,0,0,0,0,0,0,0,0,0,0,0,0,0,0,0,0,0,0,0.0358574745552676,0,0,0,0,0,0,0,0,0,0,0,0,0,0,0,0,0,0,0,0,0,0
"Jun",0,0,0,0,0,0.112641135385354,0.0498136198173647,0,0.0351705580737701,0,0.00124052345690122,0,0,0,0,0,0,0,0,0,0,0,0.00521187288354958,0,0,0,0,0,0,0,0,0,0,0.157552020537925,0.118948462799507,0.122613595092481,0,0.0177835722541346,0,0,0,0,0.000436468469475866,0,0,0.000656395157185436,0,0,0,0,0,0,0,0,0,0,0,0,0,0,1,0.237918643105371,0.135732411124742,0,0,0,0,0,0,0,0,0,0.000948004397722038,0,0,0,0,0.00581386333349384,0,0,0,0,0,0.0311494116302091,0.000128708554843932,0,0.00432282481543377,0,0,0,0,0.00331082692996551,0.0204706258331325,0,0,0,0,0,0,0,0.00576882858648601,0,0.00171807763131246,0,0.00555086190338318,0,0,0.000891752746395368,0,0,0,0,0,0,0,0,0,0,0,0,0,0.00519445625588467,0,0,0,0.00592247813747347,0,0,0,0,0,0,0,0,0,0,0,0,0,0,0,0,0,0,0,0,0,0,0,0,0,0,0,0.00977855031728471,0,0,0,0,0
"Junb",0,0,0,0,0,0.0568174815784742,0,0,0.100816167501068,0.00652480757124969,0,0,0,0,0,0,0,0.00749191363042218,0,0,0,0,0,0,0.00057425685891174,0,0,0,0,0,0,0.00292025237660449,0,0.0874928944192778,0.130425010905429,0.048258115424392,0,0.0174903843176876,0.00841702502342557,0,0,0,0.0223642129292283,0,0,0,0,0,0,0,0,0,0,0,0,0,0.00737171520548769,0,0,0,0.237918739081147,1,0.107120181655736,0,0,0,0,7.3176379276384e-05,8.59972409570934e-05,0,0,0,0.017215842878327,0,0,0,0,0.0082984161382993,0,0,0,0,0.00637479332613888,0,0,0,0.00642372261462485,0,0,0,0.00846142889856778,0,0.00794793565585093,0,0,0,0,0,0,0,0.00110832428064905,0,0.000810068950463711,0,0.0029158372357345,0.00111633798217333,0.00768200606479354,0.00753314118746661,0,0,0.0173315381909385,0.00287801243257396,0,0,0,0,0,0.00839665452549361,0,0.00511973124682394,0,0,0,0.00662853374486227,0,0.0149497114184291,0,0,0,0,0,0,0.0126871904598077,0,0,0,0,0.0184085633586309,0,0,0.000333096934725919,0,0,0.00950873474825273,0,0.000528907147462446,0,0,0,0,0,0,0,0.00652610169200935,0,0,0,0,0
"Jund",0,0,0,0,0,0,0,0,0.155523902564332,0.0105936958296507,0.00995719119661827,0,0,0,0,0,0.0151891182060804,0,0,0,0,0,0,0,0.000491575563341483,0,0,0,0,0.0158928009844333,0,0.0116859594651565,0,0.0671237454079737,0.0684859088062284,0.0994644584189889,0,0,0.00543175880713552,0,0,0,0,0,0,0,0,0,0,0,0,0,0,0,0,0,0,0,0,0,0.135731555683206,0.107113502123092,1,0,0,0,0,0,0,0,0,0,0.00502077846624559,0,0,0,0,0,0,0,0,0,0.0160453392650766,0.0173385037162125,0,0,0,0,0,0,0,0,0,0,0,0,0,0,0,0.000289429136507406,0,0,0,0,0,0.0135633041784492,0,0.00544942610231493,0,0.0239943068415089,0,0,0,0,0,0,0,0,0,0,0,0.00143301090129895,0.00244370608595278,0,0,0.0140048098335301,0.0098839246632579,0,0.00173136286146759,0,0,0,0,0,0,0,0,0,0,0,0,0,0,0,0,0,0,0,0,0,0.00938091310857922,0,0,0,0,0,0,0,0
"Klf10",0,0,0,0,0,0,0,0,0,0,0,0,0,0,0,0,0,0,0.0123019604650485,0.0124526697772453,0.00418354562556023,0.0494416925245705,0.0640872312518495,0,0,0,0,0,0,0,0,0,0,0,0,0,0,0,0,0,0,0,0,0,0,0,0.00425656816963532,0,0,0,0,0,0.00287779122872722,0,0,0,0,0,0,0,0,0,0,1,0.00485602733917684,0.0150371499226547,0.0708708463904961,0.0174427047783977,0.0236342326078801,0.0556445774933986,0.0159224016861873,0.0298886476754167,0,0,0,0,0,0,0,0,0,0,0,0,0,0,0,0,0,0,0,0,0,0,0.000514073712401721,0.0124076280461383,0,0,0,0,0,0,0,0,0,0,0,0,0,0,0,0,0.00682908988287445,0,0.0367305250187532,0.062168886082177,0.0139695756075171,0.00905291529142855,0.0306232979781444,0,0,0,0,0,0,0,0.00552436914165885,0.00184456417808018,0,0,0.00451266794110057,0,0,0,0,0,0,0,0,0,0.0347450346202133,0.00402588562973596,0.0365781262729361,0.00428615743391424,0.00981779524039373,0,0,0,0.0356860315739442,0,0,0,0,0,0.00246903690668228,0.0124229713940427,0.00794257735776834,0.0325313926005864,0.00488265714726602
"Klf13",0,0,0,0,0,0,0,0,0,0,0,0,0,0,0,0,0,0,0,0,0,0.00289896928427525,0,0,0,0,0,0,0,0,0,0,0.00451393356103175,0,0,0,0,0,0,0,0,0,0,0,0,0,0,0,0,0,0,0,0,0,0,0,0,0,0,0,0,0,0,0.00485512748954557,1,0.0267005102907438,0,0.0453328562663015,0,0,0.118857414850238,0.0759726145432234,0,0,0,0,0,0,0,0,0,0,0,0,0,0,0,0,0,0.00158953974894081,0,0,0,0,0,0,0,0,0,0,0,0,0,0,0,0,0,0,0,0,0,0,0,0,0,0,0.0334938210263028,0,0,0,0,0,0,0,0,0,0,0,0,0,0,0,0,0,0,0,0,0.0040039853328218,0,0,0,0,0,0,0,0,0,0,0,0,0,0,0,0,0,0,0,0,0
"Klf2",0,0,0,0,0,0,0,0,0,0,0,0,0,0,0,0,0.00672386757763684,0,0,0,0.0425496637784462,0,0,0,0,0,0,0,0,0,0,0,0,0,0,0,0,0,0,0,0,0,0,0,0,0,0,0,0,0,0,0.00262355614120886,0,0,0,0,0,0,0,0,0,0,0,0.0150373589975699,0.0266974259738943,1,0.0703036622287288,0,0,0,0.144927868164528,0.291479398701123,0,0.00101150454570844,0,0,0.000535992306027827,0,0,0,0,0,0,0,0,0,0,0,0,0,0,0,0,0,0,0.067587779695636,0,0,0,0,0,0,0,0.00190085017486536,0,0,0,0,0,0,0,0,0.00486248484815636,0,0.00432621256000644,0.0203833381448649,0.0778630205698286,0,0.00422542346230203,0,0,0,0,0,0,0,0.0078827842269391,0.0107377718786195,0,0,0,0,0,0,0,0,0,0,0,0.00303234942239232,0,0,0,0,0,0,0,0,0,0,0,0,0,0,0,0,0.0187733865775787,0,0.0123432127955702
"Klf3",0.00859767633451618,0.0004536669125397,0,0.00675229745516733,0,0,0,0,0,0,0,0,0,0,0,0,0,0,0.064762942636413,0,0.0577999487615179,0.007684810297703,0,0.00453980671384721,0,0,0,0,0.00687938945571133,0,0,0,0.00150566312479448,0,0,0,0,0,0,0,0,0,0,0,0.00153895380698441,0,0,0,0,0,0,0,0,0,0,0,0,0,0,0,0,0,0,0.0708617324776232,0,0.0702919077193724,1,0.0426759688883248,0.0630990287566641,0.10690180528191,0.0706325844682442,0.0574791816006548,0,0.0114809417989935,0,0.0152568835698344,0.0246169958808547,0,0,0,0,0.000432827256089727,0,0,0,0.00203690935104163,0,0,0.00776876137607061,0,0,0,0,0,0.0126904468483132,0.113614255287689,0,0,0.000420558785080395,0,0,0,0,0.00972494314132802,0,0,0,0,0,0,0,0,0.0263525041753754,0.0128633146987719,0.0797090393529182,0.143037374626927,0.0891339576263764,0,0.0127836452459138,0,0,0,0,0,0.000361864768810729,0,0,0,0,0,0,0,0,0,0,0,0,0,0,0.00634072188410644,0,0.00113529000801051,0.0227154223398698,0.00834042626556495,0.0017673965230237,0,0,0.00690731491862176,0,0,0.00139487514173359,0,0,0,0,0.0111828393477991,0.0266145581723598,0,0.0216269849700613
"Klf4",0.00451901271736395,0,0,0,0,0.012269863874148,0,0,0,0,0,0,0,0,0,0,0,0,0.0257538871974666,0,0,0.0287352002365726,0.0509038122290861,0,0,0,0,0,0,0,0,0,0.00613429191995257,0,0,0,0,0,0,0,0,0,0,0,0,0,0.010386534840821,0,0,0,0,0.0102710092276401,0,0,0,0,0,0,0,0,0,7.14574826080125e-05,0,0.0174456264682825,0.0453324306131156,0,0.0427021937502807,1,0.276696807845047,0.102793976125099,0.208992751042552,0.132620079054189,0,0,0,0,0,0.00335333188067711,0,0.0070617986249528,0.0159754621743234,0.00221095263999658,0,0,0,0,0.00270654555824341,0,0,0.00454811469051849,0.00564606958737171,0,0.00504624038465662,0,0,0.0280093001706645,0,0,0.00442181912514454,0,0,0,5.88720789751408e-05,0,0.0141020836112985,0,0,0,0,0,0.0174070667357215,0.0019491050563034,0,0,0,0,0,0.0152126891979249,0.000753923187503481,0,0,0.00878693359361932,0,0,0,0,0,0,0,0,0,0,0.00351028119721798,0.015662371992049,0.00244174639649653,0,0,0.00495956243883777,0,0,0,0.00621411593777764,0,0,0,0,0,0,0,0,0,0,0,0,0,0,0.0266362151122734,0,0
"Klf5",0.00399594582098532,0,0,0,0,0.0141739077972979,0,0,0,0,0,0,0,0,0,0.0103999950160813,0,0,0.0572956897745418,0,0,0.0376433725702421,0.0491715618153768,0,0,0,0,0,0,0,0,0,0.00547866598898393,0,0,0,0,0,0,0,0,0,0,0,0,0,0.00276250709205887,0,0,0,0,0,0,0,0,0,0,0,0,0,0,7.98759706872996e-05,0,0.0236344483060849,0,0,0.0631110427702358,0.276686225261227,1,0.198416453968286,0.0831910879423441,0,0,0,0,0,0,0,0,0,0.0237449238162335,0.00489768939122808,0,0,0,0,0.0141580054922838,0,0,0.00321362785905974,0.00530558860744818,0,0,0,0.0100305367097377,0.0737818132557541,0,0,0,0,0,0,0,0,0.0102454187175133,0,0,0,0,0,0.0259962151362952,0,0,0.00410262159165594,0,0,0,0.00311874364757563,0.0176405324864538,0,0,0,0,0,0,0,0,0,0,0,0,0,0.00388114549239287,0.0035905845332999,0,0,0,0.00436849577459772,0,0,0.0740213351752728,0,0,0,0,0,0,0,0,0,0,0,0,0,0,0,0,0,0
"Klf6",0.00396245607154417,0,0,0,0,0.00638273459919985,0.00824122660012463,0,0,0,0,0,0,0,0,0.00222878323649005,0,0,0.0620961815463697,0,0,0.0738553251052813,0.0537583177053479,0,0,0,0,0,0,0,0,0,0.00983584499394727,0,0,0,0,0,0,0,0,0,0,0,0,0,0,0,0,0,0,0,0.00413803780591662,0,0,0,0,0,0,0,0,0,0,0.0556392573636191,0,0,0.106900808156951,0.10278185325598,0.198408920292892,1,0.0234962439527349,0,0.000496554454954087,0,0,0,0,0,0,0,0.016118229262688,0.0153306387027936,0,0,0,0,0.00632358859137149,0,0,0.00846468877446387,0,0,0,0,0.0258010661280108,0.0381467844768801,0,0,0,0,0,0,0.0150203351774466,0,0.00326258240753394,0,0,0,0,0,0.00470547524236111,0.0132073765979057,0,0.0114402520232234,0,0.00930954833108947,0,0,0.00130849319196215,0,0,0,0,0.00264424406114764,0,0,0,0,0,0,0,0,0.000569969546151691,0.000299777165362255,0,0,0,0.0013015059111085,0,0,0.190941507701678,0.0135808916404921,0.0577767171385385,0,0,0,0,0.0014544569969738,0,0,0,0,0,0,0.0376170979399799,0.00817650940734032,0.00424325492485184,0,0.0134338816839772
"Klf7",0,0,0.000679520716402318,0,0,0,0,0,0,0,0,0,0,0,0.0104780587692188,0,0,0,0.112035564760689,0,0.0374203582423467,0.0182247728312072,0.0157095209091324,0,0,0,0,0,0,0,0,0,0,0,0,0,0,0,0,0,0,0,0,0,0,0.00150085474853031,0,0,0,0,0,0,0,0,0,0,0,0,0,0,0,0,0,0.0159200427848518,0.118862020829615,0.144935468529565,0.0706336034948881,0.208990505418938,0.0831856671667839,0.0234843921590999,1,0.226577842183306,0,0,0,0,0,0,0,0,0.0092881882685488,0,0,0,0,0,0,0,0,0,0,0,0,0,0.0245602992351367,0,0,0,0,0,0,0,0,0,0,0,0,0,0,0,0,0,0,0,0,0,0.0119237693703661,0,0,0,0,0,0,0,0,0,0,0,0,0,0,0,0,0,0,0,0,0,0,0,0,0,0,0,0.00223718552757323,0,0,0,0,0,0,0,0,0,0,0,0,0,0.00550323331395017
"Klf8",0,0.00553931152782497,0,0.00446194831848011,0,0,0,0,0,0,0,0,0,0,0.00622411258116491,0,0.0168608369321351,0,0.021301377370684,0,0.0437488274276912,0,0,0.00187163296305027,0.00608540176765629,0,0,0,0,0,0,0,0,0,0,0,0,0,0,0,0,0.00396805439194857,0,0,0,0,0.0242236560553018,0,0,0,0,0.0063990280199806,0,0,0,0,0,0,0,0,0,0,0,0.0298832791939123,0.0759723117896841,0.291478269933317,0.0574753779852963,0.132611990625509,0,0,0.226581852175387,1,0,0.00827122271703699,0,0,0.00529814981131145,0,0,0,0,0,0,0,0,0,0,0,0.00365383117492691,0,0,0,0,0,0,0.0289276177506505,0,0,0.0037232885573739,0,0,0,0,0.00111557406368135,0.00545929314938272,0,0,0,0,0,0,0,0,0,0,0,0.0491084566556584,0.00335827532769014,0,0,0,0,0,0,0,0,0.00347274640375672,0.000356696225823609,0,0,0,0,0,0,0,0,0,0,0,0.00469081751202686,0,0,0,0.00582487709833246,0.00662356520199804,0,0,0,0,0,0,0,0,0,0,0,0.0279130432210687,0,0.0216025365875857
"Mafk",0,0,0,0,0,0,0,0,0.0560196534397825,0.0169200765245962,0.00374883019822574,0,0,0,0,0,0.00541345911210377,0,0,0,0,0,0,0,0.0060228111102866,0,0,0,0,0,0,0.00931473122816162,0,0.0364615382254476,0.0197144359013143,0.0444741061340805,0.00963617293023115,0.0118365702672611,0.000360063087213767,0,0,0,0.0270079954556179,0,0,0,0.00563841137480354,0,0,0,0,0,0,0,0,0,0.00203635486858197,0,0,0,0.000946910795185061,0.0172124953155931,0.00502087256050021,0,0,0,0,0,0,0.000480264757433355,0,0,1,0,0,0,0,0,0,0,0,0,0,0.25959357747104,0,0,0,0,0,0,0,0,0,0,0,0,0,0,0,0,0.00593940968174054,0,0,0,0.00223870423118146,0.00638927440137061,0.0178942690705984,0.00525138005106999,0,0,0.00164690535707827,0,0,9.273809605915e-05,0,0,0,0.00180294762975137,0,0.00435913719185738,0,0,0,0,0,0.0160111081773758,0.00267333153077338,0.0023620207304171,0,0,0,0,0.0106137718857217,0,0,0,0,0,0,0,0.0154622137372491,0,0,0,0,0.00266440481963314,0,0,0,0.000343334013099335,0,0,0,0,0,0,0,0,0
"Max",0,0.197665388820428,0.058049085079221,0,0,0,0,0,0,0,0,0,0,0,0,0,0,0,0,0,0,0,0,0,0,0,0,0,0.00422334256205805,0,0,0,0,0,0,0,0,0,0,0,0,0,0,0,0,0,0,0,0,0,0,0,0,0,0,0,0,0,0,0,0,0,0,0,0,0.00100694973986187,0.0114708399344013,0,0,0,0,0.00826766947931332,0,1,0,0,0,0,0,0.0325036653322714,0.137234539930235,0.364571947327094,0,0,0,0,0,0,0,0,0,0,0,0,0.0130718117102832,0,0,0,0,0,0,0,0,0.00153208297393755,0,0,0,0,0,0,0,0,0,0,0.00290228961112866,0,0,0,0,0,0,0,0,0,0,0,0,0,0,0,0,0,0,0,0,0,0,0,0,0.0260131227157244,0,0,0,0,0,0,0,0,0,0,0,0,0,0,0,6.56422608081634e-05,0,0,0.00356730745990735
"Maz",0,0,0,0,0,0,0,0,0,0,0.0820534225458705,0,0,0,0,0,0.0143359553721211,0,0,0,0,0,0,0,0,0,0,0,0,0.00396616342219603,0,0,0,0,0,0,0,0,0,0,0,0,0,0,0,0,0,0,0,0,0,0,0.00507871012087323,0,0,0,0,0,0,0,0,0,0,0,0,0,0,0,0,0,0,0,0,0,1,0,0,0,0,0,0,0,0,0,0,0,0,0,0,0,0,0,0,0,0,0.0021204128717686,0,0,0,0,0,0.181574417723965,0,0,0,0,0,0,0,0.0476658011439998,0,0,0.171103941503358,0,0,0.02770787779664,0.0373456383148558,0,0.00624793243160915,0,0,0,0,0,0.0165373534384042,0,0.0124687854836383,0,0,0,0,0,0,0,0,0,0,0,0,0,0,0,0.057935543952285,0,0,0,0.0719157852462928,0,0.138028400715222,0,0,0.131232133338253,0.0793797174222891,0,0,0,0,0.00621354697073429,0
"Mbd2",0,0.00276467685446391,0,0,0,0,0,0,0,0,0,0,0,0,0,0,0,0,0.0164215202731911,0.00317673586781229,0.0040650569433308,0.0189104815006694,0,0.00368893003557659,0,0,0,0,0,0,0,0,0.00248017606540827,0,0,0,0,0,0,0,0,0.00267519682534155,0,0,0,0,0,0,0,0,0,0,0,0,0,0,0,0,0,0,0,0,0,0,0,0,0.0152599966632375,0,0,0,0,0,0,0,0,1,0.0209504828250723,0,0,0,0.000725550207355025,0.000895580088394727,0,0,0,0,0,0,0,0,0,0,0,0,0.0310031549251009,0,0,0,0,0,0,0,0,0.0223874453331244,0,0,0,0,0,0,0,0,0.0274432681537775,0,0.0740630987935058,0.0212123522389961,0,0,0,0,0,0,0,0,0.014439129383662,0,0,0,0,0,0,0,0,0,0,0,0,0,0,0,0.0110972758831682,0,0.0321362576307154,0,0,0,0,0,0,0,0.00314252768601896,0.00634664846783757,0,0,0.0412793760633079,0.0645113147846778,0,0,0.0229363891834692
"Mecp2",0,0.00817088537295885,0,0,0,0,0,0,0,0,0,0,0,0,0,0,0,0,0,0.0180603499438123,0.00145161425546088,0.0069654513161173,0.000322100314107481,0,0,0,0,0,0.00116453890258036,0,0,0,0.0169331127371742,0,0,0,0,0,0,0,0,0.00196224881858736,0,0,0,0,0,0,0,0,0,0,0.00996707491630776,0,0,0,0,0,0,0,0,0,0,0,0,0.000534440958878991,0.0246164417477169,0,0,0,0,0.00529786478244335,0,0,0,0.0209464931504979,1,0,0,0,0,0,0,0,0,0,0,0.00140255561365416,0.00473263931314658,0,0,0,0,0,0,0,0,0,0,0,0,0,0,0.038167565292497,0,0,0,0,0,0,0,0,0.0199325135050794,0,0.0402519680854963,0.0153481837625405,0.0102452963916407,0.00541466514395335,0,0,0,0,0,0,0.0131245052192423,0,0.00699016946980705,0,0,0,0,0,0,0,0,0,0,0,0,0.00442355823572375,0,0,0.000127220256995561,0,0.0167997349973199,0,0.00936303087150584,8.07724023524057e-05,0,0,0.00155021951900226,0.000447753960057792,0,0,0.0301983545770814,0.063184686363061,0.0216370445994965,0,0.0316751982869987
"Meis3",0,0,0,0,0.00618084233083563,0,0,0,0,0.0162812921310384,0,0,0,0,0,0,0.00543972626075505,0,0,0,0,0,0,0,0.0151391464296722,0,0,0,0,0,0,0,0,0,0,0,0,0.0185278428752631,0,0,0,0,0.0037402988161579,0,0,0,0,0,0,0,0,0,0,0,0.00243041276951431,0,0,0,0,0,0.00581914548178977,0.00829487308043313,0,0,0,0,0,0.00335227335258562,0,0,0,0,0,0,0,0,0,1,0,0,0,0,0,0.00873318582241072,0,0,0,0,0,0,0,0,0,0,0,0,0,0,0.223346940131707,0.00677466886961514,0.00541721090174546,0,0,0,0,0.0123886189912191,0.0113368531126944,0,0,0.0179053190421001,0.0830002329652817,0,0,0,0,0,0,0.000692245842523081,0.0015567430065703,0,0.00362551522461135,0.00175754278741106,0.0173301964000772,0.00281830876299275,0,0.0421005853703232,0.00354518015177077,0.0186916341195709,0,0,0,0,0.29754173874465,0,0,0,0,0.0189693652209354,0,0,0,0,0,0,0,0,0,0,0,0,0.00228186916419137,0,0,0,0,0,0,0,0
"Meox2",0,0,0,0,0,0,0,0,0,0,0,0,0,0,0,0,0,0,0,0,0,0,0,0,0,0,0,0,0,0,0,0,0,0,0,0,0,0,0,0,0,0,0,0,0,0,0,0.112434980555704,0,0,0,0,0,0,0,0,0,0,0,0,0,0,0,0,0,0,0,0,0,0,0,0,0,0,0,0,0,0,1,0,0,0,0,0,0,0,0,0,0,0,0,0,0,0,0,0,0,0.0358385712820992,0,0,0,0,0,0,0,0,0,0,0,0,0,0,0,0,0,0,0,0,0,0,0,0,0,0,0,0,0,0,0,0,0,0,0,0,0,0,0,0,0,0,0,0,0,0,0,0,0,0,0,0,0,0,0,0,0,0,0,0,0
"Mlx",0,0.100288329685337,0.21744165182194,0,0,0,0,0,0,0,0,0.184292159865382,0,0,0,0,0,0,0,0,0,0.000245152185016225,0,0,0,0,0,0,0,0,0,0,0,0,0,0,0,0,0,0,0,0,0,0,0,0,0,0,0,0,0,0,0,0,0,0,0,0,0,0,0,0,0,0,0,0,0,0.0070536898280278,0,0,0,0,0,0.0325036046972248,0,0,0,0,0,1,0.00935318373956896,0,0,0,0,0,0,0,0,0,0,0,0,0,0,0,0,0,0,0,0,0,0,0,0,0,0,0,0,0,0,0,0,0,0,0,0,0.0479697348872173,0,0,0,0,0,0,0,0,0,0,0,0,0,0.116300001924436,0,0,0,0,0,0,0.164169533622774,0.0137356488755479,0,0.0358340243904439,0,0,0,0,0,0,0,0,0,0,0,0,0,0,0,0,0
"Mxd1",0,0.0665936113534115,0.057006755253395,0,0,0,0,0,0,0,0,0,0,0,0,0.00307773014761708,0,0,0,0,0,0.0200168880596982,0.0111945140959229,0,0,0,0,0,0,0,0,0,0.00614476909435904,0,0,0,0,0,0,0,0,0,0,0,0,0,0,0,0,0,0,0,0,0,0,0,0,0,0,0,0,0,0,0,0,0,0,0.0159737600593811,0.023742190347699,0.0161153389064557,0.00929089522073738,0,0,0.137233086408727,0,0.000723028117347304,0,0,0,0.00935245332422523,1,0.231227026153091,0,0,0,0,0,0,0,0.00193535407673948,0,0,0,0,0.0231905108347986,0,0,0,0,0,0,0,0,0,0,0,0,0,0,0,0.0552959386937448,0,0,0,0,0,0,0,0,0,0,0,0,0,0,0,0,0,0,0,0,0,0,0.00145945222295876,0,0,0,0,0,0,0,0,0,0,0,0,0,0,0,0,0.000853575812801494,0,0,0,0.00853446293752918,0.0158022730893933,0.0171765619541353,0,0
"Myc",0,0.0345917464212986,0,0,0,0,0,0,0,0,0,0,0,0,0,0,0,0,0.00235074641973154,0.00773229325839691,0,0.00733335957095799,0.0055550866707226,0,0,0,0,0,0,0,0,0,0,0,0,0,0,0,0,0,0,0,0,0,0,0,0.00367729742294609,0,0,0,0,0,0,0,0,0,0,0,0,0,0,0,0,0,0,0,0.000436421212005116,0.00220733155381768,0.00489344716330269,0.0153224636631152,0,0,0,0.364568774019089,0,0.000891262508719651,0,0,0,0,0.231224338563709,1,0,0,0,0,0,0,0.00810181372261084,0.000460162268446061,0,0,0,0,0.00967517153803325,0,0,0,0,0,0,0,0,0,0,0,0,0,0,0,0.00319861246613249,0,0,0,0,0,0,0,0,0,0,0,0,0,0,0,0,0,0,0,0,0,0,0,0,0,0,0,0,0,0.0162462662244808,0,0.014056502819131,0,0.00898746037228045,0,0,0,0,0,0,0,0,0,0.00718134530432474,0.0103211410581626,0.0171550299367614,0,0
"Nfatc1",0,0,0,0,0,0,0,0,0.0178624203415137,0.00929342751403996,0.0160501384652754,0,0,0,0,0,0,0,0,0,0,0,0,0,0,0,0,0,0,0,0,0.01511577130263,0,0.00538459907966296,0.000353484989169504,0.00138583283433003,0,0.0106167992834745,0.00914125653514831,0,0,0,0.0145379727472072,0,0,0,0,0,0,0,0,0,0,0,0,0.00217916116032251,0.0121616571436051,0,0.0114431750528686,0,0,0.00637343965661468,0.0160443594321743,0,0,0,0,0,0,0,0,0,0,0,0,0,0,0,0,0,0,0,1,0,0,0,0,0,0,0,0,0,0,0,0,0,0,0,0,0,0,0,0,0,0,0.0133328023769706,0.0265419149156169,0,0,0,0,0,0,0,0,0,0,0,0,0.00226484634278258,0,0,0.000115459300650825,0,0,0.0245993232801652,0,0,0,0,0,0,0,0,0,0,0,0,0,0,0,0,0,0,0,0,0,0,0,0,0,0,0,0.00626856923244487,0,0,0,0,0
"Nfe2l2",0,0,0,0,0,0,0,0,0.0711506153682918,0.00526471952410762,0,0,0,0,0,0,0,0,0,0,0,0,0,0,0.00768931420882175,0,0,0,0,0.00165953253103811,0,0.0157539308525429,0,0.0278591987582585,0.0147440666406869,0.042382249458318,0,0.0252342385153977,0.00412919628760066,0,0,0,0.00437820639016737,0,0,0,0.00383927358356932,0,0,0,0,0,0,0.00123601888521098,0,0,0.00429932779743497,0,0.0135014166688512,0,0.0311485509936593,0,0.0173382393771473,0,0,0,0,0,0,0,0,0,0.259592229211107,0,0,0,0,0.00872933843488204,0,0,0,0,0,1,0,0,0,0,0,0,0.00236647254683432,0,0,0,0,0,0,0,0,0.00108230291361498,0.00178149839527233,0,0,0,0.0105776275149136,0.00431241275490327,0.0079190419658374,0,0,0,0.00268193052932886,0,0,0,0,0,0,0.00354704652137679,0,0,0,0,0,0,0,0.0150691761762622,0,0.000684965004442027,0,0,0,0,0,0,0,0,0,0,0,0,0,0,0,0,0,0.00617118059926807,0,0,0,0,0,0,0,0,0,0,0,0,0
"Nfil3",0,0,0,0,0,0,0.198526924360132,0,0,0,0,0,0,0,0,0,0,0.0243607072544864,0,0,0,0,0,0,0,0,0,0,0,0,0,0,0,0,0,0.000453310292703872,0,0,0,0,0,0,0,0,0,0,0,0,0,0,0,0,0,0,0,0,0.0116710141027573,0,0,0,0.000129312317288933,0,0,0,0,0,0,0,0,0,0,0,0,0,0,0,0,0,0,0,0,0,0,0,1,0,0,0,0,0,0,0,0,0,0,0,0,0,0,0,0,0,0,0,0,0,0.00693696176070276,0,0,0,0,0,0,0,0,0,0,0,0,0,0,0,0,0,0,0,0,0,0,0.35747817412435,0,0,0,0,0,0,0,0,0,0,0,0,0,0,0,0,0,0,0,0,0,0,0,0,0,0,0,0,0
"Nfkb1",0,0,0,0,0,0,0,0,0,0.00423930096539438,0,0,0,0,0,0,0,0,0,0,0,0,0,0,0,0,0,0,0,0,0,0.00110603762871067,0,0,0,0,0.00431296551783198,0,0,0,0,0,0,0,0,0,0.00185234703308212,0,0,0,0,0,0.00763873947819071,0,0,0,0,0.00510487243236897,0,0,0,0,0,0,0,0,0.0020426999409855,0,0,0,0,0,0,0,0,0,0,0,0,0,0,0,0,0,0,1,0.499232068599736,0,0,0,0,0,0,0,0,0.00302627117957718,0,0,0.00328222171907011,0,0.0962863906249074,0.0285012707388244,0.0737014697129349,0,0,0,0,0,0,0,0,0,0,0,0,0,0,0,0.00380833614374893,0,0,0,0,0,0,0,0.00904107522503088,0,0,0,0,0,0,0,0,0,0,0,0,0,0,0,0.00612141871093004,0,0,0,0,0,0.00203554547143301,0,0,0,0,0,0,0,0,0,0
"Nfkb2",0,0,0,0,0,0,0,0,0,0,0,0,0,0,0,0,0,0,0,0,0,0.00956825500235565,0.0116311637461015,0,0,0,0,0,0,0,0,0.00822332451300246,0,0,0,0,0.000759141949824602,0.0253358834209306,0.00628711853515419,0,0,0,0.00846207751566209,0,0,0,0.00160645172524254,0,0,0,0,0,0.0102165729433936,0,0.00193357226655046,0,0,0.00664031790339259,0,0,0.00433228105974811,0.00642459871854457,0,0,0,0,0,0.00270659897467768,0.014158159223646,0.00632240013550501,0,0,0,0,0,0,0,0,0,0,0,0,0,0,0,0.499231065736092,1,0,0,0,0,0,0,0,0,0.00190675635546563,0,0,0.0125349841927615,0,0.108447034114985,0.0258241385683348,0.244368338403844,0.00661247040203006,0,0,0,0,0,0,0,0,0,0,0,0,0,0,0.00205889865856105,0.00133504136501335,0,0,0,0,0,0.00530999101779223,0.00492595569101157,0,0,0,0,0,0,0,0,0,0,0.00391303365197233,0,0,0.00211740924161751,0,0,0,0,0,0,0,0,0,0,0,0,0,0,0,0,0,0
"Nfya",0,0,0,0,0,0,0,0,0,0,0,0,0,0,0,0,0,0,0,0,0.00861652409102913,0,0,0,0,0,0,0,0,0,0,0,0,0,0,0,0,0,0,0,0,0,0,0.00501479835537923,0,0,0,0,0,0,0,0,0,0,0,0,0,0,0,0,0,0,0,0,0,0,0,0,0,0,0,0,0,0,0,0,0.00140127451051076,0,0,0,0,0,0,0,0,0,0,1,0.342471276998156,0.370309083454494,0,0,0,0,0,0,0,0,0.0141520465032192,0,0,0,0,0.00191677839525958,0,0,0,0,0,0,0,0,0,0,0.00892326094185015,0.00190557936922524,0.0305987075162799,0,0,0,0,0,0,0,0.0114897458811553,0,0,0,0,0,0,0,0,0,0,0,0,0,0,0,0,0,0,0,0,0,0,0,0.00265572636008751,0,0,0,0,0,0,0,0,0,0
"Nfyb",0,0,0,0,0,0,0,0,0,0,0,0,0,0,0.00506127446186373,0,0,0,0.00768010314218042,0.0135888349594995,0.00596827378708679,0.004186700415375,0,0,0,0,0,0,0,0,0,0,0.0041992221685589,0,0,0,0,0,0,0,0,0,0,0.000248565070505568,0,0,0,0,0,0,0,0,0,0,0,0,0,0,0,0,0,0,0,0,0,0,0.00776604487955971,0,0,0,0,0.00365105872669871,0,0,0,0,0.00473466761664772,0,0,0,0,0.0081022055736244,0,0,0,0,0,0.342470414934575,1,0.45666888775308,0,0,0,0,0.0088022211318657,0,0,0,0.0220747691000081,0,0,0,0,0,0,0,0,0,0,0,0,0,0,0,0.00696285326938357,0.00116955478678553,0,0,0,0,0,0,0,0,0.0177755288480106,0,0,0,0,0,0,0,0,0,0,0,0,0,0,0,0,0.00233158113805086,0.00612519924587591,0,0,0,0,0,0,0,0,0,0,0,0.00204615056676567,0.00701238177313836,0,0,0.00230694629893077
"Nfyc",0,0,0,0,0,0,0,0,0,0,0,0,0,0,0.00321932671181187,0,0,0,0.00486639992472775,0,0,0.0156395403830397,0.00702961759522647,0,0,0,0,0,0,0,0,0,0.00395339652086839,0,0,0,0,0,0,0,0,0,0,0.0105142994121474,0,0,0,0,0,0,0,0,0,0,0,0,0,0,0,0,0,0,0,0,0.00159003443087308,0,0,0.00455330527266303,0.00321885184456819,0.00846555945508969,0,0,0,0,0,0,0,0,0,0,0.00193210712737118,0.000458138815880413,0,0,0,0,0,0.370310704090517,0.456669561034437,1,0,0,0,0,0.0184068494932506,0,0.00262418097763741,0,0.0366142830546392,0,0,0,0,0,0,0,0,0,0,0,0,0,0,0,0,0,0,0,0,0,0,0,0,0,0,0,0,0,0,0,0,0,0,0,0,0,0,0,0,0,0.0103502076109899,0.00162926394422057,0,0,0,0,0,0,0,0,0,0,0,0,0,0,0,0,0
"Nr1i3",0,0,0,0,0,0.0161700257553176,0,0,0,0.0153879591677191,0,0,0,0,0,0,0,0,0,0,0,0,0.00930731535744096,0,0,0,0,0,0,0.00591542539312924,0,0,0,0,0,0.00792358248556889,0,0.00218301213629969,0,0,0,0,0,0,0,0,0,0,0,0,0,0,0,0,0,0,0.00384504001766399,0,0,0,0,0.00846189426190725,0,0,0,0,0,0.00564483379955498,0.00530573273515297,0,0,0,0,0,0,0,0,0,0,0,0,0,0,0.00236697323934554,0,0,0,0,0,0,1,0,0,0,0,0,0,0,0,0,0,0,0,0,0.0229851765620903,0,0,0,0,0,0,0,0,0,0,0,0,0,0,0,0,0,0,0,0,0.00349543527560462,0,0,0,0,0,0,0,0,0,0,0,0,0,0,0,0,0,0,0,0,0,0,0,0,0,0,0,0,0,0,0,0,0
"Nr4a1",0,0,0,0,0,0,0,0,0,0,0.00777938457022067,0,0,0,0,0,0,0,0,0,0,0,0,0,0,0,0,0,0,0,0,0,0,0,0,0.000960816822403905,0.000346882717829631,0.000932090222424938,0.00536763995379147,0,0,0,0,0,0,0,0,0,0,0,0,0,0,0,0,0.0104397844824273,0.0186276460257538,0,0,0,0.00330916207775587,0,0,0,0,0,0,0,0,0,0,0,0,0,0,0,0,0,0,0,0,0,0,0,0,0,0,0,0,0,0,1,0.0698823605706625,0.180090378145978,0,0,0,0,0,0,0,0,0,0,0,0.000621969333821282,0.0112675978366557,0,0,0,0,0,0,0,0,0,0,0,0,0.00709386984863372,0,0,0,0,0,0.00899413552335302,0,0,0,0,0,0,0,0,0,0,0,0,0,0,0.00146366027791198,0,0,0,0,0,0,0,0,0,0,0,0,0,0,0,0,0,0
"Nr4a2",0,0,0,0,0,0.00426984514148246,0.000264734610035135,0,0,0,0.00184563845042234,0,0,0,0,0,0,0,0,0,0,0,0,0,0,0,0,0,0,0,0,0,0,0,0,0,0.00249912971374716,0.0145558003107975,0,0,0,0,0.0237524467001885,0,0,0,0,0,0,0,0,0,0,0,0,0,0,0,0.00314659588195056,0,0.0204678623372484,0.00794539415928851,0,0,0,0,0,0.00503794840641388,0,0,0,0,0,0,0,0,0,0,0,0,0,0,0,0,0,0,0,0,0,0,0,0.0698828030716468,1,0.562666498390735,0,0,0,0,0,0,0,0,0,0,0,0.00666051467153519,0.00532530872813968,0.00318095765573146,0,0,0,0,0,0,0,0,0,0,0,0.00222393209590515,0,0,0,0,0,0.0178962210418212,0,0,0.00396761658731745,0,0,0,0,0,0,0,0,0,0,0,0,0,0,0,0,0,0,0,0,0,0,0,0,0,0,0,0,0,0
"Nr4a3",0,0,0,0,0,0,0,0,0,0,0,0,0,0,0,0,0,0,0,0,0,0,0,0,0,0,0,0,0,0,0,0,0,0,0,0,0,0,0,0,0,0,0,0,0,0,0,0,0,0,0,0,0,0,0,0,0,0,0,0,0,0,0,0,0,0,0,0,0,0,0,0,0,0,0,0,0,0,0,0,0,0,0,0,0,0,0,0,0,0,0,0.180090606778939,0.562666840079921,1,0,0,0,0,0,0,0,0,0,0,0,0,0,0,0,0,0,0,0,0,0,0,0,0,0,0,0,0,0,0,0,0,0,0,0,0,0,0,0,0,0,0,0,0,0,0,0,0,0,0,0,0,0,0,0,0,0,0,0,0,0,0,0,0,0
"Nrf1",0,0.0036827600717691,0,0,0,0,0,0,0,0,0,0,0,0,0.00638537366343887,0,0,0,0.0320421518794705,0.01160123082156,0.00474702059239529,0.0478058892003028,0.0206574168879275,0.00436415432616954,0,0,0,0,0,0,0,0,0.0178738850880873,0,0,0,0,0,0,0,0,0,0,0,0,0,0,0,0,0,0,0,0,0,0,0,0,0,0,0,0,0,0,0.000514248730311665,0,0,0.0126888722982261,0,0.0100304669846662,0.0257986131377095,0.0245592692527664,0,0,0.013072473696567,0,0.0309992225600308,0,0,0,0,0.0231896968682177,0.00967801890767886,0,0,0,0,0,0,0.00880145670970053,0.018404975695752,0,0,0,0,1,0,0,0,0,0,0,0,0,0.0295555623806703,0,0,0,0,0,0,0,0,0,0.00159170621145561,0.0298094295530159,0.00238583806337144,0,0,0,0,0,0,0,0,0.0154783793726167,0,0,0,0,0,0.0048321020338047,0,0,0.00687551073844961,0,0,0,0,0,0,0.0136705024092321,0.00788982968570655,0.00974969774622136,0,0.0295300147724405,0,0,0.00189764693518317,0,0,0,0,0,0,0.0627771595383666,0.0318943512652115,0,0,0.0505389740045615
"Patz1",0,0,0,0.0053274141626633,0,0,0,0,0,0,0,0,0,0,0.00500827897140631,0,0.00431685509363353,0,0.0586440897976057,0,0.0422128480261791,0,0,0,0,0,0,0,0.000600524300884429,0,0,0,0,0,0,0,0,0,0,0,0,0,0,0,0.00581821041236603,0,0,0,0,0,0,0.00792246908408003,0,0,0,0,0,0,0,0,0,0,0,0.0124115962313456,0,0.0675968900323955,0.11364041753913,0.0280323269607423,0.0737963256710772,0.0381552009307261,0,0.0289353095892801,0,0,0.00209323651804668,0,0,0,0,0,0,0,0,0,0,0.00301834725717889,0.00190033857191796,0,0,0,0,0,0,0,0,1,0,0,0.000876741415843974,0,0,0,0.00542217609811722,0,0,0,0,0,0,0.000134315990272787,0,0,0.0209614580551814,0.00382099776644062,0.0180526246588338,0.0793249928702586,0.0208058190528139,0,0.0389461497812498,0,0,0,0,0,0.00265177561837921,0,0.0104795428457021,0,0,0,0,0,0,0,0,0,0,0,0,0,0,0,0.0726507841562503,0,0.00347889672083383,0,0,0,0.0965557273122546,0,0,0.0271482770867369,0.00786199850871124,0,0,0.00108799392497366,0.0270906222042606,0,0.0180163672196932
"Pbx4",0,0,0,0,0,0,0,0,0,0.0174983194943282,0,0,0,0,0,0,0,0,0,0,0,0,0.00270970002711928,0,0,0,0,0,0,0,0,0.00235996369393574,0,0,0,0,0,0,0,0,0,0,0.0206968590433815,0,0,0,0.00457626615166521,0,0,0,0,0,0,0,0,0,0,0,0,0,0,0,0,0,0,0,0,0,0,0,0,0,0,0,0,0,0,0,0,0,0,0,0,0,0,0,0,0,0,0.00262480891481059,0,0,0,0,0,0,1,0,0.323810726264472,0,0,0,0,0,0,0,0,0,0,0,0,0,0,0,0,0,0,0,0,0,0,0,0,0,0,0,0,0,0,0,0,0,0,0,0,0,0,0,0,0,0,0,0,0,0,0,0,0,0,0,0,0,0,0,0,0,0,0,0
"Phox2b",0,0,0,0,0,0,0,0,0,0,0,0,0,0,0,0,0,0,0,0,0,0,0,0,0,0,0,0,0,0,0,0,0,0,0,0,0,0,0,0,0,0,0,0,0,0,0,0.0543647716439879,0,0,0,0,0,0,0,0,0,0,0,0,0,0,0,0,0,0,0,0,0,0,0,0,0,0,0,0,0,0,0.0358385712820992,0,0,0,0,0,0,0,0,0,0,0,0,0,0,0,0,0,0,1,0,0,0,0,0,0,0,0,0,0,0,0,0,0,0,0,0,0,0,0,0,0,0,0,0,0,0,0,0,0,0,0,0,0,0,0,0,0,0,0,0,0,0,0,0,0,0,0,0,0,0,0,0,0,0,0,0,0,0,0,0
"Pknox1",0,0.0051353061766078,0,0,0.0093430922563776,0,0,0.000163107538850621,0,0.00773036905064971,0.0105363606631535,0,0,0,0,0,0,0,0,0,0,0.0102776179153378,0.00392161017108968,0.0198733906342437,0,0,0,0,0,0.0103618654996133,0,0,0.00770637071812399,0,0,0,0.0106511156952126,0.00196564933890263,0.00701979086733503,0,0,0,0,0,0,0,0.0101513377333628,0,0,0,0,0,0,0,0.00456647496975833,0,0,0,0,0,0,0,0,0,0,0,0.000418901058376735,0.00442602381753556,0,0,0,0.00372705923851162,0,0,0,0,0,0.223346540392512,0,0,0,0,0,0,0,0.00328035248723402,0.0125377365419216,0.0141562231148993,0.0220777748138997,0.0366143423984,0,0,0,0,0,0.000881018113448183,0.323810671333327,0,1,0.00194641499383673,0.00647183869120174,0,0,0,0.00880234329234408,0,0,0,0,0.0143925136138604,0.0441120899308223,0.0110109065321308,0,0,0,0.000580293272260066,0,0.0130261455374743,0.00155811044137941,0,0,0.00608324315916873,0,0,0,0.0114808082052563,0.00624419719072122,0.0149443978384336,0,0,0,0,0.174152326091556,0,0,0,0,0.0190079151514033,0,0,0,0,0.00681304652858534,0,0,0,0,0.00415376790051022,0.00792733635140152,0,0.0172981361916282,0.0112355109538657,0,0,0,0.000795115003292245,0,0,0.00870519580754883
"Prdm1",0,0,0,0,0,0,0,0,0,0.00342198657124644,0.0157750284049624,0,0,0,0,0,0.00350309014188857,0,0,0,0,0,0,0,0.00248148000045487,0,0,0,0,0.000834954507027286,0,0,0,0,0,0,0,0,0,0,0,0,0,0,0,0,0,0,0,0,0,0,0.00596915690000422,0.0489042193786373,0.127574451186168,0.0816393454290113,0.0126579916066568,0.184974919754602,0.0965040372622724,0,0,0,0.000290682972744578,0,0,0,0,0,0,0,0,0,0,0,0,0,0,0.0067740023912409,0,0,0,0,0,0.0010824702721901,0,0,0,0,0,0,0,0,0,0,0,0,0,0,0.00193050613486533,1,0.0023377693037807,0.0298107075066917,0.00158396569752584,0,0,0,0,0,0,0.0029715640569309,0,0,0,0.000176418342139372,0,0,0,0,0,0,0.0104237019476736,0,0,0,0,0,0,0,0.00749881185650186,0,0,0,0,0,0,0,0,0,0,0,0,0,0,0,0,0.0231360980574472,0.00326593777304909,0,0,0,0.00711208356284287,0,0.015478791074331,0,0,0,0,0,0
"Rel",0,0,0,0,0,0,0,0,0,0.007446425902281,0.00281081387921345,0,0,0,0,0,0,0,0,0,0,0,0,0,0,0,0,0,0,0,0,0.0118440899248082,0,0,0,0,0,4.9438200859e-05,0,0,0,0,0.0297230979019441,0,0,0,0,0,0,0,0,0,0.0113222294970655,0,0,0.01017828572595,0.0221639028088448,0,0,0,0.00576972536298697,0.00110760497285229,0,0,0,0,0,0,0,0,0,0,0.00593946038980971,0,0,0,0,0.00541575779426116,0,0,0,0,0,0.00178178122174067,0,0.0962849288787744,0.10844676158474,0,0,0,0,0,0,0,0,0,0,0,0.00646943540470164,0.00233571763234202,1,0.0275672372643283,0.0741651333844244,0,0,0.00508067813654627,0.0101141768794445,0.00796490028330479,0,0,0,0,0,0,0,0,0,0,0,0.000839206230221464,0.000535614757242993,0,0.0028528527630913,0.01171182081112,0,0.00325795740596237,0,0,0.00259990652048846,0,0,0,0,0,0,0,0,0.0068767171551171,0,0,0,0,0,0,0,0,0,0,0,0,0,0,0,0,0,0,0,0,0
"Rela",0,0,0,0,0,0,0,0,0,0.00899428372665499,0.279609867665533,0,0,0,0,0,0,0,0,0,0,0,0,0,0,0,0,0,0,0,0,0,0,0,0,0,0,0.00355850303700244,0,0,0,0,0.0106147851202095,0,0,0,0.000233599558437548,0,0,0,0,0.0114789116545385,0.0241569130765369,0,0,0.0609500002672015,0,0,0,0,0,0,0,0,0,0,0,0,0,0,0,0,0,0,0.181567396891988,0,0,0,0,0,0,0,0,0,0,0.0285040159083105,0.0258296386529988,0,0,0,0,0,0,0,0,0,0,0,0,0.029825677979411,0.0275684103722511,1,0.0186868804553502,0,0,0,0,0,0,0.0220494678972422,0,0,0,0,0,0,0,0,0.0257488771027429,0,0,0,0,0,0.00759454936133266,0.0149042301595192,0.00426152852238102,0,0.00399195085873572,0,0,0,0,0,0,0,0,0.00325590243099066,0,0,0.0880713944846639,0,0.00166299174550749,0,0,0.0687645421183277,0.0757295923562134,0,0.0542322547062407,0,0.00248505452694858,0.0547750324806712,0.0800385767875124,0,0,0,0,0.00643432036011427,0
"Relb",0,0,0,0,0,0,0,0,0,0.00392715916976292,0,0,0,0,0,0,0,0,0,0,0,0.0033640437159394,0.0019926844655479,0,0,0,0,0,0,0,0,0,0.000762532968056988,0,0,0,0,0.00275663289661582,0,0,0,0,0,0,0,0,0,0,0,0,0,0,0,0,0,0,0,0,0,0,0.00172097916326572,0.000810762531631435,0,0,0,0,0,6.17214282007947e-05,0,0.0150195543088602,0,0,0,0,0,0,0,0,0,0,0,0,0,0,0,0.0737026827396911,0.244369046149911,0,0,0,0,0,0,0,0,0.0054230144650795,0,0,0,0.00158453936190383,0.0741653059560732,0.018688431949671,1,0,0,0,0.00168222933815561,0,0,0,0.0092329046513888,0,0,0,0,0,0,0,0,0.00423814622802812,0,0,0,0,0,0,0,0,0,0,0,0,0,0,0,0,0,0,0,0,0.00218329630533911,0,0,0,0,0,0,0,0,0,0,0,0,0,0,0,0,0,0
"Rfx1",0,0.00302472489918424,0,0,0.00744090233939898,0,0,0,0,0,0,0,0,0,0.00503873236361229,0,0.00969782212382143,0,0,0.0238332120441631,0.0108494275116472,0,0,0.00552178291039982,0.00279106725797177,0,0,0,0.0103319003427594,0.00746046637067576,0,0,0.0113298240918393,0,0,0,0,0,0,0,0,0.00653597250738604,0,0,0,0,0.0255485428821926,0,0,0,0,0,0.00540605009217281,0,0,0,0,0,0,0,0,0,0,0,0,0.00190172665617506,0.00972414648359175,0,0,0,0,0.00111810313631596,0,0.00153530656524946,0,0.022384501200657,0.038167983373317,0,0,0,0,0,0,0,0,0,0.00661047295938435,0.00191949726680051,0,0,0,0,0,0,0.0295572255766158,0,0,0,0,0,0,0,0,1,0,0,0,0,0,0.0089197896531584,0,0,0.0166425262714771,2.98287870494968e-05,0.0255577734609621,0.00252995348126285,0.0192077036175804,0.00320984026895656,0.001318949735338,0,0,0,0,0,0.0120534534483122,0,0.0186460315499735,0.00281389976823348,0,0,0.000428559118982247,0,0,0,0,0,0,0,0,0.00587874316432794,0,0,0.00110388356276095,0,0,0,0,0,0.00491738822824298,0,0.00775907117260103,0.0209053308389986,0,0,0.0326654245792122,0.0562538537857073,0.00135113513669658,0,0.0400423978501424
"Rora",0,0,0,0,0.00839755503049358,0,0,0,0,0.021458857468505,0.0145945378859753,0,0,0,0,0,0,0,0,0,0,0,0.0115503530643886,0,0.00368335509287993,0,0,0,0,0.00522681619873014,0,0.0108876363035177,0,0,0,0,0.00236674782387204,0.0272621634927807,0,0,0,0,0.015331494428705,0,0,0,0.00601426074664846,0,0,0,0,0,0,0.000960077283373747,0,0.00443763707251449,0.0106383736802597,0,0,0,0.00555374101636647,0.00291713616904445,0,0,0,0,0,0.0141004908428475,0.0102450103322171,0.00326641618115968,0,0.00545915300055459,0.00224031539946548,0,0,0,0,0,0,0,0,0,0,0.010578788933855,0,0,0,0,0,0,0.0229852011159222,0,0,0,0,0,0,0,0.00880185117385027,0,0,0,0,0,1,0,0.0120713716179551,0,0,0,0.00032448235305402,0,0,0.00256633972807077,0,0,0,0.0123573533871293,0,0,0,0,0.00415606335159397,0,0,0.0240696667090877,0.00485185209832502,0,0.0073976206257995,0,0,0.00877878169592671,0.000212759396430216,0.00603010104182222,0,0,0,0.0116563388236729,0,0,0,0,0,0,0,0,0,0,0,0,0,0,0,0,0,0,0,0,0
"Runx1",0,0,0,0,0,0,0,0,0.0126810029857232,0.0151538289070998,0,0,0.214752768507579,0.0127847416049453,0,0,0,0.00379374589144353,0,0,0,0,0,0,0,0,0,0,0,0,0,0.00821999770015058,0,0,0.00073707871891847,0,0.0113727234942789,0.0174652880420878,0,0,0,0,0.0232865940373709,0,0,0,0,0,0,0,0,0,0,0,0.00791369305182157,0,0.0121394692099631,0.000200681939236039,0,0,0,0.00111078471420411,0.0135552218584564,0,0,0,0,0,0,0,0,0,0.00638292060670237,0,0,0,0,0.0123727315851714,0,0,0,0,0.0133313585471976,0.00431032723358999,0,0,0,0,0,0,0,0.000623349823656687,0.00665859118030256,0,0,0,0,0,0,0,0.00507353234987888,0,0,0,0,1,0.391082010467274,0.322457715946973,0,0,0,0,0,0,0,0,0,0,0,0.00450769353691723,0,0,0,0.00538617791044495,0,0.0221236520241948,0,0.00502039707017493,0.0117184764913384,0,0,0,0,0,0,0,0,0,0,0,0,0,0,0,0,0.00349166572838892,0,0,0,0.0113371613601007,0,0,0,0,0,0,0,0,0
"Runx2",0,0,0,0,0,0,0,0,0.00958854674373802,0.00753026469093335,0.00578308202775354,0,0.180515565084445,0.00920068267696719,0,0,0.00838275097421646,0.0118849473342074,0,0,0,0,0,0,0,0,0,0,0,0.00352965879392453,0,0.016090571250992,0,0.00217368580413666,0.00221092112227679,0,0.000374455255199807,0.029333477843141,0.00475647171640688,0,0,0,0.0344120604856581,0,0,0,0,0,0,0,0.00159417679467929,0,0,0,0,0,0.0135375629682798,0,0.00495963715078118,0,0,0.00767453624575509,0,0,0,0,0,0,0,0,0,0,0.0178919314092425,0,0,0,0,0.0113327084523304,0,0,0,0,0.0265425389107814,0.00791933034633924,0.00693595628526768,0,0,0,0,0,0,0.0112693145664941,0.00532421155975029,0,0,0,0,0,0,0,0.0101109390777193,0,0.00166953103278356,0,0.0120624077923901,0.391079888345437,1,0.238016680357311,0,0,0.0124137161388829,0,0,0,0,0,0,0.00263715273857842,0.00295264562050393,0.006851122158166,0,0,0.00375856098669781,0.00880024032648527,0,0.0275069342966835,0,0.00843879497533462,0.00815981209458756,0,0,0,0,0,0,0,0,0.0181631139114009,0,0,0,0,0,0.0139815506724375,0,0.000334503704730711,0,0,0,0.00100797604957818,0,0,0,0,0,0,0,0,0
"Runx3",0,0,0,0,0,0,0,0,0.00168376880224526,0.0104749810429384,0,0,0.161231095576845,0,0,0,0.00182637919112605,0.00228386529720434,0,0,0,0,0,0,0,0,0,0,0,0.0076786361532528,0,0.0177724858495976,0,0,0,0,0.00755863182021307,0.00611115128732919,0,0,0,0,0.00836793224247875,0,0,0,0.00711766125754156,0,0,0,0,0,0,0,0.00450027012818431,0,0.00827019590684048,0.0111415038924402,0,0,0.000890099864773797,0.00753495911844448,0.00545402437216468,0,0,0,0,0,0,0,0,0,0.00525228745279909,0,0,0,0,0,0,0,0,0,0,0,0,0,0,0,0,0,0,0,0.0031816883226568,0,0,0,0,0,0,0,0.00796407355074679,0,0,0,0,0.32245963806064,0.238017747858805,1,0,0.00802454005893763,0,0,0,0,0,0,0,0,0,0,0,0,0,0,0,0.00173225006770012,0.000848857733153183,0.00748619481741584,0.00556546225206227,0,0,0,0,0,0,0,0,0,0,0,0,0,0,0,0,0,0,0,0,0.0044919786119882,0,0,0,0,0,0,0,0,0
"Setbp1",0,0,0,0,0,0,0,0,0,0,0,0,0,0,0,0,0,0,0,0,0,0,0,0,0,0,0,0,0,0,0,0,0,0,0,0,0,0,0,0,0,0,0,0,0,0,0,0,0,0,0,0,0,0,0,0,0,0,0,0,0,0,0,0,0,0,0,0,0,0,0,0,0,0,0,0,0,0,0,0,0,0,0,0,0,0,0,0,0,0,0,0,0,0,0,0,0,0,0,0,0,0,0,0,0,0,0,0,1,0,0,0,0,0,0,0,0,0,0,0,0,0,0,0,0,0,0,0,0,0,0,0,0,0,0,0,0,0,0,0,0,0,0,0,0,0,0,0,0,0,0,0,0,0,0,0,0,0,0
"Smad3",0,0,0,0,0,0,0,0,0,0.0142971340102088,0.032567762295192,0,0.0118395452928124,0,0,0,0.0462590262152367,0,0,0,0,0,0,0,0.00568872066274428,0,0,0,0,0.0134018157098342,0,0.0129593061724327,0,0,0,0,0,0,0,0,0,0,0.00734279544714213,0,0,0,0.00289323354729998,0,0,0,0,0.00619578619609724,0.00268988367447818,0,0,0.0053450949856096,0,0,0,0,0,0,0.0239995367420088,0,0,0,0,0,0,0,0,0,0,0,0.0476634924656346,0,0,0.0179050340580005,0,0,0,0,0,0,0,0,0,0,0,0,0,0,0,0,0,0.000138185895870192,0,0,0.0143920306749578,0.00297469957556445,0,0.02204882336397,0,0.00891850675643961,0,0,0,0.00802837678199724,0,1,0,0,0,0,0,0,0.00424144075182538,0,0.00419924744935898,0,0,0,0,0,0,0.030318332970251,0.0613505599691025,0.0220034750844052,0.0128853815557232,0,0,0,0,0,0,0,0,0.0129299060400468,0,0,0,0,0,0,0,0,0.000855337567123633,0,0.0143807588121526,0,0.0198781836887261,0,0.00930539222528071,0,0,0,0,0,0
"Snai1",0,0,0,0,0,0.00442716581509685,0,0,0,0,0,0,0,0,0,0,0.0284735189502483,0,0,0,0,0,0.0142526929980749,0,0,0,0,0,0,0,0,0,0,0,0,0,0,0.0115110723973594,0,0,0,0,0.0156459396360383,0,0,0,0.0355448606316354,0,0,0,0,0,0,0,0,0,0.00750783801418591,0,0,0,0,0.017331420192923,0,0,0,0,0,0.0174056044640072,0.0259974140307522,0.00470718686202507,0,0,0.0016494066123876,0,0,0,0,0.0830004778153755,0,0,0.0552962653174659,0.0031992017248432,0,0.00268450031803809,0,0,0,0,0,0,0,0,0,0,0,0,0,0,0.0441127227270699,0,0,0,0.00923500144095807,0,0.00032509296042923,0,0.0124261453405678,0,0,0,1,0.0457959173854089,0,0,0,0,0,0,0,0,0,0,0,0,0,0.0190664486236819,0.0998924513171431,0,0,0,0,0,0.168915584724253,0,0,0,0,0.0308649141512427,0,0,0.00522825467457965,0,0,0,0,0,0,0,0,0,0,0,0,0,0,0,0,0,0
"Snai3",0,0,0,0,0,0,0,0,0,0,0,0,0,0,0,0,0,0,0,0,0,0.0138547957829315,0.00815730725146001,0,0,0,0,0,0,0,0,0,0,0,0,0,0,0.00377476664260316,0,0,0,0,0,0,0,0,0,0,0,0,0,0,0,0,0,0,0,0,0,0,0,0.00287881038227859,0,0,0,0,0,0.00195122059264594,0,0.0132095494913058,0,0,0,0,0,0,0,0,0,0,0,0,0,0,0,0,0,0,0,0,0,0,0,0,0,0,0,0,0.0110112374744936,0,0,0,0,0,0,0,0,0,0,0,0.045795317402092,1,0,0,0,0,0,0,0,0,0,0,0,0,0,0,0.0186170025138011,0.237385319039673,0,0,0,0,0,0,0,0,0,0,0,0,0.00613646529093997,0,0,0,0,0,0,0,0,0,0,0.0037584240097335,0,0,0,0,0,0,0
"Sp1",0,0,0,0,0,0,0,0,0,0,0,0,0,0,0,0,0.0203799612798963,0,0,0.0377510267282624,0.0083663572003975,0,0,0,0,0,0,0,0,0,0,0,0,0,0,0,0,0,0,0,0,0,0,0,0,0,0,0,0,0,0,0,0.0167276478998414,0,0,0,0,0,0,0,0,0,0,0.0068206594647714,0,0.00486160803928687,0.0263439332182817,0,0,0,0,0,0,0,0.171084613530102,0.0274280257034541,0.0199362698721193,0,0,0,0,0,0,0,0,0,0,0,0,0,0,0,0,0,0,0.0209422743004473,0,0,0,0,0,0,0,0.0166373917671558,0,0,0,0,0,0,0,0,1,0,0.180359260275387,0.135318170737799,0.158606909771124,0,0.00166861055939496,0,0,0,0,0,0.0310435489042899,0,0.0117180332161558,0,0,0,0,0,0,0,0,0,0,0,0,0.00118683407692621,0,0,0.0895432690635207,0,0,0,0.0116491359674298,0,0.0307104310028132,0,0.00815537117462164,0.120750892955763,0,0,0.00930757129321779,0.0259591046405659,0,0,0.0256821385169893
"Sp110",0,0,0,0,0,0,0,0,0,0,0.00617895607360239,0,0,0,0,0,2.31083667953064e-05,0,0,0.000451961080262324,0,0,0,0,0,0,0,0,0,0.00329112384496991,0,0,0,0,0,0,0,0,0,0,0,0,0,0,0,0,0.00866048049497696,0,0,0,0,0,0,0,0,0,0,0,0,0,0,0,0,0,0,0,0.0128656425885199,0,0.00410653434852583,0.0114419633658221,0,0,9.07719238923487e-05,0,0,0,0,0,0,0,0,0,0,0,0,0,0,0,0,0,0,0,0,0,0.00159257086869922,0.0038233656765542,0,0,0,0.000176251718935722,0,0,0,2.99884979347238e-05,0.00256616368866851,0,0,0,0,0,0,0,0,1,0.00253417617182703,0.00905333607887869,9.66539251431328e-05,0,0.0052599436044247,0,0,0,0,0,0.00740291179387325,0,0.0116269295991854,0,0,0,0,0,0,0,0,0,0,0,0,0,0.00253440744904056,0,0.0106212379091903,0,0,0,0,0,0.00137922455023077,0,0.0106112763036939,0.0173080225209555,0.017605483575016,0,0.0294000303972613,0,0,0,0.0327180806367834
"Sp2",0,0,0,0.000506183201391205,0,0,0,0,0,0,0,0,0,0,0,0,0.00523178369959345,0,0.0218624120247161,0.0469526590426204,0.066227539839192,0,0,0,0,0,0,0,0,0,0,0,0,0,0,0,0,0,0,0,0,0,0,0,0,0,0,0,0,0,0,0,0,0,0,0,0,0,0,0,0,0,0,0.0367239350666533,0,0.0043163211209213,0.0797181088003613,0,0,0,0,0,0,0.00289690490666599,0,0.0740585155367356,0.0402580414844635,0,0,0,0,0,0,0,0,0,0,0.00893425740912862,0.00696345985521401,0,0,0,0,0,0.0298271339700164,0.018058667149551,0,0,0,0,0,0,0,0.0255566479265757,0,0,0,0,0,0,0,0,0.180391569150203,0.0025304100626709,1,0.17436252752964,0.0800375101495744,0,0,0,0,0,0,0,0.0239081703917062,0,0,0,0,0,0.00211758496520684,0,0,0,0,0,0,0,0,0.000621203318149636,0.0132219708731327,0,0.084458728575877,0,0,0,0,0.00485325263895178,0,0,0.0241219371182869,0.0633416370539683,0,0,0.0833071431081709,0.0746149224545614,0.0269074490734448,0,0.065065103840077
"Sp3",1.54783254709271e-05,0.00728609176780063,0,0.00196902272287802,0,0,0,0,0,0,0,0,0,0,0.000934344044614974,0,0.00190528956508415,0,0.0196973566642259,0.0192501472765128,0.041100341150135,0,0,0.000102608041332807,0,0,0,0,0.0020443770535662,0,0,0,0,0,0,0,0,0,0,0,0,0.00273529353748947,0,0,0,0,0,0,0,0,0,0,0,0,0,0,0,0,0,0,0,0,0,0.062161201015448,0,0.0203800636353201,0.143027151837676,0,0,0.00930305435791803,0,0,0,0,0.0276718508215391,0.0212019832519074,0.01534466223838,0,0,0,0,0,0,0,0,0,0,0.00190806982548496,0.00116969792117134,0,0,0,0,0,0.00237989969657553,0.0793197137728954,0,0,0.000567496971273044,0,0,0,0,0.0025215201404958,0,0,0,0,0,0,0,0,0.135332153010893,0.00905064869736916,0.174348376102966,1,0.121822233033683,0,0.00579645151254343,0,0,0,0,0,0.00780206976777887,0,0,0,0,0,0,0,0,0,0.00609679948950763,0,0,0,0,0.00545001531808486,0.0136331673643619,0,0.102236460243604,0,6.81596369027545e-05,0,0,0.016038966830249,0.0636302516435121,0,0.00277432474908466,0.0512741239873216,0,0,0,0.0204689666393891,0.0136317572133069,0.0187330885706152,0.0229403325331903
"Sp4",0,0.00974348921262499,0,0,0,0,0,0,0,0,0,0,0,0,0,0,0.0252867450351293,0,0.0118433675543552,0.00125648883577569,0.180356915807419,0.0052992941491465,0,0.0057448803152842,0.00457842261041744,0,0,0,0.0127242421181165,0,0,0,0,0,0,0,0,0,0,0,0,0.0178510595041762,0,0,0,0,0,0,0,0,0,0.00515250964741349,0,0,0,0,0,0,0,0,0,0,0,0.0139650650628439,0.0334953218904501,0.0778660608881482,0.0891463737163952,0,0,0,0.0119458722907101,0.0491198651072593,0,0,0.0373235773597878,0,0.0102466429383941,0,0,0,0,0,0,0,0,0,0,0.0306085981434923,0,0,0,0,0,0,0,0.0208188642138509,0,0,0,0,0,0,0,0.0192046467124414,0,0,0,0,0,0.00423817168847021,0,0,0.158629883656304,9.71584413256376e-05,0.0800489413505166,0.121824557371887,1,0,0,0,0,0,0,0,0.023424834144194,0,0.00846820872353513,0,0,0,0,0,0,0,0,0,0,0,0,0.00631733380193114,0,0,0.0034062435643227,0,0.0144899169492387,0,0,0,0.058714767227988,0,0.00935433046454029,0,0,0,0,0,0.0132593774780216,0,0.0208576666695528
"Srebf1",0,0,0.0140942583900639,0.00699531345242568,0,0,0,0,0,0.00355908827169481,0,0.0884354502529799,0,0,0,0,0,0,0,0,0,0.0103572482871109,5.97542509292608e-05,0,0.00367920590958851,0,0,0,0,0.00369349866086127,0,0,0.0130321147926153,0,0,0,0,0.0113620296006233,0,0,0,0,0.00548685651504509,0,0,0,0.0212176299692369,0,0,0,0,0,0,0,0.00173062611577911,0,0.00152939571763879,0,0,0,0,0.00840196667036198,0,0.00905215853082381,0,0,0,0.0152146891775484,0.00311793628300671,0,0,0.00335753683948841,0.00180945643248624,0,0,0,0.00541295577487919,0.000693950089731493,0,0.0479672583030303,0,0,0,0.0035482170587437,0,0,0,0,0,0,0,0,0,0,0,0,0,0,0.013026085366852,0,0,0,0,0.00320787882466186,0.012358571240851,0,0.00266098981009581,0,0,0,0,0,0,0,0,0,0,1,0.254968176369181,0,0,0,0,0,0,0.0026581742589127,0,0,0,0,0,0.12495488616768,0,0,0,0,0,0,0.0932857764795572,0.0122964907127483,0,0,0,0,0,0,0,0,0,0,0,0,0,0,0,0,0,0,0.00730951070412992
"Srebf2",0,0,0,0,0,0,0,0,0,0,0.0170285313262938,0,0,0,0,0,0.000182617509619882,0,0,0,0,0,0,0.00646019210888828,0,0,0,0,0,0.00523377916762866,0,0,0,0,0,0,0,0,0,0,0,0,0,0,0,0,0.0105824030755748,0,0,0,0,0,0,0,0,0,0,0,0,0,0,0,0,0.0306209924173322,0,0.00422421341338245,0.0127793019262137,0.000761483063909996,0.0176375078899097,0.00131532062131454,0,0,0,0,0.00624265885219078,0,0,0.0015573340121547,0,0,0,0,0,0,0,0.00380746330611996,0.00205872040898825,0,0,0,0,0,0,0,0,0.0389422957983723,0,0,0.00155678687064304,0,0,0.0257466243667717,0,0.00131777346406272,0,0,0.00296475467917525,0,0,0.00419935507611513,0,0,0.00167665406033466,0.00525798439387693,0,0.00579919563070159,0,0.25496810243724,1,0,0,0,0,0,0,0,0.0123868528020074,0,0,0,0,0,0,0,0.00196561243446008,0,0,0,0,0,0.00171065965742907,0,0.0210883565282034,0,0,0,0,0,0.0625422382828093,0,0.0137896210667486,0.00992247727024783,0.00939907570346693,0,0,0,0,0,0.000466704459685672
"Stat1",0,0,0,0,0,0,0,0,0.00204602528782115,0.00997867663153497,0,0,0,0,0,0,0,0,0,0,0,0,0,0,0,0,0,0,0,0,0,0,0,0,0,0,0.0523293413639723,0,0,0,0,0,0.00930547914534963,0,0,0,0,0,0,0,0,0,0,0.156481100510347,0.017863152402868,0.140272965883934,0.0196251807204368,0,0.0248967156500736,0,0,0.00510446164922902,0,0,0,0,0,0,0,0,0,0,0.00434956122999917,0,0,0,0,0,0,0,0,0,0.00226132397991779,0,0,0,0.00129907838018763,0,0,0,0,0.00709489667444106,0.00222010962775584,0,0,0,0,0,0,0,0.000833276418095825,0,0.00422516587402635,0,0,0.00450373076087243,0.0068421871599163,0,0,0,0,0,0,0,0,0,0,0,0,1,0.312029201289234,0,0.00106023223568691,0,0,0,0,0,0.0210389801358901,0,0,0,0,0,0,0,0,0,0,0,0,0,0,0,0,0,0,0,0,0.191970513779303,0,0,0,0.140897894885369,0,0,0,0,0
"Stat2",0,0,0,0,0,0,0,0,0,0,0,0,0,0,0,0,0,0,0,0,0,0,0,0,0,0,0,0,0,0,0,0,0,0,0,0,0.0315932619099595,0,0,0,0,0,0,0,0,0,0,0,0,0,0,0,0,0.183695835384473,0.10534088394116,0.120736128392643,0.0340802173709317,0.071908142280217,0.036216711296847,0,0,0,0,0,0,0,0,0,0,0,0,0,0,0,0,0,0,0.00360135063692487,0,0,0,0,0,0,0,0,0,0,0,0,0,0,0,0,0,0,0,0,0,0.0104169541940141,0.000527167574215008,0,0,0,0,0,0,0,0,0,0,0,0,0,0,0,0,0,0,0.312028497799901,1,0,0.00142189900500753,0,0,0,0,0,0.00426426885050596,0,0,0,0,0,0,0,0,0,0,0,0,0,0,0,0,0,0,0,0,0.0427709475452585,0,0,0,0.0700759313728324,0,0,0,0,0
"Stat3",0,0,0,0,0.00466464763122135,0.00670968129191558,0,0.001787274373441,0,0,0.0255259059583674,0,0,0,0.00100785795386862,0,0,0,0,0,0,0,0,0,0.0427134016671423,0,0,0,0,0.00223784764734934,0,0.0218696282480616,0,0,0,0,0,0.0211723583522,0,0,0,0,0.00176407468042989,0,0,0,0.00368715648171355,0,0,0,0,0,0,0,0,0,0,0,0,0,0.00519428232614418,0,0.00143462501946258,0,0,0,0,0.0087865150266013,0,0,0,0,0,0,0,0,0,0.00175895748922795,0,0,0,0,0,0,0,0,0,0,0,0,0,0,0,0,0,0,0,0,0.00608293035101468,0,0,0,0,0,0,0,0,0,0,0,0,0,0,0,0,0,0,0,0,0,0,1,0.566789932861481,0,0,0.00939390538233331,0,0.00271682235160476,0,0,0,0,0,0.0292428927406548,0,0,0,0.0070350093506915,0,0,0,0,0,0,0.0340174396175719,0,0,0,0,0,0,0,0,0,0,0,0,0,0
"Stat4",0,0,0,0,0,0,0,0,0,0.00670634731846366,0.0476229475609668,0,0,0,0,0,0,0,0,0,0,0,0,0,0.0100127037606591,0,0,0,0,0.000408891286211468,0,0.00504046288294297,0,0,0,0,0,0.000624445070236145,0,0,0,0,0.0172534529890241,0,0,0,0,0,0,0,0,0,0,0,0,0,0,0,0,0,0,0,0.00244654386467301,0,0,0,0,0,0,0,0,0,0,0,0,0,0,0.0173287980396196,0,0,0,0,0.000115564199540236,0,0,0,0,0,0,0,0,0,0,0,0,0,0,0,0,0,0.00285272223808406,0,0,0,0.00415624174745875,0,0.00376083106114506,0,0,0,0,0,0,0,0,0,0,0,0,0.00106569489867053,0.00142851557370336,0.566789594714393,1,0.00703232634785029,0,0,0,0.00330679104983875,0.0141718326512102,0,0,0,0,0,0,0,0,0.0109041268045131,0,0,0,0,0,0,0,0,0,0,0,0,0.00524341765153381,0,0,0,0,0,0,0,0
"Stat6",0,0,0,0,0,0,0,0,0.00456852272980927,0.00771260569570406,0.0103991523315004,0,0,0,0,0,0,0,0,0,0,0,0,0,0,0,0,0,0,0.00791668044467694,0,0.0206635919341328,0,0,0,0,0.00450353358803525,0.0216841692286697,0,0,0,0,0.0189745921856923,0,0,0,0,0,0,0,0,0,0,0,0.00705005923648048,0,0,0,0.0110344031784984,0,0,0.00662988835112009,0,0,0,0,0,0,0,0.00264413606524652,0,0,0,0,0,0,0,0.00281925271004819,0,0,0,0,0,0,0,0,0,0,0,0,0,0,0,0,0,0,0,0,0,0,0.011712377697206,0,0,0,0,0.00538730234754344,0.00880075619886771,0,0,0,0,0,0,0,0,0,0,0,0,0,0,0,0.00703196382241767,1,0,0,0,0,0,0,0,0,0,0,0,0,0,0,0,0,0,0,0.00371301551169712,0,0,0,0,0,0,0,0,0.00216862578335158,0,0,0.00258850383996941,0,0,0,0
"Taf1",0,0.00294224185008106,0,0,0,0,0,0,0,0,0,0,0,0,0,0,0.0290184472645943,0,0,0.00596426965778532,0,0,0,0,0,0,0,0,0.015358013274964,0,0,0,0,0,0,0,0,0,0,0,0,0.00269223389422951,0,0,0,0,0,0,0,0,0,0,0,0,0,0,0,0,0,0,0,0,0,0,0,0,0.000361421497164813,0,0,0,0,0,0,0,0.0165254129659386,0.0144364709935001,0.013124026751643,0,0,0,0,0,0,0,0,0,0,0.0114913121037969,0.0177762737089106,0,0,0,0,0,0.0154808535920108,0.00265572463694268,0,0,0,0,0,0.00760007544884999,0,0.0120531210421345,0,0,0,0,0,0,0,0,0.0310526729529165,0.00740269468909313,0.0239138306258363,0.00781162754914448,0.0234255174208621,0,0,0,0,0,0,0,1,0,0,0,0,0,0,0,0,0,0,0,0,0,0,0.0180288957517149,0.0133430440704238,0,0.0131105481550617,0,0,0,0.0616071128936542,0.00610285360055969,0.016898873469327,0,0.00710351189563636,0.0241028981575752,0.00442084613203916,0,0.0376675296577856,0.00459619405708993,0,0,0.0401139804429687
"Tbx21",0,0,0,0,0.000350979644226771,0,0,0,0.0274623404898028,0.0300229872371744,0.0264882578360554,0,0.00726425021109431,0.00172086136886438,0,0,0.00583082924848333,0.00735441543546363,0,0,0,0,0.0114570762923274,0,0.00955166065464345,0,0,0,0,0.0105458279184146,0,0.0282012425043298,0,0.00276728947121344,0.00171795923204784,0.00103802281504497,0,0.0278448139374782,0.00562985796063448,0,0,0,0.028681663569683,0,0,0,0,0,0,0,0.0100492714223226,0.0136034401942094,0,0,0,0,0.0345073042513541,0.000963021956708609,0.00759112894396323,0,0.00592804387759305,0.0149480556936613,0.0140060576419916,0,0,0,0,0,0,0,0,0,0.0160120391144046,0,0,0,0,0.042101660242243,0,0,0,0,0.0245994339013155,0.0150701054696925,0,0,0.0053093281477722,0,0,0,0.00349525533314634,0.00899660217423746,0.017896496118676,0,0,0,0,0,0.0114781638249061,0,0.00325767564988736,0.014897334626481,0,0,0.0240694825380838,0.0221285092361432,0.0275097212366958,0.0017305589712587,0,0.0303171598183488,0.0190636343086369,0,0,0,0,0,0,0.00265187541488908,0,0,0,0.00939232745162343,0,0,0,1,0.0318941505016677,0.0321264876244726,0.0172855463980994,0,0,0,0.00491765742684866,0,0,0,0,0.0213576803185563,0,0,0,0,0,0,0,0.026049168368458,0,0,0.0104346314483916,0,0,0,0.00781208359462804,0.0015828893053041,0,0,0,0,0
"Tcf12",0,0,0,0,0,0,0,0,0,0.00071869217152209,0.000208407883786679,0,0.00781806587746631,0,0,0,0.0605864439818238,0,0,0,0,0,0,0,0.0146320131369176,0,0,0,0,0.0103953365397883,0,0.0010744273700097,0,0,0,0,0,0,0.00829650708247522,0,0,0,0,0,0,0,0.0194253271735244,0,0,0,0,0.0133166557519359,0.00745253043991334,0,0,0,0,0,0,0,0,0,0.00989082652271165,0.00552704643230657,0,0.00788635211383895,0,0,0,0,0,0.00347505107625696,0.00267705423162985,0,0.0124686925071067,0,0.00699010948910163,0.00354687241430314,0,0,0,0,0,0,0,0.00903996085542925,0.00492732649868137,0,0,0,0,0,0,0,0,0.0104833430039445,0,0,0.00624386212503673,0,0,0.00426492955644261,0,0.0186446278998695,0.0048530239112298,0,0,0.000854284545969108,0,0.0613502755187598,0.0998923496044748,0.0186161774238323,0.0117242760192197,0.0116264000351805,0,0,0.00847164820893669,0,0.0123873347797293,0,0,0,0,0,0,0.0318970811497041,1,0.373979975697889,0,0,0,0,0,0,0,0,0,0,0,0,0,0,0,0.0107369922582386,0,0,0,0.0120088505476256,0.0145756575169866,0,0.0133495903584573,0.00968009836863867,0.00706511598920812,0,0,0,0.0084068919313057,0,0.000156496859690692
"Tcf3",0,0,0,0,0.00239103103795314,0,0,0,0,0,0.00319028851673964,0,0,0,0,0,0.0340469453841357,0,0,0,0,0,0,0,0,0,0,0,0,0.0138090133247362,0,0.00835081751831989,0,0,0,0,0,0,0.00195932124014944,0,0,0,0.00843549062123028,0,0,0,0.00803154059221847,0,0,0,0,0,0.00232078164139288,0,0,0,0,0,0,0,0,0,0,0.00184016370115033,0,0.0107356577423987,0,0,0,0,0,0.000362289226808334,0.00236315490458816,0,0,0,0,0.0186916583404686,0,0,0,0,0,0.000686034186887129,0,0,0,0,0,0,0,0,0,0,0,0,0,0,0.0149432587502538,0,0,0,0,0.0028132419054426,0,0.00503315960017735,0.0084446726379663,0.00748689143713806,0,0.0220044599312902,0,0.237385067566727,0,0,0,0,0,0,0,0,0,0.00271760496737321,0.0033068555500655,0,0,0.03212788082183,0.3739786439607,1,0.0646332360578831,0,0,0,0,0,0,0,0,0.00640514581678545,0,0,0,0,0,0.0185522220298065,0,0,0,0.00698949753790608,0.0103597984124994,0,0.0254826827376854,0.0182877226920314,0.012178437497146,0,0,0,0,0,0.00588927777157245
"Tcf7",0,0,0,0,0.00660740182173643,0,0,0,0,0.0334953864297949,0.0432016723970398,0,0.0146564670163548,0,0,0,0.000223917458824624,0.00365723116324035,0,0,0,0,0,0,0,0,0,0,0,0.0055686200092688,0,0.040009166355547,0,0,0,0,0.020547280498357,0.00399886390553651,0,0,0,0,0.0267017962747661,0,0,0,0,0,0,0,0,0.00823701751527301,0,0,0.030321398222473,0.0299325243724462,0.00498712761790869,0.0382502996115602,0,0,0,0,0.00173258902769613,0,0,0,0,0,0,0,0,0,0,0,0,0,0,0,0,0,0,0,0,0,0,0,0,0,0,0,0,0,0.0039670222795495,0,0,0,0,0,0,0.00749786799918039,0.00259881862877947,0.00397361900108454,0,0,0.0073948473042385,0.0117187894330254,0.00816155248332066,0.00556435584549813,0,0.0128814150782301,0,0,0,0,0,0,0,0,0,0.0210416317880731,0.00426582264505761,0,0.0141709615934947,0,0,0.0172845840847328,0,0.0646276742823614,1,0,0,0,0,0,0,0,0,0,0,0,0,0,0,0.0048484194835832,0,0.0190076609086721,0,0,0,0.0607354889761487,0.00381079592568667,0,0.00023827449380126,0,0,0,0,0,0
"Tef",0,0,0,0,0,0,0,0.0110811812563703,0,0,0,0,0,0,0,0.000427871862773596,0,0,0,0,0,0,0,0,0,0,0,0,0,0,0,0,0,0,0,0,0,0,0,0,0,0,0,0,0,0,0,0,0,0,0,0,0,0,0,0,0,0,0,0,0,0,0,0,0,0,0,0,0,0,0,0,0,0,0,0,0,0,0,0,0,0,0,0,0.357478146773842,0,0,0,0,0,0,0,0,0,0,0,0,0,0,0,0,0,0,0,0,0,0,0,0,0,0,0,0,0,0,0,0,0,0,0,0,0,0,0,0,0,0,0,0,1,0,0,0,0,0,0,0,0,0,0,0,0,0,0,0,0,0,0,0,0,0,0,0,0,0,0,0,0,0
"Tfdp1",0,0,0,0,0,0,0,0,0,0,0,0,0,0,0,0,0,0,0.0886767378332893,0.28156889922235,0.0395456770821201,0,0,0,0,0,0,0,0,0,0,0,0.00594921709151079,0,0,0,0,0,0,0,0,0,0,0,0,0,0,0,0,0,0,0,0,0,0,0,0,0,0,0,0,0,0,0.0045104202793912,0,0,0,0,0,0,0,0,0,0,0,0,0,0,0,0,0,0,0,0,0,0,0,0,0,0,0,0,0,0,0.00483157273644203,0,0,0,0,0,0,0,0,0.000427276067209466,0,0,0,0,0,0,0,0,0,0,0.00211939009741833,0,0,0,0,0,0,0,0,0,0,0,0,0,0,0,1,0,0,0,0,0,0,0,0,0,0,0,0,0,0,0,0,0,0,0,0,0,0,0,0.0426514043713179,0.0223266263349491,0,0,0
"Tfe3",0,0,0.114938674105357,0,0,0,0,0,0,0,0,0.109487869178637,0,0,0.00255788779055147,0,0,0,0,0,0,0,0,0,0,0,0,0,0,0,0,0,0.00210600939506185,0,0,0,0,0,0,0,0,0,0,0,0,0,0,0,0,0,0,0,0,0,0,0,0,0,0,0,0,0,0,0,0,0,0,0,0,0,0,0,0,0,0,0,0,0,0,0.116299155793185,0,0,0,0,0,0,0,0,0,0,0,0,0,0,0,0,0,0,0,0,0,0,0,0,0.00877391759575445,0,0,0,0,0,0,0,0,0,0,0,0,0.124952820019175,0,0,0,0,0,0,0,0,0,0,0,0,0,1,0,0,0,0,0,0.00388691403686642,0.306994286282017,0.154933535740792,0,0.0671840392349785,0,0,0,0,0,0,0,0,0,0,0,0,0,0,0,0,0
"Tgif1",0,0,0,0,0,0,0,0,0,0,0,0,0,0,0,0,0,0,0,0,0,0.00162399240735857,0,0,0,0,0,0,0,0,0,0,0.00354461047423807,0,0,0,0,0.0162637169150589,0,0,0,0,0,0,0,0,0,0,0,0,0,0,0,0,0,0,0,0,0,0,0,0.0126885663660677,0,0,0,0,0,0.00350753087193145,0.0038830291195452,0.000572719343052777,0,0,0.0106142198347724,0,0,0,0,0.29754188448622,0,0,0,0,0,0,0,0,0,0,0,0,0,0,0,0,0,0,0,0,0.174151709039819,0,0,0,0,0,0.000212763575710442,0,0,0,0,0,0.168915181997092,0,0,0,0,0,0,0,0,0,0,0,0,0,0,0.00491822544477273,0,0,0,0,0,0,1,0,0,0,0,0,0,0,0,0,0,0,0,0,0,0,0,0,0,0,0,0,0,0,0,0,0
"Thap11",0,0,0,0,0,0.00711582208160548,0,0,0,0.00195968074447102,0,0,0,0,0,0,0,0,0.00469960166767432,0,0,0,0,0,0,0,0,0,0,0,0,0,0.0183171665867575,0,0,0,1.64409636376338e-05,0.0108514726654771,0,0,0,0.000972536502616376,0,0,0,0,0,0,0,0,0,0,0,0,0,0,0,0,0,0,0,0,0,0,0,0,0,0.0156631303713259,0.00359250017869398,0.000300296421633841,0,0,0,0,0,0,0,0,0,0,0.00145906799153834,0,0,0,0,0,0,0,0,0,0,0,0,0,0.00687792375836237,0,0,0,0,0,0,0,0,0,0.00603005831994391,0,0,0,0,0,0,0,0,0,0,0,0,0,0,0,0,0.0292436655309222,0,0,0,0,0,0,0,0,0,0,0,1,0,0,0,0,0,0,0.00364306219735514,0,0,0,0.596157582859392,0,0,0,0,0,0,0,0,0,0.00349729854209201,0,0,0,0
"Thrb",0,0,0,0.000599114195518291,0.0170157936409784,0,0,0.00471170189527183,0,0,0,0,0,0,0,0,0,0,0,0,0,0.00515650297494615,0.000605232852941465,0,0,0,0,0,0,0,0,0,0,0,0,0,0,0,0,0,0,0,0,0,0,0,0,0,0,0,0,0,0,0,0,0,0,0,0,0,0,0,0,0,0,0,0,0.00244125641368549,0,0,0,0,0,0,0,0,0,0,0,0,0,0,0,0,0,0,0,0,0,0,0,0,0,0,0,0,0,0,0,0,0,0,0,0,0,0,0,0,0,0,0,0,0,0,0,0.00609678328809352,0,0,0.00196537568885113,0,0,0,0,0,0,0,0,0,0,0,0,0,0,0,1,0,0,0,0,0,0.000174300399110355,0,0.0029772881854095,0,0,0,0,0,0.00835216063195872,0,0,0,0,0,0,0,0,0,0
"Tigd2",0,0,0,0,0,0,0,0,0,0,0,0,0,0,0,0,0,0,0,0,0,0,0,0,0,0,0,0,0,0,0,0,0,0,0,0,0,0,0,0,0,0,0,0,0,0,0,0,0,0,0,0,0,0,0,0,0,0,0,0,0,0,0,0,0,0,0,0,0,0,0,0,0,0,0,0,0,0,0,0,0,0,0,0,0,0,0,0,0,0,0,0,0,0,0,0,0,0,0,0,0,0,0,0,0,0,0,0,0,0,0,0,0,0,0,0,0,0,0,0,0,0,0,0,0,0,0,0,0,0,0,0,0,0,0,1,0,0,0,0,0,0,0,0,0,0,0,0,0,0,0,0,0,0,0,0,0,0,0
"Tlx2",0,0,0,0,0,0,0,0,0,0,0,0,0,0,0,0,0,0,0,0,0,0,0,0,0,0,0,0,0,0,0,0,0,0,0,0,0,0,0,0,0,0,0,0,0,0,0,0.411553196459391,0,0,0,0,0,0,0,0,0,0,0,0.0358574745547427,0,0,0,0,0,0,0,0,0,0,0,0,0,0,0,0,0,0,0,0,0,0,0,0,0,0,0,0,0,0,0,0,0,0,0,0,0,0,0,0,0,0,0,0,0,0,0,0,0,0,0,0,0,0,0,0,0,0,0,0,0,0,0,0,0,0,0,0,0,0,0,0,0,0,0,0,1,0,0,0,0,0,0,0,0,0,0,0,0,0,0,0,0,0,0,0,0,0,0
"Trp53",0,0,0,0,0.0111772329887575,0,0,0,0,0.00793417834571199,0.000626148664736182,0,0,0,0,0,0,0,0,0,0,0.00116445983895709,0.0119933822780062,0,0,0,0,0,0,0.00824960795417145,0,0,0.0082040454790698,0,0,0,0.00438082770392903,0.0324215179186969,0.0101569055535007,0,0,0,0.0245784532435494,0,0,0,0.0366648115032518,0,0,0,0,0,0.00755817010487988,0,0,0.0126469416838379,0.0208911392326498,0.00682605911414993,0,0,0,0.0184085837741456,0,0,0.00400239817175337,0,0,0.004957993170715,0.0043699565217298,0.00130461432753262,0,0,0,0,0,0,0,0.0189698503562706,0,0,0,0,0,0,0,0,0.00391308795290341,0,0,0,0,0,0,0,0,0,0,0,0.0190072105327995,0,0.00687713453963935,0.00325676594168888,0,0,0.0116572396693521,0,0.0181698444400024,0,0,0.0129300340933918,0.0308645606175124,0,0,0,0,0,0,0,0,0,0,0.00703478584471549,0.0109044831750902,0,0,0.0213589710186016,0,0.00640473507296241,0,0,0,0.00388833571681138,0,0,0,0,0,1,0,0.0101198133976183,0.00539178915933303,0,0,0,0.00892550765062141,0.00310334071575598,0,0,0,0,0.0225108510711279,0,0,0,0,0,0,0,0.0134395854665422
"Usf1",0,0.0338699995369194,0.13438481790294,0,0,0,0,0,0,0,0,0.0232558014189548,0,0,0,0,0,0,0,0,0,0.00343446647970816,0,0,0,0,0,0,0,0,0,0,0,0,0,0,0,0.00028230834907654,0,0,0,0,0,0,0,0,0,0,0,0,0,0,0,0,0,0,0,0,0,0,0,0,0,0,0,0,0,0,0,0,0,0,0,0,0,0,0,0,0,0.164167487449204,0,0,0,0,0,0,0,0,0,0,0,0,0,0,0,0,0,0,0,0,0,0,0,0,0,0,0,0,0,0,0,0,0,0,0,0,0,0.0932825765867202,0,0,0,0,0,0,0,0,0,0,0,0,0,0.306992017692541,0,0,0,0,0,0,1,0.297729747272497,0,0.00777112635234944,0,0,0,0,0,0,0,0,0,0,0,0,0,0,0,0,0
"Usf2",0,0.105638529729468,0.146088926560162,0,0,0,0,0,0,0,0,0,0,0,0,0,0,0,0.00156864011524542,0.00372321519906646,0,0,0,0,0.00602526505765195,0,0,0,0,0.00208301496901626,0,0,0,0,0,0,0,0,0,0,0,0,0,0,0,0,0,0,0,0,0,0,0,0,0,0,0,0,0,0,0,0,0,0,0,0.00303186468091699,0.00633826355948259,0,0,0,0,0.0046881354890556,0,0.0260134322642283,0,0,0.00442060581928248,0,0,0.0137357054572845,0,0,0,0,0,0,0,0,0,0,0,0,0,0,0,0,0,0,0,0,0,0,0,0.00587545431663313,0,0,0,0,0,0,0,0,0.0011738672301199,0,0.000619592341757603,0.0054367332317326,0.00630456531203399,0.0122931974862481,0,0,0,0,0,0,0.0180212940820377,0,0,0,0,0,0,0.154930826688469,0,0,0,0,0,0.0101132666754476,0.297727645604375,1,0,0.0058849852001683,0,0,0,0,0,0,0,0,0,0.00135328242787774,0,0,0,0,0,0,0
"Wt1",0.00513706020809361,0,0,0,0,0,0,0,0,0,0.00884600679186219,0,0,0,0,0.00797660438917137,0,0,0,0.00462968747973818,0,0.0613694150885381,0.0606880230391446,0,0,0,0,0,0,0,0,0,0.0025998502814005,0,0,0,0,0.00651671122109493,0,0,0,0,0,0,0,0,0.000921567312275149,0,0,0,0,0,0.0125312787685405,0,0,0,0,0,0,0,0,0.000344690262815706,0,0.0347446009957639,0,0,0,0,0.0740386601769612,0.190947357216278,0,0,0.0154655188092916,0,0,0.011090775314276,0,0,0,0,0,0.0162571233387092,0,0,0,0,0.00211826246617645,0,0,0.0103554791499641,0,0.00146116576835784,0,0,0.0136787884026766,0,0,0,0,0,0,0.0880766844539001,0.00218400421785055,0,0,0,0,0,0,0,0.00522869113720308,0.00613719492112078,0,0.00253247231208816,0.0132404895509326,0.0136516110313751,0,0,0.00171292846397742,0,0,0,0,0,0.0133427556120083,0,0,0,0,0,0,0,0,0.00364541611567381,0.000174610278283345,0,0,0.00539329224977197,0,0,1,0.00706546355900515,0.203814140168419,0.00474449393538903,0.00557648491240681,0,0.0331316019241933,0.00284346488427121,0.00932053402727231,0,0.000363817801751647,0.112434840994045,0.0188192688845023,0,0.0975987059549122,0.01160994348691,0,0.0106584237416212,0
"Xbp1",0,0,0.0618884110103268,0.0751385327938784,0,0.086280937608343,0,0,0,0,0,0,0,0,0,0,0,0,0,0,0,0.0061185203738963,0.00417800943615549,0,0,0,0,0,0,0,0,0,0,0,0,0,0,0,0,0,0,0,0,0,0,0,0,0,0,0,0,0,0,0,0,0,0,0,0,0,0,0,0,0.00402591990963216,0,0,0.00113560419475314,0.00621317615506637,0,0.0135727275714973,0,0,0,0,0,0,0,0,0,0.0358337312143264,0,0,0,0,0,0,0,0,0.00233182244080418,0.0016299989810085,0,0,0,0,0.00788683960087437,0,0,0,0,0,0,0,0,0,0,0,0,0,0,0,0,0,0,0,0,0,0,0,0,0,0,0,0,0,0,0,0,0,0,0,0,0.0671845487527015,0,0,0,0,0,0,0.00777235674676962,0.00588710079578954,0.007058271661049,1,0,0,0,0,0,0,0,0,0,0,0,0,0.00954211504105156,0,0,0,0
"Zbtb17",0.0125667658736575,0,0,0.00175427143787944,0,0,0.00153790851218745,0,0,0,0,0,0,0,0.000852149879682697,0,0,0,0.0228133248275752,0.0243904985062304,0,0.026887780055671,0.0150250494232707,0,0,0,0,0,0,0,0,0,0,0,0,0,0,0,0,0,0,0,0,0,0.00327071053955658,0,0,0,0,0,0,0,0.0219707634409931,0,0,0,0,0,0,0,0,0,0,0.0365811576735478,0,0,0.022713555185862,0,0,0.05777034838851,0,0,0,0,0.0578987694472495,0.0321291863280441,0.00011730919092776,0,0,0,0,0.0140531865631072,0,0,0,0.00612253085142615,0,0,0.00612146334587527,0,0,0,0,0,0.00974711509949762,0.0726431758346793,0,0,0.00680459259313624,0,0,0.00164914144280288,0,0.00110460117639263,0,0,0,0,0,0,0,0,0.0895377515012497,0.0106186053420081,0.0844478221791316,0.102219248651049,0.00340360513261347,0,0.0210762859481882,0,0,0,0,0.00370799778813414,0.0131034875554551,0,0,0,0,0,0,0,0,0,0.00297549903590059,0,0,0,0,0,0.20377574294128,0,1,0.0073512816553786,0.00355382620582011,0,0.0142153196477162,0.016388884859296,0.131749164205804,0,0.0100114168170553,0.113210635985887,0.0121266482196484,0,0.0424752551983311,0.0115352956106967,0,0.0314970849393217,0.0029819161766331
"Zbtb3",0,0,0,0,0,0.00153924298698541,0,0,0,0,0.00779367942821571,0,0,0,0,0,0.0224459500426386,0,0,0,0,0,0,0,0.00417437174166618,0,0,0,0,0.00216449965310884,0,0,0,0,0,0.00364005720706019,0,0.0151733468348697,0,0,0,0,0,0,0,0,0,0,0,0,0,0,0,0,0,0,0,0,0,0,0,0.00951122733843442,0,0.00428690861550418,0,0,0.00834195994940492,0,0,0,0,0.00582682260946758,0,0,0,0,0,0,0,0,0,0,0,0,0,0,0,0,0,0,0,0,0,0,0,0,0,0,0,0,0,0,0,0,0,0,0.0139854814495227,0,0,0,0,0,0,0,0,0,0,0,0,0,0,0,0,0,0,0,0.0107369763401134,0.01855315053325,0.00484863067918423,0,0,0,0,0,0,0,0,0,0,0,0.00474591974716273,0,0.00735307490139617,1,0,0,0.00794040904839287,0,0,0,0,0.00624973339036803,0,0,0,0,0,0,0.0163006569736322
"Zfp143",0,0,0,0,0,0,0,0,0,0,0,0,0,0,0,0,0,0,0.000514932329224822,0.00872507611534558,0.00339795548372779,0,0,0,0,0,0,0,0,0,0,0,0,0,0,0,0.000606883918585674,0.00141222590356861,0,0,0,0.00374345598839097,0,0,0,0,0,0,0,0,0,0.000300505471984116,0,0,0,0,0,0,0,0,0,0,0,0.00982073285503784,0,0,0.00175897215166013,0,0,0,0.00224466685988991,0.00662674780428071,0,0,0,0,0.016800953100232,0,0,0,0,0.00898890898467604,0,0,0,0,0,0,0,0,0,0,0,0,0.0295310324558891,0.00348437905876058,0,0,0,0,0,0,0,0,0,0,0,0,0,0,0,0,0,0,0,6.92126228450011e-05,0.0144895034625291,0,0,0,0,0.0340159420067074,0,0,0,0,0,0,0,0,0,0,0,0.59615766398506,0,0,0,0.00892495979911454,0,0,0.00557526552931757,0,0.00355141930419005,0,1,0,0,0,0,0,0,0,0,0,0,0,0,0,0.0253675734405853
"Zfp212",0,0,0,0,0,0,0,0,0,0.0136117286404446,0.110516167250679,0,0,0,0,0,0,0,0,0,0,0,0,0,0,0,0,0,0,0,0,0.00176648664067499,0,0,0,0.00535748912372875,0,0.0145997134102682,0,0,0,0,0.0184741978673092,0,0,0,0,0,0,0,0,0,0,0,0,0.101300321720951,0.00612024131606957,0,0,0,0,0.000532086354311234,0,0,0,0,0,0,0,0,0,0,0.00266673786161404,0,0,0,0,0,0,0,0,0,0,0.00617291664931709,0,0,0,0,0,0,0,0,0,0,0,0,0,0,0,0.0231384506248652,0,0.0687534885929202,0,0,0,0.00350069460580393,0.000339348286125471,0,0,0,0,0,0,0,0,0,0,0,0,0,0,0,0,0,0,0.0260498011547524,0,0,0.0190084823297961,0,0,0,0,0,0,0,0,0.00310073928368052,0,0,0,0,0,0,0,1,0,0,0,0.0266215226906799,0.00112054987714031,0,0.136399438946696,0,0,0,0,0,0
"Zfp260",0,0,0,0,0,0,0,0,0,0,0.0564020232549199,0,0,0,0,0,0,0,0,0,0,0,0,0,0,0,0,0,0.00132498522851887,0.0195642046112619,0,0,0,0,0,0,0,0,0,0,0,0,0,0,0,0,0,0,0,0,0,0,0.0268241493820756,0,0,0.00538522513187087,0,0,0,0,0,0,0,0,0,0,0,0,0,0,0,0,0,0,0.0719080503584988,0,0.00936262457618878,0,0,0,0,0,0,0,0,0,0,0,0,0,0,0,0,0,0,0,0,0,0,0.0032718907505411,0,0.0757340597662103,0,0,0,0,0,0,0,0.000855902163708338,0,0,0.0116541019914416,0,0,0,0,0,0,0,0,0,0,0,0.061606918065026,0,0,0,0,0,0,0,0,0,0,0,0,0,0,0,0.0331278710737291,0,0.0142217215337171,0.00794055059328229,0,0,1,0.016263915233274,0.0194951363927654,0,0.0139362686555518,0.0499712039982605,0.0542525859853299,0,0.0243801974423033,0.000155523388914325,0,0,0
"Zfp263",0,0,0,0,0,0,0,0,0,0,0.00374141908686559,0,0,0,0,0,0,0,0,0.0226879351733443,0,0.00336803667078512,0.00788619982205955,0.0109107411804059,0.00791948148756697,0,0,0,0,0,0,0,0.000337923837494967,0,0,0,0,0,0,0,0,0,0,0,0,0,0.00690442837979573,0,0,0,0,0,0,0,0,0,0,0,0,0,0,0,0,0,0,0,0.00691332438553096,0,0,0.00145340101191296,0,0,0,0,0,0,8.16419111262656e-05,0,0,0,0,0,0,0,0,0,0,0,0,0,0,0,0,0,0.00189933995520966,0,0,0,0.00415454284329067,0,0,0,0,0,0,0,0,0,0,0,0,0,0,0,0.00486127240024828,0.0160449066324872,0,0,0,0,0,0,0,0,0.00610490657633164,0,0.0120094741425297,0.00699085193113075,0,0,0,0,0,0,0,0,0,0,0,0,0.00284633029657503,0,0.016390771284466,0,0,0,0.0162638238442578,1,0.0324769754604878,0,0,0.0196389420289267,0,0,0,0.0214097846959755,0,0,0.00812699829303006
"Zfp281",0,0,0,0,0.00752027989874434,0,0,0,0,0.00274551754372815,0.00428681023284996,0,0,0,0,0,0.0316183354922015,0,0,0,0,0,0.0392441569946684,0,0.0141100812723874,0,0,0,0,0.00176439008290326,0,0,0,0,0,0,0,0,0,0,0,0,0,0,0.0196700096283674,0,0.00662050091945459,0,0,0,0.00170681118340847,0,0.011261749102368,0,0,0,0,0,0,0,0,0,0,0.0356881253111355,0,0,0,0,0,0,0,0,0,0,0.138029289622127,0,0,0,0,0,0,0,0,0,0,0.00203377939780486,0,0.00266138198427593,0,0,0,0,0,0,0,0.0965607759578113,0,0,0.00792767912029206,0,0,0.0542402087625329,0,0.004914134985316,0,0,0,0,0,0.0143797925913607,0,0,0.0307121846151553,0.00138064139345765,0,0.063631687880608,0.0587071978502378,0,0.0625376665750009,0,0,0,0,0,0.0168968626949031,0.0104253047443044,0.0145731625100432,0.0103621885480992,0,0,0,0,0,0,0.00835165562959085,0,0,0,0,0,0.00931598730047756,0,0.131765550011856,0,0,0,0.0194924729263804,0.0324744839468629,1,0,8.06945419780273e-05,0.0481278404925762,0.000679755323539875,0,0,0,0,0.183951429375639,0
"Zfp287",0,0,0,0,0,0,0,0,0.00219202738528693,0.0110973657160045,0.0500797345910001,0,0,0.00673669268331974,0,0,0,0,0,0,0,0,0,0,0,0,0,0,0,0,0,0,0,0,0,0,0.105708509572843,0,0,0,0,0,0.00939902428369123,0,0,0,0,0,0,0,0,0,0,0.0322027822977839,0,0.0803148967432113,0,0,0,0,0,0,0,0,0,0,0,0,0,0,0,0,0.000341676541880387,0,0,0,0,0,0,0,0,0,0,0,0,0,0,0,0,0,0,0,0,0,0,0,0,0,0,0,0,0,0,0,0,0.0113385946457485,0.0010068627872833,0.00449094447541271,0,0,0,0,0,0,0,0,0,0,0,0.191971051577141,0.0427691244780999,0,0,0,0,0,0,0,0.060730782928053,0,0,0,0,0,0,0,0,0,0,0,0,0,0,0,0,0.0266116844562584,0,0,0,1,0,0,0,0.218486485658896,0,0,0,0,0
"Zfp335",0,0.000935740488308595,0,0,0,0,0,0,0,0.00908428479178674,0.0124420100740927,0,0,0,0,0,0.0203133427249786,0,0,0,0,0,0,0.00760024593196453,0.0153253568769577,0,0,0,0,0.0279267206675794,0,0.0048206075910018,0,0,0,0,0.000428467941186104,0,0.00777847475892914,0,0,0,0,0,0,0,0.0173170078502315,0,0,0,0,0,0.006678050777626,0,0,0.00320832844887516,0,0,0,0,0,0,0.00938430148509923,0,0,0,0.00140293707242362,0,0,0,0,0,0,0,0,0.00314256519788503,0.0015487105120046,0.00228227513574373,0,0,0.000853410085565235,0,0,0,0,0,0,0,0,0,0,0,0,0,0,0,0,0,0.0172976596553381,0.00711707113860331,0,0.00248840135134221,0,0.0077570772465853,0,0,0,0,0,0.0198780518166143,0,0,0.00815582269916596,0.0106108058093131,0.0241236733832935,0.00277801077365399,0.00935684459469236,0,0.0137896595634885,0,0,0,0.00524414906647725,0,0.00710365624949973,0,0.0133501935655262,0.0254853063800847,0.00381345950703712,0,0,0,0,0,0,0,0,0.0225127082394058,0,0,0.00036665572871442,0,0.0100165457905036,0,0,0.00112193102196381,0.013936896606006,0,8.04867756595591e-05,0,1,0.0267668584164149,0,0,0.0400220104837256,0.0047708414579767,0.00464554461826117,0,0.026539690760686
"Zfp341",0,0,0,0.00171670895815941,0.00351350734555548,0,0,0,0,0,0.0036156669489362,0,0,0,0,0,0.0105775894906518,0,0,0.0362075472053116,0,0,0,0.00137206203374409,0,0,0,0,0.00784189768010345,0,0,0,0,0,0,0,0,0,0,0,0,0,0,0.00225732796700933,0,0,0.00772307683916341,0,0,0,0,0,0.0288835717831884,0,0,0,0,0,0,0,0,0,0,0,0,0,0,0,0,0,0,0,0,0,0.131221358768433,0.00634366998481527,0.000450667292665667,0,0,0,0,0,0,0,0,0,0,0,0,0,0,0,0,0,0,0.0271457966958214,0,0,0.0112296150159914,0,0,0.0547635394051343,0,0.0208977288647808,0,0,0,0,0,0,0,0.00375457272685849,0.120740921017065,0.017305410141649,0.0633453695049917,0.0512796216712103,0,0,0.00991747424561583,0,0,0,0,0.0021654334710937,0.0241029403438016,0,0.00967602751269063,0.0182871768032794,0,0,0,0,0,0,0,0,0,0,0,0.00135158675537739,0.112422481118437,0,0.113230648096863,0.00624712323526608,0,0,0.0499680813582762,0.0196368234256276,0.0481258805262226,0,0.0267606470191822,1,0.0453342176186737,0,0.0506351243446945,0.0191319808532249,0,0,0.00612053595655163
"Zfp398",0,0,0,0,0.000698139216847124,0,0,0,0,0,0.0898857356647619,0,0,0,0,0,0,0,0,0,0,0,0,0,0.00480361138743093,0,0,0,0,0.0192926102056852,0,0,0,0,0,0,0,0,0,0,0,0,0,0,0,0,0.00730201686643337,0,0,0,0,0.00224922187426365,0.0196700380490869,0,0,0.0552784004155827,0,0,0,0,0,0,0,0,0,0,0,0,0,0,0,0,0,0,0.0793763481452712,0,0,0,0,0,0,0,0,0,0,0,0,0,0,0,0,0,0,0,0,0.00785859092767144,0,0,0,0.0154837946624223,0,0.0800450328701648,0,0,0,0,0,0,0,0.00930584326229393,0,0,0,0.0176050752565062,0,0,0,0,0.00939619178701492,0,0,0,0,0,0.00441947315624637,0.00781195441538917,0.00706400891990249,0.0121799830743593,0.000240603097325764,0,0,0,0,0,0,0,0,0,0,0,0.0188140782967743,0,0.0121260464985669,0,0,0.136399385268118,0.0542531160297274,0,0.000681987605932625,0,0,0.0453431365315368,1,0,0,0,0,0,0.00870897858198756
"Zfp422",0,0,0,0,0,0,0,0,0,0.000272591009597225,0,0,0,0,0,0,0,0,0,0,0,0,0,0,0,0,0,0,0,0,0,0,0,0,0,0,0.170717550463716,0,0,0,0,0,0.00481484911791983,0,0,0,0,0,0,0,0,0,0,0.0169178332137149,0,0.031114570598252,0,0,0,0,0.00977654802839331,0.00652435571371428,0,0,0,0,0,0,0,0,0,0,0,0,0,0,0,0,0,0,0,0,0.00626824804984923,0,0,0,0,0,0,0,0,0,0,0,0,0,0,0,0,0,0,0,0,0,0,0,0,0,0,0,0,0,0,0,0,0,0,0,0,0.14089741881243,0.0700756085114466,0,0,0,0,0.00157244899397054,0,0,0,0,0,0,0,0,0,0,0,0,0,0,0,0,0,0,0,0,0,0,0,0.218484820972237,0,0,0,1,0,0,0,0,0
"Zfp566",0,0,0,0,0,0,0,0,0,0,0,0,0,0,0,0,0,0,0.0165298633663604,0.0444445967158109,0,0.0244710136442647,0.00136442261384547,0,0,0,0,0,0.00279380183680521,0,0,0,0.0366132682439577,0,0,0,0,0,0,0,0,0,0,0,0,0,0.0011759179070499,0,0,0,0,0,0.00745881845133869,0,0,0,0,0,0,0,0,0,0,0.00246610635240776,0,0,0,0,0,0.0376105842731481,0,0,0,0,0,0.0412784956980351,0.0301940675647996,0,0,0,0.00853349042320855,0.00717993274306984,0,0,0,0,0,0,0.00204621606467116,0,0,0,0,0,0.0627734411067626,0,0,0,0,0,0,0,0,0.0326616713816252,0,0,0,0,0,0,0,0,0.00930527009480527,0.0294001544554293,0.0833165154724421,0,0,0,0,0,0,0,0,0.00258573246704667,0.0376684832578062,0,0,0,0,0,0.0426544636724991,0,0,0.00349708357975484,0,0,0,0,0,0,0.0976027604462307,0.00954465458399505,0.0424972693794283,0,0,0,0.0243811358668745,0,0,0,0.0400204364270047,0.0506389448117538,0,0,1,0.073698491821246,0.0126727056980855,0,0.0642782403613037
"Zfp64",0,0,0,0.0030055034079644,0,0,0,0,0,0,0,0,0,0,0.00309974688261706,0,0,0,0.0174151655713287,0.0300025147386389,0,0.027443333312087,0,0.00776025164297989,0,0,0,0,0,0,0,0,0,0,0,0,0,0,0,0,0,0,0,0,0,0,0.0155656346139261,0,0,0,0,0,0.00800149896227936,0,0,0,0,0,0,0,0,0,0,0.0124183986526292,0,0,0.0111756216032839,0,0,0.0081762812373607,0,0,0,6.38339515349822e-05,0,0.0645123578181247,0.0631822832260967,0,0,0,0.0158023226400572,0.0103222568725757,0,0,0,0,0,0,0.00701151712528779,0,0,0,0,0,0.0318934424115247,0.00109136258618198,0,0,0.000791451471600278,0,0,0,0,0.0562526743889557,0,0,0,0,0,0,0,0,0.0259673951770349,0,0.0746306020734885,0.0204822872581534,0,0,0,0,0,0,0,0,0.00459839563307765,0,0,0,0,0,0.0223312156442679,0,0,0,0,0,0,0,0,0,0.0116191263600715,0,0.0115494162891158,0,0,0,0.000156049115458892,0.0214104210867363,0,0,0.00477008793610645,0.0191321771150331,0,0,0.0736954950165753,1,0.0518999850043454,0,0.0560431295189496
"Zfp692",0,0,0,0,0,0,0,0,0,0,0,0,0,0,0,0,0,0,0,0,0.0121031367065438,0,0,0.00570439352279519,0.000753500114511421,0,0,0,0,0,0,0,9.55833172202918e-05,0,0,0,0,0,0,0,0,0,0,0,0,0,0,0,0,0,0,0,0,0,0,0,0,0,0,0,0,0,0,0.00794290722889278,0,0.0187720576536139,0.0266115066063379,0.0266372083734022,0,0.00424209281978585,0,0.0279144350227083,0,0,0,0,0.0216360610844038,0,0,0,0.0171763733654672,0.017155500864653,0,0,0,0,0,0,0,0,0,0,0,0,0,0.0270933385269148,0,0,0,0,0,0,0,0.00135108162064099,0,0,0,0,0,0,0,0,0,0,0.0269123354775012,0.0136340025218765,0.0132563103792712,0,0,0,0,0,0,0,0,0,0.00840472454031879,0,0,0,0,0,0,0,0,0,0,0,0,0,0,0,0,0,0,0,0,0,0,0,0.00464377214992159,0,0,0,0.0126713173846866,0.0518986001040331,1,0,0.046590699304032
"Zfp740",0,0,0,0,0,0,0,0,0,0,0,0,0,0,0,0,0,0,0,0,0,0.00829315159377098,0.0112474312902879,0,0,0,0,0,0,0,0,0,0.000959735309427193,0,0,0,0,0,0,0,0,0,0,0,0,0,0,0,0,0,0,0,0,0,0,0,0,0,0,0,0,0,0,0.0325299093130108,0,0,0,0,0,0,0,0,0,0,0.00621681214701408,0,0,0,0,0,0,0,0,0,0,0,0,0,0,0,0,0,0,0,0,0,0,0,0,0,0,0.00643193519190555,0,0,0,0,0,0,0,0,0,0,0,0,0,0.0187393227672522,0,0,0,0,0,0,0,0,0,0,0,0,0,0,0,0,0,0,0,0,0,0,0,0,0.0106651516025342,0,0.0315016878405143,0,0,0,0,0,0.183951650070073,0,0,0,0,0,0,0,0,1,0
"Zfx",0,0,0,0,0,0,0,0,0,0,0,0,0,0,0.00812011195890282,0,0.0112787900768756,0,0.0232447205746535,0.0147850829951403,0.0348017090640711,0.0180309868902672,0.00495852629363116,0,0,0,0,0,0.000944860053461091,0,0,0,0.0156401335917451,0,0,0,0,0,0,0,0,0.00336309111484844,0,0,0,0,0.0115022755584511,0,0,0,0,0.0200287154120999,0.019952057436922,0,0,0,0,0,0,0,0,0,0,0.00488375715626561,0,0.01234105968472,0.0216154551914668,0,0,0.0134216744753491,0.0054963246131403,0.0215984175438412,0,0.00356310786812099,0,0.0229345242545021,0.0316705912483084,0,0,0,0,0,0,0,0,0,0,0,0.00230350452301505,0,0,0,0,0,0.0505335798881518,0.0180108280347534,0,0,0.00869931211890858,0,0,0,0,0.0400376656438285,0,0,0,0,0,0,0,0,0.025665668335152,0.0327160503572212,0.0650580863163451,0.0229389348311746,0.0208511664464187,0.0073057903858178,0.000464030120499061,0,0,0,0,0,0.0401119473344781,0,0.000154383742126277,0.00588606666154983,0,0,0,0,0,0,0,0,0,0.0134342942122124,0,0,0,0,0.00298374144400932,0.0162991524141747,0.0253696486204544,0,0,0.00812670629969093,0,0,0.0265380847118888,0.00611957607280781,0.00870324450165971,0,0.0642798809609448,0.0560448521227632,0.0465923470216911,0,1
