"","Ahr","Arnt","Arntl","Atf1","Atf2","Atf3","Atf4","Atf7","Batf","Bbx","Bcl6","Bhlhe40","Cbfb","Cdx1","Creb1","Crem","Ctcf","Ddit3","E2f1","E2f3","E2f4","Egr1","Egr2","Elf1","Elf2","Elf4","Elk1","Elk3","Elk4","Ets1","Etv3","Etv6","Fli1","Fos","Fosb","Fosl2","Foxj3","Foxn3","Foxo1","Foxo3","Foxp1","Gabpa","Gata3","Gfi1","Glis3","Gmeb1","Hic1","Hlx","Hmg20b","Homez","Hsf2","Ikzf1","Ikzf3","Irf1","Irf2","Irf3","Irf4","Irf7","Irf8","Isl2","Jun","Junb","Jund","Klf10","Klf13","Klf2","Klf3","Klf4","Klf5","Klf6","Klf7","Klf8","Mafk","Max","Maz","Mbd2","Mecp2","Meis3","Meox2","Mlx","Mxd1","Myc","Nfatc1","Nfe2l2","Nfil3","Nfkb1","Nfkb2","Nfya","Nfyb","Nfyc","Nr1i3","Nr4a1","Nr4a2","Nr4a3","Nrf1","Patz1","Pbx4","Phox2b","Pknox1","Prdm1","Rel","Rela","Relb","Rfx1","Rora","Runx1","Runx2","Runx3","Setbp1","Smad3","Snai1","Snai3","Sp1","Sp110","Sp2","Sp3","Sp4","Srebf1","Srebf2","Stat1","Stat2","Stat3","Stat4","Stat6","Taf1","Tbx21","Tcf12","Tcf3","Tcf7","Tef","Tfdp1","Tfe3","Tgif1","Thap11","Thrb","Tigd2","Tlx2","Trp53","Usf1","Usf2","Wt1","Xbp1","Zbtb17","Zbtb3","Zfp143","Zfp212","Zfp260","Zfp263","Zfp281","Zfp287","Zfp335","Zfp341","Zfp398","Zfp422","Zfp566","Zfp64","Zfp692","Zfp740","Zfx"
"Ahr",0.976307085223968,-0.0473875435507635,0,0,0,0,0,0,0,0,0,0,0,0,0,0,0,0,0,0,0,0,-0.0124354796122138,-0.0382697072160353,0,0,0,0,0,0,0,0,-0.00507030584801612,0,0,0,0,-0.002989128510683,0,0,0,0,0,0,0,0,0,0,0,0,0,0,-0.0205261155085027,0,0,0,0,0,0,0,0,0,0,0,0,0,-0.0131135538121967,-0.0197992579095385,-0.0113065901165315,-0.000961777418666672,0,0,0,0,0,-0.0029064009064433,0,0,0,0,0,0,0,0,0,0,0,0,-0.0056524148313837,-0.0211367937662523,0,0,0,0,0,0,0,0,0,0,0,0,0,-0.00207505882278977,0,0,0,0,-0.00189421690741313,0,0,0,0,-0.00967165529850242,0,0,0,0,-0.00341474323060666,0,0,-0.000128174542060725,0,0,-0.000947323901724182,0,0,0,0,0,0,0,0,-0.0125285908035428,0,0,0,0,0,0,-0.0124251295711694,-0.00798976767034725,-0.0258395870847956,0,-0.00135424991515942,0,0,0,0,0,0,0,0,0,0,0,-0.00107280413813718,0,0
"Arnt",-0.0473856632020165,2.53532074217591,-0.986641870985245,0,0,0,0,0,0,0,0,-0.41677206160195,0,0,0,0,0,0,0,0,0,0,0,0,-0.0169437483993073,0,0,0,0,0,0,0,0,0,0,0,0,-0.00486552722846408,0,0,0,-0.0236388671012719,0,-0.00546184726578218,-0.00819328242101029,0,0,0,0,0,0,0,0,0,0,0,0,0,0,0,0,0,0,0,0,0,0,0,0,0,0,-0.00605331371301266,0,-0.547303586610217,0,-0.0100109129359351,-0.0163388598404797,0,0,-0.164062336840567,-0.118841430240325,-0.0430166222630521,0,0,0,0,0,0,0,0,0,0,0,0,-0.00125917122211699,0,0,0,-0.00828182331167999,-0.00482286481719608,0,0,0,-0.00311432015679392,0,0,0,0,0,-0.00566394191650149,0,0,0,0,0,0,-0.00455714070663949,0,0,0,0,0,0,0,-0.00755218065421778,0,0,0,0,0,0,0,0,0,0,0,0,0,0,-0.229619926669034,0,0,0,-0.00816221475930405,-0.00243360669512981,0,0,-0.0178537551244211,0,0,-0.00438831641089934,0,0,0,0,0,0,0,0
"Arntl",0,-0.986624603835428,3.22633479247071,0,0,0,0,0,0,0,0,-0.207540114627438,0,0,0,0,0,0,0,0,0,0,0,0,0,0,0,0,0,0,0,0,0,0,0,0,0,0,0,0,0,0,0,0,0,0,0,0,0,0,0,0,0,0,0,0,0,0,0,0,0,0,0,0,0,0,0,0,0,0,0,0,0,-0.109502889555257,0,0,0,0,0,-0.725739621116136,-0.120027651064832,0,0,0,0,0,0,0,0,0,0,0,0,0,0,0,0,0,0,0,0,0,0,0,0,0,0,0,0,0,0,0,0,0,0,0,0,0,0,0,0,0,0,0,0,0,0,0,0,0,0,-0.315774133496705,0,0,0,0,0,0,-0.450507166308366,-0.397836024936121,0,-0.118735544573018,0,0,0,0,0,0,0,0,0,0,0,0,0,0,0,0,0
"Atf1",0,0,0,2.01938146712562,0,-0.124513681062024,-0.00242401856825879,-0.156829812718802,0.00500371093288019,0,0,0,0,0,-0.900363028616708,-0.377297304795456,0,0,0,0,-0.00138094132985715,0,0,-0.0327987601725672,0,0,0,0,0,0,0,0,-0.00427224260990675,0.011294298724099,0.0175189575819727,0,0,-0.00684735153950023,0,0,0,0,0,-0.0163806143216574,-0.0239602376438975,-0.198507517147758,0,0,0,0,0,0,0,0,0,0,0,0,0,0,0,0,0,0,0,0,0,0,0,0,0,-0.00838871771936604,0,0,0,0,-0.00928317758361012,0,0,0,0,0,0,0,0,0,0,0,-0.00367134970982094,0,0,0,0,0,0,-0.0132047591959256,0,0,-0.00447616896174811,0,0,0,0,0,0,0,0,0,-0.0115712768646492,0,0,0,0,-0.0164736288598447,0,0,0,-0.0183745879397726,0,0,0,0,0,0,0,0,0,0,0,-0.0234294605384501,0,0,0,-0.00132356519048648,-0.0216965470924896,0,0,0,0,0,0,-0.134333478442931,0,0,0,0,0,0,0,0,0,0,0,0,0,-0.0121829716618192,0,-0.00175842830960995,0
"Atf2",0,0,0,0,3.3404296503895,-0.0225000879175184,0,-2.40236546992576,0,-0.005753370564721,0,0,0,0,-0.222579992902519,-0.286450315445923,0,-0.0643632267886599,0,0,0,0,0,0,0,0,0,0,0,0,0,0,0,0,0,0,-0.00691154235249792,-0.00792230227548887,0,0,0,0,0,0,-0.00545465798023233,0,-0.012422955370698,0,0,0,0,0,0,0,0,0,0,-0.00382572340408434,0,0,0,0,0,0,0,0,0,0,0,0,0,0,0,0,0,0,0,-0.0186865564929831,0,0,0,0,0,-0.00335024464792359,-0.00143401243967386,0,0,0,0,0,0,-0.00227756179922957,0,0,0,0,0,0,-0.0162587124138352,-0.00373899679187337,0,0,0,-0.0197738826309669,-0.026612651481066,0,0,0,0,-0.00652525340744195,0,0,0,0,0,0,0,0,0,0,0,-0.0181170201144028,0,-0.00387037161812842,-0.000359021343202117,-0.00306881600201298,0,-0.0078427502721527,-0.0196665767121005,0,0,0,0,0,-0.0525416900068794,0,0,-0.0302033285894464,0,0,0,0,0,-0.0101870283558598,0,0,0,-0.011632276575534,0,0,-0.00893810742722039,0,-0.00608336598421523,0,0,0,0,-0.00461294855882229,0
"Atf3",0,0,0,-0.124588610468161,-0.022683941686479,2.28581853731809,0,-0.0521113085821344,0,-0.00225657719803893,0,0,0,0,-0.142010743644096,-0.152661515911085,0,0,0,0,0,0,0,0,0,0,0,0,0,0,0,0,0,0,0,-1.26797873854523,0,0,0,0,0,0,0,0,0,0,0,0,0,0,-0.022096015647284,0,0,0,0,0,0,0,0,0,-0.226700377982914,-0.0684053772217047,0,0,0,0,0,-0.0286240190993126,-0.0297825353628594,0,0,0,0,0,0,0,0,0,-0.000864664461637908,0,0,0,0,0,0,0,0,0,0,0,-0.0381365816157529,0,-0.0072521771877107,0,0,0,0,0,0,0,0,0,0,0,0,0,0,0,0,0,0,0,0,0,0,0,0,0,0,0,0,-0.00495526675125114,0,-0.00417278952097788,0,0,0,0,0,0,0,0,0,-0.0185223640962339,0,0,0,0,0,0,0,-0.153014182971461,0,-0.00846453746509646,0,0,0,0,0,0,0,0,0,0,0,0,0,-0.0159199295176943,0
"Atf4",0,0,0,-0.00242739672986004,0,0,1.68334139250621,0,0,0,-0.00742391963862321,0,0,0,0,0,0,-0.919335793208159,0,0,0,0,-0.00239342104359436,0,-0.0164017851192029,0,0,0,0,-0.00153752424782153,0,0,0,0,0,0,0,0,0,0,0,0,0,0,-0.00994286044470305,-0.0364162698545513,0,0,0,0,0,0,0,0,0,0,0,0,0,0,-0.10886869756342,0,0,0,-0.00524312623729068,0,0,0,0,-0.00460091263701476,0,0,0,0,0,0,0,0,0,0,0,-0.00564118401555619,0,0,-0.359135185407828,0,-0.00380332295218234,0,-0.013982873273152,-0.00700896860468192,0,0,-0.0332583865316013,0,0,0,-0.00112712363011777,0,0,0,0,0,0,0,0,0,0,0,0,0,0,0,0,0,0,0,0,0,0,0,0,0,-0.00300935529471691,0,0,0,0,0,0,0,0,0,0,0,-0.00602026234238261,0,0,0,0,0,0,0,0,-0.000683995004752826,0,0,0,-0.0101413957357684,0,0,0,0,-0.0045098317870479,-0.0104790484710805,0,0,0,-0.00919786710186064,0
"Atf7",0,0,0,-0.156865821755114,-2.40237592532613,-0.0522401624536634,0,3.90377675612398,0,0,0,0,0,0,-0.526655724342648,-0.69407220802203,0,0,0,0,0,0,0,0,0,0,0,0,0,0,0,0,0,0,0,0,0,0,0,0,0,0,0,0,-0.00376018116751425,0,0,0,0,0,0,0,0,0,0,0,0,0,0,0,0,0,0,0,0,0,0,0,0,0,0,0,0,0,0,0,0,0,0,0,0,0,0,0,0,0,0,0,0,0,0,0,0,0,0,0,0,0,0,0,0,0,0,0,0,0,0,0,0,0,0,0,0,0,0,0,0,0,0,0,0,-0.00310370567834288,0,0,0,0,0,0,0,-0.0461866953803792,0,0,0,0,-0.0114556150850045,0,0,0,0,0,0,0,0,0,0,0,0,0,0,0,0,0,0,0,0,0,0,0,0
"Batf",0,0,0,0.00502652957974858,0,0,0,0,2.34263974539685,-0.0147594288043055,0,0,-0.0091700567389137,-0.0357083098461149,0,0,0,-0.00154381291112749,0,0,0.0180650348213325,0,0,0,0,0,0,0,0,0,0,0,0,-0.40494044089163,-0.617589746800373,-0.226925209503403,-0.0168931294410488,0,-0.02859287781159,0,0,0,0,0,-0.0113974505645017,0,0,-6.84850218192245e-05,-0.0217458915399153,0,0,0,0,0,0,0,-0.0372576432343793,0,0,-0.0237917334328923,0,-0.236923792665151,-0.384589902341405,0,0,0,0,0,0,0,0,0,-0.102419247889028,0,0,0,0,0,0,0,0,0,-0.0313049340089966,-0.139584586896268,0,0,0,0,0,0,0,-0.00221239062474253,0,0,0,0,0,0,0,0,0,0,0,0,0,-0.0290258120789263,-0.0158110301967607,0,0,0,0,0,0,0,0,0,0,0,0,0,0,0,0,-0.0141179636739956,0,-0.0487270842495229,0,0,0,0,0,0,0,0,0,0,0,0,0,0,0,0,0,0,0,0,0,0,0,-0.00277543660052533,0,0,0,0,0,0,0,0,0
"Bbx",0,0,0,0,-0.00574984025461695,-0.00223880372470174,0,0,-0.0147732785526522,1.11796732438503,-0.0267853534728957,0,-0.00799322628950513,-0.0310120651694561,0,0,-0.0101027762747884,-0.0120112242715218,0,0,0,0,0,0,0,0,0,0,0,-0.00146496775614506,0,-0.0145257821813705,0,0,0,-0.000262619889998415,0,-9.12962173962409e-05,-0.044426246623381,0,0,0,-0.0522078836804832,-0.0170945050408451,-0.00903339689941171,0,-0.0336417647616958,0,-0.000593454421333866,0,-0.0290252800579934,-0.0299650784516163,-0.00561168222993614,-0.0131952388595892,-0.0212364280163104,0,-0.0341805443597035,-0.0190423791066398,0,-0.0540673582456607,0,-0.00696919014083577,-0.0199866295742624,0,0,0,0,0,0,0,0,0,-0.0273683225879557,0,0,0,-0.00293099290284171,-0.0238678074592638,-0.00983919179612653,0,0,0,-0.0263762299958665,-0.0104057492946062,-0.00835802823988125,-0.0110446431889228,0,0,-0.000637085945088849,-0.00199930668666705,-0.0394697182090023,-0.0130134770188509,0,-0.00450358066914856,0,0,-0.0413180593375177,-0.00373213952470432,0,-0.00710503002178861,-0.0135799058936646,0,-0.0182816335227695,0,-0.0324993996763289,-0.0249734799855835,0,-0.0186005828472833,0,-0.0239687546477264,0,0,0,-0.0118589103317068,0,0,0,-0.00831432110982967,0,-0.00838003730780572,0,0,-0.0156370276762897,-0.0252118841662164,0,-0.0340735514515667,0,0,-0.0468119453530795,0,0,0,0,-0.0212399417991468,-0.00640543068548336,0,-0.00089468161312204,-0.0122320083177512,0,-0.00658403886426764,0,0,0,-0.017054714358608,0,-0.0246400031105054,-0.00258852107360451,0,0,-0.0199076467336761,-0.0170010224253147,0,0,-0.00612115368952201,0,0,0,0,0
"Bcl6",0,0,0,0,0,0,-0.00741235031322114,0,0,-0.0267796135855859,1.9928239633831,0,0,0,0,0,0,0,0,0,0,0,0,0,-0.00738296252420859,0,0,0,0,-0.000524756950734431,0,-0.0036068361407575,0,0,0,0,0,0,-0.00479082244882104,0,0,0,-0.0404013537081005,-0.00390190477959598,-0.010175005740588,0,-0.00442895371607709,-0.00300519361678304,0,0,-0.00361523962734036,-0.00243384630281162,0,0,0,-0.341945784123406,0,0,0,0,0,0,-0.0120244378003623,0,0,0,0,0,0,0,0,0,0,0,-0.152065471579198,0,0,0,0,0,0,0,-0.0194100789456764,0,-0.00567335250218882,0,0,0,0,0,0,-0.0114543721416459,0,0,0,0,0,-0.000867234326033346,-0.00721649365201375,-0.00318881027397747,0,-0.746505626902901,0,0,-0.00757624444280215,0,-0.00374747007804788,0,0,-0.0469536293879464,0,0,0,-0.000438491830213406,0,0,0,0,-0.0197948448568435,0,0,-0.0344555722510202,-0.0852206155306584,-0.00624763538043466,0,-0.0374760966056819,0,0,-0.0574964764329716,0,0,0,0,0,0,0,0,0,0,0,0,0,0,-8.08615132959952e-06,0,-0.183560398841003,-0.0881088110481088,-0.000320147739556895,0,-0.080952747800766,-0.0069830952876024,0,-0.152670510607663,0,0,0,0,0,0
"Bhlhe40",0,-0.416775365687975,-0.207551374982295,0,0,0,0,0,0,0,0,1.73436867072603,0,0,0,0,0,0,0,0,0,0,0,0,0,0,0,0,0,0,0,0,0,0,0,0,0,0,0,0,0,0,0,0,0,0,0,0,0,0,0,0,0,0,0,0,0,0,0,0,0,0,0,0,0,0,0,0,0,0,0,0,0,0.111819726130159,0,0,0,0,0,-0.448814431136546,0,0,0,0,0,0,0,0,0,0,0,0,0,0,0,0,0,0,0,0,0,0,0,0,0,0,0,0,0,0,0,0,0,0,0,0,0,-0.167703487162054,0,0,0,0,0,0,0,0,0,0,0,0,0,-0.243306251488807,0,0,0,0,0,0,0,0,0,0,0,0,0,0,0,0,0,0,0,0,0,0,0,0,0,0,0
"Cbfb",0,0,0,0,0,0,0,0,-0.0091835926719929,-0.00798913860290453,0,0,1.75597837722114,0,0,0,-0.0383751215128279,0,0,0,0,0,0,0,0,0,0,0,0,0,0,-0.0370902052019329,0,0,0,0,0,0,0,0,0,0,0,0,0,0,-0.00184137675561759,0,0,0,-0.0172552777699106,0,0,0,-0.00749818029404042,0,0,0,0,0,0,0,-0.000845159669970645,0,0,0,0,0,0,0,0,0,0,0,0,0,0,0,0,0,0,0,0,0,0,0,0,0,0,0,-0.000776517011371347,0,-0.0043774366889884,0,0,0,0,0,0,0,0,0,0,0,-0.00217005014566904,-0.541635529995472,-0.38475166622828,-0.312813773204715,0,-0.0278888043606614,0,0,0,0,0,0,0,0,-0.00733432599441172,0,0,0,-0.00510417657025744,-0.0193243052188586,0,-0.0112991569922492,-0.0156566273039404,0,-0.0325163776555194,0,0,0,0,0,0,0,0,0,0,0,0,0,0,0,0,-0.00302844378296731,0,0,0,0,0,0,0,0,0,0,0,0,0
"Cdx1",0,0,0,0,0,0,0,0,-0.0356874591032053,-0.0310101379938697,0,0,0,0.994246122626551,0,0,0,0,0,0,0,0,0,0,0,0,0,0,0,0,0,-0.00154973398821495,0,0,-0.00301686952357514,0,-0.0376025411595034,-0.0207249650119129,0,0,0,0,-0.0303158911361899,-0.0112283027373261,0,-0.00673961943909528,-0.00564658895959886,-0.0160162323901791,-0.0181668757015819,0,0,0,0,0,0,0,-0.0183639453692633,0,0,-0.024997607033434,0,0,0,0,0,0,0,0,0,0,0,0,0,0,0,0,0,0,-0.00796261587445821,0,0,0,-0.0232420326184391,-0.0110378861751094,-0.0493221579442368,0,0,0,0,0,-0.00617012746439919,0,-0.0101089598434382,0,0,0,0,0,0,0,0,0,0,0,0,-0.0342288342120788,-0.0164729429954607,0,0,0,-0.0132286185441986,0,0,0,0,0,0,0,0,0,0,0,0,-0.0120186072929357,0,-0.0205496493774702,0,0,0,0,0,0,-0.010931460826232,0,0,0,0,0,0,0,0,0,0,0,0,-0.000641341977595097,0,0,0,-0.024537504507299,0,0,-0.00475879980738404,-0.00688074609532088,0,0,0,0,0
"Creb1",0,0,0,-0.900350033021775,-0.222549533567248,-0.142037914576265,0,-0.526682098844536,0,0,0,0,0,0,2.41541474599794,-0.457304754525045,0,0,0,-0.00931557460963157,0,0,0,0,0,0,0,0,0,0,0,0,-0.0109042740037248,0.022551183473867,0.0473454732755003,0,0,0,0,0,0,0,0,0,0,0,0,0,0,0,0,0,0,0,0,0,0,0,0,0,0,0,0,0,0,0,0,0,0,0,-0.0221753728927227,-0.0102185572867164,0,-0.00229572887933348,0,-0.00479866466857764,-0.00400528522299271,0,0,0,0,0,0,0,0,0,0,0,-0.0208061301461308,-0.00912848349517028,0,0,0,0,-0.0163171883210978,-0.00204876027691589,0,0,-0.000556300286407655,0,0,0,0,-0.0175747736302099,0,0,0,0,0,0,0,0,0,0,0,0,0,0,0,0,0,-0.0115089557361687,0,0,-0.00557208046284088,0,0,0,0,0,0,-0.0067373421582934,0,-0.0158580889603442,0,0,0,0,0,0,0,0,0,0,0,0,0,0,0,0,0,0,0,0,0,-0.00544091716773114,0,0,-0.0147802847228676
"Crem",0,0,0,-0.37729331525225,-0.286433666467025,-0.152667395239568,0,-0.694059956639386,0,0,0,0,0,0,-0.457299999593701,2.21320375349716,0,0,0,0,0,-0.0395978321295806,-0.0224125723548462,0,0,0,0,0,0,0,0,0,0,0,0,0,0,0,0,0,0,0,0,0,0,0,0,0,0,-0.000127963634685185,0,0,0,0,0,0,0,-0.00437454076778143,0,0,0,0,0,0,0,0,0,0,-0.0189602109181354,0,0,0,0,0,0,0,0,0,0,0,-0.0136648190791509,-0.0121740380164322,0,0,0,0,0,0,0,-0.00620434704332013,0,0,-0.00652159401260167,0,0,0,0,0,0,0,0,0,-0.0071147567153731,0,0,0,0,0,0,0,0,0,0,0,0,0,0,0,0,0,0,0,0,0,0,0,0,0,0,-0.0195010310737073,0,0,0,0,0,0,0,0,0,0,0,0,0,0,0,0,0,0,0,0,0,0,0,0,0,0,0,0,0
"Ctcf",0,0,0,0,0,0,0,0,0,-0.0100994700429354,0,0,-0.0383759426378944,0,0,0,1.18944928198651,0,0,0,0,0,0,0,-0.0528203581285162,0,0,0,0,-0.0190496272758505,0,-0.0162297426259111,0,0,0,0,0,0,0,0,0,0,-0.00461293441441001,-0.00348537751892012,-0.00943345688013642,0,-0.140221672199654,0,0,0,0,-0.00122107751573381,0,0,0,0,0,0,0,0,0,0,-0.029597035438445,0,0,-0.0134224881059273,0,0,0,0,0,-0.0305470826021196,-0.0140427427478204,0,-0.0225209202257097,0,-0.00346006442782933,-0.00996459148600248,0,0,0,0,0,0,0,0,0,0,0,0,0,0,0,0,0,0,0,0,0,-0.0105383414560508,0,0,0,-0.0221838160434092,0,0,-0.00814832733035926,-0.00473376354540394,0,-0.0688227123169808,-0.0406192994945167,0,-0.0278855823359208,-0.0137736244663347,0,0,-0.0475812306246762,0,-0.00653977430206641,0,0,0,0,0,-0.0558887438735201,-0.0101317848739323,-0.0927904069748386,-0.0473074943357557,-0.0031713426359703,0,0,0,0,0,0,0,0,-0.00146364376864499,0,0,0,0,0,-0.0447664489341443,0,0,0,0,-0.0576297194291871,0,-0.0339530932072571,-0.00626827626218455,0,0,0,0,-0.000430475557992659,0,-0.017030674270243
"Ddit3",0,0,0,0,-0.0643540698371482,0,-0.919335525026555,0,-0.00155549601217058,-0.0120109087084727,0,0,0,0,0,0,0,1.55885514591286,0,0,0,0,0,0,0,0,0,0,0,-0.00130603116634825,0,0,0,0,0,0,-0.0102980540112581,-0.00197214625767503,0,0,0,0,-0.0561748356548835,0,0,0,0,0,0,0,0,0,0,0,0,0,-0.0121687880915553,-0.00307983344068543,0,0,0,-0.00955099521735335,0,0,0,0,0,0,0,0,0,0,-4.10051561910448e-05,0,0,0,0,0,0,0,0,0,0,0,-0.0322194718253392,0,-0.00635627740843378,0,0,0,-0.00507370715753727,0,0,0,0,0,0,0,0,0,-0.0206480577228054,0,0,0,0,-0.00530433637947548,-0.0222417623215456,-0.0171456293553235,0,0,0,0,0,0,0,0,0,0,0,0,0,0,0,0,0,-0.0247802342770893,0,-0.0092453877319529,-0.0250391052277425,0.0209912901632558,0,0,0,0,0,0,-0.00583997561175642,-0.00337443643528998,0,0,0,0,0,0,0,0,0,0,0,0,0,0,0,0,0,0,0,0,0
"E2f1",0,0,0,0,0,0,0,0,0,0,0,0,0,0,0,0,0,0,3.70061180341736,-0.191839459737281,-1.57787730571887,-0.102369862769594,-0.0157263412407162,0,0,0,0,0,0,0,0,0,0,0,0,0,0,0,0,0,0,0,0,0,0,-0.0164645256493345,0,0,0,0,0,0,0,0,0,0,0,0,0,0,0,0,0,-0.0215249332459399,0,0,-0.316640843044703,0,-0.182007477920121,-0.231918197426139,-0.561120842520484,0,0,0,0,-0.0297878636326734,0,0,0,0,0,0,0,0,0,0,0,0,-0.0265679663233922,0,0,0,0,0,-0.0772606024996197,-0.200671390867882,0,0,0,0,0,0,0,0,0,0.0111094957745019,0,0,0,0,0,0,0,0,-0.00253663963966568,0,0,0,0,0,0,0,0,0,0,0,0,0,0,0,-0.209038948200889,0,0,0,0,-0.00431584889973799,0,0,0,0,0,0,-0.0541961705469364,0,0,0,0,0,0,0,0,0,0,0,-0.0105722704313415,-0.0301535352267129,0,0,-0.0524687152970276
"E2f3",0,0,0,0,0,0,0,0,0,0,0,0,0,0,-0.00930351215221265,0,0,0,-0.191841198860561,1.67327430433931,-0.0592158679620908,0,0,-0.0456883454273179,0,0,0,0,-0.00187680227927488,0,0,0,0,0,0,0,0,0,0,0,0,0,0,0,-0.0143041665557549,0,-0.0124093998921896,0,0,0,0,0,-0.0258717421145443,0,0,0,0,0,0,0,0,0,0,-0.0199862422693565,0,0,0,0,0,0,0,0,0,0,0,-0.00916748144910581,-0.0323241148019653,0,0,0,0,-0.019154100972802,0,0,0,0,0,0,-0.0406346815406345,0,0,0,0,0,-0.0118494429280187,0,0,0,0,0,0,0,0,-0.0389186314110799,0,0,0,0,0,0,0,0,-0.073293354895912,-0.014553462007455,-0.139159328727426,-0.00461396450432327,0,0,0,0,0,0,0,0,-0.0133158683627143,0,0,0,0,0,-0.521220827665217,0,0,0,0,0,0,0,0,-0.0134572571587556,0,0,-0.038800271091522,0,-0.0271425454310729,0,0,-0.0474167957910777,0,0,-0.0053845596322691,-0.0730939896400477,0,0,-0.079828156104895,-0.0484803657480182,0,0,-0.0177073127012832
"E2f4",0,0,0,-0.00147863570395825,0,0,0,0,0.017975636400802,0,0,0,0,0,0,0,0,0,-1.57791142481597,-0.0592351470027324,3.54102390832501,0,0,0,0,0,0,0,0,0,0,0,0,0.0171889433336188,0,0,0,0,0,0,0,0,0,0,0,0,0,0,0,0,0,0,0,0,0,0,0,0,0,0,0,0,0,0,0,-0.0812280387264687,-0.185419424384991,0,0,0,-0.0179738654328021,-0.12517538503467,0,0,0,0,0,0,0,0,0,0,0,0,0,0,0,-0.0162974384809601,-0.0112463990084853,0,0,0,0,0,0,-0.0843213842659447,0,0,0,0,0,0,0,-0.00786312492356431,0,0.0144908123815178,0,0,0,0,0,0,0,0,-0.272235101820564,-0.0476552771458321,-0.866244711525503,0,0,0,0,0,0,0,0,0,0,0,0,0,-0.0418249669084504,0,0,0,0,0,0,0,0,0,0,0,0,0,0,0,0,0,0,0,0,0,0,0,0,0,-0.0168746399150721,0,-0.0782000874856532
"Egr1",0,0,0,0,0,0,0,0,0,0,0,0,0,0,0,-0.0396030860451097,0,0,-0.102438482177883,0,0,3.50371646444828,-2.13867375512696,0,0,0,0,0,0,0,0,0,-0.0118990459733848,0,0,0,0,0,0,0,0,0,0,0,0,0,0,0,0,0,0,0,0,0,0,0,0,0,0,0,0,0,0,-0.107816308593239,0,0,0,-0.0429230862406541,-0.0756059176867018,-0.304960229108788,-0.0450641898125629,0,0,0,0,-0.0334401426154522,0,0,0,0,-0.043512673532344,-0.0121315002964834,0,0,0,0,-0.0146718244606553,0,0,-0.056574678590474,0,0,0,0,-0.117757142244601,0,0,-0.000689088623980941,-0.0153050841964596,0,0,0,-0.00427824773879101,0,0,0,0,0,0,0,0,-0.0296711671822847,0,0,0,0,0,-0.00781384735089372,0,0,0,0,0,0,0,0,0,0,0,0,0,0,0,0,-0.0121831080529381,0,0,0,0,0,-0.187477578797949,-0.00737115102302626,-0.067274659349946,0,0,0,0,0,0,0,0,0,0,0,-0.0363704046800983,-0.0561581655558375,0,-0.00428265018179209,-0.035019202958378
"Egr2",-0.0124353644274979,0,0,0,0,0,-0.00238302758727441,0,0,0,0,0,0,0,0,-0.0224223014937747,0,0,-0.0157927620011118,0,0,-2.13874669909651,3.35600574925435,0,0,0,0,0,0,0,0,0,-0.021219297230647,0,0,0,0,-0.0402228595030016,0,0,0,0,0,0,0,0,0,0,0,0,0,0,-0.00759187345859923,0,0,0,0,0,0,0,-0.0084894155713359,0,0,-0.166953935074366,0,0,0,-0.183309208924423,-0.146404428826776,-0.124786292961952,-0.00385348553406526,0,0,0,0,0,0,0,0,0,-0.01239152023902,-0.0098887356331408,0,0,0,0,-0.0277643255914224,0,0,-0.00946939142699968,-0.0186468412559114,0,0,0,-0.0190156011774903,0,0,0,-0.00550020737415902,0,0,0,-0.00245189724045639,0,-0.0116868417087464,0,0,0,0,0,-0.0195600439899269,-0.0169213539694053,0,0,0,0,0,0,0,0,0,0,0,0,0,-0.0131113874330913,0,0,0,0,0,0,0,0,-0.00469645228048503,0,0,-0.00912077929767333,0,0,-0.187111852169869,-0.00418918289078737,0,0,0,0,0,-0.0124551548718504,-0.0754975181068727,0,0,0,0,0,0,0,0,-0.0286837103288605,0
"Elf1",-0.0382734602972846,0,0,-0.0328289229027166,0,0,0,0,0,0,0,0,0,0,0,0,0,0,0,-0.0457363705990321,0,0,0,2.43397310098592,-0.357882640735665,-0.204037119337052,-0.190701834217354,0,-0.289814519251854,-0.174490045407674,0,-0.00737234491957132,-0.270221145700939,0,0,0,0,0,0,0,0,-0.623388392326029,0,0,0,0,0,0,0,0,0,0,0,0,0,0,0,0,-0.00296172735437316,0,0,0,0,0,0,0,0,0,0,0,0,0,0,0,0,-0.0159994138218657,-0.000684763575837194,0,0,0,0,0,0,0,0,0,0,0,0,0,-0.00129344888564976,0,0,0,-0.0032919207087519,0,0,-0.000531422755365964,-0.045612871235095,0,0,0,0,-0.0138525135447972,0,0,0,0,0,0,0,0,0,0,0,0,0,0,-0.0155003903216139,0,0,0,0,0,0,0,0,0,0,0,0,0,0,0,0,0,0,0,0,0,0,0,0,0,0,0,0,-0.023348587595043,0,0,-0.0107987533248963,0,0,0,0,-0.0090383147998876,-0.0176922340561205,0,0
"Elf2",0,-0.0169902826986664,0,0,0,0,-0.0163924994550235,0,0,0,-0.00737493469479515,0,0,0,0,0,-0.0528191077227988,0,0,0,0,0,0,-0.357888523093592,2.2950169721306,-0.555839244802366,-0.193209475173932,0,-0.172410108366084,-0.0871675770493175,0,-0.606938481301528,0,0,0,0,0,0,0,0,0,-0.017947458725917,0,-0.00075986702813664,-0.0278081575209373,0,-0.0209522125235912,0,0,0,0,-0.0098763084535235,-0.0164636843668146,0,0,0,0,0,0,0,0,0,0,0,0,0,0,0,0,0,0,-0.00962321549732766,-0.00602607811567363,0,0,0,0,-0.0192698909073803,0,0,0,0,0,-0.0114302232001951,0,0,0,0,0,0,0,0,0,0,0,0,0,0,0,0,0,0,0,-0.00389250213335827,-0.00492914820460748,0,0,0,0,-0.00785108799666738,0,0,0,0,0,0,0,-0.00121811748206192,0,0,0,-0.102234647293442,0,0,0,-0.00958426460799453,-0.0227777327909564,0,0,0,0,0,0,0,-0.0134098100654131,0,0,0,0,-0.0154599206033243,0,0,0,-0.0103978421569522,0,0,0,-0.0130687861371911,-0.0174870346831783,0,-0.0232315332631809,0,-0.00389440565714699,0,0,0,-0.00369157890160248,0,0
"Elf4",0,0,0,0,0,0,0,0,0,0,0,0,0,0,0,0,0,0,0,0,0,0,0,-0.204031647547841,-0.555812576028529,2.14417987439125,-0.331189031310123,-0.335904285211702,0,0,-0.384271095410847,-0.00804985521530804,0,0,0,0,0,0,0,0,0,-0.0953621904237449,0,0,0,0,0,0,0,0,0,0,0,0,0,0,0,0,0,0,0,0,0,0,0,0,0,0,0,0,0,0,0,0,0,0,0,0,0,0,0,0,0,0,0,0,0,0,0,0,0,0,0,0,0,0,0,0,0,0,0,0,0,0,0,0,0,0,0,0,0,0,0,0,0,0,0,0,0,0,0,0,0,0,0,0,0,0,0,0,0,0,0,0,0,0,0,0,0,0,0,0,0,0,0,0,0,0,0,0,0,0,0,0,0,0,0,0,0
"Elk1",0,0,0,0,0,0,0,0,0,0,0,0,0,0,0,0,0,0,0,0,0,0,0,-0.190663846057674,-0.193087377645258,-0.331194231791969,4.03194679670225,-1.18376517767786,-0.370083267037982,0,-0.0666264212672461,-0.0781900377557631,-0.317503707350269,0,0,0,0,0,0,0,0,-1.32256166401206,0,0,0,0,0,0,0,0,0,0,0,0,0,0,0,0,0,0,0,0,0,0,0,0,0,0,0,0,0,0,0,0,0,0,0,0,0,0,0,0,0,0,0,0,0,0,0,0,0,0,0,0,0,0,0,0,0,0,0,0,0,0,0,0,0,0,0,0,0,0,0,0,0,0,0,0,0,0,0,0,0,0,0,0,0,0,0,0,0,0,0,0,0,0,0,0,0,0,0,0,0,0,0,0,0,0,0,0,0,0,0,0,0,0,0,0,0
"Elk3",0,0,0,0,0,0,0,0,0,0,0,0,0,0,0,0,0,0,0,0,0,0,0,0,0,-0.335906827077477,-1.18371815922959,2.99795078356338,-0.281053760374988,0,-0.519054357123768,0,-0.099635067429505,0,0,0,0,0,0,0,0,-0.406608962562999,0,0,0,0,0,0,0,0,0,0,0,0,0,0,0,0,0,0,0,0,0,0,0,0,0,0,0,0,0,0,0,0,0,0,0,0,0,0,0,0,0,0,0,0,0,0,0,0,0,0,0,0,0,0,0,0,0,0,0,0,0,0,0,0,0,0,0,0,0,0,0,0,0,0,0,0,0,0,0,0,0,0,0,0,0,0,0,0,0,0,0,0,0,0,0,0,0,0,0,0,0,0,0,0,0,0,0,0,0,0,0,0,0,0,0,0,0
"Elk4",0,0,0,0,0,0,0,0,0,0,0,0,0,0,0,0,0,0,0,-0.00189789614569394,0,0,0,-0.289817668572827,-0.172368428736541,0,-0.369976420968048,-0.281157987188166,3.5199016930685,-0.703296624853266,-0.0753907363262554,0,-0.953128858669806,0,0,0,0,0,0,0,0,-0.555348365971687,0,0,0,-0.00383796706736811,0,0,0,0,0,0,0,0,0,0,0,0,0,0,0,0,0,0,0,0,0,0,0,0,0,0,0,-0.00984993743959964,0,0,0,0,0,0,0,0,0,0,0,0,0,0,0,0,0,0,0,0,0,0,0,0,0,0,0,0,0,-0.0244551332483965,0,0,0,0,0,0,0,0,0,0,0,0,-0.0463927742132056,0,0,0,0,0,0,0,-0.0362850279981698,0,0,0,0,0,0,0,0,0,0,0,0,0,0,0,0,0,0,0,0,0,0,0,0,0,0,-0.00114402832079129,0,0,0,0,0,0,0
"Ets1",0,0,0,0,0,0,-0.00154616056911159,0,0,-0.00147396582847189,-0.000543559184631037,0,0,0,0,0,-0.0190526094427441,-0.00130113123517605,0,0,0,0,0,-0.174556878642349,-0.0871766019361457,0,0,0,-0.70342411327255,3.09924875652991,-0.0450470195019507,-0.764491433784396,-0.745111906577655,0,0,0,0,-0.00314225414614489,-0.0120493876692685,0,0,-0.34627282810903,0,-0.000812030944454748,0,0,-0.0107048395467619,0,0,0,-0.0132849305355942,-0.00417486034091549,0,0,0,0,-0.0153993697355379,0,-0.0722333866541693,0,0,0,-0.0315336364911087,0,0,0,0,0,0,0,0,0,0,0,0,0,0,0,0,0,0,0,0,0,0,0,0,0,0,0,-0.00983520700824198,0,0,0,0,0,0,0,-0.0112726809277465,0,0,0,0,-0.00489057172957134,0,0,0,-0.0131201446262651,0,-0.0188442761505716,0,0,0,-0.00101372764152212,0,0,0,0,-0.00152885102318548,0,0,0,0,-0.00815891856657345,0,-0.0106696754580892,-0.0132385356607476,-0.0252196799330629,0,0,0,0,0,0,0,0,0,-0.00535260990565564,0,0,0,0,0,0,0,0,-0.0409686394211763,0,0,0,-0.0482943185354614,0,-0.0381165877190852,0,0,0,0,0,0
"Etv3",0,0,0,0,0,0,0,0,0,0,0,0,0,0,0,0,0,0,0,0,0,0,0,0,0,-0.384287273336815,-0.0666141337605565,-0.51911370427024,-0.075461880770843,-0.0450363769843303,2.02837676194875,-0.0769622664216442,-0.347087273072696,0,0,0,0,0,0,0,0,-0.211714260704505,0,0,0,0,0,0,0,0,0,0,0,0,0,0,0,0,0,0,0,0,0,0,0,0,0,0,0,0,0,0,0,0,0,0,0,0,0,0,0,0,0,0,0,0,0,0,0,0,0,0,0,0,0,0,0,0,0,0,0,0,0,0,0,0,0,0,0,0,0,0,0,0,0,0,0,0,0,0,0,0,0,0,0,0,0,0,0,0,0,0,0,0,0,0,0,0,0,0,0,0,0,0,0,0,0,0,0,0,0,0,0,0,0,0,0,0,0
"Etv6",0,0,0,0,0,0,0,0,0,-0.0145095111920293,-0.00358180238047226,0,-0.0370551060187856,-0.00155306879600837,0,0,-0.0162151461980837,0,0,0,0,0,0,-0.00735135725373523,-0.606918236738381,-0.00803857787195316,-0.0781390388538246,0,0,-0.764465695107479,-0.0769489055160582,2.14005377921949,0,0,0,0,-0.00509754246849059,-0.00755745956495007,-0.045800460966357,0,0,-0.0778064498081441,-0.039072019762686,0,0,0,0,0,-0.0032312469383663,0,-0.0236376601171576,-0.00944150383807189,0,0,-0.00726821015111867,-0.010430583190371,-0.0378199931458978,0,-0.0421407272203811,0,0,0,-0.0178442162728779,0,0,0,0,0,0,0.000545071087246312,0,0,-0.00927531725890055,0,0,0,0,0,0,0,0,0,-0.0235542228873332,-0.0248081177096105,0,0,-0.0100360049445496,0,0,0,0,0,0,0,0,0,-0.00178966777808738,0,0,0,-0.0113081933062027,0,0,0,-0.0112391357742915,-0.0113764223406572,-0.0350034090946393,-0.0388566573119018,0,-0.0139926907156895,0,0,0,0,0,0,0,0,0,0,0,-0.0323716898332766,0,-0.0321438750635637,0,-0.0457511498699764,0,-0.00169442000122565,-0.0663200727842748,-0.00176612714727037,0,0,0,0,0,0,0,0,0,0,0,0,0,0,0,0,0,0,0,0,0,0,0,0,0,0,0,0,0
"Fli1",-0.00506552766003402,0,0,-0.00427858609110557,0,0,0,0,0,0,0,0,0,0,-0.0108296780785907,0,0,0,0,0,0,-0.0118823876722348,-0.0211162797377149,-0.270230182764548,0,0,-0.317460175690916,-0.0996007213428901,-0.953058949967639,-0.745120048269222,-0.34710473621519,0,3.83649782561031,0,0,0,0,0,0,0,0,-0.886367743092415,0,0,0,-0.0330371366780882,0,0,0,0,0,0,0,0,0,0,0,0,0,0,0,0,0,0,-0.0237720119077969,0,-0.00137756158815008,-0.0272575570664268,0,-0.0164343852399259,0,0,0,0,0,-0.00570064723599341,-0.0357945962956159,0,0,0,-0.0102848357039058,0,0,0,0,0,0,0,-0.0158939039501207,-0.00530197050925424,0,0,0,0,-0.0402211067853459,0,0,0,-0.00654155412328483,0,0,0,-0.00206256118886934,-0.0202783128949884,0,0,0,0,0,0,0,0,0,0,0,0,0,-0.0268034333357222,0,0,0,0,0,0,0,0,0,0,0,0,-0.0192804480882852,0,-0.00279617227468755,-0.0458664770116728,0,0,0,-0.00566184073347319,0,0,0,0,0,0,0,0,0,0,0,0,0,0,0,0,-0.091143264770365,0,0,-0.0118568977177787,-0.0371155441931564
"Fos",0,0,0,0.0113317909731249,0,0,0,0,-0.40493040963612,0,0,0,0,0,0.0226082103125904,0,0,0,0,0,0.017335758346733,0,0,0,0,0,0,0,0,0,0,0,0,4.2014368348139,-2.04807084533289,-0.747222532555703,0,0,0,0,0,0,0,0,0,0,0,0,0,0,0,0,0,0,0,0,0,0,0,0,-0.583851002344826,-0.17239408790343,-0.128228760154245,0,0,0,0,0,0,0,0,0,-0.0801450934762658,0,0,0,0,0,0,0,0,0,-0.00943312942886479,-0.0534401437172856,0,0,0,0,0,0,0,0,0,0,0,0,0,0,0,0,0,0,0,0,0,0,0,0,0,0,0,0,0,0,0,0,0.0145474177560395,0,0,0,0,0,0,0,0,0,0,0,0,0,0,0,0,0,0,0,-0.0166602860480609,0,0,0,0,0,0,0,0,0,0,0,0,0,0,0,0,0,0,0,0,0,0
"Fosb",0,0,0,0.01758051975387,0,0,0,0,-0.617565892602345,0,0,0,0,-0.00298257103607273,0.0473795741124142,0,0,0,0,0,0,0,0,0,0,0,0,0,0,0,0,0,0,-2.04807928340244,4.24427861888573,-0.648561421164418,0,0,0,0,0,0,0,0,0,0,0,0,0,0,0,0,0,0,0,0,0,0,0,0,-0.344061613993748,-0.44042815420981,-0.134452072505017,0,0,0,0,0,0,0,0,0,-0.0209213387937739,0,0,0,0,0,-0.00292491177906368,0,0,0,0,-0.0055238306479874,0,0,0,0,0,0,0,0,0,0,0,0,0,0,0,0,0,0,0,0,0,0,0,0,0,0,0,0,0.0241094990491665,0,0.0125008471612605,0,0,0,0,0,0,0,0,-0.000432045583419968,0,0,0,0,0,0,0,0,0,0,0,0,0,0,0,0,0,0,0,0,0,0,0,0,0,0,0,0,0,0,0,0,0,0,0
"Fosl2",0,0,0,0,0,-1.26798550423177,0,0,-0.226949555229843,-0.000241915485759292,0,0,0,0,0,0,0,0,0,0,0,0,0,0,0,0,0,0,0,0,0,0,0,-0.747256311487608,-0.648756508656561,3.66054225115404,0,0,0,0,0,0,0,0,0,0,0,0,0,0,0,0,0,0,0,0,0,0,0,0,-0.44115409332272,-0.0750925324896287,-0.251587762432049,0,0,0,0,0,0,0,0,0,-0.0872599072816112,0,0,0,0,0,-0.00737167081400116,0,0,0,0,-0.083470724688572,-0.00185098477973864,0,0,0,0,0,-0.00566625771650035,-0.00239713971267201,0,0,0,0,0,0,0,0,0,0,0,0,0,0,0,0,0,0,0,0,0,0,0,0,0,0,0,0,0,0,0,0,0,0,0,0,0,0,0,0,0,0,0,0,0,0,0,0,0,0,0,0,0,-0.0034365160855519,0,0,0,0,0,0,0,0,0,0,0,0,0
"Foxj3",0,0,0,0,-0.00690832971787141,0,0,0,-0.0169073004026445,0,0,0,0,-0.0376084222469897,0,0,0,-0.0102973243361341,0,0,0,0,0,0,0,0,0,0,0,0,0,-0.0050932294907831,0,0,0,0,1.60103104746164,-0.260449446128319,-0.109335204573825,-0.270464540738316,-0.0622859848248866,0,-0.0128620882582735,-0.0244843234310539,0,0,-0.020677553077915,-0.00567765749529653,-0.016649602759499,0,0,-0.0185889999817356,0,-0.0472268685949673,0,0,0,0,0,0,0,0,0,0,0,0,0,0,0,0,0,0,-0.0133984032368187,0,0,0,0,0,0,0,0,0,0,0,-7.52888934297201e-05,-0.00890388760280451,0,0,0,0,-0.00258947800950212,-0.00416446872571189,-0.00392415701527196,0,0,0,0,-0.00572971997378302,-0.00967998610513578,0,0,0,0,0,-0.00593264030508931,-0.0165405952854937,0,-0.0115817055573232,0,0,0,0,0,-0.00544753100138205,0,0,0,0,0,-0.0948749692922411,-0.0488520080271683,0,0,-0.0116950916165844,0,0,0,0,-0.0283438024634746,0,0,0,0,-0.0068611281101407,0,0,0,-0.00374614929703257,0,0,0,0,0,-0.00472817569041705,-0.00811316578503575,0,0,0,0,-0.190502206407917,-0.000640989279663208,0,0,-0.318712226436458,0,0,0,0,0
"Foxn3",-0.00299740717624343,-0.00491989116077266,0,-0.00685656789104546,-0.00793025735996944,0,0,0,0,-9.951496735175e-05,0,0,0,-0.0207337517124957,0,0,0,-0.00197421214057476,0,0,0,0,-0.0402818171953391,0,0,0,0,0,0,-0.0031206887347452,0,-0.00756669836636269,0,0,0,0,-0.260451248949999,1.70738315457212,-0.167450296759167,-0.34652479044746,-0.353674533865277,0,-0.0523285193348113,0,-0.00692976551726749,0,-0.00584560685296584,-0.0110812562616118,-0.0113684380218461,-0.00344676449440936,-0.0200409241050464,-0.0183116163611204,-0.00502586825745381,0,0,0,-0.0190332668855566,0,0,-0.026128161278115,-0.0213048929786832,-0.0301767694939345,0,0,0,0,0,0,0,0,0,0,-0.0120656293265767,0,0,0,0,-0.0234301289450615,0,0,0,0,-0.0123500102665317,-0.037437401195336,-0.00384369678071714,0,-0.0415766842171635,0,-0.00113678786289922,0,-0.00762177120272163,-0.0013787892236456,-0.0243086993269925,0,0,0,0,-0.0151151267936935,0,0,0,0,-0.00791506119254246,-0.000979703874535116,-0.0363633309736081,-0.0325776210764402,-0.0612319525863816,-0.00185584650114526,-0.0138240753300708,0,-0.0111644259961951,-0.0180107730520034,0,0,0,0,0,-0.0173040678863141,0,0,0,-0.0338903195420215,0,-0.0328262416235844,0,-0.0344692513063145,0,0,0,0,0,0,-0.0303713257881898,-0.0271726874366423,-0.00379468827984295,0,0,-0.0415588886176955,0,0,0,-0.00808794179424478,0,-0.0234022100192519,-0.00231187420544089,-0.0208840835343817,0,-0.000470913348226089,0,0,0,0,0,0,0,0,0,0,0
"Foxo1",0,0,0,0,0,0,0,0,-0.0286016575500317,-0.0444264725499999,-0.00482196203373738,0,0,0,0,0,0,0,0,0,0,0,0,0,0,0,0,0,0,-0.0120384395767107,0,-0.0457988304775639,0,0,0,0,-0.109353134056032,-0.167470641329403,1.90430930759448,-0.843136740544977,-0.314848406650398,0,-0.0184340590895903,0,-0.00641448315622216,0,0,0,0,0,-0.00211733852570469,0,-0.00486888649132517,0,0,0,0,0,-0.0119070560108907,0,0,-0.0118475926423368,-0.00847101052318634,0,0,0,0,0,0,0,0,0,-0.00451384646883668,0,0,0,0,0,-0.00250466380997638,0,0,0,-0.0299743031124709,-0.011329662698084,0,-0.00311635506995154,-0.0175405962173336,0,0,0,-0.00749722722634555,-0.0280135681658289,-0.00055454772548248,-0.00458946708404159,0,0,-0.00484385628328838,0,-0.0128640338818081,-0.00390535760660164,0,0,0,0,-0.00284003054030563,0,-0.00290349626243442,0,0,-0.00027431184412733,0,0,0,0,0,0,0,0,0,0,0,-0.00404490721553733,-0.00154701857869152,-0.00577073448054218,0,-0.00775913217917471,-0.0144058589931848,-0.00293208963757247,0,0,0,0,0,0,0,0,0,-0.0227144084589072,0,-0.00681263574604233,0,0,0,-0.0122053827614811,-0.000262691032766708,0,0,0,0,0,-0.0223006642384013,0,0,0,0,0,0,0,0
"Foxo3",0,0,0,0,0,0,0,0,0,0,0,0,0,0,0,0,0,0,0,0,0,0,0,0,0,0,0,0,0,0,0,0,0,0,0,0,-0.270459131538003,-0.346536769526627,-0.843160245771969,2.81183047289541,-1.30654713012098,0,0,0,0,0,0,0,0,0,0,0,0,0,0,0,0,0,0,0,0,0,0,0,0,0,0,0,0,0,0,0,0,0,0,0,0,0,-0.00809431223523424,0,0,0,0,0,0,0,0,0,0,0,0,0,0,0,0,0,0,0,0,0,0,0,0,0,0,0,0,0,0,0,0,0,0,0,0.00202514694217212,0,0,0,0,0,0,0,0,0,0,0,0,0,0,0,0,0,0,0,0,0,0,0,0,0,0,0,0,0,0,0,0,0,0,0,0,0,0,0.0265045806818983,0,0,0,0,0
"Foxp1",0,0,0,0,0,0,0,0,0,0,0,0,0,0,0,0,0,0,0,0,0,0,0,0,0,0,0,0,0,0,0,0,0,0,0,0,-0.0622763398653001,-0.35366412168772,-0.314839451734536,-1.30650660939607,2.33205603425579,0,0,0,0,0,0,0,0,-0.0246210360843665,0,0,0,0,0,0,0,0,0,0,0,0,0,0,0,0,0,0,0,0,0,0,0,0,0,0,0,0,0,0,0,0,0,0,0,0,0,0,0,0,0,0,0,0,0,0,0,0,0,0,0,0,0,0,0,0,0,0,0,0,0,0,0,0,0,0,0,0,0,0,0,0,0,0,0,0,0,0,0,0,0,0,0,0,0,0,0,0,0,0,0,0,0,0,0,0,0,0,0,0.0159945586564432,0,0,0,0,0,0,0,0,0
"Gabpa",0,-0.0236627959917837,0,0,0,0,0,0,0,0,0,0,0,0,0,0,0,0,0,0,0,0,0,-0.623447399442505,-0.018028517668427,-0.0953651604509058,-1.32279256049933,-0.406659103365355,-0.555413392873401,-0.346436047241268,-0.211762207462657,-0.0777905123850102,-0.886432956604697,0,0,0,0,0,0,0,0,4.46812920139488,0,0,0,-0.00749917671970884,0,0,0,0,0,0,0,0,0,0,0,0,0,0,0,0,0,0,0,0,0,0,0,0,0,0,0,0,0,-0.00128814396583201,0,0,0,0,0,0,0,0,0,0,0,0,0,0,0,0,0,0,0,0,0,0,0,0,0,0,0,-0.0067368060947031,0,0,0,0,0,0,0,0,0,0,0,0,-0.0585783069887575,0,0,0,0,0,0,0,0,0,0,0,0,0,0,0,0,0,0,0,0,0,0,0,0,0,0,0,-0.00306512891102645,0,0,0,0,0,0,0,0,0,0,0,0,0,0
"Gata3",0,0,0,0,0,0,0,0,0,-0.0522070605315798,-0.0404115779413345,0,0,-0.030319948773569,0,0,-0.0046139712710093,-0.056174135658369,0,0,0,0,0,0,0,0,0,0,0,0,0,-0.0390717535865801,0,0,0,0,-0.0128606479515853,-0.0523305494071046,-0.0184341737893003,0,0,0,1.14917167419726,-0.0207639785907544,0,0,-0.0360940189062411,0,-0.0182345562155464,-0.00290114585075025,0,0,-0.00520014732885208,0,0,0,-0.0400047730199068,-0.0181722944474343,0,-0.0169969398246798,0,-0.0395576148654377,0,0,0,0,0,0,0,0,0,0,-0.0408995556316386,0,0,0,0,0,0,0,0,0,-0.0286643870055257,-0.0068763788504467,-0.0186044834810577,0,-0.0145927167915158,0,0,0,0,0,-0.0468538839967015,0,0,0,-0.0412300261270147,-0.00733631571816235,0,0,-0.0422759483029374,0,0,0,-0.0240792935423002,-0.0377075579801334,-0.0594800313404728,-0.00558856353528889,0,-0.014897548987754,-0.0215063112721217,0,0,0,0,0,0,-0.012850184146569,0,-0.0060316345606675,0,-0.00104190913068401,-0.0316801143372539,-0.0363226539774855,0,-0.0332719476401478,0,-0.00973993502524588,-0.036557733431113,0,0,0,0,0,-0.0168551153926582,0,0,-0.0331734696367323,0,0,0,0,0,-0.000287856264323239,0,-0.0312097168994181,0,0,0,-0.0151813803795456,0,0,0,-0.0100813876996928,0,0,0,0,0
"Gfi1",0,-0.00547008365456153,0,-0.0163829266478524,0,0,0,0,0,-0.0170939328447203,-0.00390364990479348,0,0,-0.0112291446021655,0,0,-0.00348681752464461,0,0,0,0,0,0,0,-0.000762703288489007,0,0,0,0,-0.000815616338395429,0,0,0,0,0,0,-0.024483255983724,0,0,0,0,0,-0.0207630460332022,0.977360625525337,-0.00299099890124853,0,-0.0143601664263166,0,0,0,0,0,0,0,0,0,-0.0161511673182444,-0.00228630798290279,0,0,0,0,0,0,0,0,0,0,0,0,0,0,-0.0143509416607906,0,0,0,-0.0115087460946852,0,0,0,0,0,0,-0.017907312849521,0,0,-0.00108914098640661,-0.029871300745575,-0.00642128745523987,-0.0336982045969808,0,0,0,0,0,0,0,0,-0.0182867331036232,0,-0.00984451799738975,0,0,0,-0.0154443398029256,0,0,0,0,0,0,0,0,-0.00724844872352757,0,0,0,0,0,-0.00491089127176511,0,-0.000617871257746497,-0.0151467250791746,0,0,-0.00449754728747798,0,0,-0.0143932437856377,-0.0130162707497267,0,0,0,-0.00550558070921163,0,0,-0.000356761760083853,-0.00848173229024321,0,0,0,0,0,-0.00135819510379883,-0.000228428024548387,-0.00275262051021825,-0.0137465113963295,0,0,-0.0032174778808736,0,0,0,0,0,0,0,0,0
"Glis3",0,-0.00819698012497808,0,-0.0239602880823118,-0.00544839020433657,0,-0.00994101305686926,-0.00375724314814201,-0.0114019334118138,-0.00903379318013065,-0.0101799174626985,0,0,0,0,0,-0.00943456982230099,0,0,-0.0143102527633947,0,0,0,0,-0.0278117774925454,0,0,0,0,0,0,0,0,0,0,0,0,-0.00693203210650876,-0.00641674264092044,0,0,0,0,-0.0029917190241798,0.976509343025596,0,-0.0143462967076454,0,0,0,0,0,0,0,0,0,0,0,0,0,0,-0.00464882942638032,0,-0.000393686191553858,0,0,0,0,0,0,0,-0.00530797603076899,-0.0231770979640948,-0.00984606572449296,0,0,-0.000567637923405627,0,0,0,-0.00662842538848892,0,0,0,0,0,0,0,0,0,-0.00572557207234861,0,0,0,0,-0.00937917446038714,-0.007175269921441,0,0,-0.00955316704705046,0,0,0,0,0,0,0,0,0,-0.00147768208198956,0,0,0,-0.00793518986041347,0,0,0,0,0,0,0,0,0,0,-0.00388778477090759,0,-0.00546172785075039,0,0,0,0,0,0,0,0,0,0,0,0,-0.00199478434745157,0,0,0,0,0,0,0,-0.013690037104293,-0.0254873129070839,0,0,0,-0.0215451432101051,0,0,0,0,-0.0249545542544665,0
"Gmeb1",0,0,0,-0.19850953647971,0,0,-0.036416468728407,0,0,0,0,0,0,-0.00674138660406458,0,0,0,0,-0.0164556630447556,0,0,0,0,0,0,0,0,0,-0.00382904853495483,0,0,0,-0.0330461091322898,0,0,0,0,0,0,0,0,-0.00750274804640831,0,0,0,1.01323719028377,0,0,0,0,0,-0.0140668470236015,0,0,0,0,0,0,0,0,-0.0329670953734625,0,0,0,0,0,0,0,0,0,-0.0117771935925964,0,0,0,0,0,0,0,0,0,-0.00236908504270803,0,0,0,0,0,0,0,0,0,0,0,0,0,-0.022642614013699,0,0,0,0,0,0,0,0,0,0,0,0,0,0,0,0,0,0,0,0,0,0,0,0,0,0,0,0,0,-0.000519317154376928,0,0,-0.000279466756591247,0,0,0,0,0,0,-0.00184973965904777,-0.0281054311874805,0,0,0,0,0,0,0,0,0,0,-0.00262697213446161,0,0,0,0,0,0,0,0,0,0,0,-0.00114165642827375
"Hic1",0,0,0,0,-0.0124070650028504,0,0,0,0,-0.0336417667879782,-0.00442962474328189,0,-0.0018429957870823,-0.00564917070361784,0,0,-0.140222155537028,0,0,-0.0124157238608681,0,0,0,0,-0.0209496933177356,0,0,0,0,-0.0106965355312277,0,0,0,0,0,0,-0.0206743727605779,-0.00584569544494568,0,0,0,0,-0.0360953399522957,-0.0143612245014461,-0.014344749960179,0,1.12175086079192,-0.00790826924029812,0,0,-0.0054170301736294,-0.0102780640523614,0,0,0,0,-0.0112653387882653,0,0,0,0,0,0,-0.00197389848652991,0,0,0,-0.00449520214513289,0,0,0,-0.0413793038334822,-0.0114087205341262,-0.00202405643091805,0,0,0,0,0,0,0,-0.0189491825332871,-0.00789826544539023,-0.0119089814766713,0,-0.0144469871870378,-0.00134464507350636,0,0,0,-0.00870719999782989,0,0,0,0,0,-0.0260520121042138,-0.00583100672023911,-0.00602725049285467,0,-0.00920888246733477,0,0,-0.0435637408137637,-0.018261456501665,0,0,-0.0170480259243456,0,-0.00934661879602216,-0.0517020768085943,-0.00908084720905676,0,-0.0280657467459254,0,0,0,-0.0342788362756674,-0.0184169334715715,0,0,-0.0155532667867738,-0.00170958905419439,-0.00677609368189017,0,0,-0.0235784877821794,-0.00742466113211438,0,0,0,0,0,0,-0.00973199397421147,0,0,-0.054018350672958,0,-0.00531771094487624,0,0,0,-0.00701861203240724,0,0,0,-0.0266491102626847,0,0,-0.028860881789081,0,-0.0152908797221959,0,0,-0.0252945538669589,-0.000957764102634944,-0.0216017951008953,-0.0111339018992089
"Hlx",0,0,0,0,0,0,0,0,-6.20216569629119e-05,0,-0.00300600597036461,0,0,-0.016017071995356,0,0,0,0,0,0,0,0,0,0,0,0,0,0,0,0,0,0,0,0,0,0,-0.00567772518904309,-0.0110813773821009,0,0,0,0,0,0,0,0,-0.0079083688497584,1.38639826246803,-0.0035249588136525,0,0,0,0,0,0,0,0,0,-0.00838074636383579,0,0,0,0,0,0,0,0,0,0,0,0,0,0,0,0,0,0,0,-0.202437830097817,0,0,0,0,-0.000788524882548131,0,0,0,0,0,0,0,0,0,0,0,0,0,-0.124150146154645,-0.00696079978862859,0,0,-0.00721423655520982,0,0,0,0,0,0,0,0,0,0,0,0,0,0,0,0,0,0,0,0,0,0,0,-0.00183657508553649,0,0,0,0,0,0,0,0,0,0,-0.700117405881377,0,0,0,0,0,0,0,0,0,0,0,0,0,0,0,0,0,0,0,0,0,0
"Hmg20b",0,0,0,0,0,0,0,0,-0.0217494305269178,-0.00059438767624203,0,0,0,-0.0181677715184898,0,0,0,0,0,0,0,0,0,0,0,0,0,0,0,0,0,-0.00322923462405352,0,0,0,0,-0.0166508872820428,-0.0113701312957039,0,0,0,0,-0.0182351712019274,0,0,0,0,-0.00352513217368022,0.960721787738831,0,0,0,0,0,0,0,-0.00805990247955345,0,-0.0162848982918052,-0.00882202214927983,0,-0.00129392729883825,0,0,0,0,0,0,0,0,0,0,-0.00102101394403929,0,0,0,0,0,0,0,0,0,-0.000948053236005275,-0.00195837868985675,0,0,0,0,0,0,0,-0.00432253030146938,-0.00517085054390252,0,0,0,0,0,0,0,0,0,0,0,0,-0.00461682284384532,-0.0272284437135243,0,0,0,0,0,0,0,0,0,0,0,0,0,0,0,0,-0.0011146832163207,0,-0.0178518963553728,0,0,-0.0040916308107029,0,0,0,-0.00144439914882975,0,0,0,0,-0.00250014357825911,0,0,0,0,0,0,0,0,0,0,0,-0.00850155591773503,0,0,0,-0.0123313948301528,0,0,0,0,0
"Homez",0,0,0,0,0,0,0,0,0,0,0,0,0,0,0,-0.000128021272995361,0,0,0,0,0,0,0,0,0,0,0,0,0,0,0,0,0,0,0,0,0,-0.00344668108033462,0,0,-0.024621294712305,0,-0.00290116128261056,0,0,0,0,0,0,0.949578800298611,-0.00930550819380249,0,0,0,0,0,0,0,0,0,0,0,0,0,0,0,0,0,0,0,0,0,0,0,0,0,0,0,0,0,0,0,0,0,0,0,0,0,0,0,0,0,0,0,-0.00660753555943088,0,0,0,0,0,-0.00800650419187254,0,0,0,0,0,0,0,0,0,0,0,0,0,0,0,0,0,0,0,0,0,0,0,0,0,0,0,0,0,0,0,0,0,0,0,0,0,0,0,0,0,0,0,0,0,0,0,0,0,0,0,0,0,0,0,0,0,0
"Hsf2",0,0,0,0,0,-0.022095126213589,0,0,0,-0.0290244341192049,-0.00361759588140114,0,-0.0172541709265766,0,0,0,0,0,0,0,0,0,0,0,0,0,0,0,0,-0.0132835423080538,0,-0.0236386868928416,0,0,0,0,0,-0.020041297610802,-0.00211837927706629,0,0,0,0,0,0,0,-0.00541729227033264,0,0,-0.00930546623388649,0.976742790773012,-0.0209089919851105,0,0,0,0,-0.0105651619013316,0,0,0,0,0,0,0,-0.00351407952816099,0,0,0,0,0,0,0,0,0,0,0,0,0,0,0,0,0,-0.0133897973149659,0,0,0,0,0,0,0,0,0,-0.00669174922003952,0,0,0,-0.00236572259494706,0,0,0,-0.00609887486767685,0,-0.00425992921245742,0,-0.0145332193856001,-0.00292124271523227,-0.0123452465731574,0,0,-0.00681750663671097,0,-0.0126076128447973,0,0,0,0,0,-0.00657873501496276,-0.0131784625811911,0,0,-0.00688369198858991,-0.0152943232025303,-0.0132405414961014,0,-0.0344519641833139,0,-0.0138571142257023,0,0,0,0,0,0,0,0,0,0,0,0,0,0,0,0,0,-0.00298943963455102,0,0,-0.0091278775584898,0,0,0,0,0,0,0,0,0,0
"Ikzf1",0,0,0,0,0,0,0,0,0,-0.0299631684516243,-0.00243406291936993,0,0,0,0,0,-0.00122127309289986,0,0,0,0,0,0,0,-0.00987182995025361,0,0,0,0,-0.00416956384555747,0,-0.0094433701011551,0,0,0,0,-0.0185877291421942,-0.0183117205149854,0,0,0,0,0,0,0,-0.0140666001068333,-0.0102783988528838,0,0,0,-0.0209087763562768,1.0110180254474,-0.0226124570159553,-0.0186614876664322,0,0,0,-0.00847627985305147,0,0,0,0,-0.00363883415068953,0,0,-0.0129735266736661,0,-0.0104477103633904,0,0,0,-0.00501274004001281,0,0,0,0,-0.0059592836517993,-0.00306423991737704,0,0,0,-0.0150035103317895,0,0,0,0,0,0,0,0,0,0,0,0,0,-0.00101219503497765,0,0,-0.0120631104106559,-0.00811393632604103,-0.00375313299957033,-0.00725562669501,0,0,0,0,-0.00602667308340038,0,0,-0.0292507652872084,0,0,0,-0.00289828165697865,0,0,0,0,0,0,-0.00161657596270279,-0.00967518564518168,0,-0.00381354124423077,0,-0.0316933175166617,-0.0296423856084295,-0.00127550396660158,-0.0301109449054529,0,0,0,0,0,0,0,0,-0.0150924656391597,0,-0.00583906590178229,0,0,0,-0.0045882673988684,-0.0327028470465844,0,0,-0.00678249666945286,0,0,-0.016994150368907,0,-0.0172820197642454,0,0,0,-0.0118608058027377,0,-0.0339078809350252
"Ikzf3",-0.0205259659726486,0,0,0,0,0,0,0,0,-0.00560903225572276,0,0,0,0,0,0,0,0,0,-0.0258775377804637,0,0,-0.00759121889624068,0,-0.0164592737272211,0,0,0,0,0,0,0,0,0,0,0,0,-0.00502064480637161,-0.00486469077078537,0,0,0,-0.00519878745640513,0,0,0,0,0,0,0,0,-0.0226120685278389,1.08084396022882,0,0,-0.00627297919044922,0,-0.00269175729227032,0,0,0,0,0,-0.011403367363051,0,0,0,0,0,0,0,0,0,0,0,0,-0.0305894663192626,0,0,0,0,0,-0.00088040810736914,0,0,-0.0261618706928415,-0.0194045341148493,-0.0109100736146019,-0.00466616179783981,0,0,0,-0.0109774842651309,0,-0.00850374488386833,0,0,0,0,-0.023408120349466,-0.0331864635948866,-0.030344568113161,-0.00399164016338759,-0.0219713892753037,0,0,0,0,0,-0.0201146477643681,0,0,-0.00211912725145921,-0.000191625288265944,0,0,0,0,-0.00200745294882661,0,0,0,0,0,-0.0117171862191774,-0.00826179048880782,-0.0162760449042765,-0.0129682738139992,0,0,0,0,0,0,0,0,0,-0.0269711796465678,0,-0.0187692628495062,-0.00538219099345169,0,-0.0276286486102968,-0.000926563438074714,0,0,-0.0529100200458485,0,-0.0132979898140886,0,-0.024658482740974,-0.0500829462402324,-0.0387836018847204,0,-0.00690408130958343,-0.020131900825573,0,0,-0.0320522848448089
"Irf1",0,0,0,0,0,0,0,0,0,-0.0131868093540828,0,0,0,0,0,0,0,0,0,0,0,0,0,0,0,0,0,0,0,0,0,0,0,0,0,0,-0.0472415001128789,0,0,0,0,0,0,0,0,0,0,0,0,0,0,-0.0186735087298427,0,2.91590739644651,-1.1292139617573,-0.248697930580886,-0.0751597344846699,-0.105738758414849,-0.246015826168582,0,0,0,0,0,0,0,0,0,0,0,0,0,0,0,0,0,0,0,0,0,0,0,0,0,0,0,0,0,0,0,0,0,0,0,0,0,0,0,0,-0.0580327151540597,0,0,0,0,0,0,0,0,0,0,0,0,0.0154189102245615,0,0,0,0,0,0,-0.460100190212007,-0.588593960558509,0,0,0,0,0,0,0,0,0,0,0,0,0,0,0,-5.85306845523465e-05,0,0,0,0,0,0,0,0,0,0,0,0,-0.0314660937942985,0,0,0,0,0,0,0,0,0
"Irf2",0,0,0,0,0,0,0,0,0,-0.0212323077635997,0,0,-0.007497502921251,0,0,0,0,0,0,0,0,0,0,0,0,0,0,0,0,0,0,-0.00724542714237329,0,0,0,0,0,0,0,0,0,0,0,0,0,0,0,0,0,0,0,0,0,-1.12922788266608,2.41913174687856,-0.0683249590805921,-0.0644074205398805,-0.40119084848554,-0.125789095090036,0,0,0,0,0,0,0,0,0,0,0,0,0,0,0,0,0,0,-0.00190436175393044,0,0,0,0,0,0,0,0,0,0,0,0,0,0,0,0,0,0,0,0,-0.00292391596848195,-0.2650998434768,0,0,0,0,0,-0.013384319029435,0,-0.00456124931174275,0,0,0,0,0,0,0,0,0,-0.00283333106399502,0,0,-0.217736715150647,0,0,-0.0163331586803403,0,0,0,0,-0.0486678314017968,0,0,0,0,0,0,0,0,0,0,0,0,0,0,0,0,0,0,0,0,0,0,0,0,0,0,0,0,0,0
"Irf3",0,0,0,0,0,0,0,0,0,0,-0.341940598902489,0,0,0,0,0,0,0,0,0,0,0,0,0,0,0,0,0,0,0,0,-0.0103963670046861,0,0,0,0,0,0,0,0,0,0,0,0,0,0,0,0,0,0,0,0,-0.00628491074048627,-0.248678575400045,-0.0683456624547382,2.09129667717974,-0.127437642758566,0,-0.0501477641889424,0,0,0,0,0,0,0,0,0,0,0,0,0,0,0,0,0,0,0,0,0,0,0,0,0,0,0,0,0,0,0,0,-0.0119591743760003,0,0,0,0,0,0,0,-0.159572098552395,-0.00359721984807242,-0.104411222164116,0,0,0,0,0,0,0,0,0,0,0,0,0.000858343501448047,0,0,0,0,-0.359518743915754,-0.289712446224763,0,0,0,0,0,0,0,-0.03936240579527,0,0,0,0,0,0,0,0,-0.00599429575745158,0,0,0,0,0,0,0,-0.176241556948152,0,0,0,-0.161076018896475,0,0,-0.0889168739850481,-0.0291111370293919,0,0,0,0,0
"Irf4",0,0,0,0,0,0,0,0,-0.0372576795359379,-0.0341792148670858,0,0,0,-0.0183724587757631,0,0,0,-0.0121686174826474,0,0,0,0,0,0,0,0,0,0,0,-0.0154550138470635,0,-0.0378204329756968,0,0,0,0,0,-0.0190567024968125,0,0,0,0,-0.0400132546795739,-0.0161567106723552,0,0,-0.0112831407997166,0,-0.00805728511407808,0,-0.0105684040604266,0,0,-0.0751319155379632,-0.0644347757621416,-0.127444865606921,2.2097079813198,-0.0815560183113146,-1.29942991727474,-0.0024923021545895,0,-0.0051701208405461,0,0,0,0,0,0,0,0,0,0,0,0,0,0,0,0,-0.0108271964271447,0,0,0,-0.0180139586058037,-0.00168027068776525,-0.0380949546356432,0,0,0,0,0,-0.0155415147701335,-0.0391872983459047,0,0,0,0,0,-0.0180829732685367,0,0,-0.0357803179369717,0,0,0,-0.0180276758527272,-0.0247067065966353,-0.0290377280189764,-0.0112611131605959,0,0,-0.00926276363633807,0,0.00376364808681256,0,0.00696215309551845,0,0,-0.00157655109225441,0,-0.019370308140991,-0.0673195458899949,0,0,0,0,-0.0580598119455022,0,0,-0.000668664672978153,0,0,0,0,0,0,0,-0.019700663191971,-0.0322511301294688,0,0,0,0,0,0,0,0,0,0,0,0,0,0,0,0,0,0,0,0,0
"Irf7",0,0,0,0,-0.00382689095733114,0,0,0,0,-0.0190417817369414,0,0,0,0,0,-0.00438816447528438,0,-0.00307915752538439,0,0,0,0,0,0,0,0,0,0,0,0,0,0,0,0,0,0,0,0,0,0,0,0,-0.0181763511831863,-0.00228883482303328,0,0,0,0,0,0,0,-0.00847850005116822,-0.00270079092529436,-0.105704600381336,-0.401199803654252,0,-0.0815287944483596,1.57398363731753,-0.125991977686565,-0.0153140011750575,0,0,0,0,0,0,0,0,0,0,0,0,-0.00472790223504536,0,0,0,0,0,0,0,0,0,-0.00652660947543265,0,0,-0.0185447365172905,-0.00950823051305002,0,0,0,0,0,-0.0045505877032222,0,0,0,-0.00545901984388591,0,0,-0.32771863352277,0,0,0,0,0,0,0,-0.02492625939201,0,0,0,0,0,0,0,0,0,-0.00655548244549876,0,0,-0.135277423101427,-0.00107760031907109,0,0,0,0,0,0,-0.060982518051998,0,0,0,0,0,0,0,0,-0.0178035088627095,0,0,0,0,0,0,0,0,0,0,0,0,0,0,0,0,0,0,0,-0.0120697539782025,0
"Irf8",0,0,0,0,0,0,0,0,0,0,0,0,0,0,0,0,0,0,0,0,0,0,0,-0.00297653501511357,0,0,0,0,0,-0.0721563588098966,0,-0.0420765923754626,0,0,0,0,0,0,-0.0118980131006135,0,0,0,0,0,0,0,0,-0.00837962674041493,-0.0162825543623745,0,0,0,0,-0.245979651462683,-0.125781959720941,-0.0501326951921011,-1.29936597695329,-0.125982990268587,2.35410650800071,0,0,0,0,0,0,0,0,0,0,0,0,0,0,0,0,0,0,0,0,0,0,0,-0.0219510580664124,-0.0244599500266331,0,0,0,0,0,0,0,0,-0.00482317079284734,0,0,0,0,-2.74768683892497e-05,0,-0.196081293470138,0,0,0,0,0,0,0,0,0,0,0,0,0,0,0,0,0,0,0,-0.0228896716839287,-0.0683302246649224,0,0,-0.021085208453354,0,0,0,0,0,0,0,0,0,0,0,0,0,0,0,0,0,0,0,-0.00429691193083778,0,0,0,0,0,0,0,0,0,0,0,0,0,0,0
"Isl2",0,0,0,0,0,0,0,0,-0.0237915859141386,-0.0540669204372099,0,0,0,-0.0249986220994037,0,0,0,0,0,0,0,0,0,0,0,0,0,0,0,0,0,0,0,0,0,0,0,-0.0261283715722456,0,0,0,0,-0.0169970337442648,0,0,0,0,0,-0.00882187367828876,0,0,0,0,0,0,0,-0.00248826336272209,-0.0153128929654342,0,0.977916626007785,0,0,0,0,0,0,0,0,0,0,0,0,0,0,0,0,0,-0.008198464019347,0,0,0,0,0,0,0,0,0,0,0,0,-0.00184365208322918,0,-0.0121072540046065,-0.00150237086604867,0,0,0,0,-0.00588353577719928,0,0,0,0,0,-0.0146167608402272,0,0,0,0,0,0,0,0,0,0,0,0,0,0,0,-0.0045869340349336,0,0,0,0,-0.00793962394966809,0,0,0,-0.00722074394325492,0,0,-0.00461712912089091,0,0,0,-0.11380198295531,-0.010574489060302,0,0,0,0,0,0,0,0,0,0,0,0,0,0,0,0,0,0,0,0,0
"Jun",0,0,0,0,0,-0.226717342011045,-0.108854121398701,0,0,0,0,0,0,0,0,0,0,0,0,0,0,0,-0.00863631682951529,0,0,0,0,0,0,0,0,0,0,-0.583887475870196,-0.34414250942225,-0.441148332372905,0,-0.0213115974654074,0,0,0,0,0,0,0,-0.0329858777604822,0,0,0,0,0,0,0,0,0,0,0,0,0,0,2.93150706080044,-0.796161640762851,-0.351876909619156,0,0,0,0,0,0,0,0,0,0,0,0,0,0,0,0,0,0,0,0,-0.0490887886240889,-0.00245601431620687,-0.0034843365556467,-0.00221064636621784,0,0,0,0,-0.0115674441874227,-0.0427861640365725,0,0,0,0,0,0,0,-0.00576629077206526,0,-0.00977505567770227,0,-0.00367884444034148,0,0,0,-0.00653345707432584,0,0,-0.00483641946728552,0,-0.00404224643020014,0,0,0,0,0,0,0,-0.00544065293109059,0,0,0,0,0,0,0,-0.00900217542537865,0,0,0,0,-0.00189427321306601,0,-0.00380448201048689,0,0,0,0,0,0,0,0,0,0,0,0,0,0,0,0,-0.0140701824041208,0,0,0,0,0
"Junb",0,0,0,0,0,-0.06845208064776,0,0,-0.236930814635689,-0.00697514208025218,0,0,0,0,0,0,0,-0.00956460737958735,0,0,0,0,0,0,0,0,0,0,0,0,0,0,0,-0.172391183408533,-0.440437274586715,-0.0751170998000116,0,-0.0301932197163325,-0.0118652070535656,0,0,0,-0.039564894991266,0,-0.00465421249345975,0,0,0,-0.00129412890121478,0,0,0,0,0,0,0,-0.00514601684299644,0,0,0,-0.796124504734942,2.37882699759069,-0.2274184910493,0,0,0,0,-0.00277012256511017,0,0,0,0,-0.0159378641547527,0,0,0,0,-0.0122026997018642,0,0,0,0,-0.00955828388702845,0,0,0,-0.0128158437406164,0,0,0,-0.0194841845142181,-0.00441889226854604,-0.011176912260851,0,0,0,0,-0.00933126119164878,0,0,0,0,-0.00647376809172226,0,-0.00248626930247566,0,-0.0114804095027569,-0.014104549916759,0,0,-0.0287297725776375,-0.0174112820146366,0,0,0,0,0,-0.0142543044169881,0,-0.00130745975175624,0,0,0,-0.0149329486718335,0,-0.0233307335599068,0,0,0,0,0,0,-0.025814630393002,-0.0070791339373687,0,0,0,-0.0277377999283605,0,0,0,0,0,-0.0194917546971387,0,-0.00365451200660789,0,0,0,0,0,0,0,-0.0172007072273983,0,0,0,0,0
"Jund",0,0,0,0,0,0,0,0,-0.384591080318355,-0.0199920059374161,-0.0120573340615029,0,-0.000843909009708649,0,0,0,-0.0295982208803191,0,0,0,0,0,0,0,0,0,0,0,0,-0.0315359806786677,0,-0.0178352800457397,0,-0.128210717790233,-0.134463138712518,-0.251646091913775,0,0,-0.00848102153823861,0,0,0,0,0,0,0,0,0,0,0,0,-0.00363993145633136,0,0,0,0,0,0,0,0,-0.351893170294145,-0.227433298796868,1.91407358077789,0,0,0,0,0,0,0,0,0,0,0,0,0,0,0,0,0,0,0,-0.0325988577949476,-0.0218516278550394,0,0,0,0,0,0,0,0,0,0,0,0,0,0,0,-0.00089824551947235,0,0,0,0,0,-0.028825617489414,0,-0.0072411500796137,0,-0.0444015751495408,0,0,0,0,0,0,0,0,0,0,0,-0.00781155466812858,-0.00479699543054779,0,0,-0.0220583596132394,-0.0120738850135826,0,-0.00189982587710676,0,0,0,0,0,0,0,-0.00296491361766695,0,0,0,0,0,0,-0.00794667830989813,0,0,0,-0.0025658814761894,0,0,-0.0224338518924962,0,0,0,0,0,0,0,0
"Klf10",0,0,0,0,0,0,0,0,0,0,0,0,0,0,0,0,0,0,-0.0215767732300782,-0.019995501385535,0,-0.107820414906635,-0.166917001603896,0,0,0,0,0,0,0,0,0,0,0,0,0,0,0,0,0,0,0,0,0,-0.000394324927617102,0,-0.00197444499188099,0,0,0,0,0,-0.0114077932811053,0,0,0,0,0,0,0,0,0,0,1.88488275591769,-0.0091467926134057,-0.0220792880662571,-0.265760054033962,-0.0367237479266618,-0.0267504409022863,-0.160958860194314,-0.0318247437604543,-0.0610155705718,0,0,0,0,0,0,0,0,0,-0.00138806898156738,0,0,0,0,0,0,0,0,0,0,0,0,-0.00255907160880736,-0.00280383233035217,0,0,0,0,0,0,0,0,0,0,0,0,0,0,0,0,0,-0.00945251645030559,-0.0634841925069415,-0.208039927574907,0,-0.0074951225349429,-0.0653184691612105,0,0,0,0,0,0,0,-0.0098020277663529,0,0,0,0,0,0,0,-0.00754931155351313,0,0,0,0,0,-0.0517557491462332,-0.0122013591933415,-0.123051321411818,-0.0144471284439394,-0.0254978072196309,0,0,0,-0.0606147086866935,0,0,0,0,0,0,-0.0267094496426919,-0.0193208166952183,-0.0665347541580077,-0.0083413516109732
"Klf13",0,0,0,0,0,0,-0.00523727007347001,0,0,0,0,0,0,0,0,0,0,0,0,0,0,0,0,0,0,0,0,0,0,0,0,0,-0.0237875599687147,0,0,0,0,0,0,0,0,0,0,0,0,0,0,0,0,0,-0.00351580867530661,0,0,0,0,0,0,0,0,0,0,0,0,-0.00915060336428898,1.22348968816802,-0.0221087845553083,0,-0.0550475480363849,0,0,-0.30058623211444,-0.152887238605721,0,0,0,0,0,0,0,0,0,0,0,0,0,0,0,0,0,-0.0273455049841838,0,0,0,0,0,0,0,-0.00710182571978416,-0.0114828295835107,0,0,0,0,0,-0.0275141183071948,0,0,0,0,0,0,0,0,0,0,0,-0.0491917119169601,-0.0161944468260423,0,0,0,0,0,0,0,0,0,0,0,0,0,0,0,0,0,0,0,-0.031529548134961,0,0,0,0,0,0,0,0,0,0,0,0,0,0,0,0,0,0,0,0,0
"Klf2",0,0,0,0,0,0,0,0,0,0,0,0,0,0,0,0,-0.0134266351172473,0,0,0,-0.0813181156161275,0,0,0,0,0,0,0,0,0,0,0,0,0,0,0,0,0,0,0,0,0,0,0,0,0,0,0,0,0,0,-0.012985563516509,0,0,0,0,0,0,0,0,0,0,0,-0.0221351171919105,-0.0221101550272978,2.63873747546848,-0.250750466509993,0,0,0,-0.428278072603223,-1.12947742829552,0,-0.0020451578659998,0,0,-0.00436598472114076,0,0,0,0,0,0,0,0,0,0,0,0,0,0,0,0,0,0,-0.199433672083366,0,0,0,0,0,0,0,-0.00386522940615338,0,0,0,0,0,0,0,0,0,0,0,0,-0.295676044590909,0,-0.00868199935553329,0,0,0,0,0,0,0,-0.0219865689611458,-0.0162752467722698,0,0,0,0,0,0,0,0,0,0,0,-0.0128815037328306,0.135101197085984,0,0,0,0,0,0,0,0,0,0,0,0,0,0,0,-0.035251631003903,0,-0.0210697290446242
"Klf3",-0.0131191955537719,0,0,0,0,0,0,0,0,0,0,0,0,0,0,0,0,0,-0.316895430496979,0,-0.185354586452659,0,0,0,0,0,0,0,0,0,0,0,-0.0014861941928621,0,0,0,0,0,0,0,0,0,0,0,0,0,0,0,0,0,0,0,0,0,0,0,0,0,0,0,0,0,0,-0.265820510558668,0,-0.250628093452414,4.79491245710838,-0.14150679383256,-0.187012444672954,-0.587802666696997,-0.384166768234634,-0.196997447656305,0,-0.00572189237876488,0,-0.00862659184668675,-0.0443424831216749,0,0,0,0,0,0,0,0,0,0,0,-0.00403190232217313,0,0,0,0,0,-0.00325308635715038,-0.562862787502357,0,0,0,0,0,0,0,0,0,0,0,0,0,0,0,0,0,-0.00461177971788322,-0.402983032079877,-1.03777570018695,-0.434204747670897,0,0,0,0,0,0,0,0,0,0,0,0,0,0,0,0,0,0,0,0,0,0,0,0,0,0,0,0,0,0,0,0,0,0,0,0,0,0,0,-0.0508227125048709,0,-0.0587167390198546
"Klf4",-0.0198235370961529,0,0,0,0,-0.028458338247612,0,0,0,0,0,0,0,0,0,0,0,0,0,0,0,-0.0430368480596628,-0.183221580486388,0,0,0,0,0,0,0,0,0,-0.0274219428241925,0,0,0,0,0,0,0,0,0,0,0,0,0,-0.00454021277174712,0,0,0,0,-0.0104841441642962,0,0,0,0,0,0,0,0,0,-0.00260715273628611,0,-0.036844950608604,-0.0550252775803571,0,-0.141460555955743,3.89992601842093,-1.46560668820719,-0.378994303408122,-1.11017986437001,-0.420080744257879,0,0,0.210714874384469,0,0,0,0,-0.00697751470610163,-0.0357008832609209,0,0,0,0,0,-0.00368562852598477,0,0,-0.00547319315402426,-0.007114088689135,-0.00165848222475115,-0.00598320099871862,0,0,-0.0540102314523955,0,0,-0.00787333060469014,0,0,0,0,0,-0.0178727299637604,0,0,0,0,0,-0.0292089086669547,-0.00458056565079505,0,0,0,0,0,-0.0253559144858079,0,0,0,0,0,0,0,0,0,0,0,0,0,0,-0.00522058731340468,-0.0327410729992444,-0.00378749096213911,-0.00592653751475216,0,0,0,0,0,-0.00407665729132611,0,0,0,0,0,0,0,0,0,0,0,0,0,0,-0.0461860180833432,0,0
"Klf5",-0.0113149613199602,0,0,0,0,-0.0296295785723447,0,0,0,0,0,0,0,0,0,-0.0189320840553675,0,0,-0.182206173166349,0,0,-0.0756421445144562,-0.146393004579765,0,0,0,0,0,0,0,0,0,0,0,0,0,0,0,0,0,0,0,0,0,0,0,0,0,0,0,0,0,0,0,0,0,0,0,0,0,0,0,0,-0.0268249260850635,0,0,-0.187108499102503,-1.46582711578271,3.87161005676097,-1.0737790022891,-0.174424154311925,0,0,0,0.0402450272964916,0,0,0,0,0,-0.0522160771381315,0,0,0,0,0,-0.0323209785267679,0,0,0,0,0,0,0,0,-0.247449968990787,0,0,0,0,0,0,0,0,0,0,0,0,0,0,-0.0457256465736675,0,0,0,0,0,0,0,-0.030104928141905,0,0,0,0,0,0,0,0,0,0,0,0,0,0,0,0,-0.00352285781053758,0,0,0,0,-0.188382765853859,0,0,0,0,0,0,0,0,0,0,0,0,0,0,0,0,0,0
"Klf6",-0.00095775606078863,0,0,0,0,0,-0.0046244634373925,0,0,0,0,0,0,0,0,0,0,0,-0.23202924593977,0,0,-0.305106164163168,-0.124671062582342,0,0,0,0,0,0,0,0,0.000501714920349504,-0.0166231217414171,0,0,0,0,0,0,0,0,0,0,0,0,0,0,0,0,0,0,0,0,0,0,0,0,0,0,0,0,0,0,-0.16098983957617,0,0,-0.587917276767742,-0.379091734027575,-1.0737775154007,4.10102823560519,0,0,0,0,0,0,0,0,0,0,-0.0138631514966561,-0.0374976382832236,0,0,0,0,0,0,0,-0.00671314965838361,0,0,0,0,-0.0597802866320591,-0.0359929349627787,0,0,0,0,0,0,-0.0194836349453011,0,0,0,0,0,0,0,0,-0.0163944070754069,0,-0.00948629909786976,0,0,0,0,0,0,0,0,0,0,0,0,0,0,0,0,0,0,0,0,0,0,0,0,0,0,-0.991490399749719,-0.00956628087993829,-0.166448862880965,0,0,0,0,0,0,0,0,0,0,0,-0.0559070013824398,0,0,0,0
"Klf7",0,0,0,0,0,0,0,0,0,0,0,0,0,0,-0.0221145127713678,0,0,0,-0.561103994351273,0,-0.0179337931067319,-0.0450643804550028,-0.00389770583063453,0,0,0,0,0,0,0,0,0,0,0,0,0,0,0,0,0,0,0,0,0,0,-0.0117692719526426,0,0,0,0,0,0,0,0,0,0,0,0,0,0,0,0,0,-0.0317498920697853,-0.3005440995737,-0.428116055078904,-0.383981281563769,-1.11000906981323,-0.174400186981893,0,3.98462817160525,-1.1003120955368,0,0,0.0449358009604322,0,0,0,0,0,-0.00609208253887012,0,0,0,0,0,0,0,0,0,0,0,0,0,-0.0535643220300595,0,0,0,0,0,0,0.0790313794755208,0,0,0,0,0,0,0,0,0,0,0,0,0,0,0,0,0,0,0,0,0,0,0,0,0,0,0,0,0,0,0,0,0,-0.0264710890436222,0,0,0,0,0,0,0,0,0,0,0,0,0,0,0,0,0,0,0,0,0,0,0
"Klf8",0,-0.00607924723192636,0,-0.00841785113041905,0,0,0,0,0,0,0,0,0,0,-0.0102017532877877,0,-0.0305276676268493,0,0,0,-0.125290875499554,0,0,0,-0.00961135367021441,0,0,0,0,0,0,0,0,0,0,0,0,0,0,0,0,0,0,0,-0.00530491043663352,0,-0.0414123083211971,0,0,0,0,-0.00502848574859234,0,0,0,0,0,0,0,0,0,0,0,-0.0610017611030478,-0.152893042365703,-1.12954968885761,-0.196950393782097,-0.42005346296714,0,0,-1.10031065278183,3.49442420393444,0,-0.015677564521528,0,0,0,0,0,0,0,0,0,0,0,0,0,0,-0.00311690546196009,0,0,0,0,0,0,-0.0278228394094943,0,-0.00298994993977713,0,0,0,0,0,0,0,0,0,0,0,0,0,0,0,0,0,0,-0.138951145249642,0,0,0,0,0,0,-9.31072827321362e-05,0,0,0,0,0,0,0,0,0,0,0,0,0,0,0,-0.0118994150523055,0,0,0,-0.00758336870012216,-0.0140739034407498,0,0,0,0,0,0,0,0,0,0,0,-0.054447384975583,0,-0.0448735699095293
"Mafk",0,0,0,0,0,0,0,0,-0.102417683112489,-0.0273701833014641,0,0,0,0,0,0,-0.0140430108068003,-3.96109423113511e-05,0,0,0,0,0,0,-0.00602320782938859,0,0,0,0,0,0,-0.00927188702634602,0,-0.0801402476917956,-0.0209468553150294,-0.0873064553173253,-0.0134047351910453,-0.0120711064185555,-0.0045199976314208,0,0,0,-0.0409041611055508,-0.0143523378228411,-0.023177941804881,0,-0.0114153537421582,0,-0.00102159846417084,0,0,0,0,0,0,0,0,-0.0047336665892426,0,0,0,-0.0159467393601278,0,0,0,0,0,0,0,0,0,0,1.31148538938426,0,0,0,-0.00918639015860065,0,0,0,-0.00043505904917953,0,-0.0151696852842412,-0.412682932982727,-0.00319384440669201,0,0,0,0,0,-0.000245924480985509,-0.00634362884393477,-0.00730124650849533,-0.00715081742536164,0,0,0,0,0,0,-0.0179438001210634,0,0,0,-0.0109378215257078,-0.0050957561466094,-0.0345163318871994,-0.0118321329548342,0,0,-0.00363911983192963,0,0,-0.0234298426668577,0,0,0,-0.00985239349834492,0,-0.00252540719334842,0,-0.0115003287597593,0,-0.00153404133555682,0,-0.0217084616956771,-0.00206214820845512,-0.00467910610362052,0,-0.0025043373189375,0,0,-0.0257629610019059,0,0,0,0,-0.002017755224155,0,0,-0.0103684374519597,0,0,-0.00866973570024005,0,-0.0104299341688095,0,-0.0164201245226899,0,-0.00604366965074524,-0.00390356532311012,0,0,0,0,0,0,-0.00152942984813337,0
"Max",0,-0.547317916785735,-0.109534762276627,0,0,0,0,0,0,0,0,0.111816290441614,0,0,-0.00226993068802952,0,0,0,0,0,0,0,0,0,0,0,0,0,-0.00985747288081051,0,0,0,0,0,0,0,0,0,0,0,0,0,0,0,-0.00984218728628023,0,-0.00202742102019221,0,0,0,0,0,0,0,0,0,0,0,0,0,0,0,0,0,0,-0.00203805828425182,-0.00570075892820684,0,0,0,0,-0.0156831321862712,0,1.97304835636111,0,-0.00360403721208623,0,0,0,-0.0913555171280472,-0.231040967580587,-0.822285582164313,0,0,0,0,0,0,0,0,0,0,0,0,-0.0245411502766229,0,0,0,0,0,0,0,0,-0.0113565305262229,0,0,0,0,0,0,0,0,0,0,0,0,0,0,0,0,0,0,-0.00961678975034928,0,0,0,0,0,0,0,0,0,0,0,0,0,0,0,0,-0.0519094959808944,0,0,0,0,0,0,0,0,0,0,0,0,0,0,0,0,0,0,-0.00363005573671124
"Maz",0,0,0,0,0,0,0,0,0,0,-0.152048883104086,0,0,0,0,0,-0.0224870655887133,0,0,0,0,0,0,0,0,0,0,0,0,0,0,0,0,0,0,0,0,0,0,0,0,0,0,0,0,0,0,0,0,0,0,0,0,0,0,0,0,0,0,0,0,0,0,0,0,0,0,0.21079982601982,0.0403266759550599,0,0.0450044643469161,0,0,0,2.84563883593819,0,0,0,0,0,0,0,0,0,0,0,0,0,0,0,0,0,0,0,0,-0.0203319985536604,0,0,0,0,0,-0.562259629193671,0,0,0,0,0,0,0,-0.0827555541668314,0,0,-0.808329578518885,0,0,-0.00941493205350082,-0.073137778111223,0,-0.00129193878317421,0,0,0,0,0,-0.0234170001983539,0,-0.0224638427347562,0,0,0,0,0,0,0,0,0,0,0,0,0,0,0,-0.176369367867745,0,0,0,-0.149323127700927,0,-0.4886328524328,0,0,-0.458641600364429,-0.163157498838359,0,0,0,0,0,0
"Mbd2",-0.00290967825084517,-0.0100188677979106,0,0,0,0,0,0,0,0,0,0,0,0,-0.00479577880184538,0,0,0,-0.0298255166273745,-0.00917597069466612,0,-0.0334797446652692,0,-0.0159958873583826,0,0,0,0,0,0,0,0,-0.00570880341301094,0,0,0,0,0,0,0,0,-0.00130239675269077,0,0,0,0,0,0,0,0,0,0,0,0,0,0,0,0,0,0,0,0,0,0,0,0,-0.00861587717357185,0,0,0,0,0,0,-0.00360220297212641,0,1.2749991256729,-0.0420762207979954,0,0,0,-0.00567604015010148,-0.0118579710923203,0,0,0,0,0,0,0,0,0,0,0,0,-0.0556040006897352,0,0,0,0,0,0,0,0,-0.0435996580968406,0,0,0,0,0,0,0,0,-0.0333651471483932,0,-0.216817103732668,-0.0114491559872812,0,0,0,0,0,0,0,0,-0.0356093214555961,0,0,0,0,0,0,0,0,0,-0.0079342302528719,-0.00224479777223654,0,0,0,0,0,-0.0169175330698618,-0.0773180114037044,0,-0.00752576872609897,0,0,0,0,0,-0.0218972222221603,0,0,0,-0.0661915159506986,-0.108048415351252,-0.00617820534231999,0,-0.0351795905703685
"Mecp2",0,-0.0163410631512594,0,-0.00928497906368133,0,0,0,0,0,-0.00293043294512731,0,0,0,0,-0.00399866446695561,0,-0.00346004424585057,0,0,-0.032330002101076,0,0,0,-0.000679433386043196,0,0,0,0,0,0,0,0,-0.0358067580685483,0,0,0,0,0,0,0,0,0,0,-0.0115092030858619,-0.000567045263568502,0,0,0,0,0,0,-0.00596122290375898,-0.0305891313831954,0,0,0,0,0,0,0,0,0,0,0,0,-0.00436795306889017,-0.0443364540979431,0,0,0,0,0,-0.0091816627062884,0,0,-0.0420723737294405,1.17619779614076,0,0,0,-0.00305499367077824,0,0,0,0,0,0,-0.0133982441095712,-0.017286328595987,0,0,0,0,0,-0.00160387955883318,0,0,0,-0.00106337182576127,0,0,0,-0.00838213458806329,-0.0634096209303745,0,0,0,0,0,-0.00103387026560484,0,0,-0.0206872432856573,0,-0.0877797893672992,-0.00346973779172049,0,-0.014935258987168,0,0,0,0,0,0,-0.0282213075503519,0,-0.0187018321186744,0,0,0,0,0,0,0,0,0,0,-0.00879001082228508,0,-0.0158981306950173,0,-0.015116530430891,0,-0.0126164479339458,-0.0478446968463919,0,-0.0216536550782217,-0.0194720548224312,0,0,-0.0138373527017216,0,-0.0050696709317637,0,-0.0406496717446692,-0.100372025174982,-0.0462226741412207,0,-0.0473106351125424
"Meis3",0,0,0,0,-0.0186692783993452,0,0,0,0,-0.0238642698338461,0,0,0,0,0,0,-0.00995691184301086,0,0,0,0,0,0,0,-0.0192698706511151,0,0,0,0,0,0,0,0,0,0,0,0,-0.0234249667584882,0,0,0,0,0,0,0,0,0,0,0,0,0,-0.00306683071686018,0,0,-0.00190929722263524,0,0,0,0,-0.00819874254136965,0,-0.0121847845643674,0,0,0,0,0,0,0,0,0,0,0,0,0,0,0,1.52046004990331,0,0,0,0,-0.00101771170046507,-0.0174766872009597,0,0,0,0,0,0,0,0,-0.0163701935280956,0,0,0,0,0,-0.390951117717245,-0.0161526204442462,-0.0126933503211591,0,0,0,0,-0.0276059499635005,-0.0153930015770456,0,0,-0.0300567342001696,-0.112917537040993,0,0,0,0,0,0,-0.0014079995042601,-0.00490687820451261,0,0,-0.00170261351548863,-0.0376273544091945,-0.0184707179034666,0,-0.062953484976324,0,-0.026265301851977,-0.00127780847699334,0,0,0,-0.521085795749898,0,-0.00621505464511795,0,0,-0.0290954039925019,0,0,0,-0.00538889002916086,0,-0.00402434578972123,0,0,0,0,0,0,-0.0054466950143205,0,0,-0.00525609166995672,0,0,0,0,0
"Meox2",0,0,0,0,0,-0.000860733545611585,0,0,0,-0.00983854681479539,0,0,0,-0.00796274067219102,0,0,0,0,0,0,0,0,0,0,0,0,0,0,0,0,0,0,0,0,-0.00293725545292304,-0.0073769772346508,0,0,-0.002501773802126,-0.00809324672588033,0,0,0,0,0,0,0,-0.202437867634975,0,0,0,0,0,0,0,0,-0.0108260309731722,0,0,0,0,0,0,0,0,0,0,0,0,0,0,0,0,0,0,0,0,0,1.00762301336268,0,0,0,0,0,0,0,0,0,0,0,0,0,0,0,0,0,0,-0.0969605931886229,0,0,0,0,0,0,0,0,-0.00151011383130073,0,0,0,0,0,0,0,0,0,0,0,0,0,0,0,0,0,0,-0.0204798363727561,0,0,0,0,0,0,0,0,0,0,0,0,0,0,0,0,0,0,0,0,0,0,0,0,0,0,0,0,0,0,0,0,0
"Mlx",0,-0.164054229305724,-0.72580220341186,0,0,0,0,0,0,0,0,-0.448828701783258,0,0,0,0,0,0,0,0,0,0,0,0,0,0,0,0,0,0,0,0,0,0,0,0,0,0,0,0,0,0,0,0,0,0,0,0,0,0,0,0,0,0,0,0,0,0,0,0,0,0,0,0,0,0,0,-0.00678877901325341,0,0,0,0,0,-0.0913185573407255,0,0,0,0,0,2.41333441341814,-0.00780288567053575,0,0,0,0,0,0,0,0,0,0,0,0,0,-0.00403569610589286,0,0,0,0,0,0,0,0,0,0,0,0,0,0,0,0,0,0,0,0,0,0,-0.0724505917892407,0,0,0,0,0,0,0,0,0,0,0,0,0,-0.254104226122029,0,0,0,0,0,0,-0.493658890285626,0,0,-0.0607859102393977,0,0,0,0,0,0,0,0,0,0,0,0,0,0,0,0,0
"Mxd1",0,-0.118841772184913,-0.120047585800996,0,0,0,0,0,0,0,0,0,0,0,0,-0.0136597956804415,0,0,0,0,0,-0.0435451994554655,-0.0123822515206837,0,0,0,0,0,0,0,0,0,-0.0103085921596056,0,0,0,0,0,0,0,0,0,0,0,-0.00662800792589157,-0.00236753204586517,0,0,0,0,0,0,0,0,0,0,0,0,0,0,0,0,0,0,0,0,0,-0.0356690369110391,-0.0521743394453317,-0.013805793575972,-0.00606760057244157,0,-0.000419047995161335,-0.231024883488871,0,-0.00566758491351815,-0.0030497954387371,0,0,-0.00781075796494252,1.49448660709707,-0.434869742131664,0,0,-0.00886743778770067,0,0,0,0,-0.0117325104219923,-0.0024268726289501,0,0,0,-0.0408595126366778,0,0,0,0,0,0,0,0,0,0,0,0,0,0,0,-0.0958095234523145,-0.00361126770933115,0,0,0,0,0,0,0,0,0,0,0,0,0,0,0,0,0,0,0,0,0,-0.0144337286655348,0,0,0,0,0,0,0,-0.00844174636505104,0,0,0,0,0,0,0,0,-0.0115175691210548,0,0,0,-0.00448207137214558,-0.025171593701166,-0.0339668182005863,0,0
"Myc",0,-0.0430125369905136,0,0,0,0,-0.00564138256749584,0,0,0,0,0,0,0,0,-0.0121704681949869,0,0,0,-0.0191697113411243,0,-0.0121452059372512,-0.00986309478413881,0,0,0,0,0,0,0,0,0,0,0,0,0,0,0,0,0,0,0,0,0,0,0,-0.018952494445142,0,0,0,0,-0.0150058222050745,0,0,0,0,0,0,0,0,0,0,0,-0.00137258129218705,0,0,0,0,0,-0.0374109499241096,0,0,0,-0.822257721725678,0,-0.0118418941896161,0,0,0,0,-0.434851442360925,1.76635656227169,0,0,0,0,-0.00126177803826507,0,-0.0342665530211966,-0.000658608375947232,0,0,0,0,-0.0186308845592083,0,0,0,0,0,0,0,-0.00159845178738737,0,0,0,0,0,0,0,-0.00982496591072501,0,0,-0.0152769028660432,0,0,0,0,0,0,0,-0.00745638392107545,-0.00236288630684642,0,0,0,-0.00257456261549636,0,0,0,0,0.0783963346599336,0,0,0,0,0,0,0,0,-0.0279436487419912,0,-0.0096637965537352,0,-0.0325970753677694,0,0,-0.0045273881012605,0,0,0,0,0,0,-0.0121098382882422,-0.0207312708432824,-0.0412781483310665,0,0
"Nfatc1",0,0,0,0,0,0,0,0,-0.0313064806119633,-0.0263761351200839,-0.0194134282161005,0,0,-0.0232443918693502,0,0,0,0,0,0,0,0,0,0,0,0,0,0,0,0,0,-0.0235482547929894,0,-0.00946321196127982,0,0,0,-0.0123551086776706,-0.0299802415179328,0,0,0,-0.0286676297291128,0,0,0,-0.00790294726557114,0,-0.000948570183318873,0,-0.0133908107231054,0,-0.000883103998949387,0,0,0,-0.0180145984036338,-0.006531773978689,-0.0219678056467053,0,0,-0.00957232521239785,-0.032602522886323,0,0,0,0,0,0,0,0,0,-0.0151721086560772,0,0,0,0,-0.00101733936762224,0,0,0,0,1.02713396512906,0,-0.0011228480041187,0,0,0,0,0,0,-0.00843117689531907,0,-0.0217824111796473,0,0,-0.0138180727323334,0,-0.00879425183819968,0,-0.018539191503097,0,0,0,0,-0.0200024261850305,-0.0483606264907267,-0.00451797776338973,0,-0.019162879850688,0,-0.000105911583536825,0,-0.00225637050325915,0,0,0,0,0,0,0,-0.00570396868251123,-0.0223462071961052,-0.00690853591321109,0,-0.0398717999471841,-0.00170097584771292,-0.00727302610311521,0,0,0,0,0,0,-0.000909248301389006,0,0,-0.0122365660270008,0,0,0,0,0,-0.00216378360907636,0,0,0,0,0,-0.00188230309375158,0,0,0,-0.0259595843792279,0,0,0,0,0
"Nfe2l2",0,0,0,0,-0.0033194694514871,0,0,0,-0.139588557918284,-0.0104078524140723,0,0,0,-0.0110486422496068,0,0,0,0,0,0,0,0,0,0,-0.0114334354337995,0,0,0,0,0,0,-0.0248049015259849,0,-0.0534367570828083,-0.00555016435170057,-0.0834978458332038,0,-0.0374415805880226,-0.0113358874172946,0,0,0,-0.00687880276757159,-0.0179076000686411,0,0,-0.0119134634466944,-0.000789897138783391,-0.00195846500327829,0,0,0,0,0,0,0,-0.00167477617855264,0,-0.0244849865238161,0,-0.0490912256862786,0,-0.0218497667823847,0,0,0,0,0,0,0,0,0,-0.412682450980139,0,0,0,0,-0.0174742186224582,0,0,0,0,0,1.31676041319221,0,0,-0.00414130272033355,0,0,0,-0.0262015511676294,0,0,0,0,0,-0.000950320921785994,0,0,-0.00858807788129739,-0.0130006983851067,0,0,0,-0.0241325010017634,-0.00737162226321307,-0.0118547063180132,0,0,0,-0.00749073204365979,0,0,0,0,0,0,-0.0133524838143251,0,0,0,-0.000521357974337641,0,0,0,-0.0218677281476279,0,-0.00253383012112542,-0.00104894005509133,0,0,0,-0.000397925892007538,0,-0.0111815159333791,0,0,-0.00369578496996071,0,0,0,0,0,-0.0180009293025057,0,-0.016043850510434,0,0,0,0,0,0,0,0,0,0,0,0,0
"Nfil3",0,0,0,0,-0.00140837255196,0,-0.359135789746622,0,0,-0.00835867325578035,-0.00567566843598518,0,0,-0.0493246446115237,0,0,0,-0.0322202825824715,0,0,0,0,0,0,0,0,0,0,0,0,0,0,0,0,0,-0.00185142266658925,-7.39689851031181e-05,-0.00384155840137179,0,0,0,0,-0.0186047564130965,0,0,0,0,0,0,0,0,0,0,0,0,0,-0.0380873396646447,0,0,0,-0.00242799946648286,0,0,0,0,0,0,0,0,0,0,0,-0.00318793305710904,0,0,0,0,0,0,0,-0.0088661418523471,0,-0.00112071228788158,0,1.39066193485533,0,0,0,0,0,-0.000119185630016472,0,-0.00969887234652589,0,0,0,0,0,0,0,0,0,-0.00158431396592463,0,-0.00909772730328143,0,-0.0292540101850772,0,0,0,-0.0111580683429059,0,0,0,0,0,0,0,0,0,0,0,-0.0189447323154427,0,0,0,0,0,0,-0.592155198689407,0,0,0,0,0,0,0,0,0,0,0,0,0,0,0,0,0,0,0,0,0,0,0,0,0,0,0,0,0
"Nfkb1",0,0,0,0,0,0,0,0,0,-0.0110393375697193,0,0,0,0,0,0,0,0,0,0,0,0,0,0,0,0,0,0,0,0,0,0,0,0,0,0,-0.00888979059440333,0,-0.00310620084434064,0,0,0,0,0,0,0,-0.0144516552757961,0,0,0,0,0,-0.0261593071351469,0,0,0,0,-0.0185322334482528,0,0,-0.00347141269164266,0,0,0,0,0,0,0,0,0,0,0,0,0,0,0,0,0,0,0,0,0,0,0,0,1.92056954686972,-1.22000184127449,0,0,0,0,-0.00865431249791292,0,0,0,0,-0.0067430577815675,0,-0.00879479489209331,0,-0.152203765283996,-0.0515808520067065,-0.0745988961976013,-0.00593519733843394,0,0,0,0,0,-0.000634642682124061,0,0,0,-0.0168908209407526,0,0,0,0,-0.0194350329146575,0,0,0,0,0,0,0,-0.0239200415839471,0,0,0,0,0,0,0,0,0,0,0,0,0,0,0,0,-0.00325828549421125,0,0,0,0,0,0,-0.00762252431479581,0,0,0,0,0,0,-0.00444934996643964,0
"Nfkb2",0,0,0,0,0,0,-0.00380074545020515,0,0,0,0,0,0,0,0,0,0,-0.00635761058969343,0,0,0,-0.0146345500704559,-0.0278072418550745,0,0,0,0,0,0,0,0,-0.0100172451578649,0,0,0,0,0,-0.0415794001374259,-0.0175581222591279,0,0,0,-0.0145948365945434,-0.00108971296125409,0,0,-0.00134093068177901,0,0,0,0,0,-0.0194076861570718,0,0,0,0,-0.00951322123938557,0,0,-0.00218504180969222,-0.0127968018579003,0,0,0,0,0,-0.00364430465064817,-0.0323145238344727,0,0,0,0,0,0,0,0,0,0,0,0,-0.00125007893640877,0,-0.0041327035381965,0,-1.22000089178998,2.15901905786235,0,0,0,-0.0102477605265502,-0.00445447867675085,0,0,0,0,-0.00798519787770883,0,-0.0182415725664467,0,-0.169343009125154,-0.0475332506951387,-0.471474308941279,-0.0220150030164304,-0.0144318728949607,0,0,0,0,0,0,0,0,-0.00688680341602159,0,0,0,0,-0.00575874041990073,0,0,0,-0.00798482489745612,0,0,-0.010376430865502,-0.00166344662000367,0,0,0,0,0,0,0,-0.00133758729520141,0,0,-0.0129574167142143,0,0,0,0,0,0,0,0,0,0,0,0,0,0,0,0,0,0,0,0,0
"Nfya",0,0,0,0,0,0,0,0,0,0,0,0,0,0,0,0,0,0,0,0,-0.0163344248417502,0,0,0,0,0,0,0,0,0,0,0,0,0,0,0,0,0,0,0,0,0,0,-0.0298645742161491,0,0,0,0,0,0,0,0,-0.0108959816837248,0,0,0,0,0,0,0,0,0,0,0,0,0,0,0,0,0,0,0,0,0,0,0,-0.0133944819652038,0,0,0,0,0,0,0,0,0,0,2.98460588618309,-1.15452390772139,-1.35014618357537,0,0,0,0,0,0,0,0,-0.0257075485905128,0,0,0,0,-0.0191952760976488,0,0,0,0,0,0,0,0,0,0,-0.00160187962472273,0,-0.0887946671508293,0,-0.00244769545562451,0,0,0,0,0,-0.0296927099598888,0,0,0,0,0,0,0,0,0,0,0,0,0,0,0,0,0,0,0,-0.00382822545399837,0,0,-0.00320122982745569,0,0,0,0,0,0,0,0,0,0,0
"Nfyb",-0.00566063770419286,0,0,-0.00364909562328332,0,0,-0.0139678936820647,0,0,-0.000574112337847741,0,0,0,0,-0.020804954326339,0,0,0,-0.0265364958322674,-0.0406179550354011,-0.0112257428596243,0,0,0,0,0,0,0,0,0,0,0,-0.0157469323181753,0,0,0,0,-0.00101133478609619,0,0,0,0,0,-0.00641305459816393,0,0,0,0,0,0,0,0,-0.00463797576752063,0,0,0,0,0,0,0,0,0,0,0,0,0,-0.00407894515619585,0,0,0,0,-0.00304110154679649,0,0,0,0,-0.0172733707935502,0,0,0,0,-0.0342864499176209,0,0,0,0,0,-1.15453455481913,3.64701808873459,-2.04846648051931,0,0,0,0,-0.0181552743374892,0,-0.00495132120564703,0,-0.0394666022874094,0,0,0,0,0,0,0,0,0,0,0,0,0,0,0,-0.0121153633884627,0,0,0,0,0,0,0,0,0,-0.044735649480436,0,0,0,0,0,0,0,0,0,0,0,0,-0.0064435103039491,0,0,0,-0.0159875617863378,0,0,0,0,0,0,0,0,0,0,0,0,-0.000963585656834318,-0.0220902309109408,0,0,-0.00778820848246238
"Nfyc",-0.0211332159547281,0,0,0,0,0,-0.00696640694518823,0,0,-0.0019969981365274,0,0,0,0,-0.00911125110007449,-0.00616761930308657,0,0,0,0,0,-0.0566206744739246,-0.00946319686911106,0,0,0,0,0,0,0,0,0,-0.00529325135545252,0,0,0,0,0,0,0,0,0,0,-0.0337003845938121,0,0,0,0,0,0,0,0,0,0,0,0,0,0,0,0,0,0,0,0,-0.0273581018726111,0,0,-0.00542800211012604,0,-0.00671663736685115,0,0,0,0,0,0,0,0,0,0,-0.0117106949072561,-0.00063224615454266,0,0,0,0,0,-1.3501990120597,-2.04855667325072,3.81761269366954,0,0,0,0,-0.0466224591072548,0,-0.0159208529457229,0,-0.0899203210673899,0,0,0,0,0,0,0,0,0,0,0,0,0,0,0,0,0,0,0,0,0,0,0,0,0,0,0,0,0,0,0,0,0,0,-0.00214406437200176,0,0,0,-0.000903470733283932,0,0,-0.0143311835347045,-0.0133100879705989,0,0,0,0,0,0,0,0,0,0,0,-0.0175373721409969,0,0,0,0,0
"Nr1i3",0,0,0,0,0,-0.0381354467891237,0,0,0,-0.0394697108085346,0,0,-0.000776167469799054,-0.00617191888856847,0,0,0,-0.00507277712078223,0,0,0,0,-0.0186495432294664,-0.00129808428496332,0,0,0,0,0,-0.00983786765046572,0,0,0,0,0,-0.00568601810882259,-0.0025905249362503,-0.00762334615796341,-0.0075007198110299,0,0,0,0,0,-0.00572609205053244,0,-0.00871133952130053,0,0,0,0,0,0,0,0,0,-0.0155394617312355,0,0,-0.00184422320205426,0,-0.0194906870936174,0,0,0,0,0,-0.00711969564627459,0,0,0,0,-0.000246545657359345,0,0,0,0,0,0,0,-0.00242703615149321,0,0,-0.0262016461037098,-0.000118961322026578,0,-0.0102460392267906,0,0,0,0.998655950987176,-0.0216914154516186,-0.0285871584351683,0,0,0,-0.00224551184372448,-0.00132567188087916,-0.00203946599837313,0,0,0,-0.0103449617921155,0,-0.0584544557770555,0,-0.00319015899918558,-0.00141095819306256,0,-0.00666565729029242,0,0,0,0,0,0,0,0,-0.0148099322897187,0,0,-0.0124467233130283,-0.00267219534431115,-0.0176439963903886,0,-0.0157748951541316,-0.0133973604323069,0,-0.0165820945985273,0,0,0,-0.0212700226788276,-0.00411523920512363,0,0,0,0,0,0,0,-0.00868104558322876,0,-0.00215932716760984,0,0,-0.00405369926985594,-0.00695993708973581,0,0,0,0,-0.00201144068296248,0,0,0,-0.0102789837841602,0,0
"Nr4a1",0,0,0,0,-0.00227037208939702,0,0,0,-0.00221582417515322,-0.0130153837341507,-0.0114612598979156,0,0,0,0,0,0,0,0,0,0,0,0,0,0,0,0,0,0,0,0,0,0,0,0,-0.00240732816726948,-0.00416649419912718,-0.00138151775397406,-0.028020246675246,0,0,0,0,0,0,0,0,0,-0.00432292626795362,0,0,0,0,0,0,-0.0119629718966027,-0.039185027673085,0,0,0,-0.0115754068517257,-0.00441702250544781,0,0,0,0,0,-0.00164893330726784,0,0,0,0,-0.00634053892582536,0,0,0,0,0,0,0,0,0,-0.00842929787982395,0,0,-0.00865319900207438,-0.00445089083442094,0,0,0,-0.0216899245768082,1.13298108202398,-0.0792566209359112,-0.334263729185587,0,0,0,0,0,0,0,0,0,0,-0.00214398743534072,-0.00554395311174128,-0.0282366123868299,-0.000193427450854744,0,0,0,0,0,0,0,0,0,0,-0.00366232877578456,-0.0141192193932429,0,0,0,-0.000246169185394944,0,-0.0255599353267158,0,0,-0.00845301236279525,0,0,0,0,0,0,0,0,-0.00371229602875613,0,0,0,0,0,-0.00581945469035331,0,-0.00935869854053244,0,0,0,0,0,0,0,-0.0149450608196503,0,0,-0.0166450743122752,-0.0141153545548323,0
"Nr4a2",0,0,0,0,0,-0.00723989275900592,-0.0332530915558445,0,0,0,0,0,-0.00437689556248422,-0.0101137989418104,0,-0.00651432965054719,0,0,0,0,0,0,0,0,0,0,0,0,0,0,0,0,0,0,0,0,-0.0039168617052655,-0.0243053962256857,-0.000542886420897981,0,0,0,-0.0468528453623003,0,0,0,0,0,-0.00517014304508889,0,-0.00669079609779481,0,-0.0109766046303856,0,0,0,0,-0.00454866578043916,-0.00481296919689651,-0.0121076294070974,-0.0427752599023195,-0.0111758420515403,0,0,0,0,0,-0.0059445227007845,0,0,0,0,-0.0072957744079975,0,0,0,0,-0.0163614146744628,0,0,0,0,0,0,-0.0096996380873671,0,0,0,0,0,-0.0285839809575417,-0.0792577565850527,2.01806901092397,-1.3776254929136,0,0,0,0,0,0,-0.0220508246447683,0,0,0,-0.0190793231470257,-0.0106113506695562,0,-0.016494923158685,0,-5.00564744262864e-06,-0.0106783786252399,0,0,-0.0068822606896549,0,0,0,0,0,0,0,-0.023218378112163,0,0,0,-0.0306918340638943,0,0,-0.0202764975403417,0,0,-0.00152033540769664,0,0,0,0,0,-0.0129366859062796,0,0,0,-0.0109227664253137,0,0,0,0,0,0,0,0,0,0,0,-0.0120509528520901,0,0,0,0,0
"Nr4a3",0,0,0,0,0,0,0,0,0,-0.00450587693403931,0,0,0,0,0,0,0,0,0,0,0,0,0,0,0,0,0,0,0,0,0,0,0,0,0,0,0,0,-0.00459570465443909,0,0,0,0,0,0,0,0,0,0,0,0,0,0,0,0,0,0,0,0,-0.00150286987966533,0,0,0,0,0,0,0,0,0,0,0,0,-0.0071586500875018,0,0,0,0,0,0,0,0,0,-0.0217838852926341,0,0,0,0,0,0,0,0,-0.334267064950603,-1.37763548837745,2.06783468672088,0,0,0,0,0,0,0,0,0,0,0,0,-0.00314963209261885,0,0,0,0,0,0,0,0,0,0,0,0,0,0,0,0,0,0,0,0,0,0,0,0,0,0,0,0,0,0,-0.00277791236908246,0,0,0,0,0,0,0,0,0,0,0,0,0,0,0,0,0,0,0,0,0
"Nrf1",0,-0.00127709853459864,0,0,0,0,0,0,0,0,0,0,0,0,-0.0163145748937529,0,0,0,-0.0772893845018558,-0.0118638586279048,0,-0.117782860793015,-0.018994637020327,-0.00328849276990552,0,0,0,0,0,0,0,0,-0.0402401205487446,0,0,0,0,0,0,0,0,0,0,0,0,-0.0226414147656,0,0,0,-0.0066076450933782,0,0,-0.00850452107492201,0,0,0,0,0,0,0,0,0,0,-0.00255592645523168,0,0,-0.00326276189942161,0,0,-0.059728847352959,-0.0535104267926777,0,0,-0.0245301905581787,0,-0.0556020670863433,-0.0015979032933601,0,0,-0.00404675083206295,-0.0408584219037236,-0.0186603241552548,0,0,0,0,0,0,-0.0181394842612788,-0.0465921352298683,0,0,0,0,1.33868229076614,0,0,0,0,0,0,0,0,-0.0485381715078231,0,0,0,0,0,0,0,0,0,-0.0178044866522741,-0.0502593320961922,0,0,0,0,0,0,0,0,0,-0.0283618608146873,0,0,0,0,0,-0.0143898877905062,0,0,-0.00923037910396841,0,-0.0163939266203558,0,-0.000784448003547106,0,0,-0.00927398894998869,-0.0218012022065394,-0.00275147353725155,-0.00120353547814695,-0.0650068718159518,0,0,-0.0179560214773328,0,0,0,0,0,0,-0.114953693790033,-0.0509450848789755,-0.00242332219897174,0,-0.0859267748014176
"Patz1",0,0,0,-0.0132272340263312,0,0,0,0,0,0,0,0,0,0,-0.00204322442168806,0,0,0,-0.20065680110403,0,-0.0843737436564576,0,0,0,0,0,0,0,0,0,0,0,0,0,0,0,0,0,0,0,0,0,0,0,-0.00937767012211614,0,0,0,0,0,0,-0.00101699960376672,0,0,0,0,0,0,0,0,0,0,0,-0.00277485954840427,0,-0.199459003080902,-0.562828290264737,-0.053950276440219,-0.247389734052261,-0.0359027438677827,0,-0.0278189863907751,0,0,-0.0203605370644173,0,0,0,0,0,0,0,0,0,0,0,0,0,0,0,0,0,0,0,0,2.68557679408334,0,0,0,0,0,0,-0.006022288725647,0,0,0,0,0,0,0,0,0,0,-0.00748770167416393,0,-0.344946971623043,0,0,-0.0854902619968025,0,0,0,0,0,0,0,-0.0116369235028925,0,0,0,0,0,0,0,0,0,0,0,0,0,0,0,-0.312264383724829,0,0,0,0,0,-0.281059405027609,0,0,-0.0348768156972082,-0.000990474892326619,0,0,0,-0.0528092416722995,0,-0.0355195720281547
"Pbx4",0,0,0,0,0,0,-0.00112491707425352,0,0,-0.0413177447910133,0,0,0,0,0,0,0,0,0,0,0,0,0,0,0,0,0,0,0,0,0,-0.00178088175949335,0,0,0,0,0,0,-0.00483940016052684,0,0,0,-0.0412294904972426,0,-0.00717506178677123,0,-0.0260568303668817,0,0,0,-0.00236534591716141,0,0,0,0,0,0,-0.00545772505509411,0,0,0,0,0,0,0,0,0,0,0,0,0,0,0,0,0,0,0,0,0,0,0,0,-0.0138170197933159,-0.000945361341216983,0,-0.00674616600906521,-0.00798587674439612,0,-0.00496775255184763,-0.0159229063091234,-0.00224523509773337,0,0,0,0,0,1.24023312464063,0,-0.547451632190186,-0.00621426871333656,-0.0164866652097577,0,-0.00312118267730776,0,-0.0145684351820498,0,0,0,0,0,0,0,0,0,0,0,0,0,0,0,0,0,-0.000448483903448583,0,0,-0.00682603914715174,0,0,0,0,0,-0.0136420148640041,0,0,-0.0218607492544664,0,0,0,0,-0.00554636537861218,0,0,0,0,0,0,0,0,0,0,0,0,0,-0.0108480411129918,0,0,0,0,0
"Phox2b",0,0,0,0,0,0,0,0,0,-0.0037326271812491,-0.000870278882534785,0,0,0,0,0,0,0,0,0,0,-0.000689159603157412,0,-0.000536548066637875,0,0,0,0,0,0,0,0,0,0,0,0,-0.00573092587237939,-0.0151164441015468,0,0,0,0,-0.00733728494470544,0,0,0,-0.00583271623468574,-0.124150466741117,0,0,0,0,0,0,0,0,-0.0180856474494828,0,-2.56809677250703e-05,0,0,-0.00933252128579432,0,0,-0.00710381226446627,0,0,0,0,0,0,-0.00298540866069081,0,0,0,0,0,0,-0.0969605207717397,0,0,0,0,0,0,0,0,0,0,0,-0.00132540231413386,0,0,0,0,0,0,0.984344584682704,-0.00791055204801393,0,0,0,0,0,0,0,-0.0138251593812781,-0.00206601385878781,0,0,-0.00190873723266924,0,0,0,0,0,0,0,0,0,0,0,0,0,0,-0.00760641688912345,0,-0.00235919287727814,0,0,0,0,0,0,0,0,0,0,0,0,0,0,0,0,0,0,0,0,0,0,0,0,0,0,0,0,0,0,0
"Pknox1",0,-0.00830265270231398,0,-0.00447341537348746,-0.0162528250466386,0,0,0,0,0,-0.00722242599656027,0,0,0,-0.000542828498486926,0,0,0,0,0,0,-0.0153303389930801,-0.00549175468045662,-0.0456367157343117,0,0,0,0,0,-0.0112831430150669,0,0,-0.0065551554777847,0,0,0,-0.00967503791786693,0,-0.0128714443031418,0,0,0,0,-0.0182895494757785,0,0,-0.00603594315994736,-0.00696058412045465,0,0,0,-0.0120675531013925,0,0,-0.0029222976102389,0,0,0,0,-0.00588338248441987,0,0,0,0,-0.0114833482772039,0,0,-0.00786363031147977,0,0,0,0,0,0,0,0,-0.00106237038958043,-0.390949562062678,0,0,0,0,-0.00879060191508088,0,0,-0.00879276059787314,-0.018237866163852,-0.0257247653574869,-0.039480324713176,-0.0898922222157867,-0.00203683261930857,0,0,0,0,0,-0.547454821950307,-0.00790973479315789,1.6682595716041,-0.00106568255923081,-0.00212275940606857,0,0,0,-0.00592951245797055,0,0,0,0,-0.0242528474216843,-0.0531608331293927,-0.0315968729009709,0,0,0,0,0,-0.019839504763471,-0.00690454457282045,0,0,-0.0111353414231957,0,-0.00900641606791161,0,-0.00671406665412726,-0.0044893200281083,-0.01773658135949,0,0,0,0,-0.294381997611115,0,-0.00966723830565166,0,0,-0.0247970123189006,0,0,0,0,0,0,0,0,0,-0.0211047282948391,-0.0059712173577168,0,-0.0311807106376681,-0.0105784809748524,-0.00050143477428055,0,0,-0.00542004216457662,-0.000702617062787128,-0.00147704323583469,-0.0144417925625988
"Prdm1",0,-0.00486779958508424,0,0,-0.00373208091461939,0,0,0,0,-0.00711377897737525,-0.00319095944345608,0,0,0,0,0,-0.0105452836087555,0,0,0,0,0,0,0,0,0,0,0,0,0,0,0,0,0,0,0,0,0,-0.00391130975897023,0,0,0,0,0,-0.00955639280837045,0,0,0,0,0,0,-0.00812050505472506,-0.0234150358062927,-0.0580299924222966,-0.265119081717524,-0.159587123104891,0,-0.327725152790882,-0.196115856725658,0,0,0,-0.000892974514449866,0,0,0,0,0,0,0,0,0,0,0,0,0,0,-0.0161605851229207,0,0,0,0,0,-0.00859040640768969,0,0,0,0,0,0,0,0,0,0,0,0,-0.00621933478758904,0,-0.00107523838576872,1.47370861858069,-0.0114477159695585,-0.0373232140635674,-0.0156374541270364,0,-0.00410667174720757,0,0,0,0,-0.0124604907057795,0,0,0,-0.0201517573613148,0,0,0,0,0,0,0,0,0,-0.00403592584478527,0,0,0,0,-0.0112575236259549,0,0,0,0,0,0,0,0,-0.000382591031549181,0,0,0,0,0,-0.0109548105445713,0,-0.0369951679186911,-0.0129022881078452,0,0,0,-0.0180959445446297,0,-0.0211954584274256,0,0,0,0,0,0
"Rel",0,0,0,0,0,0,0,0,0,-0.0135805332541756,0,0,0,0,0,0,0,-0.0206476344090583,0,0,0,0,0,0,0,0,0,0,0,0,0,-0.011295820094303,0,0,0,0,0,0,0,0,0,0,-0.0422741709535399,-0.0098437332478338,0,0,-0.00921110919873095,0,0,-0.00800636934660307,-0.00609765125156253,-0.00375381916503971,-0.0331851405150907,0,0,-0.0035850534792832,-0.0357671813098151,0,0,0,-0.00576475965187324,0,0,0,0,0,0,0,0,0,0,0,-0.0179427665867903,0,0,0,0,-0.012691643668555,0,0,0,0,-0.0185378165405167,-0.0130000338024361,0,-0.152203992041333,-0.169343935423882,0,0,0,0,0,-0.0220557263752378,0,0,0,-0.0164860008380727,0,-0.00212432078959158,-0.0114448609539863,1.15397983862474,-0.0308363183257695,-0.110338664829708,0,-0.00535496511971922,-0.0056522027876026,-0.0119790604122974,-0.0218362410035023,0,-0.0015866727072421,0,0,0,0,0,0,0,0,-0.00134719718521385,0,0,0,-0.0192105755667815,-0.0428540245710625,0,-0.00556370731945378,0,0,-0.0140833681680459,0,0,0,-0.00546449832751118,0,-0.011307884724634,0,0,-0.0194517628293431,0,0,0,0,0,0,0,-0.011237758973081,0,-0.0205620083771967,0,0,0,0,0,-0.0027925992760717,0,0,0,0,0
"Rela",0,0,0,0,0,0,0,0,0,0,-0.746513491293036,0,0,0,0,0,0,0,0,0,0,0,0,0,0,0,0,0,0,0,0,0,0,0,0,0,0,0,0,0,0,0,0,0,0,0,0,-0.00721311089545594,0,0,0,-0.00726186665414132,-0.0303444649459769,0,0,-0.104378279369645,0,0,0,0,0,0,0,0,0,0,0,0,0,0,0.0790975492155273,0,0,0,-0.562237673270362,0,0,0,0,0,0,0,0,0,0,-0.0515849399664566,-0.0475213276604256,0,0,0,0,0,0,0,0,0,0,0,0,-0.0373079327360491,-0.0308325720577129,2.30577239280155,-0.0274046567994253,0,0,0,0,0,0,-0.0189793304491634,0,0,0,0,0,0,0,0,-0.0428978891061411,0,0,0,0,0,-0.00280907116182228,-0.0107672950770273,0,0,0,0,0,0,0,0,0,0,0,0,0,0,-0.272658616832692,0,0,0,0,-0.0987990441772461,-0.136875660422025,0,-0.0938067561694612,0,0,-0.0989863602139337,-0.145592295886238,0,0,0,0,-0.00701940253545162,0
"Relb",0,0,0,0,0,0,0,0,0,-0.0182824080691605,0,0,0,0,0,-0.00710903821595171,0,0,0,0,0,-0.004263371145613,-0.00243345156655208,0,0,0,0,0,0,0,0,0,-0.00207433919557742,0,0,0,0,-0.00791387333243071,0,0,0,0,0,0,0,0,0,0,0,0,-0.00425986907940681,0,-0.00399107539649011,0,0,0,0,0,0,0,-0.00978530464848854,-0.00646839613320508,0,0,0,0,0,0,0,-0.0194686361791782,0,0,0,0,0,0,-0.00838219125577391,0,0,0,0,-0.00159759576407321,0,0,-0.00158349437446408,-0.0746010673481155,-0.471472170986648,0,0,0,-0.0103443749693389,0,0,0,0,-0.00601371379939018,-0.00311899307619007,0,0,-0.0156353312434942,-0.110337421838134,-0.0273982636476374,1.26903339853978,0,0,-0.00511585501472084,-0.00360472296483753,-0.0076570713149889,0,0,-0.0257160794620011,-0.0298960182892243,0,-0.000561669229122611,0,0,0,-0.00921882575605189,0,-0.00774703055352007,0,0,0,0,0,0,0,0,0,0,0,0,-0.00620886866789399,0,0,0,0,0,0,0,0,0,0,-0.0168992777922652,0,0,0,0,0,0,0,0,0,-0.00943255155603062,0,0,-0.0136842642294784,0,0
"Rfx1",-0.0020779011346758,-0.00312442353485391,0,0,-0.0197468754878535,0,0,0,0,0,0,0,0,0,-0.0175728359379755,0,-0.0221773920762084,0,0,-0.0389273804327878,-0.00787315788216434,0,0,-0.0138658738425737,-0.00389211838145226,0,0,0,-0.0244373441477667,-0.00488571840509383,0,0,-0.020290384743301,0,0,0,0,-0.000971548579749722,0,0,0,-0.00673579216136095,0,0,0,0,-0.0435701460300309,0,0,0,0,0,-0.0219709686641475,0,0,0,0,0,0,0,0,0,0,0,0,-0.00386640831559811,0,0,0,0,0,0,0,-0.0113585411354131,0,-0.043600528905292,-0.0634121634235721,0,0,0,0,0,0,0,0,-0.00594056896719349,-0.0220100192737248,-0.0192071977115426,0,0,0,0,0,0,-0.0485430887580815,0,0,0,0,0,0,0,0,1.19256948880952,-0.00836929267803803,0,0,0,0,-0.0232303794377371,0,0,-0.0166978520980381,-0.0183405197998241,-0.0395887661830258,0,-0.0295659689554482,-0.00671357545192995,-0.0106798958094392,0,0,0,0,-0.00590652054270686,-0.0261038611187599,0,-0.0315994392472275,-0.0082251637912598,0,0,-0.0133628756910175,0,0,0,-0.00382428779356588,0,0,0,0,-0.0191792959827111,0,0,0,0,0,0,0,0,0,0,-0.0194052357297829,-0.0302136076881558,0,0,-0.0448495790103545,-0.0891708763790139,-0.0154632499110152,0,-0.0632122905311901
"Rora",0,0,0,0,-0.0266083052500848,0,0,0,0,-0.032501103665411,-0.00758082421532959,0,-0.00217226001031421,0,0,0,0,0,0,0,0,0,-0.0116970877146834,0,-0.0049344184899749,0,0,0,0,0,0,-0.0112392345615669,0,0,0,0,-0.00593352355656831,-0.0363657505940398,-0.00283973266338442,0,0,0,-0.02408173846519,-0.0154450764762277,0,0,-0.0182660660883655,0,0,0,-0.0145335566466597,0,0,0,0,0,-0.0180213155323786,0,0,-0.0146168507755774,-0.00368522773910007,-0.00248638331069638,0,0,-0.0275165125316368,0,0,-0.0178727484974295,0,0,0,0,-0.0109385902957257,0,0,0,0,0,0,0,0,0,0,-0.0241323286040634,-0.00909938832066943,0,-0.0144322544812722,0,0,0,-0.0584541173966649,-0.00214373504897377,-0.0190858894098814,0,0,0,-0.0145698604814062,0,-0.0059275545022431,-0.00410556686069114,-0.0053551657557467,0,0,-0.008369094147702,1.05156955908741,0,-0.0207855920650332,-0.00191409134645479,0,-0.00713242796946552,-0.00650293922406557,0,0,-0.0304442171876347,0,0,0,-0.0234260947151471,0,-0.0013039875609421,0,-0.00256223913557977,-0.019881124817514,-0.00998992512159393,0,-0.0342128519714495,-0.00881978550805567,0,-0.0207428377561823,0,0,-0.0267791911947757,-0.0141477001243823,-0.0337024656113336,-0.0394730601596143,-0.000561036059897884,0,-0.0256759149583988,0,0,0,-0.0188662818648945,0,-0.00857913161185895,0,-0.0111769042565834,0,0,0,0,-0.0128930989466069,0,0,0,0,0,0,-0.00562397937536112,0
"Runx1",0,0,0,0,0,0,0,0,-0.0290179125508346,-0.0249760242186292,0,0,-0.541604302735684,-0.0342408186054771,0,0,0,-0.00529030088610439,0.0112411581925087,0,0.0143366120855,0,0,0,0,0,0,0,0,0,0,-0.011280970650732,0,0,0,0,-0.0165526895547968,-0.0325867835902724,0,0,0,0,-0.0377041165281461,0,0,0,0,0,-0.00461624737388688,0,-0.00291635221855079,0,0,0,-0.0134223161272295,0,-0.0246891378516098,0,0,0,0,0,-0.0288209635599075,0,0,0,0,0,0,0,0,0,-0.00509831953966786,0,0,0,0,-0.0275745449038473,0,0,0,0,-0.020001011502019,-0.00737465723314068,0,0,0,0,0,0,0,-0.00554941203835592,-0.0106322178957922,0,0,0,0,0,0,0,-0.00563829759001633,0,-0.00511067585796146,0,0,3.33503325290523,-1.49378831426171,-1.04036579512968,0,0,0,0,0,-0.00838773342443493,0.0459015433021716,0,0,0,0,-0.00678734705569948,0,0,0,-0.00757086575513128,0,-0.0362356472283857,0,-0.00780804411802438,-0.0201979167920629,0,0,0,0,0,-0.00376292107957854,0,0,0,0,0,0,0,0,0,0,-0.0082187044830278,0,0,0,-0.0265046110282583,0,0,0,0,0,0,0,0,0
"Runx2",0,0,0,0,0,0,0,0,-0.0157996790810136,0,-0.00376552913521041,0,-0.384762053355631,-0.0164834539182076,0,0,-0.00813749239609907,-0.0222482159008732,0,0,0,0,0,0,0,0,0,0,0,0,0,-0.0349550737081538,0,0,0,0,0,-0.0612337374205172,-0.00290603006980942,0,0,0,-0.0594835544278859,0,0,0,0,0,-0.0272291986742925,0,-0.0123463419360972,-0.0060306848715028,0,0,0,0,-0.0290256543950231,0,0,0,0,-0.0114969853341911,0,0,0,0,0,0,0,0,0,0,-0.0345175852108089,0,0,0,0,-0.0153934000698579,-0.00150983518995733,0,0,0,-0.0483579944301744,-0.0118513919741066,-0.0292599344345781,0,0,0,0,0,-0.00318877873454499,-0.0282403024658051,0,-0.00313834034495022,0,0,0,-0.0138243934403601,0,0,-0.0119758183862074,0,-0.00360207268861272,0,-0.0207835434644008,-1.49376415513266,2.91789888257057,-0.597881294987471,0,0,-0.0210161029818573,0,0,0,0,0,0,-0.00790137410732224,-0.00954115307222568,-0.00455600255941464,0,0,-0.00168649847543626,-0.0109058506485449,0,-0.0432014637830689,0,-0.00818035112931342,-0.00271151892957788,0,0,0,0,0,-0.000474625688016033,0,0,-0.0311358895630004,0,0,0,0,0,-0.0344004031126368,0,0,0,0,0,0,0,0,0,0,0,0,0,0,0
"Runx3",0,0,0,0,0,0,0,0,0,-0.018602712299241,0,0,-0.312818310693865,0,0,0,-0.0047213345583515,-0.0171471969660641,0,0,0,0,0,0,0,0,0,0,0,-0.0131183726029836,0,-0.0388588571938409,0,0,0,0,-0.0115786161312528,-0.00184660909467623,0,0,0,0,-0.00559064783013782,0,0,0,-0.0170548815604089,0,0,0,0,0,0,0,-0.00455646240574557,0,-0.0112496517218932,-0.0249251392600766,0,0,0,-0.014097556780176,-0.0072291286988515,0,0,0,0,0,0,0,0,0,-0.0118286331300759,0,0,0,0,0,0,0,0,0,-0.0045160661529008,0,0,0,0,0,0,0,-0.00140863864728315,-0.000188578219496931,-0.0164948889931779,0,0,0,0,-0.00206536336386807,0,0,-0.0218390632311437,0,-0.00765934638470667,0,-0.00190984195428506,-1.04035031477857,-0.59789134788431,2.38316982157324,0,-0.0136051082252853,0,0,0,0,0,0,0,0,0,0,0,0,-0.00316060685797369,0,0,0,0,-0.0183164701829227,-0.00858578737958284,0,0,0,0,0,-0.00402819109655488,0,0,0,0,0,0,0,0,0,0,-0.00186994677551179,0,0,0,-0.00643026663196213,0,0,0,0,0,0,0,0,0
"Setbp1",-0.00189435169756113,0,0,-0.0115720590386865,0,0,0,0,0,0,0,0,0,0,0,0,0,0,0,0,0,0,0,0,0,0,0,0,0,0,0,0,0,0,0,0,0,-0.0138247077915802,0,0,0,0,0,0,0,0,0,0,0,0,0,0,0,0,0,0,0,0,0,0,-0.0065339266620222,0,0,0,0,0,0,0,0,0,0,0,0,0,0,0,0,0,0,0,0,0,0,0,0,0,0,0,0,0,0,0,0,0,0,0,0,0,0,0,0,0,0,0,0,0,0,0,0.949470434644943,0,0,0,0,0,0,0,0,0,0,0,-0.00840253517689598,0,0,0,0,0,0,0,0,0,0,0,0,0,0,0,0,0,0,0,-0.0107979316169519,0,0,0,0,0,0,0,0,0,0,0,0,0,0,0,0,0,0
"Smad3",0,-0.00568054430772501,0,0,-0.00651335284720871,0,0,0,0,-0.0239709569394329,-0.0469586231147661,0,-0.0278919076107185,0,0,0,-0.0688213118165386,0,0,0,0,0,0,0,-0.00785222949839019,0,0,0,0,-0.0188531770936481,0,-0.0139832890015307,0,0,0,0,0,0,-0.000269655712646994,0,0,0,-0.0148996585134289,0,-0.00147782580325288,0,-0.00935278865095868,0,0,0,-0.0068169376328527,-0.0292529352782879,-0.0201160643577591,0,0,0,0,0,0,0,0,0,-0.0443962774307963,0,0,0,0,0,0,0,0,0,0,0,-0.0827568313927588,0,-0.00103305206725674,-0.0300540414479172,0,0,0,0,-0.0191615651253165,0,0,-0.000639223932434595,0,0,0,0,-0.00666511830731795,0,-3.96282982934175e-06,0,0,0,0,0,-0.024253221976636,-0.0124570895716092,-0.0015851954085557,-0.0189794215545961,0,-0.0232307335592555,-0.0071327489275952,0,0,-0.013605276570742,0,1.11843162921948,0,0,0,-0.00538023993083648,0,0,0,0,-0.0159576492474171,0,0,0,0,0,0,-0.0422302995802846,-0.0921051522879228,-0.027900619134714,-0.0231944265173803,0,0,0,0,0,-0.00518546049830394,0,0,-0.0247014227823383,0,0,0,0,0,0,0,-0.00748149965237843,-0.0104415402541775,-0.00841028409674741,-0.00367563116894924,0,-0.0339193971762709,0,-0.0156554701462865,0,0,0,0,0,0
"Snai1",0,0,0,0,0,0,0,0,0,0,0,0,0,-0.0132327191196874,0,0,-0.0406157202697074,0,0,0,0,0,-0.0195783880154244,0,0,0,0,0,0,0,0,0,0,0,0,0,0,-0.0111643018114101,0,0,0,0,-0.0215082898515765,0,0,0,-0.0517088435768269,0,0,0,0,0,0,0,0,0,-0.00924899874730111,0,0,0,0,-0.0287171323883541,0,0,0,0,0,-0.0292202277467857,-0.0457041980853961,0,0,0,-0.00363553540098011,0,0,0,0,-0.112911453616384,0,0,-0.0958084893186494,-0.00983999137171229,0,-0.00748726199962794,-0.0111581801387633,0,0,0,0,0,0,0,-0.0106821069471945,0,0,0,0,-0.00190816178402866,-0.0531606185567145,0,0,0,-0.0257162907305141,0,-0.00650241131208866,0,-0.0210137648411233,0,0,0,1.2652545146718,-0.0743864513274498,0,0,0,0,0,0,0,0,0,0,0,0,0,-0.0234850544290183,-0.153104933415315,0,0,0,0,0,-0.272204344760326,-0.00955568669081473,0,0,0,-0.0454332487776922,0,0,0,0,0,-0.012874394590307,0,0,0,0,0,0,0,0,0,0,0,0,-0.0076929912438894,0,0
"Snai3",0,0,0,0,0,0,0,0,0,0,0,0,0,0,0,0,0,0,0,0,0,-0.0296648418913875,-0.0169220326173531,0,0,0,0,0,0,0,0,0,0,0,0,0,0,-0.0180092464371117,0,0,0,0,0,0,0,0,-0.00908389599012521,0,0,0,-0.0126069778662481,0,0,0,0,0,0,0,0,0,-0.00484104991418707,-0.0174049793211171,0,0,0,0,0,-0.00456377082229608,0,-0.0163714886411179,0,0,0,0,0,0,0,0,0,0,-0.00360905434670651,0,-0.000104865632152692,0,0,0,0,0,0,0,0,0,0,0,0,0,0,0,-0.0315955979647546,0,0,0,-0.0298961809277693,0,0,0,0,0,0,0,-0.0743863458730714,1.15734940389891,0,0,0,0,0,0,0,0,0,-0.022660200863038,0,0,0,-0.0096324199974467,-0.000992671551061114,-0.394245976699777,0,0,0,0,0,0,0,0,0,-0.0121371877013007,0,0,0,0,0,-0.00558434405420816,0,0,0,-0.0234098925901207,0,0,0,-0.00563915213525875,0,0,0,0,-0.000717539920443155,0,0
"Sp1",0,0,0,0,0,0,0,0,0,0,0,0,0,0,0,0,-0.0278699200315448,0,0,-0.0733371748637127,0,0,0,0,0,0,0,0,0,0,0,0,0,0,0.0237410596238838,0,0,0,0,0,0,0,0,0,0,0,0,0,0,0,0,0,-0.00212873492106269,0.0154335664330291,0,0,0.00379243680411176,0,0,0,0,0,0,0,0,0,0,0,0,0,0,0,0,0,-0.808216161301344,-0.0333903116297659,-0.0207076339926962,0,0,0,0,0,0,0,0,0,0,0,0,0,0,0,0,0,0,0,0,0,0,0,0,0,0,-0.0167023412551827,0,0,0,0,0,0,0,0,4.67877766090085,0,-1.15285550475923,-0.830408091152596,-0.850307502624557,0,0,0.0166150386479273,0,0,0,0,-0.0692398527382835,0,-0.000958632481499507,0,0,0,0,0,0,0,0,0,0,0,0,0,0,0,-0.413363216277371,0,0,0,0,0,0,0,0,-0.514956508816747,0,0,0,-0.0280724068061675,0,0,-0.0337877494577224
"Sp110",-0.00967233219349829,0,0,-0.016473150608567,0,0,0,0,0,-0.0118594925722207,-0.000439192909873927,0,0,0,0,0,-0.0137723354630748,0,0,-0.0145578252308684,0,0,0,0,0,0,0,0,0,-0.00100130187002645,0,0,0,0,0,0,-0.0054448544088541,0,0,0,0,0,0,-0.00724871742406504,-0.00793508043388421,0,-0.0280696036579272,0,0,0,0,-0.00289970209668743,-0.000192185199865133,0,0,0,0,0,0,0,-0.00402783439039519,0,0,-0.0094527512787995,0,0,-0.0045860336661177,0,0,-0.00945181618524636,0,0,-0.0234255450139645,0,0,0,0,0,0,0,0,-0.0152825820500907,-0.00225438449274024,0,0,-0.0168892223907129,-0.00688158637733196,0,0,0,0,0,-0.00688264832296998,0,-0.0178021592509741,-0.00747119952196812,0,0,0,-0.0201454170708619,0,0,-0.000561197931872899,-0.0183359852560681,-0.0304422981047943,-0.00838624979046596,0,0,0,-0.00537740635668829,0,0,0,1.04320960876547,0,0,0,0,-0.027074652789964,0,0,0,-0.00904574176031143,0,-0.0309864156738744,-0.00189757686273544,-0.026945697052089,-0.00315588341487922,0,0,0,0,0,-0.0154447257181467,0,0,0,0,0,0,0,0,0,-0.00698733372532833,-0.0103795578335215,0,0,-0.00900621422423942,0,0,-0.0328505565545335,-0.0200285874257399,-0.039179240721041,0,-0.0477218566310482,0,-7.01668724930363e-05,0,-0.0545353922733995
"Sp2",0,0,0,0,0,0,0,0,0,0,0,0,0,0,0,0,0,0,-0.00254182701815734,-0.139172916664902,-0.272242209864307,0,0,0,0,0,0,0,0,0,0,0,0,0,0.0119882417039247,0,0,0,0,0.00209671021994246,0,0,0,0,0,0,0,0,0,0,0,0,0,0,0,0.000950121215890906,0.00703275580563779,0,0,0,0,0,0,-0.063420885730882,0,0,-0.402934585459012,0,0,0,0,0,0,0,0,-0.216830268064708,-0.0877825662880836,0,0,0,0,0,0,0,0,0,0,-0.00168231908362945,-0.0121460398105766,0,0,0,0,0,-0.0503057934182947,0,0,0,0,0,0,0,0,-0.0395716427401244,0,0.0459722166878302,0,0,0,0,0,0,-1.15271325624694,0,4.87129351261536,-1.28346490854107,-0.235726046398099,0,0,0.0127650890142188,0,0,0,0,-0.030497559930149,0,0,0,0,0,0,0,0,0,0,0,0,0,0,0,0,0,-0.421055200045511,0,0,0,0,0,0,0.0185522126299581,-0.0280743050549742,-0.159229701219694,0,0,-0.271158997341346,-0.249123714581534,-0.0402786344094962,0,-0.227636342576389
"Sp3",0,0,0,0,0,0,0,0,0,0,0,0,0,0,0,0,0,0,0,-0.00461411772802674,-0.0477336901767991,0,0,0,0,0,0,0,0,0,0,0,0,0,0,0,0,0,0,0,0,0,0,0,0,0,0,0,0,0,0,0,0,0,0,0,0,0,0,0,0,0,0,-0.208043575897347,0,0,-1.03759025923,0,0,0,0,0,0,0,-0.00913960902657832,-0.0113823207435859,-0.00346348603466043,0,0,0,0,0,0,0,0,0,0,0,0,0,0,0,0,0,0,-0.3448084973161,0,0,0,0,0,0,0,0,0,0,0,0,0,0,0,0,-0.830013652541762,0,-1.28275358016449,5.37608631704015,-0.690766475984121,0,0,0,0,0,0,0,0,0,0,0,0,0,0,0,0,0,0,0,0,0,0,0,0,0,-0.680227160963196,0,0,0,0,-0.00832194364525825,-0.214939233095729,0,0,-0.124155164377173,0,0,0,-0.0157602152119687,0,-0.00364123910993651,-0.0322266954210895
"Sp4",0,-0.00455279369259624,0,0,0,0,0,0,0,0,0,0,0,0,0,0,-0.0476227972679396,0,0,0,-0.86627012747609,0,0,0,0,0,0,0,-0.0464207628180046,0,0,0,0,0.0140709494602306,0,0,0,0,0,0,0,-0.0586496500085697,0,0,0,0,0,0,0,0,0,0,0,0,0,0,0,0,0,0,0,0,0,0,-0.049199051839012,-0.295856455011455,-0.434393799534474,0,0,0,0,-0.138940583779127,0,0,-0.0732687612656333,0,0,0,0,0,0,0,0,0,0,0,0,-0.0889077327042372,0,0,0,0,0,0,0,0,0,0,0,0,0,0,0,-0.0295933022103343,0,0,0,0,0,0,0,0,-0.850518505047881,0,-0.23568910660157,-0.691132318476584,3.92882145269236,0,0,0,0,0,0,0,-0.0360335879861177,0,0,0,0,0,0,0,0,0,0,0,0,0,0,-0.00533995005641973,0,0,0,0,-0.0135573906910366,0,0,0,-0.144847013370138,0,0,0,0,0,0,0,-0.0106638100020909,0,-0.0297857365170996
"Srebf1",0,0,0,-0.0183824016699393,0,0,0,0,0,-0.00831757919812192,0,-0.167715021900262,0,0,0,0,0,0,0,0,0,-0.00778116032862059,0,0,-0.00121657879309632,0,0,0,0,0,0,0,-0.0268086922280863,0,0,0,0,-0.017298087077924,0,0,0,0,-0.0128492223331834,0,0,0,-0.034282907323669,0,0,0,-0.00657537907295734,0,0,0,-0.00281878317786115,0,-0.00157260863029486,-0.00654612894434086,0,0,0,-0.0142249774485522,0,-0.00748246123536031,-0.0161887720479079,0,0,-0.0253646790530115,0,0,0,0,-0.00984869702857475,0,0,0,-0.0149329937169745,-0.00140539972624583,0,-0.0724554343395594,0,0,0,-0.0133456741678695,0,0,0,0,0,0,0,0,0,0,0,0,0,0,-0.019831251494956,0,0,0,-0.00921525115427417,-0.00670940005934636,-0.0234299855043928,0,-0.00790401568565735,0,0,0,0,0,0,0,0,0,0,1.51860280423206,-0.428964123419259,0,0,0,0,-0.00844557860579418,0,-0.00720718180985427,0,0,0,0,0,-0.272018806774252,-0.00393427564909951,0,-0.0168489583217219,0,0,0,-0.201928791313849,0,0,0,0,-0.0040700139731039,0,0,0,-0.00146454971387462,0,0,0,0,0,0,0,0,0,-0.00738379754240903,-0.00589570128545706
"Srebf2",-0.00341709744750094,0,0,0,0,0,0,0,0,0,-0.0198010547993055,0,-0.00733723115720963,0,0,0,-0.00654304870197414,0,0,0,0,0,0,-0.0155081799128161,0,0,0,0,0,-0.00151437210590155,0,0,0,0,0,0,0,0,0,0,0,0,0,0,0,0,-0.0184221717725819,0,0,0,-0.0131780644498648,0,-0.00200677196251437,0,0,0,0,0,0,0,0,0,0,-0.0653161944631426,0,-0.00866223380955041,0,0,-0.030053539469991,0,0,0,0,0,-0.00124940017848518,0,0,-0.00489959546190926,0,0,0,0,0,0,0,-0.0194320106937291,-0.00574668124493516,-0.0024459761289203,0,0,-0.0148073555798155,-0.00366343846682096,0,0,0,-0.085465849077464,0,0,-0.00690046338436035,0,-0.00134525983067278,-0.0428841940677388,0,-0.0106756067006598,0,0,-0.0095293431644329,0,0,-0.0159532085327419,0,0,0,-0.0270738019174993,0,0,0,-0.428956204605491,1.32872489043014,0,0,0,0,0,0,0,-0.0217738669026507,0,-0.0021511472056765,0,0,0,0,0,-0.0285073291365183,0,0,0,0,0,0,0,-0.0218241111945274,-0.0170448107809945,-0.0176755770047769,0,-0.00228308773639041,-0.00151861043887898,-0.128461213734291,0,-0.0292745176463564,-0.00572085843852809,-0.0229518808035512,0,0,0,0,-0.00363384188380874,-0.000243621651152972
"Stat1",0,0,0,0,0,0,0,0,0,-0.00838411044288898,0,0,0,0,0,0,0,0,0,0,0,0,0,0,0,0,0,0,0,0,0,0,0,0,0,0,-0.0948654302385784,0,0,0,0,0,-0.00602617481159054,-0.00491228575048533,0,0,0,0,0,0,0,0,0,-0.460065143587927,0,-0.359532483177467,-0.0193466188294145,0,-0.0229539073601337,0,0,-0.00128287843759075,0,0,0,0,0,0,0,0,0,0,-0.00252560925398063,0,0,0,0,0,0,0,0,0,0,0,0,0,0,0,0,0,0,-0.014126918185741,0,0,0,0,0,0,0,0,0,0,-0.00776006786943832,0,-0.00130297504524286,-0.00682500245386683,-0.00451071518297104,0,0,0,0,0,0.0161974194737001,0,0.0126281311357958,0,0,0,0,2.77263898719967,-1.05798870224342,0,0,0,0,0,0,0,-0.0236364023904657,0,0,0,0,0,0,0,-0.0111228635451775,0,0,0,0,0,0,0,0,0,0,0,0,-0.494219482206324,0,0,0,-0.315975486624201,0,0,0,0,0
"Stat2",0,0,0,0,0,0,0,0,0,0,0,0,0,0,0,0,0,0,0,0,0,0,0,0,0,0,0,0,0,0,0,0,0,0,0,0,-0.0488445604076448,0,0,0,0,0,0,0,0,0,0,0,0,0,0,-0.00162246768288362,0,-0.588589259883058,-0.217771484968241,-0.289710478785606,-0.0673050918780831,-0.135286339143737,-0.0683580193799436,-0.00458646439156628,0,0,0,0,0,0,0,0,0,0,0,0,0,0,0,0,0,0,0,0,0,0,0,0,0,0,0,0,0,0,0,0,0,0,0,0,0,0,0,0,0,0,0,0,0,0,0,0,-0.00840250996174388,0,0,0,0,0,0,0,0,0,0,-1.05799010266691,2.65448687350919,0,0,0,0,0,0,0,0,0,0,0,0,0,0,0,0,0,0,0,0,0,0,0,0,0,0,0,0,-0.0233539147026472,0,0,0,-0.127654414454526,0,0,0,0,0
"Stat3",-0.000128631883614125,0,0,0,-0.0181073762021555,-0.00493077521296946,0,-0.00308988894335923,0,0,-0.034456076990078,0,0,0,-0.011515399574455,0,0,0,0,0,0,0,0,0,-0.10223420542508,0,0,0,0,0,0,-0.0323505478778045,0,0,0,0,0,-0.0338882123012102,-0.00404159304535128,0,0,0,-0.00103960622994125,-0.00061591880895206,0,0,-0.0155617401585478,0,0,0,-0.00688213979777828,-0.00967857039622846,0,0,0,0,0,-0.00106753368331825,0,0,-0.00543447428465725,0,-0.00780513462999715,0,0,0,0,0,0,0,0,0,-0.0114982724265898,0,0,0,0,-0.00170146810502417,0,0,0,-0.00746368354844691,-0.00570127318693407,-0.000518999954137965,0,0,0,0,0,0,-0.0124463495371548,0,-0.023224876668505,0,0,0,0,0,-0.0111349527172437,0,0,0,0,0,-0.00256459635997896,0,0,0,0,0,0,-0.0226612381472552,0,0,0,0,0,0,0,0,0,2.00647136617661,-1.3448431216757,0,0,-0.0162245156183085,0,-0.000149858174558717,0,0,0,0,0,-0.063598681185875,0,0,0,-0.0128320465913726,0,0,0,-0.0013377000540176,0,0,-0.0737763833578526,0,0,0,0,0,0,0,0,0,0,0,-0.00931611443188654,0,0
"Stat4",0,0,0,0,0,0,-0.00300846495722719,0,0,-0.0156393641756241,-0.0852245057804726,0,-0.0051033390134003,0,0,0,0,0,0,0,0,0,0,0,0,0,0,0,0,0,0,0,0,0,0,0,0,0,-0.0015453131678578,0,0,0,-0.0316846028536833,-0.0151481159566724,0,0,-0.00170447247912483,0,0,0,-0.015294326017251,0,0,0,0,0,0,0,0,0,0,0,-0.0047950725663609,0,0,0,0,0,0,0,0,0,0,-0.00961847547381331,0,0,0,-0.0376308325689233,0,0,0,-0.00237870158088201,-0.0223473437586199,0,-0.0189469461666637,0,-0.00798578352451475,0,0,0,-0.0026734965017707,0,0,0,0,0,-0.000447756536751532,0,0,0,-0.0192105271298551,0,0,0,-0.0198834597368171,0,-0.00168917220504532,-0.00315832568131738,0,0,0,0,0,-0.00905170726095481,0,0,0,0,0,0,0,-1.34484597495312,1.97231159314724,-0.0362114448507363,0,0,0,-0.00717584446088027,-0.0317733841605216,0,0,0,0,0,0,0,0,-0.0227801952764815,0,0,0,0,0,0,0,0,0,-0.00683797382066643,0,0,-0.0193376536168966,0,0,-0.00382080547110499,0,0,0,0,0
"Stat6",0,0,0,0,-0.00386544915120535,-0.00418112985843993,0,0,-0.0141289619259413,-0.0252144090788341,-0.00625115465054077,0,-0.0193269133771109,-0.0120210339934652,0,0,0,0,0,0,0,0,0,0,0,0,0,0,0,-0.00815896289590917,0,-0.0321436529440808,0,0,-0.000454167325753054,0,-0.011696413436805,-0.0328295887504896,-0.00577254908790901,0,0,0,-0.0363240155136826,0,0,0,-0.00677931359931665,0,-0.0011149806690182,0,-0.0132407064339856,-0.00381502824196143,0,0,-0.0163407952772988,0,0,0,-0.0210986904556018,0,0,-0.0149330794251012,0,0,0,0,0,0,0,0,0,-9.00579708433523e-05,-0.00153440550079735,0,0,0,0,-0.0184714979731633,0,0,0,0,-0.00690795113602784,0,0,0,0,0,0,0,-0.0176437627500855,-0.000245749923478784,0,0,0,0,0,0,-0.00900554654421749,-0.00403241922056882,-0.0428530541578991,0,0,-0.00590608941838237,-0.00999040009038805,-0.00756875989429814,-0.0109036382925768,0,0,0,0,0,0,0,0,0,0,-0.00844781529116694,0,0,0,0,-0.0362088980536522,1.0112816821757,0,-0.00621220229479757,0,-0.0153671335270037,-0.0122533349281632,0,0,0,0,0,0,0,0,-0.0211290925757861,0,-0.00634352425305087,0,-0.00635346976923881,0,-0.00703817916563752,0,0,0,-0.00238600869643401,0,-0.00676174380912694,-0.0121329898441925,0,-0.00343674153457923,0,-0.0117848904969073,0,0,0,0
"Taf1",-0.000950057268709623,-0.00755829122484272,0,0,-0.000322584777830911,0,0,0,0,0,0,0,0,0,-0.00556584070269106,0,-0.0558913050728082,0,0,-0.0133205366672577,0,0,0,0,0,0,0,0,-0.0362852918331366,0,0,0,0,0,0,0,0,0,0,0,0,0,0,0,-0.00388684777743443,-0.000518412010630293,0,0,0,0,0,0,-0.0117165571347784,0,0,0,0,0,0,0,0,0,0,0,0,0,0,0,0,0,0,0,0,0,-0.0234068265696394,-0.0356104340907841,-0.0282212646860515,0,0,0,0,0,0,0,0,0,0,-0.029707803669896,-0.0447599336727936,0,0,0,0,0,-0.0283657742932085,0,0,0,0,0,0,-0.00280852401632469,0,-0.0261042776550569,0,0,0,0,0,0,0,0,-0.0692654396302416,-0.0309911973443241,-0.0304928923570556,0,-0.0360315426634529,0,0,0,0,0,0,0,1.21610029785619,0,-0.00274829441172143,0,0,0,0,0,0,0,0,0,0,0,0,-0.0468952562480439,-0.00454537237995551,0,-0.0133802802124366,0,-0.00995205406500833,0,-0.105061770257378,-0.0270355272785674,-0.0268195904409942,0,-0.0217680520064354,-0.0440875634626427,-0.0144700618488638,0,-0.0607473356119346,-0.0077353746776036,0,0,-0.0663299972470955
"Tbx21",0,0,0,0,-0.00305379150513908,0,0,0,-0.048733625165838,-0.0340788015191374,-0.0374863924671511,0,-0.0113061797242716,-0.0205554155108294,0,0,-0.0101401277008144,-0.0247846281948402,0,0,0,0,-0.0131204186949503,0,-0.00959365814205862,0,0,0,0,-0.0106929258590865,0,-0.0457435400586751,0,0,0,0,0,-0.0344758520327589,-0.00776941761861583,0,0,0,-0.033274181252651,-0.00449813608506732,0,0,0,-0.00183756800230926,-0.0178526247861589,0,-0.034452207823282,-0.0316966340626504,-0.00826556704981647,0,0,0,-0.0580531103183666,0,0,-0.00793983069212548,0,-0.0233393653335597,-0.0220575447136483,0,0,0,0,0,0,0,0,0,-0.0217102272917668,0,0,0,0,-0.0629552084006049,-0.020479707255289,0,0,0,-0.0398712666377034,-0.0218666097320881,0,0,-0.0103768380202242,0,0,0,-0.015774958542308,-0.0255616567556856,-0.0306970547904953,0,0,0,-0.00682792616335478,-0.00760596925014678,-0.00671261261316625,0,-0.00556341894327074,-0.0107677593473876,0,0,-0.0342139261852923,-0.036224186283955,-0.0432031029760262,0,0,-0.0422282783676354,-0.0234835828382104,-0.00963137774567709,0,-0.00189706704055453,0,0,0,-0.00720094901400342,0,0,0,-0.0162237137057318,0,-0.00621295995542681,0,1.17978456012107,-0.0419585262050845,-0.0420943548326238,-0.0204862992549993,0,0,0,-0.00757084982588487,0,0,0,0,-0.0271710877835471,0,0,0,0,0,0,0,-0.0397194075376938,0,-0.0115274550759959,0,0,-0.00141823820254174,0,-0.0117131535357689,-0.000484866356232765,0,0,0,-0.00912897292331588,0
"Tcf12",0,0,0,0,0,0,0,0,0,0,0,0,-0.0156608014303539,0,0,0,-0.0927978969053045,0,0,0,0,0,0,0,-0.0227782446466251,0,0,0,0,-0.0132492240929786,0,0,0,0,0,0,0,0,-0.0144084409733136,0,0,0,0,0,-0.00546191760945445,0,-0.0235851179691314,0,0,0,0,-0.0296453588647751,-0.0162796138339506,0,0,0,0,0,0,0,0,0,-0.0120664749116745,-0.00981098591136521,0,-0.0220048825338997,0,0,0,0,0,0,-0.00206128172813759,0,-0.0224769548935265,0,-0.0187036783756938,0,0,0,0,-0.0025693984669809,-0.00170000913134093,0,0,-0.0239257641705922,-0.00165223770979267,0,0,0,-0.0133971916401292,0,0,0,0,-0.0116180821586164,0,0,-0.0044851916059531,0,0,0,0,-0.0315969982442832,-0.00882068743787538,0,0,0,0,-0.0921014910074363,-0.153101542525634,-0.000991998602139922,-0.000942282180958362,-0.0269474040320344,0,0,0,0,-0.0217773464155672,0,0,0,0,0,-0.0027409383267742,-0.0419541752840773,1.55204417418186,-0.703475153484639,0,0,0,0,0,0,-0.00365487730046863,-0.0062057083680369,0,0,0,-0.00382388604727635,0,0,0,-0.0169630591870667,-0.000102749016835459,0,0,-0.0229553945721198,-0.0283926662564172,0,-0.0150520220072933,-0.0155566084505172,-0.00964528150184698,0,0,0,-0.0221627733620817,-0.00702504647347442,0
"Tcf3",0,0,0,0,-0.00781869857786574,0,0,0,0,0,0,0,0,0,0,0,-0.0473086161278182,-0.00924396723687207,0,0,0,0,0,0,0,0,0,0,0,-0.0252071083212996,0,-0.00167427223179862,0,0,0,0,0,0,-0.00292892349992536,0,0,0,-0.00973802054247941,0,0,-0.000275547411333616,-0.00742387127698028,0,0,0,-0.0138553355307377,-0.00127528699510193,-0.0129670824879409,0,0,0,0,0,0,0,0,0,0,0,0,-0.0162742747400347,0,0,0,0,0,0,-0.00467423143493806,0,0,0,0,-0.0262606303600081,0,0,0,0,-0.00727098682196234,-0.00252846155722976,0,0,0,0,0,0,0,0,0,0,0,0,0,-0.00235810009311902,-0.0177342433833033,0,0,0,0,-0.00822453481953131,0,-0.00781284739776363,-0.00815687682269933,-0.0182978554336347,0,-0.0278979077180702,0,-0.394245407463981,0,-0.00315661647262,0,0,0,0,0,0,0,-0.000147782052430045,-0.00717126944545072,-0.0153674218916063,0,-0.0420922392419833,-0.703479206347328,1.62166463445404,-0.099867609655903,0,0,0,0,0,0,0,0,-0.00421310875214263,0,0,0,0,0,-0.034499142224056,0,0,-0.00471682654070354,-0.0124314290259182,-0.00151422953013871,0,-0.0417773441401371,-0.0210634409777494,-0.02095538457566,0,0,0,-0.00482612440582756,0,-0.00223686605312444
"Tcf7",0,0,0,0,-0.019653596754296,0,0,0,0,-0.0468135119740765,-0.0574965042089126,0,-0.0325150512282705,0,0,0,-0.00317501370603752,-0.025038514547083,0,0,0,0,0,0,0,0,0,0,0,0,0,-0.0663062200261338,0,0,0,0,-0.0283394810809411,0,0,0,0,0,-0.0365567545358035,-0.0143925778607748,0,0,0,0,-0.0040913596312785,0,0,-0.0301122752938192,0,0,-0.0486641892112837,-0.0393487578855766,-0.000656137891788975,-0.0609784907418799,0,0,0,0,-0.00189037585530256,0,0,0,0,0,0,0,0,0,0,0,0,0,0,-0.00127759697732586,0,0,0,0,0,-0.00104618615975626,0,0,0,0,0,0,-0.0165822731534383,-0.00845359683402496,-0.0202802499441634,0,0,0,0,0,0,-0.0112564568187618,-0.014082584992086,0,0,0,-0.0207444628480414,-0.020195895025057,-0.00271226629439134,-0.00858712832797283,0,-0.0231946554146608,0,0,0,0,0,0,0,0,-0.00215044621660393,-0.0236335257838069,0,0,-0.03177277526233,-0.0122547508442912,0,-0.0204864763336213,0,-0.0998712809574797,1.15372705947505,0,0,0,0,0,0,0,0,0,0,0,0,0,0,-0.0238148814980497,0,-0.030295957048344,-0.00445156591818769,-0.0053497643474892,0,-0.104413609692184,-0.0118740525769147,0,0,0,0,0,0,0,0
"Tef",0,0,0,-0.0234300704780573,0,0,0,-0.0462008874188396,0,0,0,0,0,0,0,-0.0195037980825896,0,0.0209902876538475,0,0,0,0,0,0,0,0,0,0,0,0,0,-0.00176517511481294,0,0,0,0,0,0,0,0,0,0,0,-0.0130166056870521,0,0,0,0,0,0,0,0,0,0,0,0,0,0,0,-0.00722089211863113,-0.00901407131565532,0,0,0,0,0,0,0,0,0,0,0,-0.00250710284188361,0,0,0,0,0,0,0,0,0,0,0,-0.592155941331938,0,0,0,0,0,0,0,0,0,0,0,0,0,0,0,0,0,0,0,0,0,0,0,0,0,0,0,0,0,0,0,0,0,0,0,0,0,0,0,0,0,0,0,0,1.24147147681912,0,0,0,0,0,0,0,0,0,0,0,0,0,0,0,0,0,0,0,0,0,0,0,0,0,0,0,0,0
"Tfdp1",0,0,0,0,0,0,0,0,0,0,0,0,0,0,0,0,0,0,-0.209061031203378,-0.521232224873102,-0.0418385837600916,0,0,0,0,0,0,0,0,0,0,0,-0.0193198730448999,0,0,0,0,0,0,0,0,0,0,0,0,0,0,0,0,0,0,0,0,0,0,0,0,0,0,0,0,0,0,0,0,0,0,0,0,0,0,0,0,0,0,0,0,0,0,0,0,0,0,0,0,0,0,0,0,0,0,0,0,0,-0.0144011673231251,0,0,0,0,0,0,0,0,-0.0133670452841925,0,0,0,0,0,0,0,0,0,0,0,0,0,0,0,0,0,0,0,0,0,0,0,0,0,0,1.36910217993712,0,0,0,0,0,0,0,0,0,0,0,0,0,-0.00157583644297148,0,0,0,0,0,0,0,0,0,-0.0665650563708095,-0.0370156441929918,0,0,0
"Tfe3",0,0,-0.315760796763269,0,0,0,0,0,0,0,0,-0.243310734689719,0,0,-0.00666597634243853,0,0,0,0,0,0,0,0,0,0,0,0,0,0,0,0,0,0,0,0,0,0,0,0,0,0,0,0,0,0,0,0,0,0,0,0,0,0,0,0,0,0,0,0,0,0,0,0,0,0,0,0,0,0,0,0,0,0,0,0,0,0,0,0,-0.254139982348232,0,0.0783826000167172,0,0,0,0,0,0,0,0,0,0,-0.00146087972873131,0,0,0,-0.0135946305407942,0,0,0,0,0,0,0,-0.0267463322606119,0,0,0,0,0,0,0,0,0,0,0,0,-0.271994166265038,0,0,0,0,0,0,0,0,0,0,0,0,0,2.71456275361089,0,0,-0.00498707159970484,0,0,-0.0112218335572261,-1.1623776161694,-0.327596269097688,0,-0.137185871986221,0,0,0,0,0,0,0,0,0,0,0,0,0,0,0,0,0
"Tgif1",0,0,0,0,0,0,0,0,0,0,0,0,0,-0.0109342302999766,0,0,0,0,0,0,0,0,0,0,0,0,0,0,0,0,0,0,-0.00283069047082016,0,0,0,0,-0.0303773376350596,0,0,0,0,0,0,0,0,0,0,-0.00144440417660951,0,0,0,0,0,0,0,0,0,0,-0.00461706578328417,0,-0.0258158060065192,0,0,0,0,0,-0.00522442995752474,0,0,0,0,-0.0257619825879382,0,0,0,0,-0.521088506465462,0,0,0,0,0,-0.000395379686615824,0,0,0,0,0,0,-0.0212705235675037,0,0,0,0,0,0,0,-0.294382294126009,0,-0.00546464844108191,0,-0.00620913666255114,0,-0.0141485972425492,0,0,0,0,0,-0.272205218326879,0,0,0,0,0,0,-0.00393198705184382,0,0,0,0,0,0,0,-0.00757062830029182,0,0,0,0,0,0,1.47491677957109,0,0,0,0,0,0,0,0,0,0,0,0,0,0,0,0,0,0,0,0,0,0,0,0,0,0
"Thap11",-0.0125300723461507,0,0,-0.00131359750550085,0,-0.0184877305215339,0,0,0,-0.0212317456276762,0,0,0,0,-0.0158614266363256,0,0,0,0,0,0,0,0,0,0,0,0,0,0,0,0,0,-0.045887742017149,0,0,0,-0.00683949848353823,-0.0271662651766332,0,0,0,0,0,-0.00550240026705051,0,0,0,0,0,0,0,0,0,0,0,0,0,0,0,0,0,-0.00703451517024147,0,0,0,0,0,-0.032713040979568,0,0,0,0,0,0,0,0,0,0,0,0,-0.0144242084289455,0,0,0,0,0,0,0,0,-0.00214329218911051,-0.00411113067613016,0,0,0,-0.0092223370077544,0,0,0,0,0,0,0,0,0,-0.0336956204920807,0,0,0,0,0,-0.00954558235436107,0,0,-0.0154413574344054,0,0,0,0,0,0,0,-0.06358230955112,0,0,0,0,0,0,0,0,0,0,0,2.15149050841229,0,-0.00118016045793684,0,-0.0069448866679594,0,0,0,-0.0162328774210179,0,0,-1.54437835448094,0,0,0,0,0,0,0,0,0,0,0,0,0,0
"Thrb",0,0,0,-0.0216955028825096,-0.052538629299548,0,-0.00601982905335007,-0.0114536472615681,0,-0.00640603645987075,0,0,0,0,0,0,0,0,0,0,0,-0.012181966287693,-0.0047006094294376,0,-0.0134104361314083,0,0,0,0,0,0,0,0,0,0,0,0,-0.00379431058901143,0,0,0,0,-0.0168551480039429,0,0,-0.00184972689787147,-0.00973310415746005,0,0,0,0,0,0,0,0,0,0,0,0,0,-0.00188965678075028,0,0,-0.00754955063130986,0,0,0,-0.00378502845536773,0,0,0,0,0,0,0,-0.00793491192232674,0,-0.00621465752179716,0,0,0,0,-0.000908645384874311,-0.0111802484052711,0,0,-0.00133525436417745,0,0,0,0,0,0,0,0,0,-0.0218595433551114,0,-0.00966675636084661,0,-0.0113074048267662,0,0,-0.00382356691546018,-0.0394727650331859,-0.00376754729558656,-0.000474378604346513,-0.00402874958825709,0,-0.00518507411352635,0,0,0,0,0,0,0,-0.0168505410910032,-0.0285085869942858,0,0,0,0,0,0,0,-0.00365508576380185,0,0,0,0,-0.00499361509068871,0,0,0.9835300387086,0,0,0,0,0,0,-0.0143400144652347,0,0,0,0,0,0,-0.0174014011104578,0,-0.00388325106495144,0,0,-0.00311120032842205,0,0,0,0,-0.00282739948415718
"Tigd2",0,0,0,0,0,0,0,0,0,0,0,0,0,0,0,0,0,0,-0.00431299223548136,0,0,0,0,0,0,0,0,0,0,0,0,0,0,0,0,0,0,0,0,0,0,0,0,0,0,-0.0281054347485626,0,0,0,0,0,0,0,0,0,0,0,0,0,0,0,0,0,0,0,0,0,-0.00592489340931632,-0.00352042793637173,0,-0.0264706858038439,0,0,0,0,-0.00224433829977768,0,0,0,0,0,0,0,0,0,0,0,0,0,0,0,0,0,0,-0.0163945327981416,0,0,0,0,0,0,0,0,0,-0.000561037598888773,0,0,0,0,0,0,0,0,0,0,0,0,0,0,0,0,0,0,0,0,0,-0.00620584530782894,0,0,0,0,0,0,-0.0011801738292359,0,0.957163698653952,0,0,0,0,0,0,-0.00186215418232331,0,0,0,-0.00693127028847479,0,0,0,0,0,0,0,-0.0269188266751495,0,0,0,-0.0137402563447355
"Tlx2",0,0,0,0,0,0,0,0,0,-0.000894687301732085,0,0,0,0,0,0,0,-0.00583923787938903,0,0,0,0,0,0,0,0,0,0,0,0,0,0,0,-0.0166993137663042,0,0,0,0,0,0,0,0,0,-0.000357394210971799,0,0,0,-0.70011821116289,0,0,0,0,0,-5.85095228293067e-05,0,0,-0.0197032338365004,0,0,-0.113802790832266,-0.00380891959400027,0,-0.00296190588354711,0,0,0,0,0,0,0,0,0,0,0,0,0,0,0,0,0,0,0,0,0,0,0,0,0,0,0,0,0,0,0,0,0,0,0,0,0,0,0,0,0,0,0,0,0,0,0,0,0,0,0,0,0,0,0,0,-0.0111184027918524,0,0,0,0,0,0,0,0,0,0,0,0,0,0,0,0,1.33823359978954,-0.00307537943491296,0,0,0,0,0,-0.000202609080620541,0,-0.011147147603323,0,0,0,0,0,0,0,0,0,0,0,0,0
"Trp53",0,0,0,0,-0.0301927883931048,0,0,0,0,-0.0122331992596297,0,0,0,0,0,0,-0.0014647230068186,-0.00337325801002853,0,0,0,0,-0.00911335594103332,0,0,0,0,0,0,-0.00532781636210112,0,0,-0.00566684807871464,0,0,0,-0.00373991997735201,-0.0415553410656784,-0.0227142066512623,0,0,0,-0.033171473186304,-0.00848148708064672,0,0,-0.0540200711862787,0,-0.00249965097583498,0,0,-0.015092778171894,-0.0269709953232831,0,0,-0.00597958573857328,-0.032238302382633,-0.0178005013031828,0,-0.010573859840225,0,-0.0277260364235368,0,0,-0.0315312425287657,0,0,0,0,0,0,0,-0.00201446702913091,0,0,0,-0.00879108645743379,-0.0290947302237108,0,0,0,0,-0.0122352437693293,-0.00369345584925857,0,0,-0.0129544939904519,0,-0.0064623018828718,-0.000902778028112137,0,-0.00371234664632001,-0.012940202668098,-0.00277338016040397,-0.000785907351198459,0,0,0,-0.0247974585547801,-0.000384460677745553,-0.0194514940138177,0,0,0,-0.025676401038033,0,-0.0311366636171071,0,0,-0.0247010176576024,-0.0454334034563572,-0.0121370995026866,0,0,0,0,0,0,0,0,0,-0.0128305651924829,-0.0227799056847007,-0.0211305846314458,0,-0.0271708049187203,0,-0.00421349683007358,0,0,0,-0.0112409349909626,0,-0.00694057657516629,0,0,-0.0030755988178888,1.08421014142633,0,-0.0259814926465655,0,-0.0076232283068445,0,-0.0182424392197069,-0.0279067753225141,-0.0129223262119982,-0.00517744991498152,-0.0171028583196909,0,0,-0.0367365793528291,0,0,0,0,0,0,-0.000827042170803768,-0.0122263123631735
"Usf1",0,0,-0.45047573078925,0,0,0,0,0,0,0,0,0,0,0,0,0,0,0,0,0,0,0,0,0,0,0,0,0,0,0,0,0,0,0,0,0,0,0,0,0,0,0,0,0,0,0,0,0,0,0,0,0,0,0,0,0,0,0,0,0,0,0,0,0,0,0,0,0,0,0,0,0,0,0,0,0,0,0,0,-0.493670310451298,0,0,0,0,0,0,0,0,0,0,0,0,0,0,0,0,0,0,0,0,0,0,0,0,0,0,0,0,0,0,0,0,0,0,0,0,0,-0.201910453266946,0,0,0,0,0,0,0,0,0,0,0,0,0,-1.16235674381632,0,0,0,0,0,0,3.32120899646908,-1.01304398222276,0,0,0,0,0,0,0,0,0,0,0,0,0,0,0,0,0,0,0
"Usf2",0,-0.229623539730521,-0.397833420867377,0,0,0,0,0,0,-0.00654359773444425,0,0,0,0,0,0,0,0,0,-0.0134385456087994,0,0,0,0,-0.0154101189106629,0,0,0,0,0,0,0,0,0,0,0,0,0,-0.00676803156504609,0,0,0,0,0,-0.00198683366911361,0,-0.00530999379388066,0,0,0,0,-0.00582988200454558,-0.0187568817294156,0,0,0,0,0,0,0,0,0,0,0,0,-0.0129147988502105,0,0,0,0,0,-0.0118647287242106,0,-0.0519255623693221,0,0,-0.0158910997330441,0,0,0,0,0,0,0,0,0,0,0,0,0,0,0,0,0,0,0,-0.00554349175500733,0,0,0,0,0,0,-0.0191700950772796,0,0,0,0,0,0,0,0,0,0,0,0,-0.00527912570811958,0,0,0,0,0,0,-0.00633017728115556,-0.0468803187116264,0,-0.00380248263770582,0,0,0,0,-0.327611159484672,0,0,0,0,0,-0.0259641589766668,-1.01304116286172,2.36050921229335,0,0,0,-0.00104579654834487,0,0,0,0,0,0,-0.00506702973350324,0,0,0,0,0,0,0,0
"Wt1",-0.0124354152256963,0,0,0,0,0,0,0,0,0,0,0,0,0,0,0,0,0,0,0,0,-0.187422139385689,-0.187066671084533,0,0,0,0,0,0,0,0,0,0,0,0,0,0,0,0,0,0,0,0,0,0,0,0,0,0,0,0,0,-0.00538551186221392,0,0,0,0,0,0,0,0,0,0,-0.0517259427975812,0,0.135138283300097,0,0,-0.188259366361554,-0.991384525425119,0,0,-0.0103575383337779,0,0,0,0,0,0,0,0,-0.0279880706591884,0,0,0,0,0,0,0,-0.014280220205079,0,0,0,0,-0.00928370564994031,0,0,0,0,0,0,-0.272667013250487,0,0,0,0,0,0,-0.0107982861716197,0,0,0,0,0,0,0,0,0,0,0,0,0,0,0,-0.00452649006508127,0,0,0,0,0,0,0,0,0,0,0,0,0,0,0,3.64693696726556,0,-1.20343191835805,0,0,0,-0.0634209000375434,0,0,0,0,-0.361397253799524,-0.0180126715492111,0,-0.292006032600987,0,0,0,0
"Xbp1",-0.00799196484878809,0,-0.118763738272325,-0.134330588239765,0,-0.153001130669998,0,0,0,0,0,0,0,0,0,0,0,0,0,0,0,-0.0073748589570888,-0.00420300532726811,0,0,0,0,0,0,0,0,0,0,0,0,0,0,-0.00808534238214566,0,0,0,0,0,0,0,0,0,0,0,0,0,0,0,0,0,0,0,0,0,0,0,0,0,-0.0122149536437221,0,0,0,-0.00407282647421596,0,-0.00955048910728781,0,0,0,0,0,-0.0169211426998334,-0.0151178532553015,-0.00538597069413588,0,-0.0607988336255406,-0.00844460452773574,0,0,0,0,0,0,0,-0.0160114306490349,-0.0133220944501303,-0.0086795394019015,0,-0.0109338212521071,0,-0.0218039138222227,0,0,0,0,0,0,0,0,0,-0.0188664381106405,0,0,0,0,0,0,0,0,0,0,0,0,0,0,0,0,-0.00133596712835196,0,-0.0063529913348885,0,0,0,0,0,0,0,-0.137205266344159,0,-0.0162356083666929,-0.0143396367177692,0,0,-0.00762143044841777,0,0,0,1.1470704916429,0,0,0,0,0,0,0,0,0,0,0,0,-0.0123122556720456,0,-0.00980755659696602,-0.00310147624676719,0
"Zbtb17",-0.0258359687512759,0,0,0,0,0,0,0,0,0,0,0,0,0,0,0,0,0,-0.0541053254250798,-0.0388548947580185,0,-0.0673663678543196,0,0,0,0,0,0,0,0,0,0,0,0,0,0,0,0,0,0,0,0,0,0,0,0,0,0,0,0,0,0,-0.0276591196953518,0,0,0,0,0,0,0,0,0,0,-0.123125476960969,0,0,0,0,0,-0.166468151030104,0,0,0,0,-0.176514053928994,-0.0773462123093391,0,0,0,0,0,-0.00964957176790174,0,0,0,0,0,0,0,0,0,0,0,0,-0.0027206497133503,-0.312366803692234,0,0,0,0,0,0,0,0,0,0,0,0,0,0,0,0,-0.413239716584492,0,-0.420648890784151,-0.68027847864574,0,0,-0.0218118052138154,0,0,0,0,0,-0.0133478602721008,0,0,0,0,0,0,0,0,0,0,-0.00186131734831386,0,0,0,0,-1.2032727448725,0,4.75929729290345,0,0,0,0,-0.0058912082105262,-0.598065627204883,0,0,-0.560733528764578,0,0,-0.0892334436751187,-0.0101778540707426,0,-0.0416959592903613,0
"Zbtb3",0,-0.00817310191052152,0,0,-0.0101750828747754,-0.00845834800552926,-0.000683503646403803,0,0,-0.0170561188234492,-8.02519156864677e-06,0,0,0,0,0,-0.0447693841250996,0,0,0,0,0,0,0,-0.0103978395239976,0,0,0,0,0,0,0,0,0,0,0,-0.00472751237205712,-0.0234026425758441,-0.0122073731841996,0,0,0,-0.000288338352225494,-0.001357888344094,0,0,-0.00702066194917537,0,0,0,0,-0.00458913584041746,-0.000927451040122661,0,0,0,0,0,-0.00429681444674065,0,0,-0.0194887610404022,-0.00794443235233846,-0.0144542002419412,0,0,0,0,0,0,0,-0.00758652454711288,-0.0086705586208749,0,0,0,-0.0126177033209341,-0.00402494152732157,0,0,0,0,-0.002163673664826,-0.0180002106231646,0,-0.0032616166374855,0,0,0,0,-0.00215951424711491,-0.00582000090612434,0,0,-0.00120413159381458,0,0,0,0,-0.0109536553149603,0,0,-0.0168993269948037,0,-0.00857943002393404,0,-0.0344031286903291,0,0,0,-0.0128747174200242,-0.00558507238948207,0,-0.00698878105464296,0,0,0,-0.0040724199858082,-0.0170469909351896,0,0,0,0,-0.00703908050075609,0,0,-0.0169663651811864,-0.0344993661024533,-0.0238146761518054,0,0,0,0,0,0,0,-0.000202596737933685,-0.0182422262775161,0,-0.00105094933684401,0,0,0,1.01605511104083,0,-0.010344513965945,-0.0315291278494707,-0.0147269685155614,0,0,-0.00896849867091932,0,0,0,0,0,-0.0102015552305482,0,-0.0316144395983738
"Zfp143",-0.00135241721971492,-0.00243358862910925,0,0,0,0,0,0,0,0,0,0,0,0,0,0,0,0,0,-0.0271460275073953,0,0,0,0,0,0,0,0,0,0,0,0,0,0,0,0,-0.00811262382107735,-0.0023084577861645,-0.000248622659138099,0,0,-0.00307589525551033,0,-0.000228945877437991,0,0,0,0,0,0,0,-0.032701385918041,0,0,0,0,0,0,0,0,0,0,0,-0.0254960656653036,0,0,0,0,0,0,0,-0.0140907516655871,0,0,0,-0.00752966027163466,-0.0478487082150863,0,0,0,0,-0.0326049533907075,0,0,0,0,0,-0.00385135579464038,0,0,0,0,0,0,-0.0650216106475468,0,0,0,0,0,0,0,0,0,0,0,0,0,0,0,0,0,0,-0.0103866537752085,0,0,-0.0135238523744497,0,-0.0176739244080072,0,0,-0.0737816860018163,0,0,-0.00994528794820244,0,-9.72311666505851e-05,0,0,0,-0.00156606535315385,0,0,-1.54437837483621,0,0,0,-0.0279015436786295,0,0,0,0,0,0,2.18209835929004,0,0,0,0,0,0,0,-0.00815353220254131,0,0,0,0,0,-0.0497928036610469
"Zfp212",0,0,0,0,0,0,0,0,0,-0.0246407173515206,-0.183562186270903,0,-0.00302692602853123,-0.000639574617629038,0,0,0,0,0,0,0,0,0,0,0,0,0,0,0,0,0,0,0,0,0,-0.00346972141777255,0,-0.0208868814787704,0,0,0,0,-0.0312116456770816,-0.00275275545972467,0,0,0,0,0,0,-0.0029892643716396,0,0,0,0,-0.176240525919544,0,0,0,0,0,-0.00364959307103825,0,0,0,0,0,0,0,0,0,0,-0.0104299523799326,0,0,0,0,0,0,0,0,0,0,-0.0160404340914478,0,0,0,0,0,0,0,-0.0093594212543448,0,0,0,0,0,0,0,-0.036994093738334,-0.0112368541413067,-0.0988107994094521,0,0,-0.0111761786328053,-0.00822791841090137,0,-0.0018679037361283,0,-0.00748161950636631,0,0,0,0,0,0,0,0,0,0,0,0,0,0,0,-0.039718451300815,0,0,-0.0302959881170142,0,0,0,0,0,0,0,-0.0111476284376459,-0.0129210376937496,0,0,0,0,0,-0.0103443737286703,0,1.26937037052517,0,0,0,-0.0384303170730939,-0.0106550792818041,0,-0.214937008713045,0,0,0,0,-0.00569490475278745,0
"Zfp260",0,0,0,0,0,0,0,0,0,-0.00259028663416678,-0.0881057064345017,0,0,0,0,0,0,0,0,0,0,0,0,0,0,0,0,0,0,-0.040940838638174,0,0,0,0,0,0,0,0,0,0,0,0,0,-0.0137446751265846,0,-0.00262589110655127,0,0,0,0,0,0,-0.0529101754252402,0,0,0,0,0,0,0,0,0,0,0,0,0,0,0,0,0,0,0,0,0,-0.149302134142251,0,-0.0216472038408865,0,0,0,0,0,0,0,0,0,0,0,0,0,-0.00405095430837562,0,0,0,0,0,0,0,0,-0.0128901383990612,0,-0.136867234949031,0,0,0,0,0,0,0,-0.0104359791903388,0,0,0,0,0,0,0,0,-0.00227221737997331,0,0,0,0,0,-0.105054641038518,0,0,-0.00470996606853582,-0.0044471707728733,0,0,0,0,0,0,-0.00693108506926581,0,-0.00517137567299866,0,0,-0.0633960490849257,0,0,-0.0315253523898106,0,0,1.30206330520928,-0.0393916636802095,-0.0213209215448241,0,-0.0293235949207274,-0.102505546893788,-0.0875650439638741,0,-0.0332860138139781,-0.00261670143732512,0,0,0
"Zfp263",0,-0.017861745372443,0,0,-0.0116176229149063,0,-0.0101392175736427,0,0,0,-0.0003211919306582,0,0,0,0,0,0,0,0,-0.047420087545724,0,0,-0.0124570273588961,-0.0233566538903211,-0.0130697757452641,0,0,0,0,0,0,0,0,0,0,0,0,-0.000468107185344017,0,0,0,0,0,0,-0.0136901477508229,0,-0.0266516082291591,0,0,0,0,-0.00678283808945589,0,0,0,0,0,0,0,0,0,0,-0.00255807318809791,0,0,0,0,0,0,0,0,0,-0.0164193447218192,0,0,0,-0.0194738265312626,0,0,0,0,-0.00452715963808271,0,0,0,0,0,-0.00320717506908551,0,0,-0.0069596573501717,0,0,0,-0.0179590848661163,0,0,0,-0.0211045750062227,0,-0.020560897981711,0,0,0,0,0,0,0,0,-0.0084103284938978,0,-0.0234102249537241,0,-0.00900785765511131,0,-0.008298880919958,0,-0.00146281621399851,-0.00151616165523937,0,0,0,-0.0068327667737124,-0.00238574787372849,-0.0270331065214911,-0.0115244000361053,-0.0229557420474886,-0.0124292321469799,-0.00534799384992025,0,0,0,0,0,0,0,0,-0.0171001112010319,0,0,0,0,-0.00587427327669365,-0.0147253217097296,0,0,-0.0393930571099934,1.05796584407882,-0.0518521053693215,0,-0.0093556846802011,-0.0247954953076528,-0.00352030547123199,0,0,-0.0401422565384429,-0.0229057744333039,-0.0190152959138649,-0.0123103046900387
"Zfp281",0,0,0,0,0,0,0,0,0,0,0,0,0,0,0,0,-0.0576504624273737,0,0,0,0,0,-0.0755193100405387,0,-0.0174425415999372,0,0,0,0,0,0,0,0,0,0,0,0,0,0,0,0,0,0,0,-0.0254860710191669,0,0,0,0,0,-0.00912722293508646,0,-0.013298165399485,0,0,0,0,0,0,0,0,0,0,-0.0605881566545513,0,0,0,0,0,0,0,0,0,0,-0.488611341291826,0,0,0,0,0,0,0,0,0,0,0,0,0,0,0,0,0,0,0,0,-0.281017617206976,0,0,-0.00596104697618004,0,0,-0.09378500893121,0,0,0,0,0,0,0,-0.00366550821033277,0,0,0,0,0,-0.214836201772343,-0.144710563320477,0,-0.128440706922472,0,0,0,0,0,-0.0267934879472621,0,-0.0283887535014471,-0.00151440763608643,0,0,0,0,0,0,-0.0173960626940188,0,0,0,0,0,0,0,-0.598158383174083,0,0,0,-0.0213355442259159,-0.0518543819900456,2.60249687850235,0,0,-0.0801301533728592,0,0,0,0,0,-0.400821620942308,0
"Zfp287",0,0,0,0,0,0,0,0,-0.00278911221992478,-0.0199141590646307,-0.0809912759091642,0,0,-0.0245458869041717,0,0,0,0,0,0,0,0,0,0,0,0,0,0,0,0,0,0,0,0,0,0,-0.190512697861132,0,0,0,0.0159747127577032,0,-0.0151875384780015,-0.00321965341337777,0,0,0,0,-0.00850267783235283,0,0,0,0,-0.03148418270352,0,-0.161090384040605,0,0,0,0,0,0,0,0,0,0,0,0,0,0,0,0,-0.00606184442606722,0,0,0,0,0,0,0,0,0,-0.00188594837993578,0,0,0,0,0,0,0,0,0,0,0,0,0,0,0,0,0,0,0,0,0,0,-0.0265140843719565,0,-0.00644461699785971,0,0,0,0,0,0,0.0185433295120947,0,0,0,0,-0.494224710625069,-0.0233471005253903,0,0,-0.00676296498095417,0,0,0,0,-0.104412078547985,0,0,0,0,0,0,0,0,0,0,0,0,0,0,0,0,-0.0384266728644996,0,0,0,1.71767622229687,0,0,0,-0.4144757936531,0,0,0,0,0
"Zfp335",0,-0.00439677434797244,0,0,-0.00891589753804945,0,0,0,0,-0.0170010254818046,-0.00698046352938959,0,0,0,0,0,-0.0339552421288023,0,0,-0.00538968265029322,0,0,0,-0.0108077306826491,-0.023237934269464,0,0,0,0,-0.0483013047327722,0,0,0,0,0,0,-0.000636391206996557,0,-0.0222985471312655,0,0,0,0,0,0,0,-0.0288631209919758,0,0,0,0,-0.0169941658172931,-0.0246604527070112,0,0,0,0,0,0,0,0,0,-0.0224267546007581,0,0,0,0,0,0,0,0,0,-0.00390115006742965,0,0,-0.0218994394634859,-0.0138387197964736,-0.00544761372806518,0,0,-0.0115205106714686,0,0,0,0,-0.00762769304365928,0,0,0,0,0,0,0,0,0,0,0,0,-0.0311796014819504,-0.0180938132806741,0,0,0,-0.0194062055580695,-0.0128930534142286,0,0,0,0,-0.0339200480911038,0,0,0,-0.0328528053738531,-0.0280675522582362,0,0,0,-0.0292769786695897,0,0,0,-0.0193356216671368,-0.0121335500430972,-0.0217672314824524,-0.00141648279263801,-0.0150566492333813,-0.0417763226017812,-0.011872470345886,0,0,0,0,0,-0.00388253541632858,0,0,-0.0367348259313235,0,-0.00507430130174838,0,0,0,-0.00896768191341456,0,-0.0106540157840863,-0.0293263842423882,-0.00935642193009056,0,0,1.12903175233978,-0.0445709677947907,0,0,-0.0607489642523472,-0.00850939256052276,-0.0234756999166994,0,-0.0386578749844449
"Zfp341",0,0,0,0,0,0,0,0,0,0,0,0,0,0,0,0,-0.00628484715009864,0,0,-0.0730938412107593,0,0,0,0,0,0,0,0,-0.00119583241706347,0,0,0,0,0,0,0,0,0,0,0,0,0,0,0,0,0,0,0,0,0,0,0,-0.0500900939234552,0,0,0,0,0,0,0,0,0,0,0,0,0,0,0,0,0,0,0,0,0,-0.458762402112117,0,0,0,0,0,0,0,0,0,0,0,0,0,0,0,0,0,0,0,0,-0.0349879125088684,0,0,-0.0106291562774737,0,0,-0.0990865582151241,0,-0.0302467995229674,0,0,0,0,0,0,0,-0.00566057402190535,-0.515229219263694,-0.0200595362308388,-0.15940318704577,-0.124275170170975,0,0,-0.00573746140114018,0,0,0,0,0,-0.044103863329056,0,-0.0156045197762283,-0.0210729018905481,0,0,0,0,0,0,0,0,0,0,0,0,-0.361448374653143,0,-0.560749349323156,0,0,0,-0.102513331005133,-0.0248005430423965,-0.080079135020911,0,-0.0445664230986786,2.93146985290962,-0.0866087821673617,0,-0.104448729059438,-0.0318635871530024,0,0,0
"Zfp398",0,0,0,0,-0.00604949136954638,0,-0.00450543595941865,0,0,0,-0.152669164930018,0,0,-0.00476246725466346,0,0,0,0,0,0,0,0,0,0,-0.0038766495736593,0,0,0,0,-0.0381062779055844,0,0,0,0,0,0,0,0,0,0,0,0,0,0,-0.0215444215970336,0,-0.0152945074156962,0,0,0,0,-0.0172819333570953,-0.0387846230092741,0,0,-0.0889004750209587,0,0,0,0,0,0,0,0,0,0,0,0,0,0,0,0,0,0,-0.16318274339647,0,-0.00507282740867825,0,0,0,0,0,0,0,0,0,0,0,0,0,-0.00201224630619992,0,0,0,0,-0.000987421851172504,0,0,-0.000497235607779536,-0.0211962267488635,0,-0.145589941770176,0,0,0,0,0,0,0,-0.0156548136604414,0,0,0,-0.0391801809665253,0,0,0,0,-0.0229486325647613,0,0,0,0,-0.00343770624027904,-0.0144683608289629,-0.0117124915757757,-0.00965031977829181,-0.0209587076607079,0,0,0,0,0,0,0,0,0,0,0,0,-0.0179894410607567,0,0,0,-0.00815179282412174,-0.214935338772491,-0.0875619488897233,-0.00351814584271552,0,0,0,-0.0865878836964927,1.40250989694007,0,0,0,0,0,-0.00819188957877208
"Zfp422",0,0,0,0,0,0,-0.0104793561279662,0,0,-0.00612075832371363,0,0,0,-0.00688274839478156,0,0,0,0,0,0,0,0,0,0,0,0,0,0,0,0,0,0,0,0,0,0,-0.318707245140843,0,0,0.0265267616330488,0,0,-0.0100793091002048,0,0,0,0,0,-0.0123305514574335,0,0,0,0,0,0,-0.0290899802845687,0,0,0,0,-0.0140848294520659,-0.0172023153113547,0,0,0,0,0,0,0,0,0,0,0,0,0,0,0,-0.00525563097904511,0,0,0,0,-0.0259565153472185,0,0,0,0,0,0,-0.0175989609593736,0,-0.0149460300079722,-0.0120564113993935,0,0,0,-0.010850288937015,0,0,0,-0.00279485506466101,0,-0.00943480978891168,0,0,0,0,0,0,0,0,0,0,0,0,0,0,0,0,-0.315974604274276,-0.127659292298677,0,-0.0038225137578544,0,0,-0.000486382418624978,0,0,0,0,0,0,0,0,-0.0031131588036298,0,0,0,0,0,0,0,0,0,0,0,0,0,0,-0.414478132101603,0,0,0,1.5627711967598,0,0,0,0,0
"Zfp566",0,0,0,0,0,0,0,0,0,0,0,0,0,0,0,0,0,0,-0.0105106806520805,-0.0798309036941671,0,-0.0363410192870745,0,0,0,0,0,0,0,0,0,0,-0.0911550942403926,0,0,0,0,0,0,0,0,0,0,0,0,0,0,0,0,0,0,0,-0.00690212846661561,0,0,0,0,0,0,0,0,0,0,0,0,0,0,0,0,-0.0558740934889564,0,0,0,0,0,-0.0661906982415608,-0.0406448875185397,0,0,0,-0.00447586607791234,-0.0121065782043336,0,0,0,0,0,0,-0.000969973272423463,0,0,0,0,0,-0.114956612174047,0,0,0,0,0,0,0,0,-0.0448467043201147,0,0,0,0,0,0,0,0,0,-0.0477210434544379,-0.271085032793954,0,0,0,0,0,0,0,0,-0.0117879395615517,-0.0607440015974247,0,0,0,0,0,-0.0665579116877894,0,0,0,0,-0.0269197762161513,0,0,0,0,-0.292013694269946,-0.0123117162459962,-0.0892856573327291,0,0,0,-0.0332919989637962,0,0,0,-0.0607511406805906,-0.104445161859216,0,0,1.84542592603647,-0.139946920444728,-0.0130366081159651,0,-0.120558609878276
"Zfp64",0,0,0,-0.0121915915720014,0,0,0,0,0,0,0,0,0,0,-0.00543770066049963,0,0,0,-0.0301204858340632,-0.0484814074312216,0,-0.056150102880921,0,-0.0090276150792565,0,0,0,0,0,0,0,0,0,0,0,0,0,0,0,0,0,0,0,0,0,0,-0.0252953429096517,0,0,0,0,0,-0.0201298344769147,0,0,0,0,0,0,0,0,0,0,-0.0267028178271337,0,0,0,0,0,0,0,0,0,0,0,-0.108044279253957,-0.100364816956436,0,0,0,-0.0251670964685339,-0.0207265204279064,0,0,0,0,0,0,-0.0221065619779924,0,0,0,0,0,-0.0509401126736516,0,0,0,-0.00541534176281613,0,0,0,0,-0.0891661168564228,0,0,0,0,0,0,0,0,-0.0280068666834849,0,-0.24906647827294,-0.0157321072279184,0,0,0,0,0,0,0,0,-0.00773048040864279,0,0,0,0,0,-0.0370078013454827,0,0,0,0,0,0,0,0,0,0,0,-0.0101991335420003,0,0,0,-0.00261904966583448,-0.0401437642978845,0,0,-0.00851036700489481,-0.0318771498167572,0,0,-0.139953854501537,1.48960865413351,-0.0869474485940599,0,-0.09569717091255
"Zfp692",-0.00107216048225147,0,0,0,0,0,0,0,0,0,0,0,0,0,0,0,-0.000432202847118687,0,0,0,-0.0168828414942719,0,0,-0.0177041509823759,-0.00368832165814226,0,0,0,0,0,0,0,0,0,0,0,0,0,0,0,0,0,0,0,0,0,-0.000956797448776166,0,0,0,0,-0.011861019020106,0,0,0,0,0,0,0,0,0,0,0,-0.0193248183220292,0,-0.0352658492539023,-0.050846710313374,-0.0462001357249212,0,0,0,-0.0544409154583075,0,0,0,-0.00618119359941251,-0.0462226926535092,0,0,0,-0.0339698084360101,-0.0412815927133736,0,0,0,0,0,0,0,0,-0.0102799194639432,-0.0166483271143697,0,0,-0.0024227364037243,-0.0528154129210544,0,0,-0.000706518629360736,0,0,0,-0.01368683367294,-0.0154656333734435,0,0,0,0,0,0,-0.00769491975856296,-0.000718904223327241,0,-7.1456029426341e-05,-0.0402803076407641,0,-0.0106512266134826,0,0,0,0,-0.00931235919257055,0,0,0,0,-0.0221663325530488,-0.00482667997102807,0,0,0,0,0,0,0,0,0,0,0,0,0,-0.0098063149604974,0,-0.0102011557625707,0,0,0,-0.0229049412283254,0,0,-0.0234742064151291,0,0,0,-0.013032799058857,-0.0869453103742923,1.17194510627216,0,-0.0801067563726982
"Zfp740",0,0,0,-0.00175083495862547,-0.00458925982030746,-0.0158903012255753,-0.00919313325403468,0,0,0,0,0,0,0,0,0,0,0,0,0,0,-0.00425579671865276,-0.0286821759279793,0,0,0,0,0,0,0,0,0,-0.0118520959652587,0,0,0,0,0,0,0,0,0,0,0,-0.0249534240845596,0,-0.0216005737391793,0,0,0,0,0,0,0,0,0,0,-0.0120663573194344,0,0,0,0,0,-0.0665342158305773,0,0,0,0,0,0,0,0,-0.00152083718205054,0,0,0,0,0,0,0,0,0,0,0,0,-0.00444978028489304,0,0,0,0,0,-0.0141148280707931,0,0,0,0,0,0,-0.00147657260287676,0,0,-0.00701947487545286,0,0,-0.00562255983474396,0,0,0,0,0,0,0,0,0,0,-0.00366189688193922,0,-0.00737933980684322,-0.00363700808448574,0,0,0,0,0,0,-0.0091265943719121,-0.00702842003647286,0,0,0,0,0,0,0,0,0,0,-0.000825655050570767,0,0,0,-0.00309926860514405,-0.0416939259606558,0,0,-0.00569441947189331,0,-0.0190148495618548,-0.400822635102626,0,0,0,0,0,0,0,0,1.19817471665245,0
"Zfx",0,0,0,0,0,0,0,0,0,0,0,0,0,0,-0.0147821887623924,0,-0.0170342924848747,0,-0.052436085622911,-0.0177135811968307,-0.078230270977228,-0.0350297908408184,0,0,0,0,0,0,0,0,0,0,-0.0371516615225856,0,0,0,0,0,0,0,0,0,0,0,0,-0.00114356739963646,-0.0111380169010255,0,0,0,0,-0.0339098635774592,-0.0320559442574981,0,0,0,0,0,0,0,0,0,0,-0.00835132303541214,0,-0.021084219600426,-0.0587119141455232,0,0,0,0,-0.0448722857212515,0,-0.00363135305624737,0,-0.0351820692234785,-0.0473093262141365,0,0,0,0,0,0,0,0,0,0,0,-0.00779580571580581,0,0,0,0,0,-0.0859319417616729,-0.0355314138255745,0,0,-0.0144561041784681,0,0,0,0,-0.0632159753104338,0,0,0,0,0,0,0,0,-0.0338056587121887,-0.0545381796749897,-0.227630249316902,-0.0322679714671414,-0.0297847078885633,-0.00589596754229696,-0.000241420170473092,0,0,0,0,0,-0.0663291872118922,0,0,-0.00224052717990059,0,0,0,0,0,0,-0.00282727578844769,-0.0137411604537171,0,-0.0122270269878485,0,0,0,0,0,-0.0316151318227646,-0.0498015260619765,0,0,-0.0123085908153397,0,0,-0.0386570453064688,0,-0.00819620836620207,0,-0.120552072462291,-0.0956947094286997,-0.0801060351682568,0,1.61294373508266
