"","AHR","ARID3A","ARNT","ARNTL","ATF1","ATF2","ATF7","BATF","BBX","BCL6","BHLHE40","BHLHE41","CBFB","CEBPB","CREB1","CREM","CTCF","DDIT3","DMRT2","E2F1","E2F3","E2F4","E2F6","EGR1","EGR2","ELF1","ELF2","ELF4","ELK1","ELK3","ELK4","EOMES","ETS1","ETS2","ETV3","ETV5","ETV6","FLI1","FOS","FOXD2","FOXJ2","FOXJ3","FOXN3","FOXO1","FOXP1","GABPA","GATA3","GFI1","HEYL","HIC1","HINFP","HMG20B","HOMEZ","IKZF1","IKZF3","IRF1","IRF2","IRF3","IRF4","IRF7","IRF8","IRF9","ISL2","JDP2","JUN","JUNB","JUND","KLF10","KLF13","KLF2","KLF3","KLF6","KLF7","KLF8","KLF9","MAFK","MAX","MAZ","MBD2","MECP2","MEIS3","MEOX2","MLX","MXD1","NFATC1","NFE2L1","NFE2L2","NFIL3","NFKB1","NFKB2","NFYA","NFYB","NFYC","NR1D2","NR3C1","NR4A2","NRF1","PATZ1","PAX9","PBX3","PKNOX1","PRDM1","PRDM16","PRDM4","RBAK","RELA","RFX1","RFX7","RORA","RUNX1","RUNX2","RUNX3","RXRB","SETBP1","SMAD3","SMAD4","SNAI3","SP1","SP110","SP2","SP3","SP4","SPI1","SREBF1","SREBF2","STAT1","STAT2","STAT3","STAT4","STAT5B","STAT6","TAF1","TBX21","TCF12","TCF3","TEF","TFDP1","TFE3","TFEB","THAP11","THRB","TIGD2","TRP53","USF1","VAX2","XBP1","ZBTB14","ZBTB17","ZBTB20","ZBTB3","ZBTB49","ZFP143","ZFP212","ZFP213","ZFP260","ZFP263","ZFP281","ZFP287","ZFP324","ZFP335","ZFP398","ZFP410","ZFP422","ZFP523","ZFP566","ZFP64","ZFP740","ZFP768","ZFX","ZSCAN20"
"AHR",0.908772609774651,0,-0.0338762880370696,0,0,0,0,0,0,0,0,0,0,0,0,0,0,0,0,0,0,0,0,-0.00219851906750294,0,0,0,0,0,0,0,0,0,0,0,0,0,0,0,0,0,0,0,0,0,0,0,0,0,0,0,0,0,0,0,0,0,0,0,0,0,0,0,0,0,0,0,0,0,0,-0.0124356956931068,0,0,0,0,0,0,0,0,-0.0105528649672909,0,0,0,0,0,0,0,0,0,0,0,0,0,0,0,0,0,0,0,0,0,0,0,0,0,0,0,0,0,0,0,0,0,0,0,0,0,0,0,0,0,-0.0302420891049079,0,0,0,0,0,0,0,0,0,0,0,0,0,0,0,0,0,0,0,0,0,0,0,0,0,-0.00299784007533954,0,0,0,0,0,0,0,0,0,0,0,0,0,0,0,0,0,0,0,0,0,0
"ARID3A",0,0.995681526477833,0,0,0,0,0,-0.0341578139018926,-0.0833508327289293,0,0,0,0,0,0,0,-0.0474412048644409,-0.0106059984328596,-0.0381480131078983,0,0,0,0,0,0,0,0,0,0,0,0,0,0,-0.00173985336433757,0,0,0,0,0,0,0,-0.0352801833457972,-0.0402886816129696,0,0,0,-0.0359127967135919,-0.0272291524726599,0,0,0,-0.0239637618136108,0,0,0,-0.0195387266677811,-0.0085469295004493,0,-0.0162688653255218,-0.0131672345141149,0,-0.00686111287206901,-0.115423080673791,-0.0034134513516271,0,-0.00155354041307097,0,0,0,0,0,0,0,0,0,-0.0204475340406126,0,0,0,0,0,-0.0232542714770493,0,0,0,-0.0177438932798699,0,-0.00533804571158646,0,0,0,0,0,-0.00141084828948326,-0.00644822813527247,-0.0135589912984768,0,0,0,0,0,0,0,0,0,0,0,0,-0.0226797870235108,-0.0267675041903332,0,0,0,0,0,-0.00313568054345564,0,0,0,0,0,0,0,0,0,0,0,0,0,-0.00919195853909672,0,0,-0.00681351967978047,0,0,0,0,0,0,0,0,0,-0.0130963855798375,0,-0.0123586482169621,0,0,0,0,0,0,0,0,0,0,0,0,-0.0712563283139285,0,0,0,0,-0.0124829421770188,0,0,0,0,0,0,0
"ARNT",-0.0338754940324295,0,2.22738747017455,-0.647994139184616,0,0,0,0,0,0,-0.427533948289135,0,0,0,0,0,-0.00376752537679402,0,0,0,0,0,0,-0.00962196009190606,0,-0.0120916341115517,0,0,0,0,-0.00151351970634269,0,0,0,0,0,0,-0.00573406769958467,0,0,0,0,-0.0154951044866575,0,0,-0.0046489780703373,-0.00683141597563323,0,-0.15178972697916,0,0,0,0,0,0,0,0,0,0,0,0,0,0,-0.000341837871002645,0,0,0,0,0,-0.00282463736993785,0,0,0,-0.00242797075156928,0,0,-0.370307594894989,0,0,-0.017956833968369,0,0,-0.412217365492279,-0.143228353698116,0,0,0,0,0,0,0,-0.00353165634580144,0,0,0,0,-0.0242600929914453,0,0,0,0,0,0,0,0,0,0,0,0,0,0,0,0,0,0,-0.00878266378747686,0,0,-0.012349001104488,0,0,0,0,0,0,0,0,0,0,0,0,0,0,0,0,0,0,0,0,0,0,0,-0.0206911896395916,-0.124948590661147,0,0,-0.00863237565738968,0,0,0,0,-0.0158810699942719,0,0,0,-0.0165555674642821,0,0,0,-0.0100062947359302,0,0,0,0,0,-0.00851588353235698,0,0,0,0
"ARNTL",0,0,-0.647996169406495,2.45757237465068,0,0,0,0,0,0,-0.0726795166562882,-0.119378540958474,0,0,0,0,0,0,0,0,0,0,0,0,0,0,0,0,0,0,0,0,0,0,0,0,0,0,0,0,0,0,0,0,0,0,0,0,-0.161578078344145,0,0,0,0,0,0,0,0,0,0,0,0,0,0,0,0,0,0,0,0,0,0,0,0,0,0,0,-0.0826891861634513,0,0,0,0,0,-0.470862056242872,-0.0858955029029852,0,0,0,0,0,0,0,0,0,0,0,0,0,0,0,0,0,0,0,0,0,0,0,0,0,0,0,0,0,0,0,0,0,0,0,0,0,0,0,0,0,0,0,0,0,0,0,0,0,0,0,0,0,-0.216329113526314,-0.298859384590348,0,0,0,0,-0.39009957440942,0,-0.0913633671559936,-0.00861862083872894,0,0,0,0,0,0,0,0,0,0,0,0,0,0,0,0,0,0,0,0,0,0,0
"ATF1",0,0,0,0,1.72465404104944,0,-0.074673317479694,0,0,0,0,0,0,0,-0.600417933221788,-0.412177124863894,0,0,0,0,-0.000900655000546091,0,0,-0.0229635248680441,0,-0.00376107823288305,0,0,-0.00607557616120188,0,0,0,0,0,0,0,0,-0.00108955328520161,0,0,0,0,0,0,0,0,0,0,0,0,-0.0151617127154296,0,0,0,0,0,0,0,0,0,0,0,0,-0.249706858155719,0,0,0,0,0,0,0,0,0,0,0,0,0,0,0,0,0,0,0,0,0,0,0,0,0,0,0,-0.0219716469291717,0,0,0,0,0,0,0,0,-0.00534817371544115,0,0,0,0,0,0,0,0,0,0,0,0,0,0,0,0,0,0,0,0,0,0,-0.0169085928679909,0,0,0,0,0,0,0,-0.00537491707978422,0,0,0,-0.0125070855092444,0,0,0,-0.00277920612278788,0,0,0,0,0,-0.125102491255956,0,0,0,0,0,-0.00646967027115627,0,-0.0210493677717469,0,-0.000299695589183783,0,0,0,0,0,0,0,-0.011025457935686,0,0,-0.00178986992376926,0,0,0
"ATF2",0,0,0,0,0,2.44873677964471,-1.2680330145738,0,0,0,0,0,0,0,-0.171378656912215,-0.420817123788788,0,-0.0390304572924612,0,0,0,0,0,0,0,0,0,0,0,0,0,0,0,0,0,0,0,0,0,0,0,0,0,0,0,0,0,0,0,0,0,0,0,0,0,0,0,0,0,0,0,0,0,-0.324581448695625,0,0,0,0,0,0,0,0,0,0,0,0,0,0,0,0,0,0,0,0,0,0,0,-0.0127579373441227,0,0,0,0,0,0,0,0,0,0,0,0,0,0,-0.00813105873675915,0,-0.00481900507938038,0,0,0,0,0,0,0,-0.0576730011799523,0,0,0,0,0,-0.0177485032178808,0,0,0,0,0,0,0,0,-0.0115836348538093,0,0,0,0,0,0,0,0,0,0,0,0,-0.0453603985951894,0,0,0,0,0,0,0,0,0,0,0,0,0,0,0,0,0,0,0,0,0,0,0,0,0,0,0,0,0
"ATF7",0,0,0,0,-0.0746681633925849,-1.26803082237107,2.66014698455176,0,0,0,0,0,0,0,-0.278624284611897,-0.516931960461459,0,0,0,0,0,0,0,0,0,0,0,0,0,0,0,0,0,0,0,0,0,0,0,0,0,0,0,0,0,0,0,0,0,0,0,0,0,0,0,0,0,0,0,0,0,0,0,-0.382550464230189,0,0,0,0,0,0,0,0,0,0,0,0,0,0,0,0,0,0,0,0,0,0,0,0,0,0,0,0,0,0,0,0,0,0,0,0,0,0,-0.000293729482048103,0,0,0,0,0,0,0,0,0,0,0,0,0,0,0,-0.0158995704739256,0,0,0,0,0,0,0,0,0,0,0,0,0,0,0,0,-0.0251637687504235,0,0,0,0,0,0,0,0,0,0,0,0,0,0,0,0,0,0,0,0,0,0,0,0,0,0,0,0,0,0,0,0,0,0
"BATF",0,-0.0341619046633302,0,0,0,0,0,1.78614636833214,0,0,0,0,0,0,0,0,0,0,0,0,0,0,0,0,0,0,0,0,0,0,0,-0.00133630868447117,0,0,0,0,0,0,-0.544597995916576,0,0,-0.0187560003274263,0,-0.00469053566017559,0,0,-0.0157102088555814,0,0,0,0,0,0,0,0,-0.00746206748066286,-0.00908341830373867,0,-0.0194871748986236,0,0,0,0,-0.0352761224521587,-0.116290839660221,-0.304912528168615,-0.2813438327015,0,0,0,0,0,0,0,0,-0.0841378050429676,0,0,0,0,-0.00666024401437068,0,0,0,-0.0131828584826498,-0.101734647169995,-0.130860627720355,0,0,0,0,0,0,-0.0143263102580907,-0.00279728788866858,-0.0122973002531583,0,0,0,0,0,-0.000292658412045737,0,0,0,0,0,0,0,-0.0309096409387815,-0.00837466432736176,0,0,0,0,-0.00996599543989542,0,0,0,0,0,0,0,0,0,0,0,0,0,-0.00492927689340029,-0.0196495413500363,0,-0.0160516810952365,0,0,0,0,0,0,0,0,0,-0.00759348175732115,0,0,0,0,0,0,0,0,0,-0.00829264347627406,0,0,0,0,0,0,0,0,0,0,0,0,0,0,-0.00163252341137524,0,0
"BBX",0,-0.0833531630286381,0,0,0,0,0,0,1.00929361914743,-0.0183033943266994,0,0,-0.0189866774987315,0,0,0,-0.0436787942759829,-0.0148975839285534,-0.014587759653347,0,0,0,0,0,0,0,0,0,0,0,0,-0.000569570710381413,0,0,0,0,0,0,0,0,0,0,-0.0297634143248705,-0.0148991716024544,0,0,-0.0421906240634979,0,0,-0.00561775865020899,0,-0.0181048801835639,0,-0.035252862528789,0,-0.00367392302468444,-0.0155398783425387,0,-0.0221558207199093,-0.0313346237593522,0,0,-0.0473885143818102,-0.0132270340524494,0,-0.00666212884937164,0,0,0,0,0,0,0,0,0,-0.0199407099742776,0,0,0,-0.00414587944933588,-0.0238107738735568,-0.00807123971490555,0,0,-0.0164006802069982,-0.035465901448613,-0.0195717622794876,0,0,0,0,0,0,0,-0.00858545835797895,-0.0209412007416047,0,0,0,-0.0163489951926292,0,-0.0135597162705839,-0.0105961160629824,0,0,0,0,-0.0117934500522289,-0.0260245113602732,-0.0185742468031068,-0.00418458249478665,-0.000267459160148388,-0.00602768830379964,0,-0.0152953489723458,-0.0137373719554964,0,0,-0.00329930143374695,0,0,0,-0.0327726477624066,0,0,-0.0102824537474841,0,0,-0.000518958723449843,-0.0140228376104457,-0.02802363124169,0,-0.0189001747825392,0,0,0,0,0,0,0,0,0,-0.026211238783174,0,0,-0.0194295305841551,0,0,0,-0.00583825768565635,0,0,-0.00833204696117857,0,0,0,0,-0.031125248275179,-0.0073260909249767,-0.00952658444692443,0,0,0,0,0,0,0,-0.00985179986022229,0,0
"BCL6",0,0,0,0,0,0,0,0,-0.0183141738738376,1.56412280122178,0,0,0,-0.000249723313070765,0,0,-0.0142770522315519,-0.0228225031215945,0,0,0,0,0,0,0,0,0,0,0,0,0,0,0,-0.0678173407514086,0,0,0,0,0,0,0,-0.000920301903206965,0,0,0,0,-0.0148032273556538,0,0,-0.0055680374745367,0,0,0,-0.0099914707369658,0,0,0,-0.234857912632079,0,0,0,0,0,0,0,0,0,0,0,0,0,0,0,0,0,-0.00932606978433946,0,-0.14010329429799,0,0,0,0,0,0,0,0,-0.00114436812321887,0,0,0,0,0,0,-0.0187754168330228,0,-0.00900796755471104,0,0,0,0,0,0,-0.00441278017087807,0,-0.0529778432188618,-0.460830368833161,0,0,-0.0119618182404962,0,0,0,0,0,-0.0353532678772549,0,0,0,-0.0028516674643215,0,0,0,-0.0313600653564112,0,0,0,0,-0.041537584402914,-0.0648188262123041,-0.035657584900065,-0.00966374853230785,0,-0.0378098877095801,0,0,0,0,0,0,0,0,0,-0.00659874616286948,0,0,0,0,0,0,-0.013765327754107,0,0,-0.166227855973764,0,-0.0341147699919733,0,0,-0.0805400597213116,-0.0114499330829798,0,-0.130080240135546,0,0,0,0,0,0,0,0,0
"BHLHE40",0,0,-0.427528693091195,-0.072678492467453,0,0,0,0,0,0,1.80574574523416,-0.554303371616227,0,0,0,0,0,0,0,0,0,0,0,0,0,0,0,0,0,0,0,0,0,0,0,0,0,0,0,0,0,0,0,0,0,0,0,0,-0.15584114264425,0,0,0,0,0,0,0,0,0,0,0,0,0,0,0,0,0,0,0,0,0,0,0,0,0,0,0,0,0,0,0,0,0,-0.226855813628281,0,0,0,0,0,0,0,0,0,0,0,0,0,0,0,0,0,0,0,0,0,0,0,0,0,0,0,0,0,0,0,0,0,0,0,0,0,0,0,0,-0.121973865615026,0,0,0,0,0,0,0,0,0,0,0,0,0,-0.0565783345979481,-0.0999270266563793,0,0,0,0,-0.0061933710396614,0,0,0,0,0,0,0,0,0,0,0,0,0,0,0,0,0,0,0,0,0,0,0,0,0,0
"BHLHE41",0,0,0,-0.119377113044229,0,0,0,0,0,0,-0.554302237986428,1.48578605441828,0,0,0,0,0,0,0,0,0,0,0,0,0,0,0,0,0,0,0,0,0,0,0,0,0,0,0,0,0,0,0,0,0,0,0,0,-0.176539779514898,0,0,0,0,0,0,0,0,0,0,0,0,0,0,0,0,0,0,0,0,0,0,0,0,0,0,0,0,0,0,0,0,0,0,0,0,0,0,0,0,0,0,0,0,0,0,0,0,0,0,0,0,0,0,0,0,0,0,0,0,0,0,0,0,0,0,0,0,0,0,0,0,0,0,-0.0146724417610779,-0.0298032017661439,0,0,0,0,0,0,0,0,0,0,0,0,-0.0318674326363064,-0.267001606241772,0,0,0,0,0,0,0,-0.00081194593980455,0,0,0,0,0,0,0,0,0,0,0,0,0,0,0,0,0,0,0,0,0,0,0
"CBFB",0,0,0,0,0,0,0,0,-0.0189835303203466,0,0,0,1.61140253462564,0,0,0,-0.000679600738750608,-0.00231940390591607,0,0,0,0,0,0,0,0,0,0,0,0,0,-0.0297109393649266,0,0,0,0,-0.00150908094718573,0,-0.0108350569122417,0,0,0,0,0,0,0,-0.00730719785354483,0,0,-0.00375492868467885,0,0,0,0,0,0,-0.0144796800352698,0,0,0,0,0,0,0,0,-0.00727288081916476,0,0,0,0,0,0,0,0,0,-0.00196120606072623,0,0,0,0,0,0,0,0,-0.00191771646321186,-0.00938375196166531,-0.00409349896419156,0,0,0,0,0,0,0,-0.0322689727387071,-0.0286784230472268,0,0,0,0,0,0,0,0,0,0,0,0,-0.000902605689077014,-0.446163487217613,-0.435916318444296,-0.27147288480743,0,0,-0.00363430495781931,0,0,0,0,0,0,0,0,0,0,0,0,0,-0.006152251662003,0,-0.0274272677584806,0,-0.0198990704062716,0,-0.0127704217389984,0,0,0,0,0,0,0,-0.0215193967757099,0,0,0,0,0,0,-0.0001478459641768,0,0,-0.00155701704001015,0,0,0,0,0,0,0,0,0,0,0,0,0,0,-0.0102305628066912,0,0
"CEBPB",0,0,0,0,0,0,0,0,0,-0.000249358768722151,0,0,0,0.95223505863402,0,0,-0.0183470155220386,0,0,0,0,0,0,0,0,0,0,0,0,0,0,0,0,0,0,0,0,0,0,0,0,0,0,0,0,0,0,-0.003640518788296,0,0,0,0,0,0,0,0,0,-0.000155836153833902,0,0,0,-0.000497574922246677,0,0,-0.0484695987892551,0,0,0,0,0,0,0,0,-0.00677658126632461,0,0,0,0,0,0,0,0,0,0,0,0,0,-0.190986951469113,0,0,0,0,0,0,0,0,0,-0.00624112661631309,0,0,-0.00280790530040944,0,0,0,0,0,0,0,0,0,0,0,0,0,0,0,0,0,0,0,0,0,0,0,0,0,0,0,0,0,0,-0.0171107885442771,0,0,-0.00701167492839195,-0.0167820991965081,0,0,0,0,0,0,0,0,0,0,0,0,0,0,0,0,0,0,0,0,-0.000424986850213572,0,0,0,0,0,0,0,0,0,0,0,0,0
"CREB1",0,0,0,0,-0.600416985782357,-0.171369340137059,-0.278617099851269,0,0,0,0,0,0,0,2.00400429251457,-0.398608644782524,0,0,0,0,-0.0274136754500963,0,0,0,0,0,0,0,0,0,0,0,0,0,0,0,0,-0.0125023671692568,0,0,0,0,0,0,0,0,0,0,0,0,-0.00742761797433733,0,0,0,0,0,0,0,0,0,0,0,0,-0.324579754337804,0,0,0,0,0,-0.00659094327783816,0,0,0,-0.0214978083572431,0,0,0,0,0,0,0,0,0,0,0,0,0,0,0,0,0,0,0,0,0,0,0,-0.0190806362875226,0,0,0,0,0,0,0,0,-0.00561163296274102,0,0,0,0,0,0,0,0,0,0,0,0,-0.0166556043647881,0,0,0,0,0,0,0,0,0,0,0,-0.0199597172755669,0,0,0,0,0,-0.00431904452343292,0,0,0,0,0,0,0,0,-0.0075839895577724,0,0,0,0,0,0,0,0,0,0,0,0,0,0,0,0,-0.00638271616297666,0,-0.0143830263646644,0,0,-0.00226558380043871,0
"CREM",0,0,0,0,-0.412183097412065,-0.420819862373959,-0.516934291750096,0,0,0,0,0,0,0,-0.398620333880285,2.13071496164436,0,0,0,0,0,0,0,-0.000899725015192746,0,0,0,0,0,0,0,0,0,0,0,0,0,0,0,0,0,0,0,0,0,0,0,0,0,0,0,0,0,0,0,0,0,0,0,0,0,0,0,-0.204317954835517,0,0,0,0,0,0,0,0,0,0,0,0,-0.0117781414534296,0,0,-0.0159242063425492,0,0,0,0,0,0,0,0,0,0,0,0,0,0,0,0,0,0,0,0,0,0,0,0,0,0,0,0,0,0,0,0,0,0,0,0,0,0,0,0,0,0,0,0,0,0,0,0,0,0,0,0,0,0,0,-0.0143139663572228,0,0,0,0,0,0,0,0,0,0,0,0,0,0,0,0,0,0,0,0,0,0,0,0,0,0,0,0,-0.00955905980435083,0,0,0,0,0
"CTCF",0,-0.0474457255477723,-0.00378109336801104,0,0,0,0,0,-0.0436815486667713,-0.0142884048026146,0,0,-0.000675965491636457,-0.0183485994506777,0,0,1.04713076985815,0,0,0,0,0,0,0,-0.0139507136822225,0,0,0,0,0,0,0,0,0,0,0,-0.00795246139021991,0,0,0,0,-0.0183621260403305,-0.0202559649774712,0,0,0,-0.030033932832302,0,0,-0.146248826963118,0,-0.00248310460206301,0,-0.00857295588708579,0,0,-0.00465329769561847,0,-0.0066120518803946,0,0,0,0,0,0,-0.0143897819664546,-0.000458084906375879,0,0,0,0,0,0,-0.0346381385294574,0,-0.0169609850918297,0,0,0,-0.00120019972144687,-0.0187603502939134,0,0,0,0,-0.00128796541371232,-0.00125249305867575,0,0,0,0,0,0,-0.00083972172735326,-0.0088732761433652,-0.00722013045652554,0,0,0,0,0,-0.0126641995475059,-0.00127218233616746,-0.00284504620272312,0,0,0,-0.00331068825653851,-0.00494749076932035,-0.00253197386169335,-0.0125001494634205,-0.00523720765928473,-0.0235802487442963,0,-0.0642267369056354,-0.0314961326909351,0,0,0,0,0,0,-0.0300601988061627,0,-0.00223110517100662,0,0,0,0,0,0,-0.03365408756991,-0.0211723416113714,-0.0776702085446133,-0.0365872517700681,0,0,0,0,0,0,0,-0.0153915501814779,0,0,0,0,0,0,-0.0441575423215616,0,0,0,0,0,-0.010988964777219,-0.0125819686620255,-0.0136947654589866,0,-0.0175764952453558,0,0,0,0,0,0,0,-0.00941897713686119,-0.0159460592524161,0
"DDIT3",0,-0.0106065048475788,0,0,0,-0.03903153064053,0,0,-0.0148968886513409,-0.0228159658014257,0,0,-0.00231765775079783,0,0,0,0,0.958322168710607,0,0,0,0,0,0,0,0,-0.0136968400158384,0,0,0,0,0,0,-9.73761486344351e-05,0,0,-0.00540951345351524,0,0,0,0,-0.00961580593668752,0,0,0,0,-0.0298634049509759,0,0,-0.00242760337131081,0,0,0,0,0,0,-0.00176028669448981,0,0,0,0,0,0,0,-0.0355739033442731,0,0,0,0,0,0,0,0,0,0,0,0,0,0,0,0,0,0,0,0,0,-0.00350973739757684,-0.183788673675224,0,0,0,0,0,0,0,0,0,0,0,0,0,0,0,0,0,0,0,0,0,-0.018724195475316,-0.00553829120401037,-0.000184232773174151,0,0,-0.00777837226366761,-0.0108495103622486,0,0,0,0,0,0,-0.0106811131547321,0,0,0,-0.00116197645480976,0,0,0,0,0,-0.00551788938626231,-0.000657775963602404,0,0,0,0,0,0,0,0,0,0,0,0,0,0,0,0,0,0,0,0,0,0,0,0,0,0,0,0,0,0,0,0,0,0,0,0
"DMRT2",0,-0.0381480335320968,0,0,0,0,0,0,-0.0145876354887483,0,0,0,0,0,0,0,0,0,0.909369548103077,0,0,0,0,0,0,0,0,0,0,0,0,0,0,0,0,0,0,0,0,0,0,-0.007549372103184,0,0,0,0,0,0,0,0,0,-0.013936409015473,0,0,0,0,0,0,0,0,0,0,0,0,0,0,0,0,0,0,0,0,0,0,0,0,0,0,0,0,0,0,0,0,0,0,0,0,0,0,0,0,0,0,0,0,0,0,0,0,0,0,0,0,0,0,0,0,0,0,0,0,0,0,0,0,0,0,0,0,0,0,0,0,0,0,0,0,0,0,0,0,0,0,0,0,0,0,0,0,0,0,0,0,0,0,0,0,-0.046808227520033,0,0,0,0,0,0,0,0,-0.00542041566709732,0,0,0,0,0,0,0,0,0,0,0,0
"E2F1",0,0,0,0,0,0,0,0,0,0,0,0,0,0,0,0,0,0,0,2.53904463676791,-0.114551175944865,-1.02190275224742,-0.216381304368206,0,-0.0192333939501928,0,0,0,0,0,0,0,0,0,0,0,0,0,0,0,0,0,0,0,0,0,0,0,0,0,0,0,0,0,0,0,0,0,0,0,0,0,0,0,0,0,0,0,0,-0.0587124416036174,-0.163798844073115,-0.0698670934464691,-0.204513911097606,-0.0502372408166126,0,0,0,0,-0.00825179537287429,0,0,0,0,-0.00456763241634147,0,0,0,0,0,0,0,0,0,0,0,0,-0.0295329506360564,-0.204729117702771,0,0,0,0,0,0,0,0,-0.00281249767946545,0,0,0,0,0,0,0,0,0,0,0,0,-0.108454910098954,-0.0916966085055647,-0.110875737224312,0,0,0,0,0,0,0,0,0,0,0,0,0,0,-0.079486801211188,0,0,0,0,0,0,-0.00178665916748743,0,0,-0.00683342698736121,0,0,0,0,0,0,-0.0181592770915334,0,-0.00922240124773318,0,0,0,0,0,0,0,-0.00257658032002618,0,0,0,0,-0.0223119862661554,0
"E2F3",0,0,0,0,-0.000878287661740784,0,0,0,0,0,0,0,0,0,-0.027416528301346,0,0,0,0,-0.114543153634072,1.61597513211179,-0.0557526352240814,-0.617984877357481,0,0,-0.00944091250351138,0,0,0,0,-0.00814892644005545,0,0,0,0,0,0,0,0,0,0,0,0,0,0,0,0,0,0,-0.0057676257812632,0,0,0,0,0,0,0,0,0,0,0,0,0,0,0,0,0,0,0,0,0,0,0,0,0,0,-0.00923060560631838,0,-0.0405357020468203,0,0,0,0,0,0,0,0,0,0,0,0,-0.0283264151938104,-0.00183150588593646,0,0,0,-0.0065610928678094,0,0,0,0,0,-0.00298700195056065,0,-0.0271575928949453,0,-0.0134867948917682,0,0,0,0,0,0,0,0,0,0,-0.0294705820915982,-0.00711518688104055,-0.0505895487302465,0,0,0,0,0,0,0,0,0,0,0,-0.0102330495061994,0,0,0,0,-0.35408700583563,0,0,0,0,0,0,0,0,-0.00337404552609936,-0.0620286321719824,0,0,0,0,0,0,-0.000365246627581379,0,-0.0272835023142821,0,0,0,0,0,0,0,0,-0.045071470323711,-0.0336250222223066,0,0,-0.00423676188813447,0
"E2F4",0,0,0,0,0,0,0,0,0,0,0,0,0,0,0,0,0,0,0,-1.02186279950887,-0.0557391964018434,2.57080513834033,0,-0.0608074430831866,-0.0296694468740534,0,0,0,0,0,0,0,0,0,0,0,0,0,0,0,0,0,0,0,0,-0.00116854450676499,0,0,0,0,0,0,0,0,0,0,0,0,0,0,0,0,0,0,0,0,0,0,0,-0.0525169650621799,-0.127116832782543,-0.0243750889095611,-0.151715192909602,-0.0724094778823163,0,0,0,0,0,0,0,0,0,0,0,0,0,0,0,0,-0.0292690624421369,-0.012072261756331,-0.00895038724807185,0,0,0,-0.0438682908986726,-0.0302256225066556,0,0,0,0,0,0,0,0,0,0,0,0,0,0,0,0,0,0,0,0,0,-0.130262320920122,-0.0644846941474182,-0.557057380586315,0,0,0,0,0,0,0,0,0,0,0,0,0,0,-0.0463998895099202,0,0,0,0,0,0,0,0,0,0,0,0,0,0,-0.00990570043798601,0,-0.00359957266029906,0,0,0,0,0,0,0,0,0,-0.00324473967733174,0,0,0,0,-0.0274546891580022,0
"E2F6",0,0,0,0,0,0,0,0,0,0,0,0,0,0,0,0,0,0,0,-0.216400294920334,-0.61799335995985,0,1.71665029560647,0,-0.0210918481158581,0,0,0,0,0,0,0,0,0,0,0,0,0,0,0,0,0,0,0,0,0,0,0,0,0,0,0,0,0,-0.090218792785873,0,0,0,0,0,0,0,0,0,0,0,0,-0.0305020007919035,0,0,0,-0.0264766590891463,0,0,0,0,0,-0.106755389579909,-1.47866066266201e-05,0,0,0,0,0,0,0,0,0,0,-0.000710890496474799,0,0,0,0,0,0,0,0,0,0,0,0,0,0,-0.0309825949112045,0,0,0,0,0,0,0,0,0,0,0,0,-0.0831732262100094,0,0,-0.0141819826005842,0,0,0,0,0,0,0,0,0,0,-0.00886696068473821,0,0,0,0,-0.2080849958508,0,0,0,0,0,0,0,0,-0.00169888307269021,0,-0.123475751841955,0,0,0,0,0,-0.0204779622629436,0,-0.0073850489906911,0,0,0,0,-0.0284733918940402,0,0,-0.01993273062758,-0.0621859063377897,-0.00849222377550565,0,-0.00553483456977543,0,0
"EGR1",-0.00219828660641782,0,-0.0096300265751265,0,-0.0229461126075217,0,0,0,0,0,0,0,0,0,0,-0.000872502012855666,0,0,0,0,0,-0.0608206422817462,0,2.1950905986973,-1.09216046791128,-0.0151923986961679,0,0,0,0,0,0,0,0,0,0,0,0,0,0,0,0,0,0,0,0,0,0,0,0,0,0,0,0,0,0,0,0,0,0,0,0,0,0,0,0,0,-0.0973539344116964,0,0,-0.0510642370319459,-0.022501339893567,0,0,0,0,-0.00873907462970443,0,0,-0.00621396096570912,0,0,0,-0.0112283091388646,0,0,0,0,-0.00178190711138776,0,0,-0.00840434455133766,-0.00796624070295203,0,0,0,-0.0371696787800596,-0.0190424830301064,0,0,0,0,0,0,0,0,-0.0323211342694414,0,0,0,0,0,0,0,0,0,0,-0.100403860038926,0,-0.07437968949462,-0.0430073971615399,-0.214916023383969,0,0,0,0,0,0,0,0,0,0,0,0,0,0,0,0,0,0,-0.00536699169108058,0,0,0,0,0,-0.0282038463480436,-0.0766202752578194,0,0,0,0,0,0,0,0,-0.0661350816432723,0,0,-0.0102986553994016,0,0,0,0,0,-0.0313228593197049,0,0,-0.0099510706089579,0
"EGR2",0,0,0,0,0,0,0,0,0,0,0,0,0,0,0,0,-0.0139265796525287,0,0,-0.0192466279524697,0,-0.0296628372244683,-0.0210699576541749,-1.09214652753905,2.10592039105053,-0.00839593642705249,-0.00418777174020946,0,0,0,-0.0037573519970516,0,0,0,0,0,0,-0.00687154321664772,0,0,0,0,0,0,0,0,0,0,0,0,0,0,0,0,0,0,0,0,0,0,0,0,0,0,0,0,0,-0.0742157179185393,0,-0.0388026053142553,-0.00315816722423455,-0.0526578720362165,-0.00287872370760474,-0.0177639040691678,0,0,0,0,0,0,0,0,0,-0.00714131122280085,0,0,0,0,0,-0.00085996396027702,0,0,0,0,0,0,0,-0.0752986356921275,0,0,-0.0178618289244104,0,0,-0.00512310850505505,0,0,-0.0285868226159218,0,0,0,0,0,0,0,-0.00889838044572889,0,0,-0.0332308747851377,0,0,-0.0115142214882347,-0.140076948599614,0,0,0,0,0,0,0,0,0,0,0,-0.00368440100166146,0,0,0,0,0,0,0,0,0,0,0,0,0,-0.049905675087965,0,0,0,0,0,0,0,-0.00528537403914862,-0.198030455231025,0,0,0,0,0,0,-0.00171757177696147,0,0,0,-0.0129082414058974,-0.0134934971735703,0
"ELF1",0,0,-0.0121029657960437,0,-0.00374629225031321,0,0,0,0,0,0,0,0,0,0,0,0,0,0,0,-0.00943923673789626,0,0,-0.0152092549932873,-0.00840231857025199,2.03318225281028,-0.262382589944136,-0.229665882255122,-0.230118079353853,0,-0.254281158468798,0,-0.174386523910809,0,0,0,-0.0393221602080104,-0.185139504097139,0,0,0,0,0,0,0,-0.397708194804499,0,0,0,0,0,0,0,0,0,0,0,0,0,0,0,0,0,0,0,0,0,0,0,0,0,0,0,0,0,0,-0.00264413127556535,0,0,-0.0336275214704254,0,0,0,0,0,0,0,0,0,0,0,0,0,0,0,0,-0.00100756283707351,0,0,0,-0.00455454740710577,0,0,0,0,0,-0.0141722038186649,0,0,0,0,0,0,0,0,0,0,0,0,0,0,-0.0214889699084589,-0.00739507845935309,0,0,0,0,0,0,0,0,0,0,0,0,0,0,0,0,0,0,0,0,0,0,-0.0107120674797397,-0.00490308024677543,0,0,0,0,0,0,-0.0136557060809726,0,-0.0142553447596235,0,0,0,0,0,0,0,0,-0.00340171700364669,-0.0055997660205426,0,0,0,0
"ELF2",0,0,0,0,0,0,0,0,0,0,0,0,0,0,0,0,0,-0.0136947260419733,0,0,0,0,0,0,-0.00419482362370049,-0.262393560666086,1.96302055222247,-0.488114753701252,-0.134331846592937,0,-0.130269290675107,0,-0.0683307029059527,-0.0663288482914365,0,0,-0.468242533786371,-0.0357501589034736,0,0,0,0,-0.00216123577459514,0,0,-0.0526824161125476,0,0,0,-0.0118033681455827,0,0,0,0,0,0,0,0,0,0,0,0,0,0,0,0,0,0,-0.0010666494491388,0,0,0,0,-0.0174689372781149,0,0,0,0,0,0,-0.00307969608316421,0,0,0,0,0,0,0,0,0,0,0,0,-0.00834013137394297,0,0,0,0,0,0,-0.0246980365680643,0,0,0,0,0,-0.0113942527348682,0,-0.003816108313422,0,0,0,-0.00177067976009049,0,0,-0.0119109557209739,0,0,-0.000150145179517443,0,0,0,-0.0716141293641424,-0.0286474871698597,0,0,0,-0.0764440355639175,-0.00547718468104329,0,0,0,0,-0.00955492291336127,-0.0230913892184232,0,0,0,0,0,0,0,-0.0107640772563467,0,0,-0.0146196865567907,0,0,0,-0.0156556031735623,0,0,0,0,0,-0.00646764659293552,0,0,-0.0186566204106586,0,0,0,0,0,0,0,0,0,0,0
"ELF4",0,0,0,0,0,0,0,0,0,0,0,0,0,0,0,0,0,0,0,0,0,0,0,0,0,-0.229667964891141,-0.488108383923862,1.93961744632837,-0.248822778993612,-0.235118014234503,0,0,0,0,-0.287633068018206,-0.182497631032287,-0.0159086718530168,0,0,0,0,0,0,0,0,-0.0708678029144165,0,0,0,0,0,0,0,0,0,0,0,0,0,0,0,0,0,0,0,0,0,0,0,0,0,0,0,0,0,0,0,0,0,0,0,0,0,0,0,0,0,0,0,0,0,0,0,0,0,0,0,0,0,0,0,0,0,0,0,0,0,0,0,0,0,0,0,0,0,0,0,0,0,0,0,0,0,0,0,0,0,0,0,0,0,0,0,0,0,0,0,0,0,0,0,0,0,0,0,0,0,0,0,0,0,0,0,0,0,0,0,0,0,0,0,0,0,-0.000160421002102207,0,0,0,0,0,0
"ELK1",0,0,0,0,-0.00606810256855837,0,0,0,0,0,0,0,0,0,0,0,0,0,0,0,0,0,0,0,0,-0.230102629122551,-0.134309054815697,-0.248844964797304,2.99370313198005,-0.599041196012011,-0.274143952738326,0,-0.0616858530810342,0,-0.0224251094020631,-0.335854624162326,-0.083629357043224,-0.308635629903527,0,0,0,0,0,0,0,-0.718707505080022,0,0,0,0,0,0,0,0,0,0,0,0,0,0,0,0,0,0,0,0,0,0,0,0,0,0,0,0,0,0,0,0,0,0,0,0,0,0,0,0,0,0,0,0,0,0,0,0,0,0,0,0,0,0,0,0,0,0,0,0,0,0,0,0,0,0,0,0,0,0,0,0,0,0,0,0,0,0,0,0,0,0,0,0,0,0,0,0,0,0,0,0,0,-0.0017472069934398,0,0,0,0,0,0,0,0,0,0,0,0,0,0,0,0,0,0,0,0,0,0,0,-0.00870712085754027,0,0,0,0,0,0
"ELK3",0,0,0,0,0,0,0,0,0,0,0,0,0,0,0,0,0,0,0,0,0,0,0,0,0,0,0,-0.235118453804061,-0.599066494473349,2.86416854249417,-0.21712138689644,0,0,0,-0.240909783005,-1.03414324938732,0,-0.137158028665709,0,0,0,0,0,0,0,-0.326506837242203,0,0,0,0,0,0,0,0,0,0,0,0,0,0,0,0,0,0,0,0,0,0,0,0,0,0,0,0,0,0,0,0,0,0,0,0,0,0,0,0,0,0,0,0,0,0,0,0,0,0,0,0,0,0,0,0,0,0,0,0,0,0,0,0,0,0,0,0,0,0,0,0,0,0,0,0,0,0,0,0,0,0,0,0,0,0,0,0,0,0,0,0,0,0,0,0,0,0,0,0,0,0,0,0,0,0,0,0,0,0,0,0,0,0,0,0,0,0,0,0,0,0,0,0
"ELK4",0,0,-0.00150910361165055,0,0,0,0,0,0,0,0,0,0,0,0,0,0,0,0,0,-0.008164366991233,0,0,0,-0.00376747454401032,-0.254276851048798,-0.130248839993405,0,-0.274102531933726,-0.217105783302612,2.67557148169587,0,-0.455699081738563,0,-0.0687972885907731,-0.141481726999562,0,-0.604753136155244,0,0,0,0,0,0,0,-0.403142052225798,0,0,0,0,-0.00691759163830653,0,0,0,0,0,0,0,0,0,0,0,0,0,0,0,0,0,-0.00111452882549363,0,0,0,0,0,0,0,0,0,-0.00406619647684532,0,0,0,0,0,0,0,0,0,0,0,0,-0.0116559375392686,-0.00636724098693723,0,0,0,-0.00147975671592388,0,0,-0.00300013317281459,0,0,0,-0.00089111079634136,0,0,-0.00772377508794669,0,0,0,0,0,0,0,0,0,0,0,0,0,0,-0.030166483542289,0,0,0,0,0,0,0,0,0,-0.023743862278924,0,0,0,0,0,0,0,0,0,0,0,-0.00198083240752718,0,-0.0125493068375778,0,0,0,0,0,0,0,-0.0174567733123059,0,-0.00660104166946611,0,0,0,-0.00149888273112772,0,0,0,-0.02079522451576,0,-0.000214073748172287,0,0,-0.0215267638973707,0
"EOMES",0,0,0,0,0,0,0,-0.00133791864609055,-0.000568821513008662,0,0,0,-0.0297090698883051,0,0,0,0,0,0,0,0,0,0,0,0,0,0,0,0,0,0,1.20767041780049,0,0,0,0,-0.0147252933298617,0,-0.0281231368707987,0,0,0,0,0,0,0,0,0,0,0,0,0,0,0,0,0,0,0,0,0,0,0,0,0,0,-0.0127762803461006,-0.00452066077172276,0,0,0,0,0,0,0,0,0,0,0,0,0,0,0,0,0,0,0,-0.00373909955421477,0,0,0,0,0,0,-0.00440884944897706,0,0,0,0,0,0,0,0,0,0,0,0,0,0,0,-0.00701226128031769,-0.00742987503462711,-0.0245489750342954,-0.0111874556389021,0,0,-0.000124939668208815,0,0,0,0,0,0,-0.00745531161758215,0,0,0,0,0,0,0,-0.012082382612164,0,-0.567886314474187,-0.00506616683784077,-0.0193562599518381,0,0,0,0,0,0,0,0,0,0,0,0,0,0,0,0,0,0,0,0,0,0,0,0,0,0,0,0,0,0,0,0,0,0,0
"ETS1",0,0,0,0,0,0,0,0,0,0,0,0,0,0,0,0,0,0,0,0,0,0,0,0,0,-0.174428748709621,-0.0683297780465744,0,-0.0616681166173939,0,-0.455704007459299,0,2.53621686800487,-0.0889094927205968,-0.0975206864026708,0,-0.482245300325337,-0.633834181084168,0,0,0,0,0,-0.00115431483524788,0,-0.206939354396234,0,0,0,-0.00391242687947893,0,0,0,-0.0124540477075286,0,0,0,0,0,0,0,0,0,-0.00800963119833492,0,0,0,0,0,0,0,0,0,0,0,0,0,0,0,0,-0.0125208263612167,0,0,0,0,0,0,0,0,-0.00838706081298835,0,0,0,0,0,-0.0144553779294853,0,0,0,0,-0.0347790828366237,0,0,-0.00666334753035723,0,0,-0.0105462683086446,0,0,0,0,-0.00318989682776441,-0.0150896367372612,0,-0.0250402153061924,-0.0165104641268613,0,0,0,0,0,0,-0.256072731345454,0,0,0,0,0,0,0,0,0,-0.00381072262383362,-0.0230533994632814,0,0,0,0,0,0,0,0,-0.0208865971443211,-0.00235465805141865,0,0,0,0,0,0,0,0,0,0,0,-0.0149888968530603,0,0,0,-0.0239974010597621,-0.000777870741223565,-0.00929233948383407,0,0,0,0,0,-0.00235748053797518,0,-0.0193243184085727
"ETS2",0,-0.00174707966778623,0,0,0,0,0,0,0,-0.0678057772657028,0,0,0,0,0,0,0,-0.000100828925282303,0,0,0,0,0,0,0,0,-0.0663143935247737,0,0,0,0,0,-0.0888784507186764,1.21464918714599,0,0,0,0,0,0,0,0,0,-0.0266492944174811,0,0,-0.0264383764827168,0,0,-0.011318975755778,0,0,0,0,-0.0557648299572118,0,0,-0.110081291460945,-0.00991536279387367,0,-0.047258838547745,0,0,0,0,-0.00120423667060076,0,0,0,0,0,0,0,0,0,0,0,0,0,0,0,0,0,0,-0.00207042531469293,0,0,0,-0.0175407852049477,0,0,0,0,0,-0.00338471559262946,0,0,0,0,0,-0.00302026159659848,-0.0245987979185462,0,0,-0.134656529069759,-0.0874106894681617,0,0,0,-0.00559872418578662,-0.0295314913779613,0,-0.00172844560936756,0,-0.0238427798933224,-0.0307153210949618,0,0,-0.0179857596534371,0,0,0,-0.145984475186976,0,0,0,0,0,0,0,0,0,0,0,-0.0106666495219409,0,0,0,0,0,0,0,-0.00309329057977513,0,0,0,0,0,0,0,0,0,0,0,-0.070538607546508,-0.00181741463376419,0,0,0,-0.0202227191753387,-0.0518522425993557,0,0,0,0,0,0,-0.00213615922453007,0,0
"ETV3",0,0,0,0,0,0,0,0,0,0,0,0,0,0,0,0,0,0,0,0,0,0,0,0,0,0,0,-0.287623569655107,-0.0224163429015037,-0.240880598047301,-0.0687525750692904,0,-0.0974653232189306,0,1.80862103266751,-0.388295166153829,-0.0614672814813263,-0.19213712180615,0,0,0,0,0,0,0,-0.189389582607022,0,0,0,0,0,0,0,0,0,0,0,0,0,0,0,0,0,0,0,0,0,0,0,0,0,0,0,0,0,0,0,0,0,0,0,0,0,0,0,0,0,0,0,0,0,0,0,0,0,0,0,0,0,0,0,0,0,0,0,0,0,0,0,0,0,0,0,0,0,0,0,0,0,0,0,0,0,0,0,0,0,0,0,0,0,0,0,0,0,0,0,0,0,0,0,0,0,0,0,0,0,0,0,0,0,0,0,0,0,0,0,0,0,0,0,0,0,0,0,0,0,0,0,0
"ETV5",0,0,0,0,0,0,0,0,0,0,0,0,0,0,0,0,0,0,0,0,0,0,0,0,0,0,0,-0.182477595915494,-0.335793763926088,-1.03413489235417,-0.141474795387361,0,0,0,-0.388316655666857,2.46294805225929,0,-0.0200132741783203,0,0,0,0,0,0,0,-0.170599230799679,0,0,0,0,0,0,0,0,0,0,0,0,0,0,0,0,0,0,0,0,0,0,0,0,0,0,0,0,0,0,0,0,0,0,0,0,0,0,0,0,0,0,0,0,0,0,0,0,0,0,0,0,0,0,0,0,0,0,0,0,0,0,0,0,0,0,0,0,0,0,0,0,0,0,0,0,0,0,0,0,0,0,0,0,0,0,0,0,0,0,0,0,0,0,0,0,0,0,0,0,0,0,0,0,0,0,0,0,0,0,0,0,0,0,0,0,0,0,0,0,0,0,0,0
"ETV6",0,0,0,0,0,0,0,0,0,0,0,0,-0.0014877260447844,0,0,0,-0.00796275189091314,-0.0054149012253939,0,0,0,0,0,0,0,-0.03934776929705,-0.468247315213154,-0.0159047647143666,-0.0836083436219908,0,0,-0.0147323440014664,-0.482223279581226,0,-0.0614736029748392,0,1.95145666293671,-0.0747944343547629,0,0,0,-0.00289597293893918,-0.01526034087282,-0.0405160962091081,0,-0.0479645361173267,-0.0417439912135301,0,0,-0.0252705245813109,0,0,0,-0.0148276967066696,0,0,0,0,0,0,-0.000698321357106371,0,0,0,-0.000635820725902586,-0.0268790534919791,0,0,0,0,0,0,0,0,0,-0.00287935191408063,0,0,0,0,-0.0171754887278644,0,0,0,-0.00280997022324653,-0.00177900684776145,-0.0135483824378858,0,0,-0.0179385099347383,0,0,0,-0.0362410062188979,-0.0339220877463335,-0.0100024007618667,0,0,0,0,0,0,0,0,0,0,0,-0.00129152345399331,-0.00804376297880812,-0.0016249001980248,-0.0365426980797898,-0.02882708465828,-0.00335613438464987,0,0,0,0,0,0,0,0,0,-0.393606897425016,0,0,0,0,-0.0394082089107072,-0.00772941656082968,0,-0.0221805127579446,0,-0.0291119653257925,-0.00193805844606185,-0.0131111830903436,0,0,0,0,0,0,0,-0.0103877526435519,0,0,0,0,0,0,-0.0121352290903532,0,0,0,0,0,0,0,0,-0.0100331737086744,0,0,0,0,0,0,0,0,-0.019056251760227,0,-0.00328935118585729
"FLI1",0,0,-0.00575115294136881,0,-0.0010810010967811,0,0,0,0,0,0,0,0,0,-0.0125245562648243,0,0,0,0,0,0,0,0,0,-0.00688112931176389,-0.185139821566591,-0.0357411323202514,0,-0.308599112196338,-0.13718138456132,-0.604748999612843,0,-0.63380053823077,0,-0.192128929427574,-0.0199729204446612,-0.0747895660371752,2.92997663156956,0,0,0,0,0,0,0,-0.614435234671778,0,0,0,0,0,0,0,0,0,0,0,0,0,0,0,0,0,0,0,0,0,0,-0.00286436946400659,0,-0.0160496548792749,0,0,-0.00727869325828418,0,0,0,0,-0.0329811132258101,-0.0175302750625762,0,0,0,0,0,0,0,0,0,0,0,0,0,0,0,0,0,0,0,-0.00659657004830387,-0.00349894851519106,0,0,-0.0176515218384797,0,0,-0.0231088640096685,0,0,0,0,0,0,0,0,0,0,0,-0.00605499215856788,0,0,-0.0228078468715104,0,-0.000102776972176985,0,0,0,0,0,0,0,-0.0176912726107556,0,0,0,0,0,0,0,0,0,0,0,-0.0132986682158889,0,0,-0.00465180359978897,0,0,0,0,-0.00614562448043891,0,-0.0174550327231779,0,-0.00278794227663837,0,0,0,-0.0122164979785553,0,0,0,0,-0.0566719039649375,0,0,0,-0.0247271996002416,0
"FOS",0,0,0,0,0,0,0,-0.544601293147945,0,0,0,0,-0.0108334761181842,0,0,0,0,0,0,0,0,0,0,0,0,0,0,0,0,0,0,-0.0281200300492456,0,0,0,0,0,0,2.21706755965278,0,0,0,0,0,0,0,0,0,0,0,0,0,0,0,0,0,0,0,0,0,0,0,0,-0.00759927244997974,-0.491898586136526,-0.260054984798002,-0.575692177342104,0,0,0,0,0,0,0,0,-0.109546319852977,0,0,0,0,0,0,0,0,-0.00749670037608064,0,-0.109529522070556,0,0,0,0,0,0,-0.0822111689450692,0,0,0,0,0,0,0,0,0,0,0,0,0,0,0,0,0,0,0,0,0,0,0,0,0,0,0,0,0,0,0,0,0,0,0,0,0,0,0,0,0,0,0,0,0,0,0,0,0,0,0,0,0,0,0,0,0,0,0,0,0,0,0,0,0,0,0,0,0,0,0,0,0,0,0,0
"FOXD2",0,0,0,0,0,0,0,0,0,0,0,0,0,0,0,0,0,0,0,0,0,0,0,0,0,0,0,0,0,0,0,0,0,0,0,0,0,0,0,2.03778788133416,-0.167188172745555,-0.00247742863521826,-0.104257452661284,-0.374908361424547,-1.12869788872984,0,0,0,0,0,0,0,0,0,0,0,0,0,0,0,0,0,0,0,0,0,0,0,0,0,0,0,0,0,0,0,0,0,0,0,0,0,0,0,0,0,0,0,0,0,0,0,0,0,0,0,0,0,0,0,0,0,0,0,0,0,0,0,0,0,0,0,0,0,0,0,0,0,0,0,0,0,0,0,0,0,0,0,0,0,0,0,0,0,0,0,0,0,0,0,0,0,0,0,0,0,0,0,0,0,0,0,0,0,0,0,0,0,0,0,0,0,0,0,0,0,0,0,0,0
"FOXJ2",0,0,0,0,0,0,0,0,0,0,0,0,0,0,0,0,0,0,0,0,0,0,0,0,0,0,0,0,0,0,0,0,0,0,0,0,0,0,0,-0.167192706453087,1.44540025566284,-0.395131800106013,-0.219462258318005,-0.104134685486586,-0.296703046892541,0,0,0,0,0,0,0,0,0,0,0,0,0,0,0,0,0,0,-0.00216026309913485,0,0,0,0,0,0,0,0,0,0,0,0,0,0,0,0,0,0,0,0,0,0,0,0,0,0,0,0,0,0,0,0,0,0,0,0,0,0,0,0,0,0,0,0,0,0,0,0,0,0,0,0,0,0,0,0,0,0,0,0,0,0,0,0,0,0,0,0,0,0,0,0,0,0,0,0,0,0,0,0,0,0,0,0,0,0,0,0,0,0,0,0,0,0,0,0,0,0,0,0,0,0,0,0,0,0
"FOXJ3",0,-0.0352812971893114,0,0,0,0,0,-0.0187545935100287,0,-0.000838850408412594,0,0,0,0,0,0,-0.0183379361712332,-0.0096151805930455,-0.00754913111963343,0,0,0,0,0,0,0,0,0,0,0,0,0,0,0,0,0,-0.00283106110344924,0,0,-0.00248027963849534,-0.39512983139547,1.505193681963,-0.192358523394992,-0.126891026376195,-0.0256514315827946,0,-0.0186408227054492,-0.00331062255808065,0,0,0,-0.00704716125414707,0,0,0,-0.0314900760555987,0,-0.00515858035897297,0,0,0,0,0,-3.37078618513815e-05,0,-0.00184601408236272,0,0,0,0,0,0,0,0,0,0,0,0,0,0,0,0,0,0,0,0,0,-0.034115232202795,0,0,0,0,0,-0.000425237309415866,-4.49119565344617e-05,0,0,0,0,0,0,0,0,0,0,0,0,0,-0.00457320535814321,-0.00208662277983819,-0.0131082490254116,-0.0254955972216681,-0.00747093134358809,0,-0.0170195249545926,0,0,0,0,0,0,0,0,0,0,-0.101979059382521,-0.0521326170657,-0.00567075269760689,0,0,-0.0132257519085161,0,-0.000109833892371705,0,0,0,0,0,0,0,0,0,-0.0234913472614888,0,0,0,0,0,-0.00482661562737999,0,0,0,0,0,0,0,0,-0.207076428028055,0,0,0,-8.40767272940782e-05,-0.255359006985971,0,0,0,0,0,0,0
"FOXN3",0,-0.0402927923506036,-0.0154884270332524,0,0,0,0,0,-0.0297646558287286,0,0,0,0,0,0,0,-0.0202562112598236,0,0,0,0,0,0,0,0,0,-0.00213934788660941,0,0,0,0,0,0,0,0,0,-0.0152407434270943,0,0,-0.104255881480196,-0.219463567469309,-0.192368241824624,1.40659131743001,-0.192756865794337,-0.239361636951693,0,-0.0341184323564691,-0.00589784516806568,0,-0.0159464189579909,0,0,0,-0.0197221348968741,0,0,0,0,0,-0.00587346209139873,0,0,-0.00706047568690703,-8.57560838997369e-05,-0.00792184009766166,-0.0224164246882049,0,0,0,0,0,0,0,0,0,-0.0114740499046157,0,0,0,0,-0.0405342053492831,0,0,0,-0.0251889419345283,-0.00398411448682471,-0.00729209875134373,-0.0048448502321885,-0.012170523796179,-0.0112251709778642,0,0,0,-0.0180518157324044,-0.0180120553879602,-0.0128526009666625,0,0,0,0,-0.00275957600453953,0,-0.0122463647197202,0,-0.0102640777210685,-0.0120487586733772,0,-0.0276408515654127,-0.0223973654359088,-0.0275976578036928,-0.035179924891867,-0.0101131986827841,-0.0172268448421059,0,-0.00597683220488692,-0.0153455009014463,0,0,0,0,0,0,-0.0157420949972965,-0.00365458229693953,0,0,0,-0.0205306113350793,-0.00120683275504363,0,-0.0128646499562337,0,0,0,-0.00511007006857362,0,0,0,0,-0.00433522921818459,0,0,-0.0371405936587585,0,-0.00570476931417083,0,0,0,0,-0.0281303126493186,0,-0.0022520055282147,-0.00475514911205534,0,-0.00923352097809548,0,0,0,0,-0.000159378564314561,0,-0.00610353541177304,0,-0.0113987780234719,0,0,0,-0.0294050312430436,0,-0.0171323122901265
"FOXO1",0,0,0,0,0,0,0,-0.00469761213637216,-0.014896844486107,0,0,0,0,0,0,0,0,0,0,0,0,0,0,0,0,0,0,0,0,0,0,0,-0.0011222764807938,-0.0266335176271831,0,0,-0.0404827674390225,0,0,-0.374906252274685,-0.104134179271397,-0.126894576563436,-0.192749792159849,1.49007838874948,-0.333157330405566,0,0,0,0,0,0,0,0,0,0,0,0,0,0,-0.000617996090967529,0,0,0,0,0,-0.0120922019761167,0,0,0,0,0,0,0,0,0,-0.00363879806042156,0,0,0,-0.0139254960088626,0,0,0,0,-0.0251633140840731,0,0,0,0,-0.0041480655042277,0,0,0,-0.00215606244635092,-0.0146684564270536,-0.00704279180242477,0,0,0,0,-0.0137516531862193,-0.00278682370448874,0,0,0,0,0,0,-0.0194107036842574,0,0,0,0,0,-0.0066815857908821,0,0,0,0,0,0,0,-0.0246683010779159,0,0,0,0,0,0,0,0,0,-0.00207632829298255,-0.0385071239837245,0,0,0,0,0,0,0,0,0,0,0,0,0,0,0,0,0,0,0,0,0,0,0,0,-4.77988642357901e-05,0,0,-0.00447304414418937,0,0,0,0,0,0,0,0
"FOXP1",0,0,0,0,0,0,0,0,0,0,0,0,0,0,0,0,0,0,0,0,0,0,0,0,0,0,0,0,0,0,0,0,0,0,0,0,0,0,0,-1.12870014974446,-0.296705948663453,-0.0256578542828504,-0.239356441768181,-0.333160390631411,2.16037413739284,0,0,0,0,0,0,0,0,0,0,0,0,0,0,0,0,0,0,0,0,0,0,0,0,0,0,0,0,0,0,0,0,0,0,0,0,0,0,0,0,0,0,0,0,0,0,0,0,0,0,0,0,0,0,0,0,0,0,0,0,0,0,0,0,0,0,0,0,0,0,0,0,0,0,0,0,0,0,0,0,0,0,0,0,0,0,0,0,0,0,0,0,0,0,0,0,0,0,0,0,0,0,0,0,0,0,0,0,0,0,0,0,0,0,0,0,0,0,0,0,0,0,0,0,0
"GABPA",0,0,-0.00465496800602878,0,0,0,0,0,0,0,0,0,0,0,0,0,0,0,0,0,0,-0.00118803883949313,0,0,0,-0.397752715975454,-0.0526834209441925,-0.0708309889749921,-0.71869542638237,-0.326491991311566,-0.403156889349056,0,-0.206904277629398,0,-0.189386909349383,-0.170600003556275,-0.0479329486844517,-0.614438232476529,0,0,0,0,0,0,0,3.1751216873011,0,0,0,0,-0.0100504745023202,0,0,0,0,0,0,0,0,0,0,0,0,0,0,0,0,0,0,0,-0.00423613307872515,0,0,-0.0190339797692173,0,0,0,0,-0.00294676564519831,0,0,0,0,0,0,0,0,0,0,0,0,0,0,0,0,0,-0.024216667789887,0,0,-0.00319689064856886,0,0,0,0,0,0,-0.0148072451528185,0,0,0,0,0,0,0,0,0,0,0,0,0,0,-0.0134626757310619,0,0,0,0,0,0,0,0,0,0,0,0,0,0,0,0,0,-0.0142243501342456,0,0,0,0,0,-0.000349708914910258,0,0,0,0,0,-0.0113551995528658,0,0,0,-0.000870766912652267,0,0,0,0,0,0,0,-0.0219545716735598,0,0,0,0,0,0
"GATA3",0,-0.035913921954573,-0.0068275257538875,0,0,0,0,-0.0157147372622209,-0.0421906440175775,-0.0147897951358305,0,0,-0.00730641940431704,0,0,0,-0.0300315686004068,-0.0298637931681747,0,0,0,0,0,0,0,0,0,0,0,0,0,0,0,-0.0264334575768571,0,0,-0.0417287432644749,0,0,0,0,-0.0186479533315682,-0.0341186627370032,0,0,0,0.990455891807267,-0.00524775414577134,0,0,0,0,0,0,0,0,-0.0111229441702061,-0.0125978745030128,-0.0153447663236351,0,0,-0.012235371455219,0,0,0,-0.0296559412188426,-0.00799061945038772,0,0,0,0,0,0,0,0,-0.0173329713358274,0,0,0,0,-0.000236249526211629,0,0,0,-0.0206793813337883,0,-0.0107152986903405,0,0,0,0,0,0,0,-0.0128235828479356,0,0,0,0,0,0,0,0,0,0,0,0,0,0,-0.0357911072807705,-0.0322465670225634,-0.0167492678305811,-0.00184915523072894,0,-0.00738624772302539,-0.0355474933880068,0,0,0,0,0,0,-0.0250806680506612,0,0,0,0,0,-0.00855873487129338,0,-0.00230868572082523,0,0,-0.00780628870046267,-0.00611613093831127,0,0,0,0,0,0,0,-0.0131245176432952,0,0,0,0,0,0,-0.00332851759287907,0,0,-0.00652193893377168,0,0,0,0,-0.0327505952980801,0,0,0,0,0,0,0,0,0,0,0,-0.012658976556347
"GFI1",0,-0.0272315870335242,0,0,0,0,0,0,0,0,0,0,0,-0.00364085582727089,0,0,0,0,0,0,0,0,0,0,0,0,0,0,0,0,0,0,0,0,0,0,0,0,0,0,0,-0.00331556809690275,-0.00590084819915064,0,0,0,-0.0052487517758912,0.915720546374228,0,0,0,0,0,0,0,-0.00113811460666056,0,-0.013307542497269,0,0,0,0,0,0,0,0,0,0,0,0,0,0,0,0,0,0,0,0,0,0,0,0,0,0,0,0,0,0,0,-0.00289737825144977,-0.0254279684005692,0,-0.0211499587458071,0,0,0,0,0,0,-0.0536561505826502,-0.000394308029420435,0,0,0,0,0,0,0,0,0,0,0,0,0,0,0,0,0,-0.00735923421142503,0,0,0,0,0,0,-0.0025083289148604,0,0,0,0,0,0,0,0,0,0,0,0,0,0,0,0,0,0,0,0,0,0,0,-3.9182342581308e-05,0,0,0,0,0,0,0,0,0,0,0,0,0,0,0,0,0,0,0,0
"HEYL",0,0,-0.151788002518394,-0.16157989487237,0,0,0,0,0,0,-0.155841458693454,-0.176540503479737,0,0,0,0,0,0,0,0,0,0,0,0,0,0,0,0,0,0,0,0,0,0,0,0,0,0,0,0,0,0,0,0,0,0,0,0,1.16426294259228,0,0,0,0,0,0,0,0,0,0,0,0,0,0,0,0,0,0,0,0,0,0,0,0,0,0,0,0,0,0,0,0,0,0,-0.069280975287171,0,0,0,0,0,0,0,0,0,0,0,0,0,0,0,0,0,0,0,0,0,0,0,0,0,0,0,0,0,0,0,0,0,0,0,0,0,0,0,0,0,0,0,0,0,0,0,0,0,0,0,0,0,0,0,0,0,0,0,0,0,0,0,0,0,0,0,0,0,0,0,0,0,0,0,0,0,0,0,0,0,0,0,0,0,0
"HIC1",0,0,0,0,0,0,0,0,-0.0056208166660939,-0.00557147318007115,0,0,-0.00375770311829535,0,0,0,-0.146251749599157,-0.00242885742589632,0,0,-0.00577507478103447,0,0,0,0,0,-0.0118083971689948,0,0,0,0,0,-0.00391572254521545,-0.0113218614299446,0,0,-0.0252658034562368,0,0,0,0,0,-0.0159504227974129,0,0,0,0,0,0,0.989080462829401,0,0,0,0,0,0,0,0,0,0,0,0,0,0,0,0,0,0,0,-0.0127690426754354,-0.000854836112454132,-0.00281781628624845,0,-0.0155083412087173,0,-0.00543322814052232,0,0,0,0,0,0,0,0,0,0,0,0,-0.000900323996144922,-0.0157251069224039,0,0,0,0,-0.00142655104088884,0,0,0,0,0,-0.0309993950141579,0,-0.0188568303240423,0,-0.00821997434455805,-0.00995232454588414,-0.0428797762530734,-0.0127718414816026,0,0,-0.00221665330951585,-0.006156355572095,-0.00786220008607162,0,-0.0358304267139039,-0.0209907435312596,0,0,-0.00739906792407965,0,0,-0.00546617168727808,-0.0296401731600268,-0.0153985825712375,-0.00193625949561239,0,0,0,0,0,0,0,-0.00851468967518225,-0.0249053052750996,0,0,0,0,0,0,0,0,-0.0127312549106302,0,0,-0.00432523352879887,0,0,0,0,0,0,0,0,0,0,-0.00730627814338403,0,0,-0.0215547153893415,0,0,0,0,0,-0.0149592376368059,0,-0.00921510309802916,0,0
"HINFP",0,0,0,0,-0.0151607014028355,0,0,0,0,0,0,0,0,0,-0.00742624063337139,0,0,0,0,0,0,0,0,0,0,0,0,0,0,0,-0.006917131008822,0,0,0,0,0,0,0,0,0,0,0,0,0,0,-0.0100495774629128,0,0,0,0,0.907313075069754,0,0,0,0,0,0,0,0,0,0,0,0,0,0,0,0,0,0,0,0,0,-0.00774785596561377,-0.00243310931451401,0,0,0,0,0,0,0,0,0,0,0,0,0,0,0,0,0,-0.00299588953557505,-0.00196334140058903,0,0,0,0,0,0,0,0,0,0,0,0,0,0,0,0,0,0,0,0,0,0,0,0,0,0,-0.00181055402899,-0.00319356570835181,-0.0127584106557396,0,0,0,0,0,0,0,0,0,0,0,0,0,0,0,0,0,0,0,0,0,0,0,0,-0.0150873676506616,0,0,0,0,0,0,0,0,0,0,0,0,0,0,0,0,0,-0.00435704290661957,0,0,0,0,0
"HMG20B",0,-0.0239638580269608,0,0,0,0,0,0,-0.0181047028184193,0,0,0,0,0,0,0,-0.00248171223798917,0,-0.013936400019247,0,0,0,0,0,0,0,0,0,0,0,0,0,0,0,0,0,0,0,0,0,0,-0.00704710193631521,0,0,0,0,0,0,0,0,0,0.907914205842752,0,0,0,0,0,0,0,0,0,0,0,0,0,0,0,0,0,0,0,0,0,0,0,0,0,0,0,0,0,0,0,0,0,0,0,0,0,0,0,0,0,0,0,0,0,0,0,0,0,0,0,0,0,0,0,0,0,-0.00541832779148409,0,0,0,0,0,0,0,0,0,0,0,0,0,0,0,0,0,0,0,0,0,0,0,0,0,0,0,0,0,0,0,0,0,0,0,0,0,0,0,0,0,0,0,0,0,0,0,-0.031871448343259,0,0,0,0,0,0,0,0,0,0,0,0
"HOMEZ",0,0,0,0,0,0,0,0,0,0,0,0,0,0,0,0,0,0,0,0,0,0,0,0,0,0,0,0,0,0,0,0,0,0,0,0,0,0,0,0,0,0,0,0,0,0,0,0,0,0,0,0,0.904250854011221,0,0,0,0,0,0,0,0,0,0,0,0,0,0,0,0,0,0,0,0,0,0,0,0,0,0,0,0,0,0,0,0,0,0,0,0,0,0,0,0,0,0,0,0,0,0,0,0,0,0,0,0,0,0,0,0,0,0,0,0,0,0,0,0,0,0,0,0,0,0,0,0,0,0,0,0,0,0,0,0,0,0,0,0,0,0,0,0,0,0,0,0,0,0,0,0,0,0,0,0,0,0,0,0,0,0,0,0,0,0,0,0,0,0,0,0,0
"IKZF1",0,0,0,0,0,0,0,0,-0.0352551974616259,-0.00999670951094002,0,0,0,0,0,0,-0.00857514878489985,0,0,0,0,0,0,0,0,0,0,0,0,0,0,0,-0.0124544483796889,0,0,0,-0.0148272035956618,0,0,0,0,0,-0.0197253474397037,0,0,0,0,0,0,0,0,0,0,0.920373426622761,0,-0.00968384640132363,-0.00519186426588615,0,0,0,0,0,0,0,0,0,0,0,0,-0.00196131698082617,0,0,0,-0.0253183403639619,0,0,0,0,0,-0.0031040536853797,-0.00422844925057553,0,0,0,0,0,0,0,0,0,0,0,0,0,-0.0053071391267894,0,0,-0.0182133761252394,0,0,0,0,-0.0128279796128614,0,-0.00563417337931384,0,-0.00141245238405233,0,0,0,0,0,0,0,0,0,0,0,0,0,0,0,-0.0103204394909357,0,0,0,-0.00633368971066892,0,-0.000747104187742088,0,0,0,-0.00308771192455803,-0.000646015150760562,0,0,0,0,0,-0.0165089789731673,0,0,0,0,0,0,0,0,0,0,0,-0.00262868394191415,0,0,0,0,0,0,0,-0.00706735762837053,-0.0114876955674794,0,0,-0.0160127345347826,0,0,0,0,0,0
"IKZF3",0,0,0,0,0,0,0,0,0,0,0,0,0,0,0,0,0,0,0,0,0,0,-0.0902174388702329,0,0,0,0,0,0,0,0,0,0,-0.0557659925292392,0,0,0,0,0,0,0,0,0,0,0,0,0,0,0,0,0,0,0,0,0.966575423869979,0,0,0,0,0,0,0,0,0,0,0,0,0,0,0,0,-0.0493466479276702,0,0,0,0,0,-0.00362294898502256,0,-0.0158732704172215,0,0,0,0,0,0,0,0,0,-0.00857377207641615,0,-0.00274489539610078,0,0,0,0,-0.00816873419884432,-0.016215262537964,0,0,-0.00459981016446146,-0.00889856784315707,0,0,-0.00690699636008649,-0.00820440530375155,0,0,0,0,0,0,0,0,0,0,0,-0.0326432427302198,0,0,-0.00124269810697999,0,0,0,0,0,0,0,0,0,0,-0.0108834709937692,0,-0.0132318658212602,0,0,0,0,0,0,0,0,-0.000705022659711996,0,0,0,-0.00653508319970847,-0.00893917087256997,0,0,0,0,0,-0.000500405473882656,0,0,0,0,0,0,0,0,0,0,-0.0299291166661292,-0.0220896693306253,0,0,0,0
"IRF1",0,-0.0195298329358333,0,0,0,0,0,-0.0074129419920494,-0.00364771808290652,0,0,0,0,0,0,0,0,0,0,0,0,0,0,0,0,0,0,0,0,0,0,0,0,0,0,0,0,0,0,0,0,-0.0314869536070713,0,0,0,0,0,-0.00110916443305522,0,0,0,0,0,-0.00964083519174621,0,2.45318901389092,-0.904360508171564,-0.215447247095507,-0.0635355739508119,-0.122594079916906,-0.182575237731083,0,0,0,0,0,0,0,0,0,0,0,0,0,0,0,0,0,0,0,0,0,0,0,0,0,0,0,0,0,0,0,0,0,0,-0.00473876494615765,0,0,0,0,0,-0.115456944688881,0,0,0,0,0,0,0,-0.00398808929644461,-0.00424744526054684,0,0,0,0,0,0,0,0,0,0,0,0,0,0,-0.301320815561874,-0.465806360022557,0,0,0,-0.00141378173989057,0,0,0,0,0,0,0,0,0,0,0,0,0,0,0,0,0,0,0,0,0,0,0,0,0,0,-0.0547307000772204,0,0,0,0,0,0,0,0,0,0,0,0
"IRF2",0,-0.00854490673040265,0,0,0,0,0,-0.00911123217113286,-0.0155281913292188,0,0,0,-0.0144670137503309,0,0,0,-0.00458924780984182,-0.00174711568169533,0,0,0,0,0,0,0,0,0,0,0,0,0,0,0,0,0,0,0,0,0,0,0,0,0,0,0,0,-0.0111005426403348,0,0,0,0,0,0,-0.00517196709543187,0,-0.904357697231781,2.33040070385371,-0.0688196167016143,-0.129169914703369,-0.41066272795631,-0.155856318346139,-0.15149875633844,0,0,0,0,0,0,0,0,0,0,0,0,0,0,0,0,0,0,-0.0260465113940178,0,0,0,-0.0039146113044795,-0.0131050988015353,-0.00826981313354286,0,-0.000701225733644579,0,0,0,0,0,0,-0.0171928591437787,0,0,0,0,0,-0.246372958603952,0,0,0,0,0,0,0,-0.0352102446678726,-0.0050346383973873,0,-0.000274634000639876,0,0,-0.00175378992722574,0,0,0,0,0,0,0,-0.00148318601359816,0,-0.0717306075987902,-0.196300675362104,0,-0.00570952277609849,-0.00640004772316547,-0.011362989758184,0,0,0,-0.0040356187398344,0,0,0,0,0,0,0,0,0,-0.00486427628333886,0,0,0,0,-0.00501995049170136,0,0,0,0,0,0,0,0,0,0,0,0,0,0,0,0,0,0,0,0
"IRF3",0,0,0,0,0,0,0,0,0,-0.234803675327696,0,0,0,-0.000147025592233028,0,0,0,0,0,0,0,0,0,0,0,0,0,0,0,0,0,0,0,-0.110043206711497,0,0,0,0,0,0,0,-0.00515447469078032,0,0,0,0,-0.0125866332237254,-0.0132945741944268,0,0,0,0,0,0,0,-0.215440559949449,-0.0688222417244062,1.88071427183229,-0.134482497361739,0,-0.0502480570369681,0,0,0,0,0,0,0,0,0,0,0,0,0,0,-0.00995222907369929,0,0,0,0,0,0,0,0,-0.0290392897205784,-0.00259849822006152,0,0,0,0,0,0,0,0,0,0,0,0,0,0,0,-0.132100313832401,0,0,0,-0.0806010436895424,0,0,0,0,0,0,-0.000967473474172404,0,-0.000976467004038601,-0.0120763368521249,0,0,0,0,0,0,-0.0332660355616626,-0.000885253407046906,0,-0.336982572953903,-0.274825502134735,0,0,0,0,0,0,0,0,0,0,0,0,0,0,0,0,0,0,0,0,0,0,-0.00693972307664333,0,0,-0.132315108002748,0,0,0,0,-0.13979213279827,0,0,-0.0473340003067969,0,-0.0362589974425938,0,0,0,0,0,0,0
"IRF4",0,-0.0162689897404818,0,0,0,0,0,-0.0194982342357671,-0.0221451947542614,0,0,0,0,0,0,0,-0.00657241842146507,0,0,0,0,0,0,0,0,0,0,0,0,0,0,0,0,-0.00985722543581928,0,0,0,0,0,0,0,0,0,0,0,0,-0.0153350723907905,0,0,0,0,0,0,0,0,-0.0635313229518186,-0.129167480077432,-0.134451455226677,1.90722537288736,-0.082465647528882,-0.885387234502571,-0.179051527669514,0,0,0,-0.000640977399342136,0,0,0,0,0,0,0,0,0,0,0,0,0,0,-0.0105611097339165,0,0,0,-0.0252353390992722,-0.0211336739252441,-0.00804228108264769,0,0,0,0,0,0,-0.0195978253449545,-0.0078219153570487,-0.00138413106739719,0,0,0,0,0,-0.0440137391460523,0,0,0,0,0,0,-0.00198241914502454,-0.0224040758428069,-0.0207391193844279,0,0,0,0,0,0,0,0,0,0,0,-0.110867925529567,0,0,-0.0218413399041602,-0.0824688751347911,0,0,-0.00819545597485971,0,0,-0.0406807502307408,0,0,0,0,0,0,0,0,0,-0.0106013230751273,0,0,0,0,0,0,-0.00258108776655639,0,0,-0.00899369906528511,0,0,0,0,0,0,0,0,0,0,0,0,0,0,-0.0117924188732585,0,-0.0070591259824052
"IRF7",0,-0.0131675810729629,0,0,0,0,0,0,-0.0313298802543667,0,0,0,0,0,0,0,0,0,0,0,0,0,0,0,0,0,0,0,0,0,0,0,0,0,0,0,0,0,0,0,0,0,-0.0058556807073085,-0.000608368196808644,0,0,0,0,0,0,0,0,0,0,0,-0.122588642909098,-0.410662979662376,0,-0.0824554525896258,1.53366191372266,-0.109668780952998,-0.0914642152172571,0,0,0,0,0,0,0,0,0,0,0,0,0,-0.0260950985544262,0,0,0,0,0,-0.0128509144275946,0,0,-0.00294079154669212,0,0,0,0,0,0,0,0,0,-0.00149770145882372,0,0,0,0,0,0,-0.303033705862534,0,0,0,0,0,0,0,-0.00112799011959781,-0.00676919444242786,0,0,0,0,-0.0111377635150435,0,0,0,0,0,0,0,-0.00399408939665158,0,0,-0.129580333148053,0,0,-0.0034951005615455,0,0,0,0,0,0,0,0,0,0,0,0,0,0,0,0,0,0,0,0,0,0,0,0,0,0,0,0,0,0,0,0,0,0,0,0,0,-0.00123973786325154,0,0
"IRF8",0,0,0,0,0,0,0,0,0,0,0,0,0,0,0,0,0,0,0,0,0,0,0,0,0,0,0,0,0,0,0,0,0,-0.0472231816936281,0,0,-0.000591462781883981,0,0,0,0,0,0,0,0,0,0,0,0,0,0,0,0,0,0,-0.182594271868013,-0.155865852168258,-0.050243073001452,-0.885391809487726,-0.109661622083009,1.99973572439927,0,0,0,0,0,0,0,0,0,0,0,0,0,0,0,0,0,0,0,0,0,0,0,-0.00250350639745707,0,0,0,0,0,0,0,0,0,0,0,0,0,0,0,0,-0.202340197918232,0,0,0,0,0,0,0,0,0,0,0,0,0,-0.00587329028714794,0,0,0,0,0,0,-0.14772782100934,0,0,-0.019764976088409,-0.139308337102465,0,0,0,0,0,-0.00169388078396098,0,0,0,0,0,0,0,0,0,0,0,0,0,0,0,0,-0.00227540952571673,0,0,0,0,0,0,0,0,-0.00451718736707771,0,0,0,0,0,0,0,0,0,0,0
"IRF9",0,-0.00686128513218447,0,0,0,0,0,0,0,0,0,0,0,-0.000495512253029041,0,0,0,0,0,0,0,0,0,0,0,0,0,0,0,0,0,0,0,0,0,0,0,0,0,0,0,0,0,0,0,0,-0.0122346510777929,0,0,0,0,0,0,0,0,0,-0.151496236064948,0,-0.179049650313303,-0.0914629237764482,0,1.03977862962187,0,0,-0.00961436610450791,0,-0.00494473279463043,0,0,0,0,0,0,0,0,0,0,0,0,0,0,0,0,0,0,0,0,0,0,0,0,0,0,0,0,0,0,0,0,0,0,0,0,0,0,0,0,0,0,0,0,0,0,0,0,0,0,0,0,0,0,0,0,0,0,0,-0.031279243399996,0,0,0,0,0,0,0,0,0,0,0,0,0,0,0,0,0,0,0,0,0,0,0,0,0,0,0,0,0,0,0,0,0,0,0,0,0,0,0,0,0,0,0
"ISL2",0,-0.115423204283192,0,0,0,0,0,0,-0.0473884331791226,0,0,0,0,0,0,0,0,0,0,0,0,0,0,0,0,0,0,0,0,0,0,0,0,0,0,0,0,0,0,0,0,0,-0.00706023357881722,0,0,0,0,0,0,0,0,0,0,0,0,0,0,0,0,0,0,0,0.923372010125409,0,0,0,0,0,0,0,0,0,0,0,0,0,0,0,0,0,0,0,0,0,0,0,0,0,0,0,0,0,0,0,0,0,0,0,0,0,0,0,0,0,0,0,0,0,0,0,0,0,0,0,0,0,0,0,0,0,0,0,0,0,0,0,0,0,0,0,0,0,0,0,0,0,0,0,0,0,0,0,0,0,0,0,0,0,0,0,0,0,0,0,0,0,0,0,0,0,0,0,0,0,0,0,0,0,0,0
"JDP2",0,-0.00341699655115104,-0.00033834805438677,0,-0.249714332916407,-0.324592580038134,-0.382551216581802,-0.035289607031582,-0.0132283689046085,0,0,0,0,0,-0.3245838123177,-0.204316634330037,0,0,0,0,0,0,0,0,0,0,0,0,0,0,0,0,-0.0080091630321566,0,0,0,0,0,-0.00759029253941059,0,-0.00217096898395192,-3.51352318393576e-05,-8.67092424890779e-05,0,0,0,0,0,0,0,0,0,0,0,0,0,0,0,0,0,0,0,0,1.97014466732291,-0.262066745746132,-0.0525776285326911,-0.114772118836411,0,0,0,0,0,0,0,0,0,0,0,0,-0.0106163471812235,0,0,0,0,0,0,0,-0.00875484947023304,0,0,0,0,0,0,-0.003592099776763,0,0,0,0,0,-0.014193205233374,0,-0.00606163903567682,0,0,0,-0.00475388935219118,0,-0.0094212392174183,0,0,0,0,0,-0.00940151332066361,0,0,0,-0.00213008851861023,0,0,0,0,-0.000743716854185055,-0.00557099791551731,0,0,-0.0229730786231332,0,0,0,0,0,0,-0.0147529723664648,-0.0152851300595233,0,0,0,-0.00348355840430109,-0.00681451310803439,0,-0.0298469501922229,0,0,0,0,0,0,0,0,0,0,0,0,0,-0.00661062775174751,0,0,0,0,0,0,-0.00143098287846625,0,0,-0.00390082092042823,0,-0.0166870554351579,0
"JUN",0,0,0,0,0,0,0,-0.116291071019868,0,0,0,0,0,-0.0484658819976857,0,0,0,-0.0355713709940135,0,0,0,0,0,0,0,0,0,0,0,0,0,0,0,0,0,0,-0.000542606826841364,0,-0.491899878620187,0,0,0,-0.0079159477172474,0,0,0,0,0,0,0,0,0,0,0,0,0,0,0,0,0,0,-0.00961414780838001,0,-0.262037591499577,2.17363192886015,-0.427232200695216,-0.66965071413563,0,0,0,0,0,0,0,0,-0.0204474386724216,0,0,0,0,0,0,0,0,0,-0.00789566165062592,-0.0442185835700576,0,0,0,0,0,0,-0.0517342198802942,-0.000636590266766066,0,0,0,0,0,0,0,0,0,0,0,0,0,0,0,0,-0.00795185666394138,0,0,0,-0.00467750000839299,0,0,0,0,0,0,0,0,0,0,0,0,0,0,0,0,0,-0.00814449966406074,-0.0117244632205796,0,0,0,0,0,0,0,0,0,0,0,0,0,0,-0.0080855813112743,0,0,0,0,0,0,0,0,0,0,0,0,0,0,0,0,0,0,0,0
"JUNB",0,-0.00154906386661108,0,0,0,0,0,-0.304918957522125,-0.00665836084699482,0,0,0,-0.00726956191729582,0,0,0,-0.0143697334816136,0,0,0,0,0,0,0,0,0,0,0,0,0,0,-0.0127771749512412,0,-0.00115232602498157,0,0,-0.0268202312350242,0,-0.26005576585789,0,0,-0.00185904943585106,-0.0224115828928651,-0.012086260693513,0,0,-0.0296525705555255,0,0,0,0,0,0,0,0,0,0,0,-0.000653788363466529,0,0,0,0,-0.0525466153657121,-0.4272285579776,2.09640904758047,-0.71817586441489,0,0,0,0,0,0,0,0,-0.0259648017500741,0,0,0,0,0,0,0,0,-0.021369066689291,0,-0.0250449464224393,0,0,-0.0105511070852707,0,0,0,-0.0216384319885254,0,-0.0132234556799779,0,0,0,0,0,0,0,0,0,0,0,0,0,-0.00403339414966884,-0.0092266693958075,-0.010458631332244,-0.0109423627569015,0,-0.0177596125322025,0,0,0,0,0,0,0,-0.00400082530333382,-0.00940015696557698,0,0,0,-0.00525376448563258,-0.00888006376144754,0,-0.0091900041784012,0,-0.016099835496799,-0.0211183013647312,0,0,0,0,0,0,0,0,-0.0221089660218559,0,0,0,0,0,0,-0.0214017063819531,0,0,0,0,0,0,0,0,0,0,0,0,0,0,0,0,0,-0.0137147263155189,0,-0.00480328126830378
"JUND",0,0,0,0,0,0,0,-0.281348306882555,0,0,0,0,0,0,0,0,-0.000430730890229304,0,0,0,0,0,0,0,0,0,0,0,0,0,0,-0.00451799503618959,0,0,0,0,0,0,-0.57569157136672,0,0,0,0,0,0,0,-0.00798526233905682,0,0,0,0,0,0,0,0,0,0,0,0,0,0,-0.00494650368929816,0,-0.11475127382514,-0.669653136524843,-0.718175041564447,2.50274651527115,0,0,0,0,0,0,0,0,0,0,0,0,0,0,0,0,0,-0.036672239556396,-0.0543370103216544,-0.00499915152813814,0,0,0,0,0,0,-0.0464770925368005,0,-0.0135363147675754,0,0,0,0,0,0,0,0,0,0,0,0,0,0,-0.00517004189108066,-0.00481239144363094,0,0,0,0,0,0,0,0,0,0,0,-0.0159757895187105,0,0,0,0,0,0,0,0,-0.0104529585306584,0,0,0,0,0,0,0,0,0,-0.00550780052689529,0,0,0,0,0,0,0,0,0,-0.00680856233980954,0,0,0,0,0,0,0,0,0,0,0,0,0,0,-4.93443003010866e-05,0,0
"KLF10",0,0,0,0,0,0,0,0,0,0,0,0,0,0,0,0,0,0,0,0,0,0,-0.0304867244896934,-0.0973559704248236,-0.0742213523973708,0,0,0,0,0,0,0,0,0,0,0,0,0,0,0,0,0,0,0,0,0,0,0,0,0,0,0,0,0,0,0,0,0,0,0,0,0,0,0,0,0,0,1.46754005001048,-0.000493446147008266,-0.108152336078851,-0.119753211186282,-0.144295800097937,-0.0270943465835305,-0.0241970313798657,0,0,0,-0.00996511372532906,0,0,0,0,0,0,0,0,0,0,0,0,0,0,0,0,0,0,0,-0.0203673333737514,0,0,0,0,-0.016433116571167,0,0,0,0,0,0,0,0,0,0,0,0,0,-0.0050331280441677,-0.0823608441498223,0,-0.0677628565471897,-0.130645912496597,-0.031737384202028,0,0,-0.0580366643646818,0,0,0,0,0,0,0,0,-0.0102326525638353,-0.0157563194239667,0,0,0,0,0,0,0,0,0,0,-0.00852121384959321,-0.0045231009115023,-0.0260843724826293,0,0,0,0,0,-0.00779232245294038,0,0,-0.0957537717252086,0,0,0,0,0,0,0,0,-0.000598715283028824,-0.0127298401370912,-0.00091763857390086,0,0
"KLF13",0,0,0,0,0,0,0,0,0,0,0,0,0,0,0,0,0,0,0,0,0,0,0,0,0,0,-0.00105680587501255,0,0,0,-0.00111206225311185,0,0,0,0,0,0,-0.00285671567809013,0,0,0,0,0,0,0,0,0,0,0,0,0,0,0,0,0,0,0,0,0,0,0,0,0,0,0,0,0,-0.000494251380873528,1.06977835286818,-0.0835216594946017,0,0,-0.146040858680633,-0.141141977729348,0,0,0,0,0,0,0,0,0,0,0,0,0,0,0,0,-0.008756760238673,0,-0.0109932115928417,0,0,0,0,0,0,0,-0.00835708507665383,0,0,0,0,0,0,0,0,0,0,0,0,0,0,0,0,0,0,0,0,-0.0998211097533491,0,0,0,0,0,0,0,0,0,-0.00147734565597621,0,0,0,0,0,0,0,0,0,0,0,0,0,0,0,0,0,0,0,0,0,0,0,0,0,0,0,0,0,0,0,0,0,0,0,0,0,0
"KLF2",0,0,-0.00280575656405288,0,0,0,0,0,0,0,0,0,0,0,-0.00654766823213242,0,0,0,0,-0.058724084355141,0,-0.0525141530826212,0,0,-0.0388101095196877,0,0,0,0,0,0,0,0,0,0,0,0,0,0,0,0,0,0,0,0,0,0,0,0,-0.0127415555788879,0,0,0,-0.00194864494318115,0,0,0,0,0,0,0,0,0,0,0,0,0,-0.108146794321884,-0.0835145006229778,2.62986130318499,-0.258405770415844,-0.0747313771265389,-0.828037242194832,-0.85036206776392,0,0,-0.00664099453766076,0,0,0,0,0,0,-0.0062026234089552,0,0,0,0,0,0,0,0,0,0,0,0,0,-0.161037681488086,0,0,0,0,0,0,0,0,0,0,0,0,0,0,0,0,0,0,0,0,-0.000887174539899767,0,0,0,0,-0.0186552939153485,-0.0369662347687504,0,0,0,0,0,0,0,0,0,0,0,0,0,0,0,0,0,0,0,0,0,0,0,0,0,0,-0.0042026899717451,0,0,0,0,0,0,-0.00835225581676564,0,0,0,0,-0.000363995275248029,0,0,0,0,-0.0127618127322591,0
"KLF3",-0.0124333595806557,0,0,0,0,0,0,0,0,0,0,0,0,0,0,0,0,0,0,-0.163828699231962,0,-0.127082719937792,0,-0.0510555272008438,-0.00316304254895481,0,0,0,0,0,0,0,0,0,0,0,0,-0.0159821669902393,0,0,0,0,0,0,0,-0.0041502634138916,0,0,0,-0.000825843472721851,0,0,0,0,0,0,0,0,0,0,0,0,0,0,0,0,0,-0.119762513033256,0,-0.258428556724677,3.13990293377013,-0.601251696163728,-0.300801334024911,-0.174590986124487,0,0,-0.0132473331302406,0,-0.0253147279572671,-0.0281074598566212,0,0,0,-0.0400134543727752,0,0,0,0,0,0,0,-0.00293309461791717,0,0,0,0,-0.00916819373497172,-0.295091931835498,-0.00374791823253689,0,0,0,-0.00266027396378661,-0.00457892787465005,0,0,-0.00440413772261735,0,0,0,0,0,0,0,0,0,0,-0.0766380628831656,0,-0.208541700096221,-0.483772896409191,-0.293423341388719,0,0,-0.0100108857760498,0,0,0,0,0,0,0,0,-0.00488800416023086,0,0,0,0,0,0,0,0,0,0,0,-0.0182846383164878,0,0,0,0,-1.38839820544007e-05,-0.011380202198162,0,-0.0357513122175642,0,0,0,0,0,-0.000907333700203641,0,0,0,0,0,-0.00247412160271451,0,0,-0.0308795066228355,0
"KLF6",0,0,0,0,0,0,0,0,0,0,0,0,0,0,0,0,0,0,0,-0.0699076855210413,0,-0.0242970060442787,-0.0264317405497628,-0.0224728895797595,-0.0526931862141449,0,0,0,0,0,0,0,0,0,0,0,0,0,0,0,0,0,0,0,0,0,0,0,0,-0.0027969975639983,0,0,0,0,-0.0493405975520887,0,0,0,0,0,0,0,0,0,0,0,0,-0.144269101877065,0,-0.0746887275978371,-0.601146627193651,2.77561032118928,-0.0434118947328073,-0.0014973092678179,0,0,0,-0.214824753495164,-0.0140487159520608,-0.0347376973795509,0,0,0,-0.0124997577115647,0,0,0,0,0,-0.00617214869780505,0,0,0,0,0,0,0,-0.314855910999879,-0.00203248125867728,0,0,0,-0.0120020620322894,0,0,0,-0.00414722930569229,-0.00141672916158925,0,0,0,0,0,0,0,0,-0.00843259750337946,-0.273001663994899,-0.00549765186028065,-0.206459068897952,-0.29893232037638,-0.156372709544833,0,0,-0.0127738452535031,0,0,0,0,0,0,0,0,-0.00539825058115149,0,0,0,0,0,0,0,0,-0.00889224517253663,-0.000752670830935536,0,-0.00698584702624711,0,-0.182542781488887,0,0,-0.00387995797947459,0,0,0,0,-0.0202999563094557,0,0,0,0,0,0,0,0,0,-0.018782744436867,0,-0.0245165798321486,-0.0155223818338373,0
"KLF7",0,0,0,0,0,0,0,0,0,0,0,0,0,0,0,0,0,0,0,-0.204564723260113,0,-0.151665000310485,0,0,-0.00288209379787409,0,0,0,0,0,0,0,0,0,0,0,0,0,0,0,0,0,0,0,0,0,0,0,0,0,-0.00774701337145143,0,0,0,0,0,0,0,0,0,0,0,0,0,0,0,0,-0.0270698403263623,-0.1460421798246,-0.82802918994734,-0.300740465042385,-0.0433927016352366,2.7586710453672,-0.770647369917087,0,0,0,0,0,0,0,0,0,0,0,0,0,0,0,0,0,0,0,0,0,0,-0.00991866598122812,-0.00309261262844106,0,0,0,0,0,0,0,0,0,0,0,0,0,0,0,0,0,0,0,0,0,0,0,-0.254070259784778,0,0,0,0,0,0,0,0,0,0,0,0,0,0,0,0,0,0,0,0,0,0,0,0,0,0,0,0,0,-0.00362698933430002,0,0,0,0,0,0,0,0,0,0,0,0,0,0,0,0,0,0
"KLF8",0,0,-0.00242859605313239,0,0,0,0,0,0,0,0,0,0,-0.00677126771624872,-0.0214635919827793,0,-0.03459891865265,0,0,-0.0502701510167966,0,-0.0723651408224687,0,0,-0.0177691100663594,0,-0.0174228564795114,0,0,0,0,0,0,0,0,0,0,-0.00722482401510491,0,0,0,0,0,0,0,-0.0190282004907126,0,0,0,-0.0155100307582964,-0.00243217770055527,0,0,-0.0253118701840546,0,0,0,0,0,0,0,0,0,0,0,0,0,-0.0241795334970155,-0.14113668875461,-0.85031566893694,-0.174541838469407,-0.00149497121892381,-0.770672993260924,2.54487853599996,0,0,-0.0325661187519677,0,-0.00136018243046815,-0.0149930127735832,0,0,0,0,0,0,0,0,0,0,0,0,0,0,0,0,-0.00100500986360394,-0.10316857309588,0,-0.00128953472388516,-0.00186498993203575,0,-0.0130770668944566,0,0,0,-0.0018032184301315,-0.00525343459099982,0,0,0,0,0,0,0,0,-0.00148255384999801,0,-0.000588493254253904,0,0,-0.121364282999984,0,0,0,0,0,0,0,0,0,0,0,0,-0.0049490499475554,0,0,0,0,0,0,0,-0.00269695646634503,0,0,0,0,0,0,0,0,0,0,-0.00846627945477718,0,0,0,0,-0.0237498108280192,-0.000895585781231887,0,0,0,-0.0091842230876516,0,0,0,0,-0.0650021700552668,0
"KLF9",0,0,0,0,0,0,0,0,0,0,0,0,0,0,0,0,0,0,0,0,0,0,0,0,0,0,0,0,0,0,0,0,0,0,0,0,0,0,0,0,0,0,0,0,0,0,0,0,0,0,0,0,0,0,0,0,0,0,0,0,0,0,0,0,0,0,0,0,0,0,0,0,0,0,0.904250854011221,0,0,0,0,0,0,0,0,0,0,0,0,0,0,0,0,0,0,0,0,0,0,0,0,0,0,0,0,0,0,0,0,0,0,0,0,0,0,0,0,0,0,0,0,0,0,0,0,0,0,0,0,0,0,0,0,0,0,0,0,0,0,0,0,0,0,0,0,0,0,0,0,0,0,0,0,0,0,0,0,0,0,0,0,0,0,0,0,0,0,0,0,0,0,0
"MAFK",0,-0.0204473747631367,0,0,0,0,0,-0.0841417507934062,-0.0199397659566073,-0.00930681033936228,0,0,-0.00196068869244106,0,0,0,-0.0169561047878914,0,0,0,0,0,0,0,0,0,0,0,0,0,0,0,0,0,0,0,-0.002862960212388,0,-0.10954718857768,0,0,0,-0.0114749272652441,-0.00363878950807148,0,0,-0.017332223010289,0,0,-0.00542740532358038,0,0,0,0,0,0,0,-0.00995412993343094,0,-0.0261005704926818,0,0,0,0,-0.0204479470471301,-0.0259678359425631,0,0,0,0,0,0,0,0,0,1.11613727742957,0,0,0,0,0,0,0,0,0,0,-0.304567591234134,-0.000804907689603509,0,0,0,0,0,-0.00670069620081783,-0.00781083709237397,0,0,0,0,0,0,0,0,0,0,0,0,0,0,0,-0.0379300914600904,-0.00390280695056425,-0.0032045962598226,0,-0.0156194959374169,0,0,0,-0.00422882936227862,0,0,0,-0.0148745606697004,-0.00607120374376309,0,0,0,-0.0142642244627117,0,0,0,0,-0.00891467625162718,-0.0138790184897615,0,0,0,0,0,0,0,0,0,0,0,0,0,0,0,-0.0123841115378457,0,0,0,0,0,0,0,0,0,0,0,0,0,0,0,0,0,-0.00358182784178121,0,0
"MAX",0,0,-0.370301533687966,-0.0826860193527481,0,0,0,0,0,0,0,0,0,0,0,-0.01177524423729,0,0,0,0,-0.00923060865372939,0,0,-0.00874277605755128,0,-0.00263748295703643,0,0,0,0,0,0,0,0,0,0,0,0,0,0,0,0,0,0,0,0,0,0,0,0,0,0,0,0,0,0,0,0,0,0,0,0,0,0,0,0,0,0,0,-0.00664063476861026,-0.0132489950855544,0,0,-0.0325537364551823,0,0,1.36232677935592,0,-0.00938216343135008,0,0,0,-0.075610002281026,-0.417887962761971,0,0,0,0,0,0,0,-0.00524464162032855,0,0,0,0,-0.0294361235924822,0,0,0,0,0,0,0,0,0,0,0,0,0,0,0,0,0,0,0,0,0,0,-0.0089890975293281,0,0,0,0,0,0,0,0,0,0,0,0,0,-0.00494255677677785,0,0,0,0,0,0,0,0,0,0,0,0,0,-0.0123652895868397,0,0,0,-0.0117707869762713,0,0,0,-0.00720608550247943,0,0,0,0,0,0,0,0,0,0,0,0,0,0
"MAZ",0,0,0,0,0,0,0,0,0,-0.140052979899229,0,0,0,0,0,0,0,0,0,0,0,0,-0.10677082575472,0,0,0,0,0,0,0,0,0,0,0,0,0,0,0,0,0,0,0,0,0,0,0,0,0,0,0,0,0,0,0,-0.00363541720398504,0,0,0,0,0,0,0,0,0,0,0,0,-0.00994943514470073,0,0,0,-0.214801983042848,0,0,0,0,0,2.4595409241076,0,0,0,0,0,0,0,0,0,0,0,0,0,0,0,0,0,0,0,0,0,0,0,0,-0.0146089531302176,0,-0.164613677651332,-0.505602452528337,0,0,0,0,0,0,0,0,0,0,0,-0.382335601281174,-0.0135570159690618,0,-0.0453249811562831,0,0,0,-0.0418226287799765,0,0,0,0,0,0,-0.0127274854529145,0,0,0,0,0,0,0,0,0,0,0,0,0,0,0,-0.465174066461804,0,0,0,0,0,0,-0.129220121122699,-0.0156050124470319,-0.326276741808299,0,-0.0163407226421419,0,-0.140172671903548,0,0,0,0,0,-0.0554606984224163,0,0,0
"MBD2",0,0,0,0,0,0,0,0,0,0,0,0,0,0,0,0,0,0,0,-0.00825467593326693,-0.0405354906108536,0,-1.50677852305993e-05,0,0,0,0,0,0,0,-0.00406422477110986,0,0,0,0,0,0,-0.0329717742463339,0,0,0,0,0,0,0,-0.00294380516657271,0,0,0,0,0,0,0,0,0,0,0,0,0,0,0,0,0,0,0,0,0,0,0,0,-0.0253199055304698,-0.0140449627934692,0,-0.0013590223053593,0,0,-0.0093810110631656,0,1.05840055177193,-0.00794215733678882,0,0,0,0,0,0,0,0,0,0,0,0,0,0,0,0,-0.0365638177710796,0,0,0,0,0,0,0,0,0,-0.0129396158706686,0,0,0,0,0,0,0,0,0,0,-0.0694524672160551,0,-0.112215566326695,-0.00832935283840235,0,0,0,0,0,0,0,0,0,0,-0.0143715640068222,0,0,0,0,0,0,0,0,0,0,0,0,0,0,-0.0238063433789647,-0.0401434814635712,0,0,0,0,0,-0.0313363459778201,-0.00197575612277239,0,0,0,0,0,0,0,0,-0.00244780871732426,-0.0591757046069497,-0.0270778602662951,0,0,-0.0260473480027271,0
"MECP2",-0.0105527117556249,0,-0.0179564544746142,0,0,0,0,0,-0.00414024542607113,0,0,0,0,0,0,-0.0159265775143155,-0.00119701356984711,0,0,0,0,0,0,-0.00621340196776058,0,-0.0336318973850817,0,0,0,0,0,0,0,0,0,0,0,-0.0175173930937915,0,0,0,0,0,-0.0139307092140915,0,0,0,0,0,0,0,0,0,-0.003103882336054,-0.0158739889634058,0,0,0,0,0,0,0,0,-0.0106127590002343,0,0,0,0,0,0,-0.0281114637012213,-0.0347307291255337,0,-0.0149931473746252,0,0,0,0,-0.00794294798641924,1.01816825437178,0,0,0,0,0,0,0,0,0,0,0,-0.0224422259276643,0,0,0,0,0,-0.0125000743130744,0,0,-0.0181213519631451,0,0,0,0,0,0,0,0,0,0,0,0,0,0,0,0,-0.00890240717523787,0,-0.0275560500284313,-0.00608308806054535,-0.00820318167702999,0,0,-0.00283813433271999,0,0,0,0,0,0,0,0,0,0,0,0,-0.000828005864105195,0,0,0,0,-0.00722169352932455,0,0,0,-0.0297414678566481,0,0,-0.00621023415257838,0,-0.00889553870158808,0,0,-0.0289208311488403,0,0,0,0,0,0,0,0,-0.0342758767549239,-0.0365574554966143,-0.117020451228807,0,0,-0.0486361207242371,0
"MEIS3",0,0,0,0,0,0,0,-0.00667872979773064,-0.0238154089299357,0,0,0,0,0,0,0,-0.0187629834070332,0,0,0,0,0,0,0,0,0,-0.00308159077502133,0,0,0,0,0,-0.0125245577179785,0,0,0,-0.0171715093650146,0,0,0,0,0,-0.0405408567702814,0,0,0,-0.000237030893899627,0,0,0,0,0,0,-0.00422952911714703,0,0,-0.0260855841763714,0,-0.0105857358898911,0,0,0,0,0,0,0,0,0,0,0,0,0,0,0,0,0,0,0,0,0,1.13734533160817,0,0,0,-0.000154029595920819,0,-0.0263222488448038,0,0,0,0,0,0,-0.0059464666643013,0,0,0,0,0,0,-0.419063061232989,0,0,0,0,0,0,0,0,-0.00801966869426187,-0.0128840103102029,-0.0182650470976483,-0.00797120126217463,0,-0.0296835342252646,-0.0133948112245999,-0.0199757048772851,0,0,0,0,0,-0.0195807723012831,-0.0169013920009383,-0.00421795378565533,0,0,-0.0246326604909097,-0.0124317123302495,0,0,0,-0.0148978530274236,-0.0263034826147639,-0.034002936572154,0,0,0,0,0,0,0,-0.017551186038418,0,0,0,0,0,0,-0.0241462543374043,0,0,0,-0.00252445825077807,0,0,0,0,0,-0.00800517029820011,-0.00164752835436053,0,0,0,0,0,0,0,0,0
"MEOX2",0,-0.0232542519451755,0,0,0,0,0,0,-0.00807122317315752,0,0,0,0,0,0,0,0,0,0,0,0,0,0,0,0,0,0,0,0,0,0,0,0,0,0,0,0,0,0,0,0,0,0,0,0,0,0,0,0,0,0,0,0,0,0,0,0,0,0,-0.0128509493758354,0,0,0,0,0,0,0,0,0,0,0,0,0,0,0,0,0,0,0,0,0,0.931168435636711,0,0,0,0,0,0,0,0,0,0,0,0,0,0,0,0,0,0,0,0,0,0,0,0,0,0,0,0,0,0,0,0,0,0,0,0,0,0,0,0,0,0,0,0,0,0,0,0,0,0,0,0,0,0,0,0,0,0,0,0,0,0,-0.1545945150117,0,0,0,0,0,0,0,0,0,0,0,0,0,0,0,0,0,0,0,0,0,0,0,0,0
"MLX",0,0,-0.412212793234571,-0.470868191820291,0,0,0,0,0,0,-0.22685181691905,0,0,0,0,0,0,0,0,0,0,0,0,0,0,0,0,0,0,0,0,0,0,0,0,0,0,0,0,0,0,0,0,0,0,0,0,0,0,0,0,0,0,0,0,0,0,0,0,0,0,0,0,0,0,0,0,0,0,0,0,0,0,0,0,0,-0.0756122139033069,0,0,0,0,0,2.12408199211021,0,0,0,0,0,0,0,0,0,0,0,0,0,0,0,0,0,0,0,0,0,0,0,0,0,0,0,0,0,0,0,0,0,0,0,0,0,0,0,0,-0.0689070519445855,0,0,0,0,0,0,0,0,0,0,0,0,0,-0.0733872684844237,-0.33100037549372,0,0,0,0,-0.375992828068167,0,-0.00686051421401386,0,0,0,0,0,0,0,0,0,0,0,0,0,0,0,0,0,0,0,0,0,0,0,0
"MXD1",0,0,-0.143226046713345,-0.085898215883798,0,0,0,0,0,0,0,0,0,0,0,0,0,0,0,-0.00457059815527067,0,0,0,-0.0112283369180006,-0.00713988532008951,0,0,0,0,0,0,0,0,0,0,0,0,0,0,0,0,0,0,0,0,0,0,0,-0.0692806233772632,0,0,0,0,0,0,0,0,0,0,0,0,0,0,0,0,0,0,0,0,-0.00619579308887885,-0.0400098002948586,-0.0124936412618203,0,0,0,0,-0.417887455816228,0,0,0,0,0,0,1.23581158007493,0,0,0,0,0,0,0,0,0,0,0,0,-0.00307304846945204,-0.0158232390625219,0,0,0,0,0,0,0,0,0,0,0,0,0,0,0,0,0,0,0,0,0,-0.018380764426223,-0.0107358625429007,0,0,0,0,0,0,-0.00225755122850823,-0.00308779393901025,0,0,0,0,-0.0290349949355972,0,0,0,0,0,0,0,0,0,0,0,0,-0.0172268848091289,-0.00252730198503482,0,0,0,-0.0123981739522797,0,0,0,-0.00564901338248815,0,0,0,0,0,0,0,0,-0.00874441903085582,-0.0386701879523655,0,0,0,0
"NFATC1",0,0,0,0,0,0,0,-0.0131854922102972,-0.0164004569788964,0,0,0,-0.00191654384579647,0,0,0,0,0,0,0,0,0,0,0,0,0,0,0,0,0,0,0,0,-0.00206554797630265,0,0,-0.0028035405572519,0,-0.00749611364466809,0,0,0,-0.0251885868489894,-0.0251640071705551,0,0,-0.0206791810929591,0,0,0,0,0,0,0,0,0,-0.0039190916088622,-0.0290368274821775,-0.0252366056902789,-0.00294047300578899,-0.00250418957056335,0,0,0,0,-0.0213685382903873,-0.0366703214060032,0,0,0,0,0,0,0,0,0,0,0,0,0,-0.000149208023793546,0,0,0,0.947742725669262,-0.0115384190097616,0,0,0,0,0,0,0,-0.0252885991810037,-0.00085381476313009,-0.0138679169508876,0,0,0,0,-0.000436687990880994,0,0,0,0,0,0,0,0,-0.00444951699525976,-0.0266834173359324,-0.00161528882369399,0,0,-0.0088345148153633,-0.00242415128234517,0,0,0,0,0,0,-0.0158657591481464,0,0,-0.0068338362384604,0,-0.00476529046404892,-0.0114360497233474,0,0,0,-0.0441223430361746,-0.0158373554187021,0,0,0,0,0,0,0,0,0,0,0,0,0,0,0,0,0,0,0,0,0,0,0,-0.0158410252213297,0,0,0,0,0,0,0,0,0,0,0,0
"NFE2L1",0,-0.0177433811041556,0,0,0,0,0,-0.101735468887818,-0.0354654427238862,0,0,0,-0.0093820246160444,0,0,0,-0.00128445329435187,0,0,0,0,0,0,0,0,0,0,0,0,0,0,0,0,0,0,0,-0.00176976785716541,0,0,0,0,0,-0.00398253567345932,0,0,0,0,0,0,0,0,0,0,0,0,0,-0.013108892833677,-0.00259591020276684,-0.0211364006328543,0,0,0,0,0,-0.00789389411867141,0,-0.054336360761837,0,0,0,0,0,0,0,0,0,0,0,0,0,0,0,0,0,-0.0115385592856308,0.944952894946497,-0.00916798704731156,0,0,0,0,0,0,0,0,-0.00726230829570622,0,0,0,0,0,0,0,0,0,0,0,0,0,-0.0125186460841335,-0.00557432637106586,-0.0123503356381491,0,0,0,-0.006173548335134,0,0,0,0,0,0,-0.00147930839335737,0,0,0,0,0,0,0,0,0,0,0,0,0,0,0,0,0,0,0,0,0,0,0,0,0,0,0,0,0,-0.00232052138832847,0,0,0,0,-0.00978683196045901,0,0,0,0,0,0,0,0,0,0,0,0
"NFE2L2",0,0,0,0,0,0,0,-0.130865352832607,-0.0195719879511475,-0.00112869184782848,0,0,-0.00409118399430124,0,0,0,-0.00124723023003483,-0.00350983390134468,0,0,0,0,0,0,0,0,0,0,0,0,0,-0.00373940944386858,0,0,0,0,-0.0135380605003877,0,-0.109528425169931,0,0,0,-0.00729210368142372,0,0,0,-0.0107143768180555,0,0,0,0,0,0,0,0,0,-0.00828433844563598,0,-0.00805165465034783,0,0,0,0,0,-0.0442169583529607,-0.0250455901402671,-0.00499889329382379,0,0,0,0,0,0,0,0,-0.304566553907229,0,0,0,0,-0.0263159512707239,0,0,0,0,-0.00916736221795501,1.15763880544843,0,0,-0.0115860723632406,0,0,0,-0.0158571941683367,-0.0133453015856201,0,0,0,0,0,0,-0.00448359874686034,0,0,0,0,0,0,-0.0174811403196826,-0.0229513967256153,-0.00330633089933051,-0.00438393741062066,-0.00775661734921486,0,-0.016418479184994,-8.85029254499238e-05,0,0,0,0,0,0,-0.0215681478405881,-0.000290889413639808,0,0,0,0,0,0,0,0,-0.0385407995652967,-0.0135105121886304,-0.0195814757581253,0,0,0,0,0,0,0,-0.0130556424025973,0,0,0,0,0,0,-0.00518360052162756,0,0,-0.00650166535224537,0,0,0,0,0,0,0,0,0,0,0,0,0,0,-0.0146028046852279,0,0
"NFIL3",0,-0.00533771084330399,0,0,0,-0.012759774878079,0,0,0,0,0,0,0,-0.190987084608644,0,0,0,-0.183788994689486,0,0,0,0,0,0,0,0,0,0,0,0,0,0,0,0,0,0,0,0,0,0,0,-0.0341179259527488,-0.00484373888442389,0,0,0,0,0,0,0,0,0,0,0,0,0,0,0,0,0,0,0,0,-0.00875293159619397,0,0,0,0,0,0,0,0,0,0,0,-0.000804378086890698,0,0,0,0,0,0,0,0,0,0,0,1.20496208861438,0,0,0,0,0,0,0,0,0,0,0,0,0,0,0,0,0,0,0,0,0,-0.00128516342848947,-0.0101548244720117,0,0,0,0,0,0,0,0,0,0,0,-0.017495657412133,0,0,0,0,0,0,0,0,0,0,-0.00757556099417887,0,-0.490150923512442,0,0,0,0,0,0,0,0,0,0,0,0,0,0,0,0,0,0,0,0,0,-0.00388200807372614,0,0,0,0,0,0,0,0,0,0,0,0
"NFKB1",0,0,0,0,0,0,0,0,0,0,0,0,0,0,0,0,0,0,0,0,0,0,0,-0.00178225401185363,0,0,0,0,0,0,0,0,0,-0.0175434751668255,0,0,0,0,0,0,0,0,-0.0121724351098377,0,0,0,0,0,0,-0.000899235182707141,0,0,0,0,0,0,-0.000741726332471168,0,0,0,0,0,0,0,0,0,0,0,0,0,0,0,0,0,0,0,0,0,0,0,0,0,0,0,0,0,0,0,1.63615994592549,-1.06931657084143,0,0,0,0,0,0,0,0,0,0,-0.00586668748444386,0,-7.02116901804436e-05,0,0,-0.0805426893973214,0,0,0,-0.00588421566738249,-0.00151672869956222,0,0,0,0,0,0,0,0,0,0,0,-0.00592885051999287,0,-0.00271849726867205,0,0,0,0,0,0,0,0,0,0,0,0,0,0,0,0,0,0,0,0,0,0,0,0,0,0,0,0,0,0,0,0,0,0,-0.00794300349441024,0,0,0,0,0,0,0,0,-0.0053027641250674,0
"NFKB2",0,0,0,0,0,0,0,0,0,0,0,0,0,0,0,0,0,0,0,0,0,0,-0.00071159565747368,0,-0.000861213123129935,0,0,0,0,0,0,0,-0.00838947960694988,0,0,0,-0.017929594933524,0,0,0,0,0,-0.0112302031537122,-0.00415303544144691,0,0,0,-0.00289705035587287,0,-0.0157249961192541,0,0,0,0,-0.00857474874877743,0,0,0,0,0,0,0,0,0,0,-0.0105735356053064,0,0,0,0,0,-0.00618126767627997,0,0,0,0,0,0,0,0,0,0,0,0,0,0,-0.0115928252910823,0,-1.06932031869094,1.6473488387063,0,0,0,0,0,0,0,-0.0143782459098208,0,0,-0.00377652879549853,-0.0109720901342207,0,0,0,-0.0636858443555468,-0.0240603328678901,0,-0.00600855346555637,0,0,0,0,0,-0.0188354703336058,-0.000102149676256017,0,0,0,0,0,0,-0.0077538346422197,-0.00704820457260925,0,0,0,0,0,0,0,0,-0.00794719957443889,-0.0202939465050324,0,0,0,0,0,0,0,0,0,0,0,0,0,0,0,0,0,0,0,0,0,0,-0.00500169447011634,0,0,0,0,0,0,0,0,0,-0.0130599465280503,0,0,0
"NFYA",0,0,0,0,0,0,0,0,0,0,0,0,0,0,0,0,0,0,0,0,0,-0.0292482308497536,0,0,0,0,0,0,0,0,0,0,0,0,0,0,0,0,0,0,0,0,0,0,0,0,0,-0.025420867724452,0,0,0,0,0,0,0,0,0,0,0,0,0,0,0,0,0,0,0,0,-0.00875329189520696,0,0,0,0,0,0,0,0,0,0,0,0,0,0,0,0,0,0,0,0,0,2.89575613771654,-0.852779816096466,-1.29788925841229,0,0,0,-0.0141119581597806,-0.0075126333663895,0,-0.457428634948798,-0.00848610127886755,0,0,0,0,0,-0.00282393748562196,0,0,0,0,0,0,0,0,0,0,0,0,0,0,-0.0308486849143524,0,0,0,0,0,0,0,0,0,-0.0193242032195935,0,0,0,0,0,0,0,0,0,0,0,0,0,0,0,0,0,0,0,0,0,-0.00565504879455062,0,0,0,0,0,0,0,0,0,0,0,0,0,0,0,0
"NFYB",0,0,-0.00350521077264896,0,-0.021899934400547,0,0,0,0,0,0,0,0,0,0,0,0,0,0,0,-0.0283280064556288,-0.0120705251511573,0,-0.00843507802653617,0,0,0,0,0,0,-0.0116345178814146,0,0,0,0,0,0,0,0,0,0,0,0,0,0,0,0,0,0,0,-0.00299784599844747,0,0,0,-0.00274365574931399,0,0,0,0,0,0,0,0,0,0,0,0,0,0,0,-0.00293354361243419,0,0,0,0,0,-0.00524171361215331,0,0,-0.0224430668923498,0,0,0,0,0,0,0,0,0,0,-0.852781195312509,2.65341372426084,-1.00020332459068,0,0,0,0,0,0,-0.458984445132065,0,0,0,0,0,0,-0.00128463726237403,-0.00846705081617335,0,0,0,0,0,0,0,0,0,0,0,-0.0343977989285712,-0.00798788161637319,-0.0357668392744276,0,0,0,0,0,0,0,0,0,-0.015016463433295,0,0,0,0,0,0,0,0,0,0,0,0,0,0,0,0,0,0,0,0,0,-0.00672608559593882,0,0,0,0,0,0,0,0,0,0,-0.00718711941672748,-0.0244602862614973,0,0,-0.00418678092209402,0
"NFYC",0,0,0,0,0,0,0,0,0,0,0,0,0,0,0,0,0,0,0,0,-0.00182369795954556,-0.00893801491124055,0,-0.00791671273297999,0,0,0,0,0,0,-0.00628008818876578,0,0,0,0,0,0,0,0,0,0,0,0,0,0,0,0,-0.0211458218277563,0,0,-0.00196071058762723,0,0,0,0,0,0,0,0,0,0,0,0,0,0,0,0,0,-0.0109852133411205,0,0,0,0,0,0,0,0,0,0,0,0,0,0,0,0,0,0,0,0,0,-1.29787341520676,-1.00017247124386,3.08129257326804,0,0,0,-0.0158922901932312,0,0,-0.542777625151979,-0.00732799990096741,0,0,0,-0.00268921248022975,0,-0.000696180173634786,0,0,0,0,0,0,0,0,0,0,0,-0.00673392620822041,-0.00977146838904059,0,-0.0235192195763093,0,0,0,0,0,0,0,0,0,-0.0222371817730595,0,0,0,0,0,0,0,0,0,0,0,0,0,0,0,0,0,0,0,0,0,0,0,0,0,0,0,0,0,0,0,0,0,0,0,0,0,0
"NR1D2",0,-0.00141119490605067,0,0,0,0,0,-0.014333593099391,0,-0.018761222626382,0,0,0,0,0,0,-0.000836391967422318,0,0,0,0,0,0,0,0,0,-0.00833472337693724,0,0,0,0,-0.00440986373871721,0,0,0,0,-0.0362359231374976,0,-0.0822145220369576,0,0,-0.000431502258562837,-0.0180538478459624,-0.00215629313078395,0,0,0,0,0,0,0,0,0,0,0,0,0,0,-0.01961018745473,0,0,0,0,0,-0.0517370848765746,-0.0216431233799924,-0.0464753867918813,0,0,0,0,0,0,0,0,-0.00670027118357121,0,0,0,0,-0.00594282806426347,0,0,0,-0.0252894097339459,0,-0.0158571464944945,0,0,0,0,0,0,1.04259591115394,0,0,0,0,0,0,0,0,-0.0163899182406172,0,0,-0.00494482311911896,0,0,-0.16680976124338,-0.0180094750119777,-0.0107495970521437,-0.0205440972939098,-0.0241682398933712,0,-0.00995717441375545,0,0,0,0,0,0,0,-0.0607306423119981,0,0,0,0,0,0,0,0,0,-0.0350512927516035,-0.00607501660387476,0,0,0,0,0,0,-0.00879981181716175,0,-0.00321125305468657,0,0,0,0,0,0,-0.00326153401646855,0,0,-0.0251562089385071,0,0,0,0,0,0,-0.0157599241199333,0,0,0,0,0,0,0,-0.00535837556170953,0,0
"NR3C1",0,-0.00644831652839113,0,0,0,0,0,-0.00280126088415148,-0.0085857218102312,0,0,0,-0.0322673620882253,0,0,0,-0.0088718439584272,0,0,0,0,0,0,0,0,0,0,0,0,0,0,0,0,-0.00338104103367647,0,0,-0.0339151761459371,0,0,0,0,-4.53041006761662e-05,-0.0180125303763082,-0.0146697449789517,0,0,-0.0128230377776443,0,0,-0.00142420791512509,0,0,0,-0.00530611364566474,0,0,0,0,-0.00782359679186892,-0.00149891871174362,0,0,0,-0.00358845120915575,-0.000636832197606173,0,0,0,0,0,0,0,0,0,0,-0.00781015360981208,0,0,0,0,0,0,0,0,-0.000853610534460474,0,-0.0133448918616316,0,0,0,0,0,0,0,0.930923752934994,-0.00244343513555786,0,0,0,0,-0.00885431498267423,0,0,0,0,-0.00857149299096095,0,0,0,-0.0273971928392857,-0.0115599998781712,-0.000427470930684986,-0.0012144306890716,0,-0.0202336278761657,0,0,0,0,0,0,0,-0.0283995745830887,0,0,-0.00108298922532904,0,-0.00200103521659454,0,0,0,0,0,-0.00963014570707662,0,0,0,0,0,0,0,0,-0.00318382731346664,0,0,0,0,0,0,-0.0109552665280869,0,0,0,0,0,0,0,-0.0137492685044461,0,0,0,0,-0.00937925027171658,0,0,0,0,-0.00206379934386379,0,0
"NR4A2",0,-0.0135587748485928,0,0,0,0,0,-0.0123003664763862,-0.0209411412816936,-0.00899952889579621,0,0,-0.0286765496763736,0,0,0,-0.00721872333911481,0,0,0,0,0,0,0,0,0,0,0,0,0,0,0,-0.0144545561565849,0,0,0,-0.0100028615591591,0,0,0,0,0,-0.0128539088657377,-0.00704283688690452,0,0,0,0,0,0,0,0,0,0,0,-0.00474667713180364,-0.0171973352659583,0,-0.00138752293334933,0,0,0,0,0,0,-0.0132259124657517,-0.0135366769487871,0,0,0,0,0,0,0,0,0,0,0,0,0,0,0,0,0,-0.0138683290353176,-0.00726219451039627,0,0,0,0,0,0,0,0,-0.00244376606433722,0.931164275593343,0,0,0,0,0,0,0,0,0,0,0,0,0,-0.00330330695280612,-0.0198361049067735,0,-0.0402731747057583,0,-0.00237553739388085,0,0,0,0,0,0,0,-0.0302224662330995,0,0,0,-0.00964920760750194,0,0,0,0,0,-0.0268802786433068,0,0,0,0,0,0,0,0,0,0,0,0,0,0,0,0,-0.00324473999774672,0,0,0,0,0,0,0,-0.00523647729346773,0,0,0,0,0,0,0,0,0,-0.000390860553102201,0,0
"NRF1",0,0,-0.0242583513579644,0,0,0,0,0,0,0,0,0,0,0,0,0,0,0,0,-0.029553160148522,-0.00656160758670503,-0.0438571297002117,0,-0.037169359493087,0,-0.000998652107430346,0,0,0,0,-0.00147017793997138,0,0,0,0,0,0,0,0,0,0,0,0,0,0,-0.0242120812104229,0,0,0,0,0,0,0,0,-0.00816979246945104,0,0,0,0,0,0,0,0,0,0,0,0,0,0,0,-0.0091741845346506,0,-0.00991936026098245,-0.00100402989570026,0,0,-0.0294354491254596,0,-0.0365663716518376,0,0,0,0,-0.00307450837527576,0,0,0,0,0,0,-0.0141139068430825,0,-0.0159074463726418,0,0,0,1.13211749215215,0,0,-0.0116549694182954,0,0,0,0,0,0,-0.0273349437026385,0,0,0,0,0,0,0,0,0,0,-0.0103115906142229,0,-0.0864765792323478,-0.0376953942435621,-0.0220938048718694,0,0,0,0,0,0,0,0,0,-0.0348573574745232,0,0,0,0,0,0,0,-0.00233125308181814,0,0,0,0,0,0,-0.167239000744268,-0.0104443688032408,0,0,0,-0.034853226055972,0,0,0,0,0,0,0,0,0,0,0,-0.0420335094186444,-0.0569897882835067,-0.0280223555477021,0,0,-0.0435136851152934,0
"PATZ1",0,0,0,0,0,0,0,0,0,0,0,0,0,-0.0062358819380796,-0.0190478487721507,0,0,0,0,-0.204770113138031,0,-0.0301875901984569,0,-0.0190212873317807,-0.075319594372852,0,0,0,0,0,0,0,0,0,0,0,0,0,0,0,0,0,0,0,0,0,0,0,0,0,0,0,0,-0.0182055944566537,-0.0162171627401373,0,0,0,0,0,0,0,0,0,0,0,0,-0.020341494037189,0,-0.161009968587576,-0.295027129914746,-0.314794347793934,-0.00309515885122126,-0.103112005652386,0,0,0,0,0,-0.0124926231096052,0,0,0,-0.0158203933051515,0,0,0,0,0,-0.0143391417286545,-0.00749576608935065,0,0,0,0,0,0,2.04184667795176,0,0,0,0,-0.0460943587921115,-0.0094177776538448,0,0,-0.00593845335761954,0,0,0,0,0,0,0,0,0,0,-0.00531815704381712,-0.0119404006522977,0,-0.171103536644465,0,0,0,-0.0847674495203011,0,0,0,0,0,0,-0.0128942498820557,0,-0.0114035425586522,0,0,0,0,0,-0.0029588746654156,0,0,0,0,0,0,-0.0114448608014702,-0.160433430752085,0,0,-0.0124544961669407,-0.0042800453432769,0,0,0,-0.0107190122589089,-0.189989245274742,0,0,-0.00226897155304763,0,0,0,-0.00719028056294986,0,-0.00839435039726933,0,0,-0.0382850543802817,0
"PAX9",0,0,0,0,0,0,0,0,0,0,0,0,0,0,0,0,0,0,0,0,0,0,0,0,0,0,0,0,0,0,0,0,0,0,0,0,0,0,0,0,0,0,0,0,0,0,0,0,0,0,0,0,0,0,0,0,0,0,0,0,0,0,0,0,0,0,0,0,0,0,-0.00374853545961096,-0.00203218453625166,0,0,0,0,0,0,0,0,0,0,0,0,0,0,0,0,0,0,0,0,0,0,0,0,0,0,0.905596756469413,0,0,0,0,0,0,0,0,0,0,0,0,0,0,0,0,0,0,0,0,-0.0267738536454518,-0.00476006950594222,0,0,0,0,0,0,0,0,0,0,0,0,0,0,0,0,0,0,0,0,0,0,0,0,0,0,0,0,0,0,0,0,0,0,0,0,0,0,0,0,0,0,0,0,0,0,0,0,0
"PBX3",0,0,0,0,0,0,0,0,-0.0163089097498919,0,0,0,0,0,0,0,0,0,0,0,0,0,0,0,0,0,0,0,0,0,-0.00298926480258225,0,0,0,0,0,0,-0.00654032257626038,0,0,0,0,0,0,0,-0.0031838896903075,0,-0.0536554785084075,0,0,0,0,0,0,0,0,0,0,0,0,0,0,0,0,0,0,0,0,0,0,0,0,0,-0.00129359183620673,0,0,0,0,0,0,0,0,0,0,0,0,0,0,0,0,-0.457434935276516,-0.458976512872012,-0.542788155677576,0,0,0,-0.0116541593981296,0,0,1.92213145271822,-0.159147475028852,0,0,0,0,0,0,0,0,0,0,0,0,0,0,0,0,0,-0.00451331671008927,0,0,0,0,0,0,0,0,0,0,0,0,-0.0219062485430896,0,0,0,0,0,0,0,0,0,0,0,0,0,0,0,0,0,0,0,0,0,0,0,0,0,0,0,0,0,0,0,0,0,-0.00502297644578988,-0.0016724718114527,0,0,0
"PKNOX1",0,0,0,0,-0.00535316778010861,0,0,0,0,0,0,0,0,-0.00280915505093803,0,0,0,0,0,0,0,0,0,0,-0.0178780699130338,-0.00456182779768725,-0.0247037306035837,0,0,0,0,0,-0.0347761788754932,-0.00302272636394784,0,0,0,-0.00349593462860951,0,0,0,0,-0.00276547157668368,-0.0137628193865762,0,0,0,-0.000395954438462091,0,-0.0310004166631588,0,0,0,0,-0.00460276785820569,0,0,0,0,0,0,0,0,-0.0141951811560958,0,0,0,0,-0.00835905534437699,0,0,0,0,-0.00187897952939044,0,0,0,0,0,-0.018122288390498,-0.419062028423661,0,0,0,-0.000436324105853953,0,0,0,-0.00586737712861902,-0.00377503214451181,-0.00850625680917756,0,-0.00734537054055576,0,-0.00885480114652533,0,0,0,0,-0.159151934905043,1.17878482522539,-0.00164784871556213,0,0,-0.0204384638269388,0,-0.0139297782685461,0,0,0,0,0,-0.00511246211513517,0,-0.0225967783790579,-0.0332370608418095,0,0,-0.00774959521595875,0,0,-0.00608123133468537,-0.000910391505705542,-0.0228999626217551,0,0,0,0,0,0,0,-3.41400059850796e-06,0,-0.0383771557119131,-0.0209410495756209,0,0,0,0,0,0,0,-0.00113713337132743,0,0,0,0,-0.00147441921085093,0,-0.00644660942791965,0,0,0,0,0,0,-0.0196731749666107,0,-0.00909952365806749,-0.0172274400383285,-0.00789998148286962,0,0,0,0,-0.00565163238641032,0,-0.0160743456278498,-0.0175327825917237,0
"PRDM1",0,0,0,0,0,0,0,-0.000325505617521089,-0.013567002300543,0,0,0,0,0,0,0,-0.0126602921578491,0,0,0,0,0,0,0,0,0,0,0,0,0,0,0,0,-0.0245927874696833,0,0,0,0,0,0,0,0,0,-0.00279157093921122,0,0,0,0,0,0,0,0,0,0,-0.00885823459128878,-0.115479554309776,-0.246382104158482,-0.132117880234382,-0.0440256634051559,-0.303033424926,-0.202339815879678,0,0,0,0,0,0,0,0,0,0,0,0,0,0,0,0,0,0,0,0,0,0,0,0,0,-0.00447556293230671,0,0,-0.0109518811531359,0,0,0,0,0,0,0,0,0,0,-0.00161161422119459,1.43643854593056,0,0,0,-0.0289952779630251,0,0,0,0,0,0,-0.00648880660453306,0,-0.000595768461063514,-0.00375512883124029,0,0,0,0,0,0,0,-0.0094049458844726,0,0,0,0,0,0,0,0,0,0,0,0,0,0,0,0,0,0,0,0,0,0,0,0,0,0,0,0,-0.0472088918718756,0,-0.000796273781759166,0,0,0,-0.0170371498755828,0,-0.0180074570455094,0,0,0,0,0,0,-0.007678876673931,0,0
"PRDM16",0,0,0,0,0,-0.00813361026323368,-0.000294864880996916,0,-0.0105969895587583,-0.00441313808931259,0,0,0,0,0,0,-0.00127237122662203,0,0,0,-0.00298825294101001,0,0,0,0,0,0,0,0,0,0,0,0,0,0,0,0,0,0,0,0,0,-0.0122502795227813,0,0,0,0,0,0,-0.0188582166886706,0,0,0,-0.0128288690793317,0,0,0,0,0,0,0,0,0,-0.00606416179829296,0,0,0,-0.0164328650573686,0,0,-0.00267007182810649,-0.0120074079331968,0,-0.0130837164648364,0,0,0,-0.0146048290491114,0,0,0,0,0,0,0,0,0,0,-7.18672243468028e-05,0,0,0,0,-0.0163902770109452,0,0,0,-0.0460965980430699,0,0,0,0,0.983882469566618,0,-0.00700210778509159,-0.0178356480351801,0,0,0,0,0,0,-0.0301804736002339,0,-0.011839396486117,0,0,0,-0.147092864318341,0,-0.00865893481699207,-0.0379357917538066,-0.000737494481787923,0,-0.0111151666626775,0,0,0,0,0,0,0,-0.0118979047412211,-0.022204055925733,-0.0127270714870152,0,0,0,0,0,-0.00411287867798727,0,0,0,0,0,0,-0.0106327969838534,0,-0.00676533925471877,0,-0.0212021437340471,-0.00281290774291144,0,0,0,-0.000752137767870435,0,0,-0.0134540046051263,0,0,0,-0.0170234241396589,0,0,0,-0.0204873661853059,0,0
"PRDM4",0,0,0,0,0,0,0,0,0,0,0,0,0,0,0,0,-0.00284489641182584,0,0,0,0,0,0,0,-0.00512320617382047,0,0,0,0,0,-0.000889605941834672,0,-0.00666162541443021,0,0,0,0,-0.0176488610306579,0,0,0,0,0,0,0,0,0,0,0,0,0,0,0,0,0,0,0,0,0,0,0,0,0,0,0,0,0,0,0,0,-0.00457827773341076,0,0,0,0,0,0,0,0,0,0,0,0,0,0,0,0,0,0,0,0,0,0,0,0,0,0,-0.00941713082587693,0,0,0,0,0,0.905599699393296,0,0,0,0,0,0,0,0,0,0,0,0,0,0,0,0,0,-0.00140055792725361,-0.000689979903967018,0,0,0,0,0,0,0,0,0,0,0,0,0,0,0,0,0,0,0,0,0,0,0,0,0,0,0,0,0,0,0,0,0,0,0,0,0,0,0,0,0,0,0,0,0,0,0
"RBAK",0,0,0,0,0,-0.0048323986924282,0,0,0,-0.0529706415423532,0,0,0,0,0,0,0,0,0,0,-0.0271622863671772,0,-0.0309882952387261,0,0,0,0,0,0,0,0,0,0,-0.134657805824987,0,0,0,0,0,0,0,0,-0.0102758415356347,0,0,0,0,0,0,-0.00822170554900721,0,0,0,-0.0056365037437554,-0.00690918008660076,0,0,0,0,0,0,0,0,0,0,0,0,0,0,0,0,0,0,0,0,0,0,-0.164601923031283,0,0,0,0,0,0,0,0,0,0,0,0,0,0,-0.00272725139822621,0,0,0,0,0,0,0,-0.0204414946560373,0,-0.00700420573571273,0,1.26415466266505,-0.123139241700118,-0.000688918633435503,-0.0055200654943197,0,0,0,0,0,0,-0.0198225206704724,0,0,-0.0503327655215221,0,0,0,0,0,0,-0.00826252550174977,0,0,0,0,0,0,-0.0470248965020799,0,-0.00214933771825074,-0.0053696033246293,0,0,0,0,0,0,0,0,0,0,0,0,-0.0767830368052491,0,0,0,0,0,0,-0.1427570911806,0,-0.0336307108538049,0,0,-0.00109021323428356,-0.0988378297194435,0,0,0,-0.0129746640050867,-0.00186771325070508,0,-0.00961428859484203,0,0
"RELA",0,0,0,0,0,0,0,0,0,-0.460837899610459,0,0,0,0,0,0,0,0,0,0,0,0,0,0,0,0,0,0,0,0,0,0,0,-0.0874096229089896,0,0,0,0,0,0,0,0,-0.0120639963363376,0,0,0,0,0,0,-0.00995039953631877,0,0,0,0,-0.00819533170249412,0,0,-0.0806791873255664,0,0,0,0,0,0,0,0,0,0,0,0,0,0,0,0,0,0,0,-0.50555488649037,0,0,0,0,0,0,0,0,0,0,-0.0805528832357204,-0.0636659275899416,0,0,0,-0.00494575655060594,-0.0085739068664654,0,0,0,0,0,0,-0.0290464459236917,-0.0178373959458512,0,-0.123145179264298,1.79618963642046,0,-0.0113061886875884,0,0,0,0,-0.00655001766775859,0,-0.0338525395329944,0,0,0,0,0,0,0,-0.0217672927912127,0,-0.0204913938709201,0,0,0,0,0,0,0,-0.00656310182036847,-0.00568152146670496,-0.0121086405829875,0,0,0,0,0,0,0,0,0,0,0,0,0,0,-0.00311312819589268,0,0,-0.0880406465937348,0,-0.109582904145088,0,-0.0803143881888823,0,-0.0200858779176588,-0.00640178156973924,-0.157422232469434,0,0,0,0,0,-0.00887070953273946,-0.0106779103316964,0,0
"RFX1",0,0,0,0,0,0,0,0,0,0,0,0,0,0,-0.00560186844657358,0,0,0,0,-0.00282381573473069,-0.0134895520597839,0,0,-0.032324256305079,-0.0285953328757097,-0.0141710843976519,-0.0113882811209391,0,0,0,-0.00771932022577398,0,-0.0105493614915388,0,0,0,0,-0.0231054127250959,0,0,0,0,0,0,0,-0.014810786392962,0,0,0,-0.0428794489629703,0,0,0,-0.00141098098397576,0,0,0,0,0,0,0,0,0,-0.00475371609407241,0,0,0,0,0,0,-0.00441416160922939,-0.00414637263913147,0,-0.00179794157557635,0,0,0,0,-0.0129395588099184,0,0,0,0,0,0,0,0,0,0,-0.0240541862546981,-0.00283245132876216,-0.00127710862760525,-0.000705027748720318,0,0,0,-0.0273316959648605,-0.00593284575419341,0,0,-0.0139272225229219,0,0,0,-0.000681387380673534,0,1.12706562868335,-0.352125885787248,0,0,0,0,-0.0202899637960606,0,-0.015606250547248,0,0,-0.0197964330230098,0,-0.0116403132835166,0,-0.020414391447893,0,-0.00316856585548571,0,0,0,0,0,0,0,-0.0323527200910985,0,-0.0103957164629708,0,0,0,-0.0114011907568689,0,0,0,0,0,0,0,0,-0.000131214988994334,0,0,-0.000968307629478586,0,0,0,-0.00232706799690152,0,-0.00651100786276741,0,0,0,-0.00883848857218804,0,0,0,0,-0.0417272736486433,-0.0360231856032626,0,-0.00887568306253824,-0.0531736728417151,0
"RFX7",0,0,0,0,0,0,0,0,-0.0117950103507978,0,0,0,0,0,0,0,-0.00331166518801019,0,0,0,0,0,0,0,0,0,0,0,0,0,0,0,0,0,0,0,-0.00129729831208835,0,0,0,0,0,-0.0276436295885215,0,0,0,0,0,0,-0.0127732542292555,0,0,0,0,0,0,0,0,0,0,0,0,0,0,0,0,0,0,0,0,0,-0.001427389445216,0,-0.00525859437864507,0,0,0,0,0,0,0,0,0,0,0,0,0,0,0,0,0,-0.00847674190603705,0,0,0,0,0,0,0,0,0,0,0,0,-0.00552152189737788,-0.0113029919702939,-0.352127184158579,1.04187769359879,0,0,-0.0189356481691216,0,0,0,-0.014143003028472,0,0,0,0,0,0,0,-0.0327850933984518,0,0,0,0,0,0,0,0,0,0,0,0,0,0,0,0,0,0,0,0,0,0,0,0,0,0,0,0,0,0,0,-0.000276129575631661,0,0,0,0,0,0,0,0,0,0,0,0,-0.00633975639072114,0,0
"RORA",0,-0.0226799194495518,0,0,0,0,0,0,-0.0260248801989589,-0.0119622739136583,0,0,-0.000900112367307616,0,0,0,-0.00494695318734583,0,0,0,0,0,0,0,0,0,-0.00381493236122457,0,0,0,0,0,0,0,0,0,-0.00804491356123896,0,0,0,0,-0.00457650690231472,-0.0223977535584047,-0.0194119414127581,0,0,0,0,0,0,0,0,0,0,0,0,0,0,-0.00198797304940479,0,0,0,0,-0.00942041409444222,0,0,0,0,0,0,0,0,0,0,0,0,0,0,0,0,0,0,0,0,0,0,-0.0174817288730284,0,0,-0.00600708130458154,0,0,0,-0.166809664896725,0,0,0,0,0,0,0,0,0,0,0,0,0,0,0.960579223246124,-0.00559417396112463,-0.0024021172634517,0,-0.0250686585642676,0,-0.0314173229303559,0,0,0,0,0,0,0,-0.0135635597779881,0,0,0,0,-0.0121205030368873,0,-0.0118979861835341,-0.00150547896321324,0,0,-0.00398595847536415,0,0,0,-0.0140010838107454,0,-0.0100263125846187,0,0,-0.025059619222407,0,0,0,0,0,0,0,0,-1.3478943154828e-05,0,0,0,0,0,0,0,0,0,0,0,-0.000903383797041439,0,0,0,0,0,0
"RUNX1",0,-0.0267680899074951,0,0,0,0,0,-0.0309215052338643,-0.0185677060362657,0,0,0,-0.44616555236752,0,0,0,-0.00250012001944926,-0.0187205684955904,0,0,0,0,0,0,0,0,0,0,0,0,0,-0.00701090669529425,0,-0.00553923733987245,0,0,-0.0015406773894483,0,0,0,0,-0.00209682590402338,-0.0275888818911404,0,0,0,-0.0357877863650666,0,0,0,0,-0.00541875802549273,0,0,0,-0.00395845882240369,-0.0352127061817906,0,-0.0224012730076662,-0.00111569289062816,0,0,0,0,0,-0.00402564905039208,0,0,0,0,0,0,0,0,0,0,0,0,0,0,-0.00799158614697567,0,0,0,-0.00444761652637785,-0.012514679134017,-0.0229432402049577,-0.00128035768360144,-0.00585653782705304,0,0,0,0,-0.0179985298663274,-0.0273947582999329,-0.00329940305936589,0,0,0,0,0,0,0,0,0,0,0,0,-0.00559029559671994,2.379949948517,-0.90596989446223,-0.719050608987444,-0.0137525329422933,0,-0.0105421259669173,0,0,0,0,0,0,0,-0.0180136312789426,0,0,-0.00996640231037354,0,0,-0.00778010666962721,0,-0.0167469569741639,0,-0.0193246359347808,0,-0.00293575078997777,0,0,0,0,0,0,0,-0.0145219644621683,0,0,0,0,0,0,-0.0135158812169253,0,0,0,0,0,0,0,-0.0303816752510574,0,0,0,0,0,0,0,0,0,-0.00657213008560094,0,-0.014337217105627
"RUNX2",0,0,0,0,0,0,0,-0.00838577826635077,-0.00418134823159742,0,0,0,-0.435913927126939,0,0,0,-0.0124939580624363,-0.00553652715441719,0,0,0,0,0,0,0,0,0,0,0,0,0,-0.00743022874552706,0,-0.0295049959374538,0,0,-0.0365209041888187,0,0,0,0,-0.0131203987260557,-0.0351761881201885,0,0,0,-0.0322453215298793,0,0,-0.00218910149364215,0,0,0,0,0,-0.00426536801215476,-0.00505001147108274,0,-0.0207550404817907,-0.00677241002654429,0,0,0,0,0,-0.00922981985578345,-0.00515125431270775,0,0,0,0,0,0,0,0,-0.0379232292569529,0,0,0,0,-0.0128709497642686,0,0,0,-0.0266840394326559,-0.00557285806657405,-0.00330522969578775,-0.0101573122066943,-0.00150028720742084,0,0,0,0,-0.0107456727242108,-0.011558973917158,-0.0198353036010382,0,0,0,0,0,0,0,0,0,0,0,-0.0189091822496717,-0.00240106315785086,-0.905973998601814,2.14675943729747,-0.427796620146153,-0.0172047370311295,0,0,-0.0162296739036498,0,0,0,0,0,0,0,0,0,0,0,-0.00260738544622753,-0.00473341948223414,0,-0.00497999730401984,0,-0.0192248609124749,0,-0.00471031748574847,0,0,0,0,0,0,0,-0.0112824832659192,0,-0.000725520861244525,0,0,0,0,0,0,0,0,0,0,0,0,-0.000689269940057494,0,0,0,0,0,0,0,0,0,-0.00884029334569456,0,-0.0236107083690116
"RUNX3",0,0,0,0,0,0,0,0,-0.0002651268114659,0,0,0,-0.271472508806757,0,0,0,-0.00523894034702966,-0.000184022320430951,0,0,0,0,0,0,0,0,0,0,0,0,0,-0.024549363364712,-0.00311233681020815,0,0,0,-0.0288159307470355,0,0,0,0,-0.0254921236233037,-0.010103041800138,0,0,0,-0.0167456172310595,0,0,-0.00614566261622155,0,0,0,0,0,0,0,0,0,0,0,0,0,0,-0.00793755932237718,-0.0104698320513621,-0.00479444142279135,0,0,0,0,0,0,0,0,-0.00389901471013595,0,0,0,0,-0.0182561734439418,0,0,0,-0.00161291140442583,-0.0123501618122795,-0.00438398783648521,0,0,0,0,0,0,-0.0205427359272443,-0.000427542655705836,0,0,0,0,0,0,0,0,0,0,0,0,0,0,-0.719041147363786,-0.427785281495428,1.84369384804405,0,0,-0.0312190491250632,-0.0176372247372257,0,0,0,0,0,0,-0.0127039426589029,0,0,-0.00162196851657273,0,0,0,0,0,0,0,-0.00405972825863526,-0.0177213615437801,0,0,0,0,0,0,0,0,0,0,0,0,0,0,0,0,0,-0.00754507820241274,0,0,0,0,-0.000555667558429214,0,0,0,0,0,0,0,0,0,0,0,-0.00537226968124729
"RXRB",0,0,0,0,0,-0.0576824662175591,0,0,-0.00603227590046583,0,0,0,0,0,0,0,-0.0235844914962958,0,0,0,0,0,0,0,0,0,-0.00177792986604952,0,0,0,0,-0.0111879763135567,-0.0150964067489797,-0.0017324850917725,0,0,-0.00336016416806279,0,0,0,0,-0.00748219882216082,-0.0172301261912578,0,0,0,-0.00185062104182537,0,0,-0.00786290209160161,0,0,0,0,0,0,-0.000306766151503812,-0.000980134940990175,0,0,0,0,0,0,0,-0.0109537907678855,0,0,0,0,0,0,0,0,0,-0.00320720822502339,0,0,0,0,-0.00797120777779682,0,0,0,0,0,-0.00775855502024447,0,0,0,0,0,0,-0.0241696703085633,-0.00121533369701259,-0.0402733384955631,0,0,0,0,-0.00511252020977119,-0.00648941800255653,-0.0301798736298641,0,0,-0.00654559520551752,-0.0202894787416122,0,-0.0250694134729624,-0.0137632626452827,-0.0172080275364646,0,0.958882023553382,0,-0.011417523044862,-0.0161953640812352,0,0,0,0,0,0,-0.0455488979068976,0,0,0,0,0,0,0,-0.00790533032389345,0,-0.00298327685738811,-0.0232189399929187,-0.0195535271532718,0,-0.00041708159606355,-0.0429908223939901,0,0,-0.0426609178319137,0,0,-0.0143024207986433,0,0,0,0,0,-0.00922335686270859,0,0,0,0,-0.00606488516840571,0,0,0,0,0,0,0,0,-0.00239397904447238,0,0,0,-0.00065077037674511,-0.0118648576992955,0
"SETBP1",0,0,0,0,0,0,0,0,0,0,0,0,0,0,0,0,0,0,0,0,0,0,0,0,0,0,0,0,0,0,0,0,0,0,0,0,0,0,0,0,0,0,0,0,0,0,0,0,0,0,0,0,0,0,0,0,0,0,0,0,0,0,0,0,0,0,0,0,0,0,0,0,0,0,0,0,0,0,0,0,0,0,0,0,0,0,0,0,0,0,0,0,0,0,0,0,0,0,0,0,0,0,0,0,0,0,0,0,0,0,0,0,0,0.904250854011221,0,0,0,0,0,0,0,0,0,0,0,0,0,0,0,0,0,0,0,0,0,0,0,0,0,0,0,0,0,0,0,0,0,0,0,0,0,0,0,0,0,0,0,0,0,0,0,0,0,0,0,0,0,0,0,0
"SMAD3",0,0,0,0,0,0,0,0,-0.0152999547535757,-0.0353592228394704,0,0,-0.00364588093452234,0,0,0,-0.0642304039839678,-0.00777981485288317,0,0,0,0,0,0,-0.00889539204410078,0,0,0,0,0,0,0,-0.0250408176988301,-0.0238456128634549,0,0,0,0,0,0,0,-0.0170357735614625,-0.00598097680464575,-0.00668900183253694,0,0,-0.0073882569647865,0,0,-0.0358324214979241,0,0,0,0,0,0,0,-0.000991795033398825,0,0,0,0,0,-0.00940430616735925,0,-0.017774382549826,0,0,0,0,0,0,0,0,0,-0.0156223662728796,0,0,0,0,-0.0296836168422478,0,0,0,-0.00883719740899051,0,-0.0164223630846292,0,0,-0.0188326614465785,0,0,0,-0.00996044288546842,-0.0202346412043368,-0.00237618168944802,0,0,0,0,-0.0225972849255285,-0.000604167953796377,-0.0118401606194775,0,-0.0198214115738276,-0.0338478179639904,-0.0156054151531603,-0.0141433542028476,-0.0314176866916082,-0.0105605201041308,0,-0.0312272953569975,-0.0114186483554256,0,1.07511677431588,-0.163424075515254,0,0,0,0,0,0,-0.0260139726295348,-0.00670418122981869,-0.00638433704067681,0,0,0,0,0,0,0,-0.0519771648449054,-0.0687978769740377,-0.0270833457277656,0,0,0,0,-0.00472634705181027,0,0,-0.030344060706783,0,0,0,0,0,0,-0.00393574087848571,0,-0.00802818602528156,0,0,0,0,-0.00409959195277304,0,-0.0377380357452882,-0.0165557438299436,-0.00667123826975371,0,-0.00427563373453418,0,0,0,0,-0.0031779489390024,-0.0181363872655223,-0.00190648508919958
"SMAD4",0,-0.00313975757067641,-0.00878738170992744,0,0,0,0,-0.0099836806182465,-0.0137403203736617,0,0,0,0,0,0,0,-0.0314985789919365,-0.0108511613865553,0,0,0,0,0,0,0,0,-0.0119147104926518,0,0,0,0,-0.000126492378778364,-0.016516480257474,-0.0307186306286812,0,0,0,0,0,0,0,0,-0.0153508623090619,0,0,0,-0.0355492401542094,0,0,-0.0209915606605533,0,0,0,0,0,0,-0.00178936122794311,-0.0120897973802449,0,-0.0111435253051364,-0.00589029526289171,0,0,0,-0.00468854455466157,0,0,0,0,0,0,0,0,0,0,0,0,0,0,0,-0.0133946836508514,0,0,0,-0.00242472751272228,-0.00617383915320136,-8.9124118371094e-05,0,0,-0.000102435843693567,0,0,0,0,0,0,0,0,0,0,-0.0332366321589576,-0.0037534965105525,0,0,0,0,0,0,0,0,-0.0162372373133256,-0.017647599189836,-0.0161965811278083,0,-0.163425360319188,1.01199576811369,0,0,-0.000797115309061379,0,0,0,-0.00665411979355354,-0.0109102838446017,0,0,0,0,0,0,0,0,-0.0215548912167823,-0.0228516614183192,-0.0189560521596276,0,0,0,0,0,0,0,-0.0119630181773652,0,0,0,0,0,0,0,0,0,-0.0419541532978225,0,0,0,0,0,-0.0132930770173316,-0.0229637531286892,-0.0304666861923074,0,0,0,0,0,0,-0.0263191370854618,-0.0175381305536363,-0.0318390693693149
"SNAI3",0,0,0,0,0,0,0,0,0,0,0,0,0,0,0,0,0,0,0,0,0,0,0,0,0,0,0,0,0,0,0,0,0,0,0,0,0,0,0,0,0,0,0,0,0,0,0,0,0,0,0,0,0,0,0,0,0,0,0,0,0,0,0,0,0,0,0,-0.00503343690771115,0,0,0,-0.0084470088626282,0,-0.00148794408141406,0,0,0,0,0,0,-0.0199755644809314,0,0,0,0,0,0,0,0,0,0,0,0,0,0,0,0,0,0,0,0,0,0,0,0,0,0,0,0,0,0,0,0,0,0,0,1.04475931012593,0,0,0,0,0,-0.000866678435345909,0,0,0,0,0,0,0,0,0,0,-0.0597945109292531,-0.340948637888179,0,0,0,0,0,0,0,0,0,0,0,0,0,0,0,0,0,0,0,0,0,0,0,0,0,0,0,0,0,0,0,0,0,0,0
"SP1",0,0,0,0,0,0,0,0,0,0,0,0,0,0,0,0,0,0,0,0,-0.0294575123676022,0,-0.0831966308434817,-0.100409714570049,-0.0332633589018255,0,0,0,0,0,0,0,0,0,0,0,0,0,0,0,0,0,0,0,0,0,0,0,0,0,0,0,0,0,-0.0326344976239516,0,0,0,0,0,0,0,0,0,0,0,0,-0.0823275881503373,0,0,-0.0766560993523747,-0.272966033880843,0,0,0,0,0,-0.38232597155831,-0.0694777091597234,-0.00890902403499633,0,0,0,0,0,0,0,0,0,0,0,0,0,0,0,0,-0.0103207585237685,-0.00531941150064345,0,0,0,0,0,0,-0.0503215786882604,0,-0.0198120152566371,0,0,0,0,0,0,0,0,0,0,3.25010037325604,0,-0.599354932860629,-0.442217800999082,-0.338055160321133,0,0,0,0,0,0,0,0,0,-0.0308969018230363,0,0,0,0,0,0,0,0,0,0,0,-0.00375098636638205,0,0,-0.0350686523780434,-0.526681059176264,0,0,-0.00738655129601322,0,0,-0.080675975066255,-0.0134386087475011,-0.0175093636426174,-0.0533180735430091,0,0,-0.00169820499794228,0,0,0,-0.00549304469806648,-0.141852736984881,-0.0468710774086316,0,0,-0.0546721736140978,0
"SP110",0,0,-0.0123504511480891,0,0,-0.0177510650621067,-0.0159001820168434,0,-0.00329792624353107,-0.00285097918955758,0,0,0,0,0,0,0,0,0,0,-0.00711656674811047,0,0,0,0,0,-0.00015056580852746,0,0,0,0,0,0,-0.0179845924950418,0,0,0,-0.00605458227092571,0,0,0,0,0,0,0,0,0,-0.00735941515105109,0,-0.00740002153159582,0,0,0,0,0,0,0,0,0,0,0,0,0,-0.00213041366957704,0,0,0,0,0,-0.000891806738827999,0,-0.00550374703643057,0,-0.000588809629123567,0,-0.00422858515209494,0,-0.0135582644817789,0,0,0,0,0,0,0,0,0,0,0,0,0,0,-0.00674156825420863,0,0,0,0,-0.0119397175729847,0,-0.00451425174592208,-0.00774970144986108,0,-0.147093530532213,0,0,0,0,0,0,0,0,0,0,0,0,-0.000796333340051014,0,0,0.952406024823356,-0.00708032186844643,0,-0.0200794596865664,0,0,0,0,0,0,0,0,0,-0.0034770810927815,0,-0.00694426079425594,0,0,0,0,0,-0.00236503849687343,0,0,0,0,0,0,0,-0.00325215512025707,0,0,0,-0.0147254093618157,0,0,-0.00109184888713222,0,0,0,0,-0.00308228136472478,-0.00626628593911429,0,0,-0.0149967821825034,-0.0174543383802357,0,0,0,-0.0128401845316405,0
"SP2",0,0,0,0,0,0,0,0,0,0,0,0,0,0,-0.0165449262138452,0,0,0,0,-0.108512155171685,-0.0505635707039041,-0.130156035175169,0,-0.0743623626659556,0,0,0,0,0,0,0,0,0,0,0,0,0,0,0,0,0,0,0,0,0,0,0,0,0,0,-0.00180946005626677,0,0,0,0,0,0,0,0,0,0,0,0,0,0,0,0,-0.0677207943223541,0,0,-0.208495636503408,-0.206370046020432,0,0,0,0,-0.00899916994644785,0,-0.112222962972126,-0.0275527325573247,0,0,0,-0.0183893003789563,0,0,0,0,0,0,0,-0.0343597610193662,-0.00984485006510105,0,0,0,-0.0864788798936842,0,-0.0267739837380956,0,0,0,0,0,0,0,-0.0116404350529021,0,0,0,0,0,0,0,0,0,0,-0.599350454901558,-0.00707895948873054,3.12952284458664,-0.63352937302156,-0.191427066772363,0,0,0,0,0,0,0,0,0,-0.026210389044199,0,0,0,0,0,0,0,0,0,0,0,0,0,0,-0.07799078333533,-0.323479654865981,0,0,-0.0224310944619849,0,0,-0.0843885869346094,0,-0.00741002744672237,0,0,0,-0.0272800077458839,0,0,0,0,-0.208095190255559,-0.129042031596396,0,0,-0.136906874874931,0
"SP3",0,0,0,0,0,0,0,0,0,0,0,0,0,0,0,0,0,0,0,-0.0917349627229052,0,-0.0644881513454304,-0.0142110646486209,-0.0430360673309034,-0.0115001088207866,0,0,0,0,0,0,0,0,0,0,0,0,0,0,0,0,0,0,0,0,0,0,0,0,0,-0.00319275663643614,0,0,0,-0.00123069337481155,0,0,0,0,0,0,0,0,0,0,0,0,-0.130641083504811,0,0,-0.483786181809189,-0.298843086798472,0,0,0,0,0,-0.0451670704110061,-0.00832495886833794,-0.00607886388537839,0,0,0,-0.0107363779688472,0,0,0,0,0,0,0,-0.00799478857843231,0,0,0,0,-0.0376930594196538,-0.171166096824994,-0.00475979002976461,0,0,0,-0.00865564443065914,0,0,0,0,0,0,0,0,0,0,0,0,0,0,-0.442147261431869,0,-0.633381687177433,3.35547451529908,-0.296468958757965,0,0,0,0,0,0,0,0,0,0,0,0,0,0,0,0,0,0,0,-0.00654646400891629,0,0,0,-0.0237681409992694,-0.0167285539800298,-0.419508545336843,0,0,-0.0167549442818214,0,0,-0.0429232668077863,0,-0.0234524296690308,-0.173804076568331,0,0,-0.00238454241316463,0,0,0,-0.00677251742602734,0,-0.0372998550096444,-0.0442015008521127,0,-0.0401016969817373,0
"SP4",-0.0302423221775037,0,0,0,0,0,0,0,0,0,0,0,0,0,0,0,0,0,0,-0.11088952725043,0,-0.557084415726836,0,-0.214939058577699,-0.14005499403391,-0.0214573365513611,0,0,0,0,-0.0301625657154376,0,0,0,0,0,0,-0.0227457887842052,0,0,0,0,0,0,0,-0.0134877524620764,0,0,0,-0.00545952050970648,-0.0127577564882422,0,0,0,0,0,0,0,0,0,0,0,0,0,0,0,0,-0.0317416167862455,-0.0998248274620021,0,-0.293448629795385,-0.156345268532526,-0.254102501860317,-0.121337531709315,0,0,0,0,0,-0.00820060163912328,0,0,0,0,0,0,0,0,0,0,-0.030843925478638,-0.0357419764143529,-0.0235477112546802,0,0,0,-0.0220974475884622,0,0,0,-0.00606067123420107,0,-0.0379310567338005,-0.00140111720241621,0,0,-0.020408963893461,0,0,0,0,0,0,0,0,0,0,-0.338053796545681,-0.0200764385648736,-0.191369383649125,-0.296521934864781,2.88360029671123,0,0,0,0,0,0,0,0,0,-0.0379029478385812,0,0,0,0,0,0,0,0,0,0,0,-0.0026813193901715,0,-0.0114391486169267,0,-0.00327663520857856,0,0,0,-0.00394942879635234,0,-0.0199000818024088,0,0,-0.00660559886857898,0,-0.00182974766398784,-0.0226709501942868,0,0,0,-0.0310205044763469,0,0,0,0,-0.0529844897193345,0
"SPI1",0,0,0,0,0,0,0,0,-0.032778932321436,-0.0313509197372209,0,0,0,0,0,0,-0.0300575134803036,-0.0106828991558929,0,0,0,0,0,0,0,-0.00736377056972817,-0.0716121646035362,0,0,0,0,-0.00745363590490932,-0.256079335509265,-0.14599147292954,0,0,-0.393611455030374,0,0,0,0,0,-0.0157489051006188,-0.0246863686977332,0,0,-0.0250832921060944,0,0,-0.029634573142646,0,0,0,-0.010318180321687,0,0,0,-0.033307188644835,-0.110905613470382,0,-0.147781123684016,0,0,0,0,-0.00403081922079396,0,0,0,0,0,0,0,0,0,-0.0148792301684999,0,0,0,0,-0.0195774255410631,0,0,0,-0.0158697429351818,-0.00148170338477724,-0.0215739000922269,-0.0174978865458286,-0.00592014619197316,-0.00774831163691077,0,0,0,-0.0607351914402434,-0.0284015855240429,-0.0302249650438639,0,0,0,0,-0.000897828242559531,0,-0.000723083989704239,-0.000688105951052452,0,-0.0217297375728655,0,-0.0327767701764202,-0.013564447339563,-0.0180420477786811,0,-0.0127459109154277,-0.0455495836548681,0,-0.0260149844068221,-0.00665211017798997,-0.000864368467706002,0,0,0,0,0,1.55551607511744,0,0,0,0,0,-0.0053635052074332,0,-0.017109549129088,0,-0.0390148284129116,0,-0.018181858307311,0,0,0,0,0,0,0,-0.0237828133114527,0,-0.0139823162191463,0,0,0,0,-0.00836881736956005,0,0,-0.00636824015585833,0,0,0,0,0,-0.012930721106015,-0.0202636084714018,0,0,0,0,0,0,0,-0.0373889069225136,0,0
"SREBF1",0,0,0,0,-0.0169133339035227,0,0,0,0,0,-0.121978027620171,-0.0146762708455044,0,0,0,0,0,0,0,0,0,0,0,0,0,0,-0.0286660651319037,0,0,0,0,0,0,0,0,0,0,-0.000103432322965451,0,0,0,0,-0.00367451971207601,0,0,0,0,0,0,-0.0154057497882116,0,0,0,0,0,0,-0.00159368969800163,-0.000961619695686442,0,-0.00402250426983522,0,0,0,-0.000758304657286906,0,-0.00945281694209244,-0.0160187320569643,0,0,-0.0186717547905978,0,0,0,0,0,-0.00608516891025522,0,0,0,0,-0.0169049805028581,0,-0.0689061249423277,0,0,0,-0.000298266292858489,0,0,-0.00705330917654208,0,0,0,0,0,0,0,0,0,0,-0.0229031826166687,-0.00942296963571961,0,0,0,0,-0.00317059638378287,0,0,0,0,0,0,0,-0.00671074027668317,-0.0109132160222184,0,0,0,0,0,0,0,1.31467130121069,-0.37807774416051,0,0,0,0,0,0,0,-0.00879273933523566,0,0,0,0,-0.193261737993667,-0.0950873155962715,0,0,0,-0.0007895585102207,-0.133217816046779,0,0,0,0,0,-0.000640741357997142,0,0,0,-0.00283568178446875,0,-0.000291972434121361,0,0,-0.00154302488152312,-0.0109615409632238,0,0,0,0,0,0,-0.000325460350654944,0,0,0
"SREBF2",0,0,0,0,0,0,0,0,0,0,0,-0.0298034959773049,0,0,0,0,-0.00222786305860142,0,0,0,0,0,0,0,0,0,0,0,0,0,0,0,0,0,0,0,0,0,0,0,0,0,0,0,0,0,0,0,0,-0.00193389769728441,0,0,0,0,0,0,0,0,0,0,0,0,0,-0.00556869291441997,0,0,0,-0.0580390234685232,0,-0.0369692435615844,-0.0100422786588873,-0.0127957156413243,0,0,0,0,0,-0.0418142323977957,0,-0.00283965572214084,-0.00421575379147913,0,0,0,0,0,0,0,-0.00271898873874527,0,0,0,0,0,0,0,0,-0.0847775992333331,0,0,0,0,-0.011116054286079,0,-0.00826438548320014,-0.0204937618978279,0,0,0,0,0,0,0,0,-0.00638377801867377,0,0,0,0,0,0,0,0,-0.378078754355593,1.16918276251272,0,0,0,0,0,0,0,-0.00785116840714529,-0.0171608897630757,0,0,0,0,0,0,-0.0116493754420425,0,0,0,0,0,0,-0.0153498199484077,0,0,0,0,0,0,-0.0136831535323669,0,-0.0811477803182601,0,-0.00963936136385391,-0.00846083641160324,-0.0203688304867617,0,0,0,0,0,-0.00681631685176519,0,0,0
"STAT1",0,0,0,0,0,0,0,0,-0.0102595454913014,0,0,0,0,0,0,0,0,0,0,0,0,0,0,0,0,0,0,0,0,0,0,0,0,0,0,0,0,0,0,0,0,-0.101972790000652,0,0,0,0,0,-0.00248843783555203,0,0,0,0,0,0,0,-0.301331392459668,-0.0717232049585364,-0.336921956064549,-0.0218308403023061,0,-0.0197689305859495,0,0,0,0,0,0,0,0,0,0,0,0,0,0,0,0,0,0,0,0,0,0,0,-0.00682606167867593,0,0,0,0,0,0,0,0,0,-0.00106777999648848,0,0,0,0,0,0,0,0,0,0,0,0,0,0,-0.00995752101451248,0,-0.00160453462927551,0,0,0,0,0,0,0,0,0,0,0,0,0,2.29498289897672,-0.801505696561329,0,0,0,0,0,-0.0114334709354797,0,0,0,0,0,0,0,0,0,0,0,0,0,0,0,0,0,0,0,0,0,0,0,0,-0.435853589336151,0,0,0,0,-0.208888376251987,0,0,0,0,0,0,0
"STAT2",0,0,0,0,0,0,0,0,0,0,0,0,0,0,0,0,0,-0.00114919434371975,0,0,0,0,0,0,0,0,0,0,0,0,0,0,0,0,0,0,0,0,0,0,0,-0.0521331166459011,0,0,0,0,0,0,0,0,0,0,0,-0.00631302613249982,0,-0.465802540139417,-0.196304213555166,-0.274785465934258,-0.0824685662795324,-0.129584470891958,-0.139311299948948,-0.0312787706973028,0,0,0,0,0,0,0,0,0,0,0,0,0,0,0,0,0,0,0,0,0,0,0,0,0,0,0,0,0,0,0,0,0,-0.00963899528094461,0,0,0,0,0,0,0,0,0,0,0,0,0,0,0,0,0,0,0,0,0,0,0,0,0,0,0,0,0,-0.80150382286363,2.33686895454875,0,0,0,0,0,0,0,0,0,0,0,0,0,0,0,0,0,0,0,0,0,0,0,0,0,0,0,0,0,0,-0.0715020882773249,0,0,0,0,-0.132125049233706,0,0,0,0,0,0,0
"STAT3",0,0,0,0,0,-0.0115930459641802,0,0,0,-0.0415308211099896,0,0,0,0,0,0,0,0,0,0,0,0,0,0,0,0,-0.0764390795575332,0,0,0,0,0,0,0,0,0,-0.0394006513933895,0,0,0,0,-0.00568268440124458,-0.0205297617804247,0,0,0,0,0,0,0,0,0,0,0,0,0,0,0,0,0,0,0,0,-0.0229648324779821,0,-0.00526154070937982,0,0,0,0,0,0,0,0,0,-0.0142649629611478,0,0,0,0,-0.0246280228409407,0,0,-0.00225828739645322,-0.00476477783650124,0,0,0,0,0,0,0,0,0,-0.00200040422147548,0,0,0,0,0,0,0,0,0,0,0,0,0,-0.0121215400743772,0,-0.00261402839695636,0,0,0,0,0,0,0,0,0,0,0,0,0,0,0,0,1.54979741317822,-0.85754438609547,-0.128637429265827,0,0,0,0,-0.0184434180756463,0,0,0,0,-0.0589065741688179,0,0,-0.00762970867941407,0,0,0,0,0,0,0,0,-0.0389790673005635,0,0,0,0,0,0,0,-0.000485397689662893,0,0,0,-0.046018394663884,0,0,0,0,0,0
"STAT4",0,0,0,0,0,0,0,0,-0.00051842479300689,-0.0648116831764657,0,0,-0.00615772491045588,0,0,0,0,0,0,0,0,0,0,0,0,0,-0.00547097881986492,0,0,0,0,0,0,0,0,0,-0.00772953670936114,0,0,0,0,0,-0.00120553658986484,0,0,0,-0.00855775083358967,0,0,0,0,0,0,-0.000744906158652071,0,0,-0.00574065435273845,0,-4.38275302768581e-06,0,0,0,0,0,0,-0.00888965753514829,0,0,0,0,0,0,0,0,0,0,0,0,0,0,-0.0124313227743709,0,0,-0.00307678785989721,-0.0114380193974309,0,0,0,0,0,0,0,0,0,0,0,0,0,0,0,0,0,0,0,0,0,0,0,0,-0.00779555378266252,-0.00473731637678789,0,0,0,0,0,0,0,0,0,0,0,-0.00536242428764623,0,0,0,0,-0.857543812802865,1.70121807779361,-0.49331354759793,0,0,0,0,0,0,0,0,0,-0.00598724600928332,0,0,0,0,0,0,0,0,0,0,0,0,0,0,0,0,0,-0.000999226409159224,0,-0.0058064216427928,0,0,0,0,0,0,0,0,0,0
"STAT5B",0,-0.00919273290198121,0,0,0,0,0,-0.00493898340226952,-0.0140238503286979,-0.0356574073822102,0,0,0,0,0,0,0,0,0,0,0,0,0,0,0,0,0,0,0,0,0,0,0,0,0,0,0,0,0,0,0,0,0,0,0,0,0,0,0,0,0,0,0,0,0,0,-0.00640656471853722,0,-0.00820621717639971,-0.00350188109698199,0,0,0,0,0,0,0,0,0,0,0,0,0,0,0,0,0,0,0,0,0,0,0,0,0,0,0,0,0,0,0,0,0,0,0,0,0,0,0,0,0,0,0,0,0,0,0,0,-0.0118988199858577,0,0,0,0,0,0,0,0,0,0,0,0,0,0,0,0,0,0,-0.128637810101599,-0.49331382985816,1.20555370704932,-0.0374781214882326,0,0,0,0,0,0,0,0,-0.012238271966058,0,0,0,0,0,0,0,0,0,0,0,-0.0079020577988521,0,0,0,0,0,0,0,0,0,0,0,-0.00723670011123247,0,0,0,0,0,0
"STAT6",0,0,0,0,0,0,0,-0.0196522279876458,-0.0280234222792241,-0.00965985223007537,0,0,-0.0274282108251165,0,0,0,0,0,0,0,0,0,0,0,0,0,0,0,0,0,0,-0.0120823983917705,0,0,0,0,-0.0221777673292496,0,0,0,0,-0.0132270855800522,-0.0128643898576954,0,0,0,-0.0023086561531085,0,0,0,0,0,0,0,0,-0.00142404885142726,-0.0113674556495984,0,0,0,0,0,0,0,0,-0.00919207588290841,0,0,0,0,0,0,0,0,0,0,0,0,0,0,0,0,0,0,0,0,0,0,0,0,0,0,0,0,0,0,0,0,0,0,0,0,0,0,0,0,0,0,-0.00150533066093599,-0.0167478213046083,-0.0049802878571783,0,-0.00790472569105527,0,0,0,0,0,0,0,0,0,-0.0171080451764617,0,0,0,0,0,0,-0.0374778197821909,0.922003180894927,0,-0.00790256939524781,0,-0.0127842689674431,0,0,0,0,0,0,0,0,0,0,0,0,0,0,-0.0105293829777637,0,0,0,0,0,0,0,0,0,0,0,0,0,0,0,0,0,0,0,0
"TAF1",0,0,0,0,-0.00536978364318178,0,0,0,0,0,0,0,0,-0.0171094627906715,-0.0199468629751573,0,-0.0336470295851906,0,0,0,-0.0102340232962958,0,-0.00887294568626956,0,0,0,0,0,0,0,-0.0237440321762278,0,0,0,0,0,0,-0.0176699682974373,0,0,0,0,0,0,0,0,0,0,0,0,0,0,0,0,-0.0108817724480463,0,0,0,0,0,0,0,0,0,0,0,0,0,-0.00147755488759918,0,0,0,0,0,0,0,0,-0.0127164662954528,-0.0143721550037816,0,0,0,0,0,0,0,0,0,0,0,-0.0193287355137516,-0.0150247504598412,-0.022248673942554,0,0,0,-0.0348572856043641,-0.0128968694280927,0,-0.0219055106761535,0,0,0,0,-0.0470198250845488,0,-0.0323503663303353,0,0,0,0,0,0,0,0,0,0,-0.0308791415045917,-0.00347527283173657,-0.0261870913534914,0,-0.0378968488355465,0,0,0,0,0,0,0,0,0,1.08596498323767,0,0,0,0,0,-0.0146503400727111,0,0,0,0,0,-0.000747568401097767,0,0,-0.026942914672049,-0.048500815985017,0,0,0,0,0,-0.059796604870226,-0.0772515733568644,-0.0011189550214996,-0.031102712389183,0,0,0,-0.00673961899786849,0,0,-0.0154022993872189,-0.0423613710986258,-0.0312555784442462,0,0,-0.0394401223821496,0
"TBX21",0,-0.00681384518927979,0,0,0,0,0,-0.0160651425197035,-0.0189006948229397,-0.0377997795652878,0,0,-0.0199038715659202,0,0,0,-0.0211698689739163,-0.00551881369420339,0,0,0,0,0,0,0,0,0,0,0,0,0,-0.567885485875122,-0.00380280802267927,0,0,0,-0.0291083532705134,0,0,0,0,-0.000118062802508427,0,-0.00207859119648164,0,0,0,0,0,-0.00851119576024024,0,0,0,-0.00308513634696979,0,0,0,0,-0.0406948763608716,0,-0.00171225864590156,0,0,0,0,-0.0161053379967759,-0.0104506456525255,0,0,0,0,0,0,0,0,-0.00891467215176571,0,0,0,0,-0.0148941485519693,0,0,0,-0.0441228053364786,0,-0.038540940356377,0,0,-0.00794178398732686,0,0,0,-0.035051836428069,0,-0.0268800771935159,0,0,0,0,0,0,-0.0118885752066263,0,0,-0.00653991425722438,0,0,0,-0.0193289839538204,-0.0192266142464364,0,-0.00298236893952568,0,-0.0519772844162791,-0.0215532956138533,0,0,0,0,0,0,-0.0390094553954393,-0.00877765055019875,-0.0078352823522519,-0.0114573029960947,0,0,0,0,-0.00790288799417395,0,1.29542004376401,-0.059005103241024,-0.0296840536794365,0,0,0,0,0,0,0,-0.000897661385114693,0,0,0,0,0,0,0,0,0,-0.0304209142011176,0,0,0,0,-0.00154176670726377,0,-0.00428766985246392,-0.000144164636448912,0,0,0,0,0,0,-0.0279649839101283,0,0
"TCF12",0,0,0,0,0,0,0,0,0,0,0,0,0,0,0,0,-0.0776740067672174,-0.000659137940421071,0,0,0,0,0,0,-0.0036971345020898,0,-0.00955496932200453,0,0,0,0,-0.00506849815063457,-0.0230497706745276,0,0,0,-0.00194038010560388,0,0,0,0,0,0,-0.0385181410082576,0,0,-0.00780777024519818,0,0,-0.0249067852766617,0,0,0,-0.00064661905680764,-0.0132328954721528,0,0,0,0,0,0,0,0,0,-0.00816798433017767,-0.0211364064499507,0,-0.0102447853409465,0,0,-0.0049349947314985,-0.00540270032767909,0,0,0,-0.0138832407991017,-0.00494405112295696,0,0,0,-0.026301958405438,0,0,-0.0290371938740246,-0.0158398489447827,0,-0.0135145538792719,-0.00757816716176486,0,-0.0202918036518219,0,0,0,-0.00607996021970007,-0.0096313088673156,0,0,-0.0114103820189019,0,0,-0.0383790738686686,0,-0.0222060524631283,0,-0.00215234288314793,-0.00568768210916134,-0.0103984940966352,0,-0.00398773682409202,0,0,-0.0040703590595209,-0.0232217625769883,0,-0.0688025094548814,-0.0228526810530385,-0.0597938834028101,0,-0.00694504630472778,0,0,0,0,0,-0.0171620215193592,0,0,0,0,0,0,0,-0.0590062946438525,1.36734898611275,-0.603235924507125,0,0,0,0,0,-0.00350630649065182,0,-0.0291195586808959,0,0,0,0,0,0,-0.0155292114079373,0,-0.00546612099591107,0,0,-0.00492566518483237,-0.00438991184677124,-0.0462627913291836,0,0,-0.0232558573507621,-0.0160009232713667,0,0,-0.00480565229703039,0,0,0,-0.0125995052732741,0,-0.0150413901011533
"TCF3",0,0,0,0,0,0,0,0,0,0,0,0,-0.012783375636545,-0.00701293091016251,0,0,-0.0365883486365509,0,0,0,0,0,0,0,0,0,-0.0230970557336645,0,0,0,0,-0.019358540559822,0,-0.0106712524736892,0,0,-0.013117844823104,0,0,0,0,0,-0.00511678240652972,0,0,0,-0.00611814664511465,0,0,0,0,0,0,0,0,0,-0.00409615671728867,0,0,0,0,0,0,-0.0147595791147618,-0.0117350174964787,0,0,-0.0157493002323042,0,0,0,0,0,-0.0049712908457497,0,0,0,0,0,0,-0.0340066359298045,0,0,0,0,0,-0.019586784703512,0,0,0,0,0,0,0,0,0,0,0,0,0,-0.0209424819080816,0,-0.012729892393593,0,-0.00537263547539332,-0.0121135490344275,0,0,0,-0.00296027617262272,-0.0047121293722799,-0.0177286364088417,-0.0195541370245463,0,-0.0270847294985098,-0.0189555918469209,-0.340947470223447,0,0,0,0,0,-0.0181825453070674,0,0,0,0,-0.0184451198339718,0,0,-0.0127838233808377,0,-0.0296824391945777,-0.603233056822469,1.41812352189231,0,0,0,0,0,-0.00391875483093815,0,0,0,0,0,0,0,0,-0.0210597062356021,0,0,0,0,-0.00625233536225536,0,0,0,0,-0.0233810473325926,0,0,0,0,0,0,0,-0.00775323879691932,0,0
"TEF",0,0,0,0,-0.0125068876213837,0,-0.0251662285415174,0,0,0,0,0,0,-0.0167820739228581,0,-0.0143153842842508,0,0,0,0,0,0,0,0,0,0,0,0,0,0,0,0,0,0,0,0,0,0,0,0,0,0,0,0,0,0,0,0,0,0,0,0,0,0,0,0,0,0,0,0,0,0,0,-0.0152864269074124,0,0,0,0,0,0,0,0,0,0,0,0,0,0,0,0,0,0,0,0,0,0,0,-0.490151056756454,0,0,0,0,0,0,0,0,0,0,0,0,0,0,0,0,0,0,0,0,0,0,0,0,0,0,0,0,0,0,0,0,0,0,0,0,0,0,0,0,0,0,0,0,0,0,0,1.12721403225817,0,0,0,0,0,0,0,0,0,0,0,0,0,0,0,0,0,0,0,0,0,0,0,0,0,0,0,0,0,0,0,0,0,0
"TFDP1",0,0,0,0,0,0,0,0,0,0,0,0,0,0,0,0,0,0,0,-0.0794857919832068,-0.354085576868066,-0.0463947010502422,-0.208086989847313,0,0,0,0,0,0,0,0,0,0,0,0,0,0,0,0,0,0,0,0,0,0,0,0,0,0,0,0,0,0,0,0,0,0,0,0,0,0,0,0,0,0,0,0,0,0,0,0,0,0,0,0,0,0,0,0,0,0,0,0,0,0,0,0,0,0,0,0,0,0,0,0,0,0,0,0,0,0,0,0,0,0,0,0,0,0,0,0,0,-0.000411299102672841,0,0,0,0,0,0,0,0,0,0,0,0,0,0,0,0,0,0,0,0,0,0,0,1.18609759729085,0,0,0,0,0,0,0,0,0,0,0,0,0,0,0,0,0,0,0,0,0,0,0,0,0,0,0,0,0,0,0,0,0
"TFE3",0,0,0,-0.216333740606737,0,0,0,0,0,0,-0.0565780753200781,-0.0318651533727692,0,0,-0.00429435944368265,0,0,0,0,0,0,0,0,0,0,0,0,0,0,0,0,0,0,0,0,0,0,0,0,0,0,0,0,0,0,0,0,0,0,0,0,0,0,0,0,0,0,0,0,0,0,0,0,0,0,0,0,0,0,0,0,0,0,0,0,0,0,0,0,-0.00082443419919343,0,0,-0.0733838782258206,0,0,0,0,0,0,0,0,0,0,0,0,0,0,0,0,0,0,0,0,0,0,0,-0.0113907832870663,0,-0.0139914117410919,0,0,0,-0.042983676977365,0,0,0,0,0,0,0,0,0,0,-0.193257600184969,0,0,0,0,0,0,0,-0.0146451383242144,0,0,0,0,0,2.26790483182314,-0.777235338610679,0,0,0,-0.000918464190704671,-0.747076858293263,0,-0.0888467161559043,0,0,0,0,0,0,0,0,0,0,0,0,0,0,0,0,0,0,0,0,0,0,0,0
"TFEB",0,0,0,-0.298862956243207,0,0,0,0,0,0,-0.0999326427391513,-0.26700138289423,0,0,0,0,0,0,0,0,0,0,0,0,0,0,0,0,0,0,0,0,0,0,0,0,0,0,0,0,0,0,0,0,0,0,0,0,0,0,0,0,0,0,0,0,0,0,0,0,0,0,0,0,0,0,0,0,0,0,0,0,0,0,0,0,0,0,0,0,0,0,-0.331000859733236,0,0,0,0,0,0,0,0,0,0,0,0,0,0,0,0,0,0,0,0,0,0,0,0,0,0,0,0,0,0,0,0,0,0,0,0,0,0,0,0,-0.0950842573140917,0,0,0,0,0,0,0,0,0,0,0,0,0,-0.777230612071375,2.19580233523647,0,0,0,0,-0.218755877632476,0,-0.0986633244260727,0,0,0,0,0,0,0,0,0,0,0,0,0,0,0,0,0,0,0,0,0,0,0,0
"THAP11",0,0,0,0,-0.00277991724396075,0,0,0,0,0,0,0,0,0,0,0,0,0,0,0,0,0,0,0,0,0,0,0,-0.00174026626328367,0,0,0,0,0,0,0,0,0,0,0,0,0,-0.00432770777506725,0,0,-0.0142037005638509,0,0,0,0,0,0,0,-0.0165077636535187,0,0,0,0,0,0,0,0,0,-0.00347835136140559,0,0,0,0,0,0,0,0,0,0,0,0,0,0,0,0,0,0,0,0,0,0,0,0,0,0,0,0,0,0,0,0,-0.00233141965523417,-0.0029601177972857,0,0,0,0,0,0,0,0,0,0,-0.010026979113312,0,0,0,0,0,-0.00472422865135519,0,0,0,-0.00236439333139639,0,0,0,0,0,0,0,0,-0.0589062971291626,-0.0059853617450696,-0.0122402325815759,0,0,0,0,0,0,0,0,0,1.86668320435384,0,0,0,0,0,0,0,0,0,0,0,-1.20791451028863,0,0,0,0,-0.00458213994901466,0,0,0,0,-0.0103571433156623,0,-0.233362351903041,0,0,0,0,-0.0107355677489603,0
"THRB",0,0,0,0,0,-0.0453607317624472,0,0,0,0,0,0,0,0,0,0,0,0,0,0,0,0,0,-0.00536842817105326,0,0,0,0,0,0,0,0,0,0,0,0,0,0,0,0,0,0,0,0,0,0,0,0,0,0,0,0,0,0,0,0,0,0,0,0,0,0,0,-0.00681465966086543,0,0,0,0,0,0,0,0,0,0,0,0,0,0,0,0,0,0,0,0,0,0,0,0,0,0,0,0,0,-0.00879995005131594,0,0,0,0,0,0,0,0,-0.00411302862885756,0,0,0,0,0,0,0,0,0,-0.0426610447388184,0,0,0,0,0,0,0,0,0,0,0,-0.0116494213862458,0,0,0,0,0,0,0,0,-0.00350609466935507,-0.00391864793327388,0,0,0,0,0,0.910594774662717,0,0,0,0,0,0,0,0,0,0,0,0,0,0,0,0,0,0,0,0,0,0,0,0,0,0,0,0,0
"TIGD2",0,0,0,0,0,0,0,0,0,0,0,0,0,0,0,0,0,0,0,0,0,0,0,0,0,0,0,0,0,0,0,0,0,0,0,0,0,0,0,0,0,0,0,0,0,0,0,0,0,0,0,0,0,0,0,0,0,0,0,0,0,0,0,0,0,0,0,0,0,0,0,0,0,0,0,0,0,0,0,0,0,0,0,0,0,0,0,0,0,0,0,0,0,0,0,0,0,0,0,0,0,0,0,0,0,0,0,0,0,0,0,0,0,0,0,0,0,0,0,0,-0.00654659381474918,0,0,0,0,0,0,0,0,0,0,0,0,0,0,0,0,0,0,0,0,0.904313883914161,0,0,0,0,0,0,0,0,0,0,0,0,0,0,-0.00147977679745569,0,0,0,0,0,0,0,0,0,0,0,0,0
"TRP53",0,-0.0130978789765884,-0.020700215920366,0,0,0,0,-0.00760156176948231,-0.0262121689122042,-0.00660313158663483,0,0,-0.02152203904682,0,0,0,-0.0153931265331875,0,0,0,0,0,0,0,0,0,-0.0107602841556204,0,0,0,0,0,-0.0208809891154278,-0.00309477911833078,0,0,-0.0103887050843379,0,0,0,0,-0.0234976778691764,-0.0371405672827381,0,0,0,-0.0131241588037085,0,0,-0.0127315418637824,0,0,0,0,-0.000705163420854778,0,0,0,-0.0106070004689351,0,0,0,0,-0.0298470287449698,0,-0.0221082871018927,-0.00550652500704829,0,0,0,0,-0.00889031176113987,0,-0.00270632979389556,0,0,0,0,0,-0.00722114613341382,-0.0175497255291419,0,0,0,0,0,-0.0130555328801367,0,0,0,0,0,0,-0.00321066892891501,-0.0031838924406319,0,0,0,0,0,-0.00113720371813796,0,0,0,0,0,0,0,-0.0250596014053987,-0.014527515866625,-0.0112862884079705,0,0,0,-0.0303454368081404,-0.0119634931878248,0,0,0,0,0,0,-0.0237869211386477,-0.000793777562161875,0,0,0,-0.00763104981154097,0,0,0,0,-0.000899735763902784,-0.0291215622125805,0,0,0,-0.000924660897598424,0,0,0,0,0.956786781543207,0,0,-0.00206598439518965,0,0,0,-0.014185386494688,0,-0.00433804332853492,-0.00567248304105982,0,-0.000491175609721186,0,0,0,0,-0.00475985564144623,0,0,0,0,0,0,0,0,0,0
"USF1",0,0,-0.124950840059103,-0.390093521631215,0,0,0,0,0,0,-0.00618935997271724,0,0,0,0,0,0,0,0,-0.00178029886353057,0,0,0,0,0,0,0,0,0,0,-0.00193467619587953,0,-0.00233051390562257,0,0,0,0,-0.0132576336096604,0,0,0,0,0,0,0,0,0,0,0,0,0,0,0,0,0,0,0,0,0,0,0,0,0,0,0,0,0,0,0,0,0,-0.000746578299716368,0,0,0,0,0,0,0,0,0,0,-0.375992354710634,0,0,0,0,0,0,0,0,0,0,0,0,0,0,0,0,0,0,0,0,0,0,0,0,0,0,0,0,0,-0.0142975860432264,0,0,0,0,-0.00371472992196143,0,0,0,-0.00266856299728473,0,-0.133215135862986,0,0,0,0,0,0,0,-0.000746439162739929,0,0,0,0,0,-0.747071852019819,-0.218755988020278,0,0,0,0,2.15428382751252,0,-0.00123798937928269,0,0,0,0,0,0,0,0,0,0,0,0,0,0,0,0,0,0,0,0,0,0,0,0
"VAX2",0,-0.0123586771485261,0,0,0,0,0,0,0,0,0,0,0,0,0,0,0,0,0,0,0,0,0,0,0,0,0,0,0,0,0,0,0,0,0,0,0,0,0,0,0,0,-0.00570459467109626,0,0,0,0,0,0,0,0,0,0,0,0,0,-0.00486549893461327,0,0,0,0,0,0,0,0,0,0,0,0,0,0,0,0,0,0,0,0,0,0,0,0,-0.154594517685062,0,0,0,0,0,0,0,0,0,0,0,0,0,0,0,0,0,0,0,0,0,0,0,0,0,0,0,0,-0.000725472566704275,0,0,0,0,0,0,0,0,0,0,0,-0.0139816650466363,0,0,0,0,0,0,0,0,0,0,0,0,0,0,0,0,0,0,0,0,0,0.930768539066785,0,0,0,0,0,0,0,0,0,0,0,0,0,0,0,0,0,0,0,0,0,0,0,0,0
"XBP1",0,0,0,-0.0913615477337004,-0.125098179807269,0,0,0,-0.0194243188037577,0,0,0,0,0,0,0,0,0,0,0,-0.00337444035974123,0,-0.00169974099804608,0,0,-0.0107099259169427,-0.0146199492933372,0,0,0,-0.0125522087139975,0,0,0,0,0,0,0,0,0,0,0,0,0,0,-0.000351220321870302,0,0,0,-0.00432488990205668,0,0,0,0,0,0,0,0,0,0,0,0,0,0,0,0,0,-0.00852268042489417,0,0,-0.0182970232683947,-0.00699076300131695,0,0,0,0,0,0,0,0,0,0,-0.00686119533573656,0,0,0,0,0,0,0,0,0,0,0,0,0,0,0,0,0,0,0,0,0,0,0,0,0,0,0,0,0,0,0,0,0,0,0,0,0,-0.0237725928928978,-0.0114443921950578,0,0,0,0,0,0,0,0,0,0,0,0,0,0,0,-0.0888482192025412,-0.0986650694014355,0,0,0,-0.0020639670426791,-0.00124021055567558,0,1.0090574952194,0,0,0,0,0,0,0,0,0,0,0,0,0,0,0,0,0,0,0,0,0,0,0,0
"ZBTB14",0,0,-0.00861957632348965,-0.00861529380497649,0,0,0,0,0,0,0,-0.000812277673033274,0,0,-0.0075734837459323,0,0,0,0,-0.0068311581733533,-0.0620297526164935,0,0,-0.0282062211230551,0,-0.00489580383623399,0,0,0,0,0,0,0,0,0,0,0,-0.00463753796766234,0,0,0,0,0,0,0,0,0,0,0,0,-0.0150872291434248,0,0,0,-0.0065341171687257,0,0,0,0,0,0,0,0,0,0,0,0,-0.00452564988423538,0,0,0,0,0,0,0,0,0,0,-0.0238072856687457,-0.0297409278815744,0,0,0,-0.0172281236017436,0,0,0,0,0,0,0,0,0,0,0,0,-0.167239223394276,-0.0114461444452563,0,0,0,0,0,0,0,0,-0.000129215265347161,0,0,0,0,0,0,0,0,0,0,-0.0350694547753332,0,-0.0779806218615848,-0.0167352969335313,0,0,0,0,0,0,0,0,0,0,-0.0269443550343404,0,0,0,0,0,0,0,0,0,0,0,0,0,0,1.06815212098963,-0.0157034841347548,0,0,0,0,0,0,0,-0.00390340850754111,0,0,0,0,0,0,0,0,-0.0553529983037536,-0.0236120146606194,0,0,-0.039025939218866,0
"ZBTB17",-0.00299819534479198,0,0,0,0,0,0,0,0,0,0,0,0,0,0,0,0,0,0,0,0,0,-0.123505618666333,-0.0766327908656451,-0.0498540813172108,0,0,0,0,0,0,0,0,0,0,0,0,0,0,0,0,0,0,0,0,0,0,0,0,0,0,0,0,0,-0.00893252664015945,0,0,0,0,0,0,0,0,0,0,0,0,-0.0260873283440157,0,0,0,-0.182523597505593,0,0,0,0,-0.0123659643679478,-0.465062714426673,-0.0401452231204839,0,0,0,0,-0.00253102768634606,0,0,0,0,0,0,0,0,0,0,0,0,-0.0104402654947246,-0.16048849347376,0,0,-0.00145008520275077,0,-0.0106288248662607,0,-0.0767667302578461,0,0,0,0,0,0,0,0,0,0,0,0,-0.526768262815975,-0.00325277303216156,-0.323531181141211,-0.419591246544918,-0.00331133163201392,0,0,-0.015352621058387,0,0,0,0,0,0,-0.0485168230955869,0,0,0,0,0,0,0,0,0,0,0,0,0,0,-0.0157096299375989,2.94866419427216,0,0,-0.00908666962232623,0,0,-0.0130085397204843,-0.039966130503268,-0.0214360432758613,-0.443744059938051,0,-0.000982676209275524,-0.0202605074055416,0,0,0,0,-0.0840351001077901,-0.00732598493916962,-0.00232269766318779,0,0,0
"ZBTB20",0,0,0,0,0,0,0,0,0,0,0,0,0,0,0,0,0,0,-0.0468082281099463,0,0,0,0,0,0,0,0,0,0,0,0,0,0,0,0,0,0,0,0,0,0,-0.00482664275319753,0,0,0,0,0,0,0,0,0,0,0,0,0,0,0,0,0,0,0,0,0,0,0,0,0,0,0,0,0,0,0,0,0,0,0,0,0,0,0,0,0,0,0,0,0,0,0,0,0,0,0,0,0,0,0,0,0,0,0,0,0,0,0,0,0,0,0,0,0,0,0,0,0,0,0,0,0,0,0,0,0,0,0,0,0,0,0,0,0,0,0,0,0,0,0,0,0,0,0,0,0,0,0,0,0,0,0.906703010189608,0,0,0,0,0,0,0,0,0,0,0,0,0,0,0,0,0,0,0,0,0
"ZBTB3",0,0,0,0,0,0,0,0,-0.00583873498354144,-0.0137637446406316,0,0,-0.000149759931665494,0,0,0,-0.0441571890603974,0,0,0,0,0,0,0,0,0,-0.015652386238351,0,0,0,0,0,0,0,0,0,-0.0121369606034802,0,0,0,0,0,-0.0281313577040088,0,0,0,-0.00332868580918898,-3.85210445755849e-05,0,0,0,0,0,0,0,0,-0.00502977371800826,-0.0069440107075433,-0.00258661550757803,0,-0.00228023610357878,0,0,0,-0.00808709534297128,-0.021404052654104,0,0,0,0,0,0,0,0,0,-0.0123843567470408,0,0,0,-0.0062059587164018,-0.0241456987647242,0,0,0,0,0,-0.00518416773150429,0,0,0,0,0,0,-0.00326136587529916,-0.0109553015158552,-0.00324474818981552,0,0,0,0,-0.00644477897417719,0,-0.00676314301781232,0,0,-0.00310654646472144,-0.000965123200293405,0,0,-0.0135183227557775,0,0,-0.00922358356738223,0,-0.00393601054350795,0,0,0,0,0,0,0,-0.00836832533054544,-0.000637843821149525,0,0,0,0,0,0,-0.0105294577335369,0,0,-0.0155279862660347,-0.0210610191246009,0,0,0,0,0,0,0,-0.0141851589488207,0,0,0,0,0,0,0.929494615180037,0,0,-0.000444519524162254,0,0,0,0,-0.00736554384725354,0,-0.00410164433185527,0,0,0,0,0,0,0,-0.00954026482985885,0,0
"ZBTB49",0,0,0,0,0,0,0,0,0,0,0,0,0,0,0,0,0,0,0,0,0,0,0,0,0,0,0,0,0,0,0,0,0,0,0,0,0,0,0,0,0,0,0,0,0,0,0,0,0,0,0,0,0,0,0,0,0,0,0,0,0,0,0,0,0,0,0,0,0,0,-1.49340741113311e-05,-0.00388195504485063,0,0,0,0,0,0,0,0,0,0,0,0,0,0,0,0,0,0,0,0,0,0,0,0,0,-0.0124543960771939,0,0,0,0,0,0,0,0,0,0,0,0,0,0,0,0,0,0,0,-0.00738839289845885,0,-0.0224333652170135,-0.0167562546675831,0,0,0,0,0,0,0,0,0,0,0,0,0,0,0,0,0,0,0,0,0,0,0,0,0,0,-0.00908560923435396,0,0,0.908573914700751,0,0,0,0,0,0,0,0,0,0,0,0,0,0,0,0,0,0,0
"ZFP143",0,0,-0.0158777707868249,0,-0.00646874034949472,0,0,0,0,0,0,0,0,0,0,0,0,0,0,0,0,-0.00990012366732871,0,0,0,0,0,0,0,0,0,0,0,0,0,0,0,-0.00614536222627654,0,0,0,0,-0.00225413995131934,0,0,-0.0113744859806752,0,0,0,0,0,0,0,-0.00262807456841382,0,0,0,0,0,0,0,0,0,0,0,0,0,0,0,-0.00422064694949021,-0.0113869316233316,0,-0.00363851995276491,0,0,0,-0.0117721398914607,0,0,-0.00889555790022602,0,0,0,-0.0124033537567644,0,0,0,0,0,0,0,0,0,0,0,0,-0.034862300546556,-0.00429305757276781,0,0,0,0,-0.0212015899360925,0,0,0,0,0,-1.09087676466849e-05,0,0,0,0,0,-0.00803233754463989,0,0,0,-0.0147256242677322,0,0,-0.00396601934862235,0,0,0,0,0,-0.0389832424565879,0,-0.00790152872554676,0,0,0,-0.00546404598959798,0,0,0,0,0,-1.20791445604294,0,0,-0.00433570982829515,0,0,0,0,0,0,0,0,1.88597423595257,0,0,0,0,-0.0039163364442946,0,0,0,0,-0.00339114505733883,0,-0.252842710557495,0,0,0,0,-0.0021713863942508,0
"ZFP212",0,0,0,0,0,0,0,-0.00831584987268267,-0.0083330764621989,-0.166227694732462,0,0,-0.00157176518625621,0,0,0,0,0,0,0,0,0,0,0,0,0,0,0,0,0,0,0,0,0,0,0,0,0,0,0,0,0,-0.00475873301567581,0,0,0,-0.00652464841753196,0,0,0,0,0,0,0,0,0,0,-0.132326598793915,-0.00901799891576624,0,0,0,0,0,0,0,-0.00682087660531543,0,0,0,0,0,0,0,0,0,0,0,0,0,0,0,0,0,0,-0.00232103945712087,-0.00650683189709766,0,0,0,0,0,0,-0.0251607554102991,0,0,0,0,0,0,0,-0.0472174479958096,-0.00280324726920154,0,0,-0.0880192635471576,0,0,0,0,0,-0.00755365206458539,0,0,0,-0.0419529258047405,0,0,0,0,0,0,-0.00636299397415917,0,0,0,0,0,0,0,0,0,-0.030421217729756,0,0,0,0,0,0,0,0,0,-0.00567069372261353,0,0,0,0,0,0,-0.00044404094436419,0,0,1.13098590370101,0,0,0,0,-0.0438674688520142,0,0,-0.182036693187732,0,0,0,0,0,0,-0.0227569459693112,0,0
"ZFP213",0,0,0,0,-0.0210428299578316,0,0,0,0,0,0,0,0,0,0,0,0,0,0,-0.018159786790291,-0.000365395541489961,-0.00360510533382595,-0.020483823043657,0,0,-0.013647333217595,0,0,0,0,-0.0174465520251662,0,0,0,0,0,0,-0.0174368932402928,0,0,0,0,0,0,0,0,0,0,0,0,0,0,0,0,-0.000498732914445102,0,0,0,0,0,0,0,0,0,0,0,0,-0.00779473398778628,0,0,-0.0357467686848678,0,0,-0.00846492093089642,0,0,0,0,-0.0313375499814703,0,-0.00251848521736422,0,0,0,0,0,0,0,0,0,-0.00565914368791156,-0.00672977288605163,0,0,0,0,0,0,0,0,0,0,0,0,0,0,-0.00232565700179009,0,0,0,0,0,0,0,0,0,0,-0.080684204490549,0,-0.08439415444877,-0.0429309608010389,-0.0199027014321699,0,-0.00283488792352505,0,0,0,0,0,0,0,-0.0597979393335855,0,0,0,0,0,0,0,0,0,0,0,0,0,0,0,-0.0129918403736625,0,0,0,0,0,1.07304301579404,0,0,0,0,0,-0.0377685217260435,-0.000566776820052048,0,0,0,-0.0384881148687818,-0.0364416423282133,0,0,-0.0398758796787714,0
"ZFP260",0,0,0,0,0,0,0,0,0,-0.0341322349992715,0,0,0,0,0,0,0,0,0,0,0,0,0,0,0,0,0,0,0,0,0,0,0,-0.0705458810462289,0,0,0,0,0,0,0,0,-0.00924319030845358,0,0,0,0,0,0,0,0,0,0,0,0,0,0,0,0,0,0,0,0,0,0,0,0,0,0,0,0,0,0,0,0,0,0,-0.129226796822603,-0.00197801229050465,-0.0289225928887596,0,0,0,0,0,0,0,0,0,0,0,0,0,0,0,0,0,0,0,0,0,-0.000807398528017834,0,0,-0.142757815410846,-0.109584240513261,0,-0.00027643803722119,0,0,0,0,-0.00606747372616037,0,0,0,0,-0.0134498172928259,-0.00109251491737754,0,0,0,0,0,-0.0136844984734586,0,0,0,0,0,0,-0.0772562638369165,0,-0.00492641870111843,-0.00625256692721914,0,0,0,0,0,0,0,-0.000492207895255335,0,0,0,0,-0.0399629657167528,0,0,0,0,0,0,1.13055393921758,0,-0.0459876696900294,0,0,-0.00253944918108175,-0.015861713941797,0,0,0,-0.0458790422346176,0,0,-0.00188661883443576,0,0
"ZFP263",0,0,-0.0165554542930958,0,-0.000298273219903468,0,0,0,0,0,0,0,0,0,0,0,-0.010986526603623,0,0,-0.00922454664381515,-0.0272842189287954,0,-0.00738518612575971,0,-0.00528574491579015,-0.0142518670912672,-0.00646311627571811,0,0,0,-0.00659534683983514,0,-0.0149848079565873,-0.00181323446647714,0,0,0,-0.00278947870871318,0,0,0,0,0,0,0,-0.000878175716806332,0,0,0,0,0,0,0,0,0,0,0,0,0,0,0,0,0,0,0,0,0,0,0,0,0,-0.0203085193978925,0,0,0,0,-0.00720673210036463,-0.0156093353510494,0,0,0,0,0,-0.00565007130601808,0,0,0,0,0,0,0,0,0,0,0,0,0,-0.0107215999117149,0,0,0,0,0,0,0,0,-0.00651114509994643,0,0,0,0,0,0,0,0,0,0,-0.0175147227105148,0,-0.00741464750453865,-0.0234568962284668,0,0,-0.000292102430129915,0,0,0,0,0,0,0,-0.0011205282733013,0,-0.00438825262448368,0,0,0,0,0,0,0,0,0,0,0,0,-0.00390396028704205,-0.0214325710699086,0,0,0,0,0,0,0,0.943972740122757,-0.0132812052875457,0,0,-0.000412329819079958,0,0,0,0,-0.0147440705969329,-0.0153605470931728,0,-0.00167321991583308,-0.00360433663467291,0
"ZFP281",0,0,0,0,0,0,0,0,0,0,0,0,0,-0.000422466810231335,0,0,-0.0125626667710781,0,0,0,0,0,0,-0.0661586922526922,-0.198021305083711,0,0,0,0,0,0,0,0,0,0,0,0,0,0,0,0,0,0,0,0,0,0,0,0,-0.00731067310125556,0,0,0,0,0,0,0,0,0,0,0,0,0,-0.0066192804027724,0,0,0,-0.0957722027323787,0,0,0,0,0,0,0,0,0,-0.326264205367609,0,0,0,0,0,0,0,0,0,0,0,-0.00498830194376349,0,0,0,0,0,0,0,-0.189982293345743,0,0,-0.0196661815281813,0,-0.000744562544238558,0,-0.0336068912156049,-0.080285381525527,0,0,0,0,0,0,0,0,-0.00408415298002826,0,0,-0.0533301883111083,0,0,-0.173826285658486,-0.00663355572651633,0,0,-0.0811501972204702,0,0,0,0,0,0,-0.0311123701815069,0,-0.0462592900793829,0,0,0,0,0,-0.00457828133868276,0,-0.00147974079780912,0,0,0,0,0,-0.443745139149311,0,0,0,-0.00391071318532718,0,0,-0.0459878630101011,-0.0132809314202381,2.0953648204822,0,-0.0040894653338807,-0.00311074981975327,0,-0.0305751419724687,0,-0.0119084781792087,0,0,-0.370015451410802,-0.0055383373491494,0,0
"ZFP287",0,-0.0712545242129091,0,0,0,0,0,0,-0.0311195869776688,-0.0804840729209581,0,0,0,0,0,0,-0.0136666814467958,0,-0.00542061168843752,0,0,0,0,0,0,0,0,0,0,0,0,0,0,0,0,0,0,0,0,0,0,-0.207086716373841,0,0,0,0,-0.0327463393503844,0,0,0,0,-0.0318716249173789,0,0,0,-0.054765790735035,0,-0.139795513444384,0,0,0,0,0,0,0,0,0,0,0,0,0,0,0,0,0,0,0,0,0,0,0,0,0,0,-0.0158403510346206,-0.00978569844004588,0,-0.00387652229396954,0,0,0,0,0,0,-0.0137503698504985,-0.00523322887985423,0,0,0,0,0,0,0,0,0,0,0,0,0,-0.0304107953570807,-0.00068005940280234,-0.000546043623477889,0,0,0,0,0,0,0,0,0,0,0,0,0,-0.435857603982717,-0.0714959715500339,0,-0.000979576200650142,0,0,0,-0.00152546305371122,0,0,0,0,0,0,0,0,0,0,0,0,0,0,0,0,-0.00735782584960758,0,0,-0.0438476267317894,0,0,0,0,1.61587692116462,0,0,0,0,-0.36776836513669,0,0,0,0,0,0,0
"ZFP324",0,0,0,0,0,0,0,0,-0.00732814783087442,-0.0114535891329529,0,0,0,0,0,0,0,0,0,0,0,0,0,0,0,0,-0.0186598436361084,0,0,0,0,0,0,0,0,0,-0.0100361294448197,0,0,0,0,0,0,-5.09969042527463e-05,0,0,0,0,0,0,0,0,0,0,0,0,0,0,0,0,-0.00453299703770526,0,0,0,0,0,0,0,0,-0.00836042453407139,0,0,0,-0.023754042221054,0,0,0,-0.0163459420285209,0,0,0,0,0,0,0,0,0,0,0,0,0,0,0,0,0,0,0,0,0,0,-0.00910125640205454,-0.0170431071284649,0,0,0,-0.0200877793794806,0,0,0,0,0,0,0,0,-0.0377402529361913,-0.013293896057796,0,0,0,0,0,-0.00183623333231052,-0.0129335563874124,-0.00154401077603658,-0.00963965804912849,0,0,0,0,0,0,0,0,0,0,0,0,0,0,0,0,0,0,0,0,0,0,-0.000989078299014976,0,0,0,0,0,0,0,0,-0.00408809641360536,0,0.922941889066513,-0.0221955983685429,-0.00384515208661169,0,0,0,0,0,0,0,-0.00202297076175401,0
"ZFP335",0,0,-0.0100098872935808,0,0,0,0,0,-0.00952741630466037,0,0,0,0,0,0,0,-0.0175778638284232,0,0,0,0,0,0,-0.0103078179272194,0,0,0,0,0,0,-0.00149779012757051,0,-0.0240030630729772,-0.0202235087636966,0,0,0,-0.0122168938117927,0,0,0,0,-0.000161715435129804,0,0,0,0,0,0,-0.0215567792520526,0,0,0,-0.00706778584487599,0,0,0,0,0,0,0,0,0,0,0,0,0,0,0,0,-0.000914779686944127,0,0,-0.000902433961610192,0,0,0,0,0,0,-0.0080050406550219,0,0,0,0,0,0,0,-0.00794349552948029,0,0,0,0,-0.0157612193530656,0,0,0,-0.00227516205265448,0,0,-0.017229052005612,0,-0.0134553939408353,0,-0.00109168984464592,-0.00640274172391455,-0.00883929540253919,0,0,0,0,0,0,0,-0.0165575746082947,-0.0229633164064776,0,-0.00170491708481124,-0.00308237505465809,-0.0272882402418904,-0.00239126184375782,-0.0226791365627214,-0.0202651659840214,-0.0109632471565295,-0.0084620237342676,0,0,-0.000488645883086303,-0.0058081014459847,0,0,0,-0.00428918022246316,-0.0232580070450011,-0.0233827402296249,0,0,0,0,0,0,0,-0.00475998517757129,0,0,0,0,-0.0202662430553815,0,-0.00410151526087858,0,0,0,-0.0377707686325444,-0.00254048201933404,-0.000412733079927663,-0.00310926513326204,0,-0.0221960917740412,0.971718781451575,0,-0.000345933448247221,0,0,-0.0552229244152655,0,0,0,-0.0115129485684008,0
"ZFP398",0,0,0,0,0,0,0,0,0,-0.130094300968264,0,0,0,0,0,0,0,0,0,0,0,0,-0.0284688543917119,0,0,0,0,0,0,0,0,0,-0.000790548128764107,-0.0518574334125195,0,0,0,0,0,0,0,0,0,0,0,0,0,0,0,0,0,0,0,-0.0114879443620912,0,0,0,-0.0473606343789074,0,0,0,0,0,0,0,0,0,0,0,0,0,0,0,0,0,0,0,-0.140177540601062,0,0,-0.0016496373302097,0,0,0,0,0,0,0,0,0,0,0,0,0,0,0,0,0,0,0,-0.00790233950500926,-0.0180280759345331,0,0,-0.0988410496462862,-0.157430432419755,0,0,0,0,0,0,0,0,-0.00667448418523401,-0.030470505717923,0,0,-0.00626661323570428,0,0,0,0,0,-0.0203672228274986,0,0,0,0,0,0,-0.00673873214442014,-0.000147674622001563,-0.0160056542124776,0,0,0,0,0,0,0,0,0,0,0,0,0,0,0,0,0,0,-0.182039453146886,-0.000564391828889819,-0.0158622885845282,0,0,0,-0.00384638670192099,0,1.20860234518753,0,0,-0.0016666220651024,0,0,0,-0.0217744578039052,0,0
"ZFP410",0,0,0,0,0,0,0,0,0,0,0,0,0,0,0,0,0,0,0,0,0,0,0,0,0,0,0,0,0,0,0,0,-0.00929379353661967,0,0,0,0,0,0,0,0,-8.58168896933777e-05,-0.00610444700031495,-0.00447369068450635,0,0,0,0,0,0,0,0,0,0,0,0,0,0,0,0,0,0,0,0,0,0,0,0,0,0,0,0,0,0,0,0,0,0,0,0,0,0,0,0,0,0,0,0,0,0,0,0,0,0,0,0,0,0,0,0,0,0,0,0,0,0,0,0,0,0,0,0,0,0,0,0,0,0,0,0,0,0,0,0,0,0,0,0,0,0,0,0,0,0,0,0,0,0,0,-0.0103571009411879,0,0,0,0,0,0,0,0,0,0,0,-0.00339116848751621,0,0,0,0,-0.0305753229061314,0,0,-0.000345956986396397,0,0.906122334426902,0,0,0,0,0,0,0,0
"ZFP422",0,-0.0124825016289604,0,0,0,0,0,0,0,0,0,0,0,0,0,0,0,0,0,0,0,0,0,0,0,0,0,0,0,0,0,0,0,0,0,0,0,0,0,0,0,-0.255361067172579,0,0,0,0,0,0,0,0,0,0,0,0,0,0,0,-0.0362552688508477,0,0,0,0,0,0,0,0,0,0,0,0,0,0,0,0,0,0,0,0,0,0,0,0,0,0,0,0,0,0,0,0,0,0,0,0,-0.00937950826430084,0,0,0,0,0,0,0,0,0,0,0,0,0,0,0,0,0,0,0,-0.00425256154008276,0,0,0,0,0,0,0,0,0,0,-0.208888057667801,-0.132126567321645,0,0,0,0,0,0,0,0,0,0,0,0,0,0,0,0,0,0,0,0,0,0,0,0,0,0,0,0,0,0,-0.367765839591769,0,0,0,0,1.35918662526449,0,0,0,0,0,0,0
"ZFP523",0,0,0,0,-0.011023638057984,0,0,0,0,0,0,0,0,0,-0.00637642219103755,0,0,0,0,-0.00258062013312214,0,-0.00324737861830542,-0.0199351638265647,0,-0.00171832001079046,0,0,-0.000158944402893754,-0.00870906778277545,0,-0.020792472643677,0,0,0,0,0,0,0,0,0,0,0,-0.0114003680746137,0,0,-0.0219585978957638,0,0,0,0,0,0,0,-0.0160124326665016,0,0,0,0,0,0,0,0,0,-0.00143247883105609,0,0,0,0,0,-0.000366625894240594,0,0,0,-0.00918220675073423,0,0,0,0,-0.00244836225812536,-0.0342760534008423,0,0,0,0,0,0,0,0,0,0,0,0,0,0,0,0,-0.0420356759045336,-0.00719307856366145,0,0,0,0,-0.017023744046065,0,0,0,0,0,-0.000902505744959491,0,0,0,-0.00239308619020609,0,0,0,0,-0.00549134451153684,-0.0149965292139846,0,-0.00676649495971124,-0.031013772814275,0,0,0,0,0,-0.0460183802374716,0,-0.0072360214488361,0,-0.0154034446946642,0,-0.00480267465699987,0,0,0,0,0,-0.233362913548419,0,0,0,0,0,0,0,0,0,0,0,-0.252840245193201,0,0,0,0,-0.0119035166660346,0,0,0,-0.001662202767517,0,0,1.15125081815995,-0.012841619661289,0,0,0,-0.0215816575788661,0
"ZFP566",0,0,0,0,0,0,0,0,0,0,0,0,0,0,0,-0.00956424343013782,0,0,0,0,-0.0450763703380796,0,-0.0621909465563216,0,0,-0.00339620656474054,0,0,0,0,0,0,0,0,0,0,0,-0.0566492513185875,0,0,0,0,0,0,0,0,0,0,0,0,-0.00435691278522189,0,0,0,-0.0299291226413411,0,0,0,0,0,0,0,0,0,0,0,0,0,0,0,0,0,0,0,0,0,0,0,-0.0591780928847078,-0.0365566361365329,0,0,0,-0.0087467718796478,0,0,0,0,0,0,0,-0.0071980294159772,0,0,0,0,-0.0569920131738489,0,0,0,0,0,0,0,-0.0129674459718424,0,-0.041725054805419,0,0,0,0,0,0,0,0,0,0,-0.141866942142383,-0.0174536598023745,-0.208100870096578,0,0,0,0,0,0,0,0,0,0,0,-0.0423643940417841,0,0,0,0,0,0,0,0,0,0,0,0,0,0,-0.0553536431726754,-0.0840229615552216,0,0,0,0,0,-0.0384895708244994,-0.0458724292640906,-0.0147428860425471,0,0,0,-0.0552197595978645,0,0,0,-0.01284168486846,1.35848559788177,-0.123842625910996,0,0,-0.0892115369778009,0
"ZFP64",0,0,-0.0085186383379708,0,0,0,0,0,0,0,0,0,0,0,-0.0143720465961955,0,0,0,0,0,-0.0336262468703883,0,-0.00849298399918709,-0.0313294859880411,0,-0.00559502892202455,0,0,0,0,-0.000204105346076677,0,0,0,0,0,0,0,0,0,0,0,0,0,0,0,0,0,0,-0.0149585177301735,0,0,0,0,-0.0220897840720624,0,0,0,0,0,0,0,0,0,0,0,0,-0.000605288428036463,0,0,-0.0024765991312967,-0.0187907263043713,0,0,0,0,0,0,-0.0270787822773522,-0.117019975071443,0,0,0,-0.0386701474058925,0,0,0,0,0,0,0,-0.0244613451880491,0,0,0,0,-0.0280231672139832,-0.00839825211396066,0,-0.00502448226735715,-0.00564863717769377,0,0,0,-0.00186314287071373,0,-0.0360222624261302,0,0,0,0,0,0,0,0,0,0,-0.0468782175216103,0,-0.129045853919037,-0.0373104821423894,0,0,0,0,0,0,0,0,0,0,-0.0312579349475012,0,0,0,0,0,0,0,0,0,0,0,0,0,0,-0.0236129169547571,-0.00732035052891108,0,0,0,0,0,-0.0364429100197148,0,-0.0153598987747737,0,0,0,0,0,0,0,0,-0.123841366491042,1.16750713627433,0,0,-0.0752113853953304,0
"ZFP740",0,0,0,0,-0.00178704049806127,0,0,0,0,0,0,0,0,0,0,0,0,0,0,0,0,0,0,0,0,0,0,0,0,0,0,0,0,0,0,0,0,0,0,0,0,0,0,0,0,0,0,0,0,0,0,0,0,0,0,0,0,0,0,0,0,0,0,-0.00389591935825099,0,0,0,-0.0127308706219512,0,0,0,0,0,0,0,0,0,-0.0554676397900575,0,0,0,0,0,0,0,0,0,0,0,-0.0130604367677961,0,0,0,0,0,0,0,0,0,-0.00167433122588524,0,0,0,0,0,-0.00887211511701577,0,0,0,0,0,0,0,0,0,0,0,0,0,0,-0.0442070852241746,0,0,-0.000325834158579927,-0.00681766032537948,0,0,0,0,0,0,0,0,0,0,0,0,0,0,0,0,0,0,0,0,0,0,-0.00232630516000877,0,0,0,0,0,0,0,0,-0.37002030156125,0,0,0,0,0,0,0,0,0,1.09318289944514,0,0,0
"ZFP768",0,0,0,0,0,0,0,-0.00164752470562754,-0.00985513343993329,0,0,0,-0.0102420066381712,0,0,0,-0.00942159881340967,0,0,0,0,0,-0.00553974639560157,0,-0.0129133093247311,0,0,0,0,0,0,0,-0.00235938260245078,-0.00213945700699289,0,0,-0.0190611420727542,0,0,0,0,0,-0.0294090888600331,0,0,0,0,0,0,-0.00921677104606177,0,0,0,0,0,0,0,0,-0.0118081331911464,-0.00125163949061622,0,0,0,0,0,-0.0137260630193411,-5.87659789050286e-05,-0.000920191011548665,0,0,0,-0.0245296246946654,0,0,0,-0.00358444175261752,0,0,0,0,0,0,0,0,0,0,-0.014605248411836,0,0,0,0,0,0,-0.00536039394224838,-0.00206484387848013,-0.000391841443146068,0,0,0,0,-0.0160767900551493,-0.00768632172248165,-0.02049010027463,0,-0.00961775281791188,-0.0106877095064302,-0.0088777115250432,-0.00634064678291913,0,-0.00658957777525027,-0.00884654961041168,0,-0.000652075388221287,0,-0.00317960633620156,-0.0263211134573377,0,0,0,0,0,0,-0.0373939804612331,0,0,0,0,0,0,0,0,0,-0.0279676327180941,-0.0126019902588975,-0.007755963923438,0,0,0,0,0,0,0,0,0,0,0,0,0,0,-0.00954085622980752,0,0,-0.0227594645075894,0,-0.00188877046755029,-0.00167430303740971,-0.00554513422489275,0,0,0,-0.0217749189081443,0,0,0,0,0,0,0.947470735822661,-0.0104860122140129,0
"ZFX",0,0,0,0,0,0,0,0,0,0,0,0,0,0,-0.00225773063688369,0,-0.0159333831025649,0,0,-0.0223075461729508,-0.00423836666477552,-0.027457941056551,0,-0.00995210906811364,-0.0134828619710789,0,0,0,0,0,-0.021518882600029,0,0,0,0,0,0,-0.0246989130591977,0,0,0,0,0,0,0,0,0,0,0,0,0,0,0,0,0,0,0,0,0,0,0,0,0,-0.0166847142078949,0,0,0,0,0,-0.0127644224712743,-0.0308709724820279,-0.0155242346739419,0,-0.064988704752757,0,0,0,0,-0.0260465722755344,-0.0486345050140397,0,0,0,0,0,0,0,0,-0.00529574287995358,0,0,-0.00418964352222142,0,0,0,0,-0.0435117808812895,-0.0382939227962646,0,0,-0.0175283449005444,0,0,0,0,0,-0.0531706053013973,0,0,0,0,0,-0.011860019054996,0,-0.0181310991966036,-0.0175313267368001,0,-0.0546766620715325,-0.0128401854513636,-0.136912094616328,-0.0401104807909832,-0.0529986439180078,0,0,0,0,0,0,0,0,0,-0.0394438216667933,0,0,0,0,0,0,0,-0.0107371068266278,0,0,0,0,0,0,-0.0390276863613707,0,0,0,0,-0.00216948194574444,0,-0.0398800604988425,0,-0.00360470249960952,0,0,-0.00202302962294918,-0.0115129994380989,0,0,0,-0.0215832269143249,-0.0892128342510999,-0.0752114398650295,0,-0.0104800266171939,1.27772448422688,0
"ZSCAN20",0,0,0,0,0,0,0,0,0,0,0,0,0,0,0,0,0,0,0,0,0,0,0,0,0,0,0,0,0,0,0,0,-0.0193246986897233,0,0,0,-0.00329076550425632,0,0,0,0,0,-0.0171326405551074,0,0,0,-0.0126590337028363,0,0,0,0,0,0,0,0,0,0,0,-0.00706167343767883,0,0,0,0,0,0,-0.00480540335586862,0,0,0,0,0,0,0,0,0,0,0,0,0,0,0,0,0,0,0,0,0,0,0,0,0,0,0,0,0,0,0,0,0,0,0,0,0,0,0,0,0,0,0,-0.0143400643349069,-0.023612127149942,-0.00537133703117226,0,0,-0.00190576428918179,-0.0318389301471685,0,0,0,0,0,0,0,0,0,0,0,0,0,0,0,0,0,-0.0150406536876122,0,0,0,0,0,0,0,0,0,0,0,0,0,0,0,0,0,0,0,0,0,0,0,0,0,0,0,0,0,0,0,0,0,0,0,0.911797566296284
