"","AHR","ARID3A","ARNT","ARNTL","ATF1","ATF2","ATF7","BATF","BBX","BCL6","BHLHE40","BHLHE41","CBFB","CEBPB","CREB1","CREM","CTCF","DDIT3","DMRT2","E2F1","E2F3","E2F4","E2F6","EGR1","EGR2","ELF1","ELF2","ELF4","ELK1","ELK3","ELK4","EOMES","ETS1","ETS2","ETV3","ETV5","ETV6","FLI1","FOS","FOXD2","FOXJ2","FOXJ3","FOXN3","FOXO1","FOXP1","GABPA","GATA3","GFI1","HEYL","HIC1","HINFP","HMG20B","HOMEZ","IKZF1","IKZF3","IRF1","IRF2","IRF3","IRF4","IRF7","IRF8","IRF9","ISL2","JDP2","JUN","JUNB","JUND","KLF10","KLF13","KLF2","KLF3","KLF6","KLF7","KLF8","KLF9","MAFK","MAX","MAZ","MBD2","MECP2","MEIS3","MEOX2","MLX","MXD1","NFATC1","NFE2L1","NFE2L2","NFIL3","NFKB1","NFKB2","NFYA","NFYB","NFYC","NR1D2","NR3C1","NR4A2","NRF1","PATZ1","PAX9","PBX3","PKNOX1","PRDM1","PRDM16","PRDM4","RBAK","RELA","RFX1","RFX7","RORA","RUNX1","RUNX2","RUNX3","RXRB","SETBP1","SMAD3","SMAD4","SNAI3","SP1","SP110","SP2","SP3","SP4","SPI1","SREBF1","SREBF2","STAT1","STAT2","STAT3","STAT4","STAT5B","STAT6","TAF1","TBX21","TCF12","TCF3","TEF","TFDP1","TFE3","TFEB","THAP11","THRB","TIGD2","TRP53","USF1","VAX2","XBP1","ZBTB14","ZBTB17","ZBTB20","ZBTB3","ZBTB49","ZFP143","ZFP212","ZFP213","ZFP260","ZFP263","ZFP281","ZFP287","ZFP324","ZFP335","ZFP398","ZFP410","ZFP422","ZFP523","ZFP566","ZFP64","ZFP740","ZFP768","ZFX","ZSCAN20"
"AHR",1.01446989895185,0.00333519762174601,-0.134181934393373,0.0349415402728816,-0.0144058089786377,0,0,0,0,0,0.0126390595520229,0,0,0,0,0,-0.00224945043809,0,0,0,-0.00262639059057132,0,0,-0.0140692113657223,0,-0.00179206320408332,0,-0.0111018648809351,0,0,-0.00508756242376682,0,0,0,0,0,0,0,0,0,0,0,0,0,0,0,0,0,0,0,-0.00235937220044977,0,-0.0139835872250725,-0.00738882394709779,0,0,0,0,0,0,0,0.00334054712631171,0,0,0,0,0,0,0,0,0,0,0,-0.00518993033302368,0,0,0,0,0,-0.0451822615028842,0,0,0.00976205315501395,0,0,0,0,0,0,-0.0106134951198557,0,-0.0109650553522716,0,0,-0.00458713403309064,-0.0048199587243721,-0.00596213007268907,0,0,-0.000561903953743184,-0.00679075379124968,0,0,0,0,0,0,-0.0304770992422425,0,0,0,0,0,-0.0219241787909521,0,-0.020514346083448,0,0,-0.0111942370048389,0,0,-0.0286067279001053,0,0,0,0,0,0,0,0,0,0,0,0.00723107121906876,0,0,0,0,0,-0.00557358977884397,0,0,0,0.0215950953001852,0,0,-0.0198786883552961,0,0,0,-0.0095598414936998,-0.00580116989611942,0,-0.0122991732166209,-0.0134986941489948,0,0,0,0,0,0,0.000154010857299043,0,0,0,-0.00919914129493963,0,0,0,0
"ARID3A",0.00333544914370003,1.21324789436912,0,0,0,-0.018464470156871,0,-0.0369947612401041,-0.0996112963606913,0,0,0,0,0,0,0,-0.0650144157237718,-0.0275694854825917,-0.0775076760944358,0,0,0,0,0,0,0.00917316181863572,0,0,0,0,0,0,0,0,0,0,0,0,0,0,-0.0089802149532569,-0.0259259486961391,-0.0434524868018086,0,0,0,-0.0460965448350307,-0.0568360097952627,0,-0.00211211510363309,0,-0.0514777618198552,0,0,0,-0.008623866168453,0,0,-0.0104067854600939,-0.0186100721707036,0,-0.0322677629760953,-0.184299845161506,0,0,0,0,0,0,0,0,0,0,0,0,-0.0279289991840766,0,0,0,0,0,-0.0507739998384589,0,0,0,-0.0338139907723856,0,-0.0160235901704348,0,0,0,0,0,-0.00239739655453588,-0.0123287127667241,-0.0297529229236377,0,0,-0.000525197861871208,-0.00330635338577121,0,0,0,-0.00907211682985899,0,0,0,-0.0223893952843221,-0.038013043491862,-0.0224441210151157,0,0,0,0,0,-0.00953336787619945,0,0.00022087054743391,-0.00192795174941141,0,0,0,0,0,0,0,0,0,0,-0.0269246287070328,-0.0122805719648107,-0.00457043365670286,-0.00766663700490446,0,0,-0.00646542245788063,0,0,0,0,0,0,-0.0228518938033609,0,-0.0411644957474501,0,0,0.0160643094862501,-0.00639028579898876,-0.00752068738025726,0,0,0,0,0,0,0,-0.0963238274889096,0,-0.0059382729545529,0,0,-0.0289412988325061,0,0,0.0105514753005752,0,-0.00910309216123704,0.00204845948716368,-0.000883238433656542
"ARNT",-0.134205813176779,0,4.2353040150264,-1.40963414732627,0,0,0,0,0,0,-1.11127537827722,0,0,0,0,0,0,0,0,0,0,0,0,0,0,-0.00152580532410058,0,0,0,0,0,0,0,0,0,-0.00336985623543796,0,0,0,0,-0.0077427766598756,0,-0.018730352035914,0,0,0,-0.0278902727834703,0,-0.196079309606163,0,0,0,0,-0.00377165929231455,0,0,0,0,0,0,0,0,0,0,0,0,0,0,-0.0037564901429728,0,0,0,0,0,0,0,-0.922728365139338,0,0,-0.0162692540111123,0,0,-0.652042288181382,-0.254229797574441,0,0,0,0,0,0,0,0,0,0,0,0,-0.0134085221283978,0,0,0,0,-0.0107791611245739,0,0,0,0,0,0,0,0,0,0,0,0,0,-0.0134333795542497,0,0,-0.02432519959739,0,0,0,0,0,0,0,0,0,0,0,0,0,0,0,0,0,0,0,0,0,-0.00166748013146656,0,-0.0100828268643474,-0.0551921898994379,0,0,0,0,0,0,0,-0.00406677047659178,0,0,0,-0.0150330678388215,0,0,0,0,0,0,0,0,0,0,0,0,0,0
"ARNTL",0.034930058983584,0,-1.40949980709596,4.78120534593625,0,0,0,0,0,0.0111448454219553,0,-0.056350609425194,0,0,0,0,0,0,0,0,0,0,0,0,0,0,0,0,0,0,0,0,0,0.00153490869038646,0,0,0,0,0,0,0,0,0,0,0,0,0,0,-0.571200223532017,0,0,0,0,0,0,0,0,0,0,0,0,0,0,0,0,0,0,0,0,0,0,0,0,0,-0.00214646430851144,0,-0.134540791198566,0.00251078165363141,0,0,0,0,-0.94041449507582,-0.1755565950815,0,0,0,0,0,0,0,0,0,0,0,0,0,0,0,0,0,0,0,0,0,0,0,0,0,0,0,0,0,0,0,0,0,0,0,0,0,0,0,0,0,0,0,0,0,0,0.0033960899438869,0,0,0,0,0,0,-0.208192854882588,-0.716580280299514,0,0,0,0,-0.952396855318223,0,-0.161254930277378,0,0,0,0,0,0,0,0,0,0,0,0,0,0,0,0,0,0,0,0,0,0,0,0.000527940682240406
"ATF1",-0.0144056096488062,0,0,0,2.64546133726316,0,0,0.0456556678990332,0,0,0,0,0,0,-1.11912263335669,-0.688607225565825,0,0,0,0,0,0,0,-0.0128003341074181,0,0,0,-0.00761071346173662,-0.000624857040548487,0,0,0,0,0,0,0,0,0,0.122555174123424,0,0,0,0,-0.00360294086623768,0,0,0,0,0,0,-0.0404137472909525,0,0,0,0,0,0,0,0,0,0,0,0,-0.38465462771752,-0.0721554646140769,0,0,0,0,0,0,0,0,0,0,0,0,0,0,0,0,-0.005288728174144,0.0136352053816658,0,0,0.0085219442641628,0,0,0,0,0,-0.0356185379788028,0,0,0,0,0,0,0,0,-0.022211108738262,0,-0.00918522794099634,0,0,0,0,0,-0.0121166573427758,0,0,0,0.0103843488205831,0,0,0,0,0,0,0,0,0,0,-0.0344089587406731,0,0.00772405477311855,0,0,0,0,0,0,0,0,0,-0.0415665856683399,-0.00347410452631595,0,0,-0.010275032482576,0,0,0,0,0,-0.206446028519836,0,0,0,0,0,-0.0111264725881033,0,-0.0386718230592025,0,-0.0140994576573552,0,0,0,0,0,0,0,-0.0119774212984173,0,0,-0.0150410044952813,0,0,0
"ATF2",0,-0.018488244406359,0,0,0,5.53573106793254,-4.01723748441174,0,-0.019396974296543,0,0,0,0,0,-0.0651874341001828,-0.627276075304059,0,-0.0982570458379266,0,0.00386372466604315,0,0,0,0,0,0,0,0,0,0,0,0,0,0,0,0,0,0,0,0,0,-0.0159360374596231,0,0,0,0,0,0,0,0,0,0,0,0,0,0,0,0,0,0,0,0,0,-0.49717429514485,0.0982364514321215,0,0,0,0,0,0,0,0,0,0,0,0,0,0,0,0,0,0,0,0,0,-0.000596052144574393,-0.0127188633392973,0,0,0,0,0,0,-0.0226198927684077,0,0,0,-0.00503264158792936,0,0,0,-0.00558284205056162,0,-0.00586411118175226,0,0,0,-0.00919224402226436,0,0,-0.0019331363341012,-0.132124209532141,0,-0.00621279241050556,0,0,0,-0.0231099293526071,0,0,0,0,0,0,0,0,-0.0439629486881916,0,0,0,0,0,0,-0.00604398172319945,0,0,0,0,0,-0.092962946798826,0,0,0,0,0.03037002714608,0,0,-0.0175743033964276,0,0,0,0,0,0,0,0,0,0,0,0,0,0,0,0,0,0,0,0,0
"ATF7",0,0,0,0,0,-4.01718790724632,6.44785582060879,0,0,0,0,0,0,0,-0.454529817600779,-1.07048018984603,0,0,0,0.0158101621469348,0,0,0,0,0,0,0,0,0,0,0,0,0,0,0,0,0,0,0,0,0,0,0,0,0,0,0,0,-0.0158483197915817,0,-0.00795681509649113,0,0,0,0,0,0,0,0,0,0,0,0,-0.982097806520068,0.130393004334226,0,0.224510147674899,0,0,0,0,0,0,0,0,0,0,0,0,0,0,0,0,0,0.00721192990062117,0,0,0,0,0,0,0,0,0,0,0,0,0,0,0,0,0,-0.00838543988666613,0,0,0,0,0,0,0,0,0,0,0,0,0,0,0,-0.0305435831743279,0,0,0,0,0,0,0,0,0,0,0,0,0,0,0,0,-0.0587165956574193,0,0,0,0,0,0,0,0,0,0,0,0,0,0,0,0,0,0,0,0,0,0,0,0,0,0,0,0,0,0,0,0,0,0
"BATF",0,-0.0369843642027953,0,0,0.0456745402278878,0,0,2.72023182914275,0,0,0,0,0,0.00078435035977654,0.0688174267022906,0,0,0,0,0,0.00446410146385879,0.0595167124379646,0,0,0,0,0,0,0,0,0,0,0,0,0,0.0067192395164009,-0.0200997453510895,0,-1.10576356917263,0,0,-0.0151368903684687,0,-0.00794432887338698,0,0,-0.0178860461025892,0,0,0,0,-0.0188215273063857,0,0,0,0,-0.00581382826277572,0,-0.0245802000284107,0,0,0,-0.000881099415328344,-0.141604308676364,0,-0.522274179769731,-0.374208969229795,0,0,0,0,0,0,0,0,-0.106415464748846,0,0,0,0,-0.0115576607882049,0,0,0,-0.0147881228398239,-0.14906006597082,-0.193199535553163,0,0,0,0,0,0,-0.00238494080189571,0,-0.017533773366862,0.0306146147028855,0,0,0,0,0,0,0,0,0,0,0,0,-0.0429367461787942,-0.000947312329617337,0,0,0,0,-0.0150531578458528,0,0,0,0,0,0.00444124176173181,0,0,-0.0154835865527726,0,0,0,0,-0.0174707443615934,-0.0311142852037185,0,-0.0194582377378176,0,0,0,0,0,0,0,0,0,-0.015729248277601,0,0,0,0,0,-0.0047678562065947,0,0,0,-0.0176872430447061,0,0,0,0,0,0,0,0,-0.00534927820837818,0,0,0,0,0,-0.00428079884583503,0,-0.000141154586420239
"BBX",0,-0.0996119756292546,0,0,0,-0.0193642153750014,0,0,1.23035017451918,-0.00499855882418878,0,0,-0.0241689365743087,-0.00134625661816696,0,0,-0.0515630893575366,-0.028711354532836,-0.0430251698214569,0,0,0,0,0,0,0,0,0,0,0,0,-0.0108326495224202,0,0,0,0,0,0,0,0,0,0,-0.0257385928682119,-0.0180594069890198,0,0,-0.0530959957900328,0,0,-0.00520675492691376,0,-0.0440007434471315,0,-0.055329722809579,0,0,-0.0102832470827617,0,-0.0283395531541593,-0.0438309524373559,0,0,-0.0895375204295038,0,0,0,0,0,-0.0143037995228774,0,0,0,0,0,-0.000213158403364605,-0.0252618455332678,0,0,0,-0.018791407997871,-0.0260458030592314,-0.0316967099038996,0,0,-0.0250164108289375,-0.0553214917404144,-0.0216295173592938,0,0,0,-0.00482925708998341,0,0,0,-0.0081308063197997,-0.0314060987782385,0,0,0,-0.041631232430313,0,-0.0158730552696922,-0.016877013923626,0,0,0,0,-0.0248871616096273,-0.0358453569709107,-0.0200831746839357,0,0,-0.00323998456513597,0,-0.0118209565201181,-0.0135305546245665,0,0.00842875568305894,-0.0122511193289924,0,0,0,-0.0274894774684913,0,0,0,0,0,0,-0.0283271511210211,-0.0451966774560146,0,-0.0148629141910468,0,0,0,0,0,0,-0.00407713451022052,0,0,-0.0326253826309236,0,0,-0.039301196970109,0,0,-0.0262992028827888,-0.00848732360403248,0,0,-0.0131708152974498,0,-0.0016462354804469,0,0,-0.0482499102409647,-0.0252767359463601,-0.0149801784283346,0,0,0,0,0,0,0,-0.0125418801200174,0,-0.0127631101572795
"BCL6",0,0,0,0.0112565127870918,0,0,0,0,-0.0049941389964692,2.24077596061632,0,0,0,0,0,0,-0.00562711928373064,-0.0278817576382074,0,0,0,0,0,0,0,0,0,0,0.00165998299097778,0.0120667188658363,0,0,0,-0.0720003533910096,0.00863202508778276,0,0,0,0,0,0,0,0,0,0,0,-0.0130518293939948,0,0,-0.002656028786698,0,0,0,0,0,0,0,-0.355499525691398,0,0,0,0.00943428175046841,0,0,0,0,0,0,-0.0127329037541412,0,0.0290302493806163,0,0,0,0,-0.0061306130913401,0,-0.302827022874669,0,0,0,0,0,0,0,0,0,0,0,0.0158488074321517,0,0,0,-0.0174555912324464,0,-0.00812697465056191,0,0,0,0,0,0,0,-0.0023724531841639,-0.0649969284788375,-0.799074879648972,0,0,-0.0014310002983301,0,0,0,0,0,-0.0389169308321384,0,0,0,0,0.108422127636215,0,0,-0.044026584546361,0,0,0,0,-0.0404670053207741,-0.0891179572032903,-0.0819207513101451,-0.0047217465582493,0,-0.0435592194049206,0,0,0,0,0,0,0,0,0,0,0,0,0,0,0,0,-0.0023271082872536,0,0,-0.234254052663949,0,-0.029498224064652,0,0,-0.149923934542931,-0.0116216734920388,0,-0.167221760570127,0,0,0,0,0,-0.00309713264016957,0,0,0
"BHLHE40",0.0126418339634741,0,-1.11128566113332,0,0,0,0,0,0,0,2.91951281802206,-0.946299637657135,0,0,0,0,0,0,0,0,0,0,0,0,0,0,0,0,0,0,0,0,0,0,0,0,0,0,0,0,0,0,0,0,0,0,0,0,-0.338463479432458,0,0,0,0,0,0,0,0,0,0,0,0,0,0,0,0,0,0,0,0,0,0,0,0,0,0,0,0.410298164000024,0.00379983700830207,0,0,0,0,-0.435561571556591,0.106675749917938,0,0,0,0,0,0,0,0,0,0,-0.0157508022856416,0,0,0,0,0,0,0,0,0,0,0,0,0,0,0,0,0,0,0,0,0,0,0,0,0,0,0,0,-0.2420267479811,0,0,0.00549584970837189,0,0,0.0174869185593666,0,0,0,0,0,0,0,-0.0242897033344468,-0.155874928307081,0,0,0.025372305036541,0,-0.0249329856433121,0,0.117302193265172,0,0,0,0,0,0,0,0,0,0,0,0,0,0,0,0,0,0,0,0,0,0.000208308625719795,0,0
"BHLHE41",0,0,0,-0.0563980701771,0,0,0,0,0,0,-0.946308630788467,2.13272039161529,0,0,-0.0122729613118229,0,0,0,0,0,0,0,0,0,0,0,0,0,0,0,0,0,0,0,0,0,0.00463452539466147,0,0,0,0,0,0,0,0,0,0,0,-0.339609499790661,0,0,0,0,0,0,0,0,0,0,0,0,0,0.00928230457495639,0,0,0,0.0168305703881224,0,0,0,0,0,0,0,0,0,0.0958489965311216,0,0,0,0,0,0,0,0,0,0,0,0,0,0,0,0,0,0,0,-0.0114789247416164,0,-0.0213558125942818,0,0,0,-0.000968276362582215,0,0,0.0041637457580466,-0.014515113804524,0,0,0,0,0,0,0,0,0,0.00314447542147566,0,0,0,0,0,0,-0.0163647992813526,-0.0473859917887337,0,0,0,0,0,0.00591129603660784,0,0.00863708738969273,0,0,0,0,0,-0.525369519858161,0,0,0,0,0,0,0,-0.0366111628776621,0,0,0,0,0,0.000686993936180424,0,0.000626213425589234,0,0,0,0,0,0,0,0,0,0,0,0,0,0,0
"CBFB",0,0,0,0,0,0,0,0,-0.0241696931685666,0,0,0,2.33680205589249,0,0,0,-0.00137578539929351,-0.0138416028439273,0,0,0,0.00257656224937287,0,0,0,0,0,0,0,0,0,-0.0493477598245912,0,0,0,0,0,0,-0.000616136856968601,0,0,0,0,0,0,0,-0.00315152570768916,-0.00486670920840127,0,-0.0132135461222794,0,0,0,0,0,0,-0.000609438770319236,0,0,0,0,0,0,0,0,-0.00721289406933733,0,0,0,0,0,0,0,0,0,0,0,0,0,0,0,0,0,0,-0.00253674290292319,-0.0219070960158548,-0.00417210436521162,0,-0.00403048506880681,0,0,0.0132303000117835,0,0,-0.0548940601512883,-0.0481805014311836,0.000698728508627127,0,0,0,0,0,0,0,0,0,0,-4.50457905966246e-06,-0.00815459819845595,-0.753967384455657,-0.708150225768293,-0.337426474643554,0,0,-0.00167326766216354,0,0,0.0259138145195134,0,0.00596899679005113,0,0,0,0,0,0,0,0,-0.0139686246580581,-0.00444896981484029,-0.050717396063438,0,-0.0201233765497825,0,-0.0211849616175113,0,0,0,0,0,0,0,-0.0395416113817185,0,-0.00437891536516442,0,0,0,0,-0.00390374777125117,0,0.00437315350693503,-0.00635949486081836,0,0,-0.00024326370453371,0,0,0,-0.00802771787567477,0,0,0,0,0.000629364839857466,0,0,-0.0241380057616185,0,0
"CEBPB",0,0,0,0,0,0,0,0.000799844548106026,-0.00134362989016946,0,0,0,0,1.11564467760901,0,0,-0.0343552665106407,-0.00501477433576721,-0.000703237850895152,0,0,0,0,0,0,0,0,0,0,0,0,-0.00537347623031331,0,0,0,0,0,0,0.0338694451892673,0,0,0,-0.000729574459933432,0,0,0,-0.0104082028223958,-0.0425860585066672,0,0,-0.00765631892346681,-0.0193050254419083,0,0,0,0,0,0,0,0,0,-0.037386666960975,0,0,-0.101068545023199,0,0,0,-0.017763332036356,0,0,0,0,-0.00956670875426233,0,0,0,0,0,0,-0.00253605055547918,0,0,0,-0.014285609169709,-0.0017660394977732,0,-0.285551173362743,0,0,0,0,-0.0215111181787564,0,0,-0.00231032503208633,0,-0.00477668270314748,0,-0.000598096552875526,-0.0142747991971455,0,0,-0.0049018347622298,0,0,0,0,0,0,0,0,0,-0.0222848686554174,0,-0.00114956203070041,0,0,-0.000406539251030551,0,0,0,0,0,-0.00910295232275399,0,0,0,0,0,0,-0.043774444785012,0,0,-0.0207321374318423,-0.032443917952132,0,0,0,0,0,-0.0188265395477461,-0.0015379178122785,0,0,0,0,0,0,0,-0.0175913313645736,0,0,0,0,0,0,0,0,0,0,-0.00636738550429113,0,0,0,0,0,0,0,-0.00973294393473048
"CREB1",0,0,0,0,-1.11913411812205,-0.0651999287621014,-0.454510406627046,0.0688998138987657,0,0,0,-0.0122542414892971,0,0,3.29552468546275,-0.73183646008165,0,0.0162655793808706,0,0,-0.0467113758224917,0,0,-0.00477402706390662,0,0,0,-0.0165720679212376,0,0,0,0.00668980689336202,0,0,0,-0.0190672257051029,0,-0.00698477162769132,0.021198098795741,0,0,0,0,0,0,0,0,0,0,0,-0.0198672935458781,0,0,0,0,0,0,0,0.0343590307248774,0,0,0,0,-0.770176572058101,0,0,0.152016938799219,0,0,-0.00160449318950423,0,0,0,-0.036671280565082,0,0,0,0,0,-0.00234544546491901,0,0,0.019031876011594,0,0,0.00457819071241114,0,0.00750876060216927,0,0,0,0,0,0.0045239134789956,0,0,-0.000771159121522122,-0.0190048271771307,-0.018463116532122,0,0,0,0,0,0,0.00222233712586425,-0.0208694735574707,0,0,0,0,0,0.0579056464581024,0,0,0,0,0,-0.00534889452596972,0,0,0,0,0,0,0.00459490495295471,0,0,0,0,0,-0.0369048615038285,0,0,0,0,0,-0.0189972105772979,0,0,0,0,0,0,0,0,-0.0245428137317606,0,0,0,-0.00486193590799026,0,0,0,0.00430871593869568,0,0,0,0,0,0,0,0,-0.0164209279801259,0,-0.0263564195336339,-0.0173352301236786,0,-0.0105115254522557,0
"CREM",0,0,0,0,-0.688652348374732,-0.627410950559798,-1.07048821116952,0,0,0,0,0,0,0,-0.731828153687149,3.57007670952891,0,0,0,0,0,0,0,0,0,0,0,0,0,0,0,0,0,0,0,0,0,0,0,0,0,0,0,0,0,0,0,0,0,0,-0.00957514211965258,0,0,0,0,0,0,0,0,0,0,0.00297087074149666,0,-0.31122303885799,0.0028372837010929,0.000668716218041487,0.0872012193804286,0,0,0,0,0,0,0,0,0,-0.0340566141665715,0,0,-0.0358737786178961,0,-0.000749245578498111,0,0,0,0,0,0,0,-0.00119659011743455,0,0,0,0,0,0,0,0,0,0,0,0,0,0,0,0,0,0,0,0,0,0,0.0023208565141175,0,0,0,0,0,-0.0015972050010916,0,0,0,0,0,0,0,0,0,0,0,0,0,0,0,0,-0.032734373676878,0,0,0,0,0,0,0,0,0,0,0,0,0,0,0,0,0,0,0,0,0,0,0,-0.00631036474118314,0,0,0,0,-0.00318915567258745,0,0,0,0,0
"CTCF",-0.00224868843399249,-0.0650138450419198,0,0,0,0,0,0,-0.0515619936628803,-0.00562553237684348,0,0,-0.00136644823800651,-0.0343555367057492,0,0,1.28086969420118,0,0,0,0,0,0,0,-0.0164834336368887,0,0,0,0,0,0,0,0,0,0,0,0,0,0,0,0,-0.0147516784791838,-0.0205731643167841,0,0,0,-0.0399892500050472,-0.00230704718424186,-0.00141854889897815,-0.205661545373443,0,-0.0305298522885308,-0.00336895927701705,-0.0155005304819891,-0.000695990925201481,0,0,0,-0.00897966999039974,0,0,0,0,0,0,-0.0129473643925601,0,0,-0.00671233161629668,0,0,0,0,-0.0576221023875343,0,-0.0225911500152529,0,0,0,-0.00332551743213986,-0.019105258204014,0,0,0,0,-0.0144113484443285,0,0,0,0,0,0,0.00617107989342985,0,-0.0108858176118875,-0.0143589190584448,0,0,-0.0268805032190526,0,0,-0.0154267176461306,0,-0.025362201712924,0,0,0,-0.00349255701141275,-0.00923778451272383,-0.00602591138583554,-0.0149689469032536,-0.00404587333939899,-0.0280202970856593,-0.00638229634199612,-0.0825382113926146,-0.0360591953397202,-0.0017628707260679,0,0,0,0,0,-0.0345181089096723,0,0,0,0,0,0,0,-0.000786226964380657,-0.0511643197362166,-0.0242193079403727,-0.105428785409319,-0.0358216672780155,0,0,0,0,0,0,0,-0.0154763904586727,0,-0.00250639600965279,0,0,0,0,-0.0612921186562307,0,0,0,0,0,-0.0251381618916576,-0.00505644402584955,-0.030644615366062,-0.0047071932484802,-0.0195486344384703,0,0,-0.00162086761223375,0,0,0,0,-0.00801783499937077,-0.0222564505454974,-0.0104397362764797
"DDIT3",0,-0.0275702283075713,0,0,0,-0.0982230284168091,0,0,-0.0287101455290565,-0.0278805393670984,0,0,-0.0138331189872829,-0.00501348862594641,0.0162584427478729,0,0,1.14443869060441,0,0,0,0.00626927860954766,0,0,0,0,-0.0304768179128708,0,0,0,0,-0.00432778205972189,0,-0.00371412473270942,0.000879156930960403,0,0,0,0,0,0,-0.0115039149862951,0,0,0,0,-0.0540053965763072,0,0,-0.0247611407632723,0,-0.00685171988856652,0,0,0,0,0,0,0,0,0,-0.00562568655547828,0,0,-0.053302600253358,0,0,0,0,0,0,0,0,0,0,0,0,0,0,0,-0.00675795763796762,0,0,0,-0.00325755550340356,-0.000761298399814014,-0.0169371405928312,-0.361936228173089,0,0,0,0,0,0,0,-0.0104038473567497,0.00531318955557601,0,0,0,0,0,0,0,0,0,0,0,0,-0.0234720159570566,0,-0.00185504833177833,0,0,-0.0144837689974023,-0.0280105780008631,0,0,0,0,0,0,-0.000949165356233632,0,0,0,0,0,0,0,-0.00354158948769706,0,-0.0151514224053281,-0.000109845590903841,-0.00735907792084709,0.14983323374002,0,0,0,0,0,0,0,0,0,0,0.0023024247952353,0,0,-0.000188220576083453,0,0,0,0,0,0,0,0,-0.0170053895429602,0,-0.0064262628310638,0,-0.00666306561262015,0,0,0,0,0,0,-0.0027400447881806
"DMRT2",0,-0.0775077141034334,0,0,0,0,0,0,-0.0430245485027631,0,0,0,0,-0.000702945568434689,0,0,0,0,1.02491792492471,0,0,0.000166267852035312,0.00219787499860739,0,0,0,0,0.00139794220179932,0,0,0,0,0,0,0,0,0,0,0,0,-0.00742438192183769,-0.0223885327666093,0,0,0,0,-0.0186411871427087,-0.0192427746930188,0,0,0,-0.069185602478044,-0.00574707506299931,0,0,-0.00447388052818473,0,0,0,-0.000642590071158935,0,0,0,0,0,-0.0127440959003075,0,0,0,0,0,0,0,0,0,0,0,0,0,0,0,0,0,0,0,-0.014394620845111,-0.0206589823271894,0,0,0,0,0,0,0,0,0,0,0.00121553096450773,0,0,0,0,0,0,0,0,0,0,0,-0.0188717296054449,0,0,0,0,0,0,0,0,0,0,0,0.0100535902707507,0,0,0,0,0,0,0,-0.00716708770354594,0,0,0,0,-0.00296784748509144,0,0,0,0,0,0,0,0,0,0,0,0,0,-0.117853405756025,0,0,0,0,0,0,0,0,-0.0179187445508082,0,0,0,0,0,0,0,0.0109842972249418,0,0,0,0
"E2F1",0,0,0,0,0,0.00373240954176843,0.0156492042572341,0,0,0,0,0,0,0,0,0,0,0,0,5.28038608362977,-0.191674579343873,-3.08679522640978,-0.462448853117627,0,0,0,0,-0.00953607217071697,0,0,0,0.0101888353496275,0,0,0,0,0,0,0.0108435812730623,0,0,0,0,0,0,0,0,0,0,0,0,0,0,0,0,0,0,0,0,0,0,0,0,0,0,0,0,0,0.216564192554191,0,-0.370130467360384,-0.0646667718578615,-0.544488708121019,-0.0580938508737826,0,0,0,0,0,0,0,0,0,-0.00461663936624705,0,0,0,0,0,-0.0120656736493286,0,0,0,0,0,0,-0.0255147404467486,-0.390890441287187,0,0,0,0,0,0,0,0.0702511765814529,-0.00763439014906538,0,0,0.0213274173824026,0,0,0,0,0,0,0,0,0,-0.171937974705156,-0.0746290187878042,0,0.0385790431672444,0,0,0,0,0,0,0,0,0,0,0,0,0,-0.131652276997689,0,0,0,0,-0.0156856929552694,0,0,0,0,0,0,0,0,0,0,0.00785807238611202,-0.022444759255187,0.0111376300923439,-0.0169767551483555,0,0,0,0,0,0,0,-0.00119269389042167,0,0,0.062108885378053,0,-0.023543055473607,0
"E2F3",-0.00262594373141091,0,0,0,0,0,0,0.00452128829750278,0,0,0,0,0,0,-0.0466770878931389,0,0,0,0,-0.19167408827546,2.3927072655957,0,-1.12743371805458,0,0,-0.0155856296487779,0,0,0,0,-0.00918068079426173,0,0,-0.00527954241055926,0,0,0,0,0,0,0,0,0,0,0,0,0,0.00497438004602492,0,-0.0176046414086047,0,0,0,0,0,0,0,0,0.0158879716293948,0,0.000538323714393445,0.00187828404685645,0,0,0,0,0,0,0,0,0,0,0,0,0,0,-0.0183612819245168,0,-0.0639364457855036,0,0,0,0,0,0,0,0,0,0,0,0,-0.0446462765027406,0,0,0,0,0,0,0,0,0,-0.0097520349553532,-0.012676810675809,0,-0.0489402068448715,0,-0.0110504945323609,0,0,0,0,0.00996727024593797,0,-0.00655072244181099,0,0,0,0,-0.0206848219359641,-0.0322177196524444,0,0,0,0,0,0,0,0,0,0.013984327477752,0,-0.01353674305708,0,0,0,0,-0.563503905432049,0,0,0,0,0,-0.00302218674792671,0,0,-0.0141058869951326,-0.0919526550426434,0,0,0,0,0,0,0,0,-0.0486415539903256,0,0,0,-3.6038910398155e-05,0,0,0,0,-0.0518344472179225,-0.0475016062873912,0,0,0,0
"E2F4",0,0,0,0,0,0,0,0.0597459142830148,0,0,0,0,0.00249383845723483,0,0,0,0,0.00623715318639543,0.000150705205004502,-3.08685383110735,0,5.49684041320508,0,-0.0394511391296486,-0.0248320526759232,0,0,-0.0164544936284501,0,0,0,0.0214379833823368,0,0,0,0,0,0,0.0149193953635037,0,0,0,0,0,0,-0.00623243354625982,0,0,0,0,0,0,0,0,0,0,0,0,0,0,0,0,0,0,0,0,0,0,0,0,-0.0920852292994001,0,-0.171698225347585,-0.098666443614436,0,0,0,0.0658411543830063,0,0,0,0,0,0,0,0,0,0,0,0,-0.0515379068496176,-0.00847741881481099,0,0,0,0,-0.06727754673456,0,-0.00714339565653152,0,0,0,0,0,0.0553402896150076,0.0209611809600625,0,0,0,0,0,0,0,0,0,0,0,0,0,-0.194708585092737,0,-1.65454985532221,0.0188494975262412,0,0.0173495751585199,0,0,0,0,0,0,0,0,0,0,0,-0.0472242345556407,0,0,0,0,0,0,0,0,0,0,0,0,0,-0.00333427373752091,-0.0139836357055131,0,0,0,0,0,0,0,0,0.0163484905257645,0,0,-0.00780545730644912,0,0,0.038109721428328,0,-0.0279434455218325,0
"E2F6",0,0,0,0,0,0,0,0,0,0,0,0,0,0,0,0,0,0,0.00219621678326012,-0.462508350493095,-1.12740910760062,0,2.59157923215359,0,-0.0112196585880766,0,0,0,0,0,0,0,0,-0.00826306666550975,0,0,0,0,0,0,0,0,0,0,0,0,0,0,0,0,0,0,0,0,-0.137298470989585,0,0,0,0,0,0,0,0,0,0,0,0,-0.0679075261192288,0,0.0600001451814541,0,0,0.0199475585769912,0.110914496581093,0,0,0,-0.175020509813767,0,0,0,0,0,0,0,0,0,0,0,0,0,0,0,0,0,0,0,0,-0.0122495642875836,0,0,0,0,0,-0.0404723360717248,-0.0113791180626734,0,0,0,0,0,0,0,0,0,0,0,-0.117819761171969,0,0,0,0,0,0,0,0,0,0,0,0,0,-0.00530189801199205,0,0,0,0,-0.289452234005715,0,0,0,0,0,0,0,0,-0.00224884337079423,0,-0.19214311549183,0,0,0,0,0,-0.0214815728801956,0,-0.00710127905767325,0,0,-0.00289678617296005,0,-0.0595502725663381,0,-0.00174116880588791,-0.0307205642970257,-0.074598411367013,0,0,-0.0163637359270275,0,0
"EGR1",-0.0140662649511552,0,0,0,-0.0128685553951674,0,0,0,0,0,0,0,0,0,-0.00469365147167587,0,0,0,0,0,0,-0.0395797862103377,0,4.16090137339288,-2.7291491500395,-0.0170664228944964,0,0,0,0,0,0,0,0,0,0,0,0,0,0,0,0,0,0,0,0,0,0,0,0,0,0,0,0,0,0,0,0,0,0,0,0,0,0,0,0,0,-0.163100394979605,0,0,0,-0.00117649114475064,0,0,0,0,-0.0114626468801713,0,0,-0.00499251723166657,0,0,0,-0.024241316014317,0,0,0,0,0,0,0,-0.00997827817253708,0,0,0,0,-0.0563801872302005,0,0,0,0,0,0,0,0,0,-0.0472127465448321,0,0,0,0,0,0,0,0,0,0,-0.169566550324528,0,-0.0812041649812282,0,-0.526595359176207,0,0,0,0,0,0,0,0,0,0,0,0,0,0,0,0,0,0,-0.0164852632203185,0,0,0,0,-0.00437413619830398,-0.0372733512543914,-0.128928041728772,0,0,0,0,0,0,0,0,-0.00839652529824893,0.00801978837804878,0,-0.0138046964984002,0,0,0,0,0,-0.0358441981790057,0,0,-0.00796986221429364,0
"EGR2",0,0,0,0,0,0,0,0,0,0,0,0,0,0,0,0,-0.0165309357616139,0,0,0,0,-0.0246291932638784,-0.0111981468673339,-2.72899085692922,3.93954973180811,-0.0140458110237373,-0.00415418875177029,0,0,0,0,0,0,0,0,0,0,-0.00296939844708492,0,0,0,0,0,0,0,0,0,0,0,0,0,0,0,0,0,0,0,0,0,0,0,0,0,0,0,0,0,-0.0823613496689705,0,-0.0458038237817202,0,-0.0482648906287111,-0.0179503096081094,-0.020595352989403,0,0,0,0,0,0,0,0,0,-0.00509064104137229,0,0,0,0,0,0,0,0,0,0,0,0,0,-0.0986225254794935,0,0,-0.0198330750575466,0,0,-0.0174607205870025,0,0,-0.0352413605690495,0,0,0,0,0,0,0,-0.0148743131991357,0,0,0,0,0,0,-0.175358392502916,0,0,0,0,0,0,0,0,0,0,-0.0309088483105434,0,0,0,0,0,0,0,0,0,0,0,0,0,0,0,0,0,0,0,0,0,0,-0.00951437249886044,-0.409906898182591,0,0,0,0,0,0,-0.000314785765719268,0,0,0,-0.0188161181388538,-0.00485712886541791,0
"ELF1",-0.00178092088675689,0.00917008710413669,-0.0014043171371204,0,0,0,0,0,0,0,0,0,0,0,0,0,0,0,0,0,-0.0155691197072968,0,0,-0.0170381008567875,-0.0140621527779984,3.24054848088495,-0.436519089901479,-0.435156697180966,-0.321427999039582,0.00218979229774021,-0.444390392260618,0,-0.238676830991901,0,0.0649875651768372,0.124384119818001,0,-0.14140943615449,0,0,0,0,0,0,0,-1.00914550122664,0,0,0,0,0,0,0,0,0,0,0,0,0,0,0,0,0,0,0,0,0,0,0,0,0,0,0,0,0,0,-0.0108917226947147,0,0,-0.0501044096444594,0,0,0,0,0,0,0,0,0,0,0,0,0,0,0,0,0,0,-0.00831281964467374,0,-0.00834812928092803,0,0,0,0,0,-0.0183344996694858,0,0,0,0,0,0,0,0,0,0,0,0,0,0,-0.0184361124262517,-0.107150198039024,0,0,0,0,0,0,0,0,0,0,0,0,0,0,0,0,0,0,0,0,0,0,-0.0202383479076828,-0.0139891052447449,0,0,0,0,0,0,-0.0216738718586497,0,-0.0271712060183161,0,0,0,0,0,0,0,0,0,-0.0083593735628389,0,0,0,0
"ELF2",0,0,0,0,0,0,0,0,0,0,0,0,0,0,0,0,0,-0.0304930362807679,0,0,0,0,0,0,-0.00413163634207367,-0.436508445435625,3.18954041524317,-1.05387697097792,-0.207562321321727,0,-0.141644489444483,0,0,-0.203770176325567,0,0,-0.883972885464281,0,0,0,0,0,-0.00404973778345868,0,0,0,0,0,0,-0.00688929202300543,0,0,0,0,0,0,0,0,0,0,0,0,0,0,0,0,0,0,-0.0080879503628705,0,0,0,0,-0.0354631957011347,0,-0.00132150316337502,0,0,0,0,-0.000869897738786212,0,0,0,0,0,0,0,0,0,0,0,0,-0.0337137812802761,0,0,0,0,0,0,-0.0247032983104696,0,0,0,0,0,-0.00423914713876363,0,0,0,0,0,0,0,0,-0.0129187020023671,0,0,0,0,0,0,-0.15489711458015,-0.0255614831928338,0,0,0,-0.124306544982683,-0.00285886847031631,0,-0.00253821133290736,0,0,-0.00609145225771971,-0.0326947960231453,0,0,0,0,0,0,0,-0.0123745295226565,0,0,-0.0103621799696472,0,0,0,-0.0197138775577991,0,0,0,0,0,-0.00117495452761757,0,0,-0.0289658452167799,0,0,0,0,0,0,0,-0.00845866104577837,0,0,0
"ELF4",-0.0110851740258373,0,0,0,-0.00764860741432729,0,0,0,0,0,0,0,0,0,-0.0165518820713658,0,0,0,0.00139553599945258,-0.00945114600316651,0,-0.0165752792384684,0,0,0,-0.435198161632886,-1.05393207346007,3.07544733123431,-0.495846138646287,-0.373089788803488,0,0,0.188272736932432,0.137285527423755,-0.497745882838065,-0.301755211363585,-0.0767431149428604,0.0453096965711177,0.0199208173552467,0,0,0,0,0,0,0,0,0,0,0,0,0,0,0,0,0,0,0.00477446684653007,0,0,0,0,0,0,0,0,0,0,0,0,0,0,0,0,0,0,0,0.0221562607987433,0,-0.000543440550501114,0,0,0,-0.00233570314192061,0,0,0,0,0.00764111996568723,0,0,0,0,0.0263804715949724,0,0,0,0,0,0,0,0,0,0,0,0,0,0,-0.00539084686114445,0,0,0.00556023600519829,0,0,0.00622558295707588,0,0,0,0,0,0,0,0.0606015534590243,0,0,0,0,0,0,0,0,0,0.00135641754371196,0,0,0,0,0,0,-0.000465680604945285,0,-0.0117679197598462,0,-0.00340521884896665,0,0,0,0,0,0,0,0,0,0,0,0,0,0,0,0,0,0,0,-0.0095268539556631,0,0,-0.00127893069643985,0,0,0
"ELK1",0,0,0,0,-0.000582932768117347,0,0,0,0,0.00168840562356349,0,0,0,0,0,0,0,0,0,0,0,0,0,0,0,-0.321377603122452,-0.20771017754857,-0.495680694871528,6.91996442431559,-1.78095811429794,-0.409048863581245,0,0,0.00780747812838029,0,-0.522793712639187,-0.259100829722701,-0.452506513788569,0,0,0,0,0,0,0,-2.62466248183411,0,0,0,0,0,0,0,0,0,0,0,0,0,0,0,0,0,0,0,0,0,0,0,0,0,0,0,0,0,0,0,0,0,0,0,0,0,0,0,0,0,0,0,0,0,0,0,0,0,0,0,0,0,0,0,0,0,0,0,0.0196313934359028,0,0,0,0,0,0,0,0,0,0,0,0,0,0,0,0,0,0,0,0,0,0,0,0,0,0,0,0,0,0,0,0,0,0,0,0,0,0,0,0,0,0,0,0,0,0,0,0,0,-0.00920778267925359,0,0.00129756300846375,0,0,0,0,0,0,0,0,0,0,0,0
"ELK3",0,0,0,0,0,0,0,0,0,0.011906311019558,0,0,0,0,0,0,0,0,0,0,0,0,0,0,0,0.00223639413804096,0,-0.372836037713498,-1.78098817758779,6.78656951492531,-0.345289337868325,0.00401489381404187,0,0.00755126388407243,-0.256485779558122,-3.35483467702262,0,-0.0803871890299978,0,0,0,0,0,0,0,-0.627493084803603,0,0,0,0,-0.00859300858390363,0,0,0,0,0,0,0,0,0,0,0.0128774537782521,0,0,0,0,0,0,0,0,0,0,0,0,0,0,0,0.0397691747341842,0,0,0,0,0,0,0,0,0,0,0,0,0,0,0,0,0,0,0,0,0,0,0,0,0,0,0,0.00332254498987451,0,0,0,0,0,0,0,0,0,0,0,0,0,0,0,0,0,0,0,0,0,0,0,0.0259180010050227,0,0,0,0,0,0,0,0,0,0,0,0,0,0,0,0,0,0,0,0,0,0,0,0,0,0,0,0,0,0,0,0,0,0,0,0,0,0,0,0
"ELK4",-0.00508217624928032,0,0,0,0,0,0,0,0,0,0,0,0,0,0,0,0,0,0,0,-0.00918686969945946,0,0,0,0,-0.444238233284804,-0.141699577416876,0,-0.409196635088339,-0.344957227205898,5.33076096998098,0,-0.990260498544033,-0.0209184122005422,0,-0.347671990728262,0,-1.64809452383064,0,0,0,0,0,0,0,-0.883343554361783,0,0,0,0,-0.0179441612446213,0,0,0,0,0,0.00899495246852622,0,0,0,0,0,0,0,0,0,0,0,-0.0014334728758959,0,0,0,0,0,0,0,0,0,0,0,0,0,0,0,0,0,0,0,0,0,0,-0.0129231714257653,0,0,0,0,0,0,0,0,0,0,0,-0.00804315902588096,0,0,0,0,0,0,0,0,0,0,0,0,0,0,0,0,0,-0.0481534944812187,0,0,0,0,0,0,0,0.0116893518045536,0,-0.0390018494018043,0,0,0,0,0,0,0,0,0,0,0,0,0,-0.0135577444915948,0,0,0,0,0,0,0,-0.0241470188501119,0,-0.00848758118843478,0,0,0,-0.00493856528847964,0,0,0,0,0,0,0,0,-0.0216379728000418,0
"EOMES",0,0,0,0,0,0,0,0,-0.010832745669072,0,0,0,-0.0493430679223596,-0.00537339138912309,0.00666473303798242,0,0,-0.00433054282537861,0,0.0101996443349915,0,0.0214027802098237,0,0,0,0,0,0,0,0.00401804196342215,0,1.59201910658335,0,0,0,0.000990123391443923,-0.0345289013260387,0,-0.040504580272031,0,0,0,0,-0.00608387044469631,0,0,0,-0.00980263766765936,0,0,0,0,0,-0.0051684748992139,0,0,0,0,0,0,0,-0.00788633214955687,0,0,0,-0.0171859771996178,0,0,0,0,0,0,0,0,0,0,0,0,0,0,-0.00951542938151767,0,0,0,-0.00396052438498454,0,-0.00853755446991857,0,0,0,0.00419799617303873,0.00733283958351742,0.000405251531587909,-0.0137766490229923,0,0,0,0,0,0,0,0,-0.00560905050923961,-0.00441600833336802,0,0,0,0,0,0,0,-0.0331116170181134,-0.0331253574336457,0,0,-0.0148846829560578,0,0,0,0.0149071429895171,0.0154928997664101,0.0113571194779407,0,0,0,0,0,0,0,0,-0.0394007575471137,0,-0.903600729142377,-0.0050813833340183,-0.0379483595696521,0,0,0,0,0,0,0,0,0,0,0,0,0,-0.0269763060716357,-0.015504217957351,0,0.0241598077765846,0,0,0,0,0,0,0,0,0,0,0,0,0,0,0,0,0,-0.00878348353316487
"ETS1",0,0,0,0,0,0,0,0,0,0,0,0,0,0,0,0,0,0,0,0,0,0,0,0,0,-0.238730168320447,0,0.188267485506053,0,0,-0.989972490509798,0,4.9846137927528,-0.205708225334956,-0.213246112418314,0,-1.0202761116057,-1.7987967776269,0,0,0,0,0,0,0,-0.261482227194506,0,0,0,0,0,0,0,-0.00013649817480279,0,0,0,0,0,0,-0.00243772629147555,0,0,0,0,-0.0204335775888401,0,0,0,0,0,0,0,0,-0.00726460196866384,0,0,0,0,0,-0.00641466587608547,0,0,0,0,0,0,0,0,0,0,0,0,0,0,-0.024353446050572,0,0,0,0,-0.0350107593463493,0,0,0,0,0,0,0,0,0,0,-0.0601800073757183,0,0,-0.0250530581143186,-0.00798501354689806,0,0,0,0,0,0,-0.585789972264602,0,0,0,0,0,0,0,0,0,-0.00490477285842047,-0.0190077268392344,0,0,0,0,0,0,0,0,-0.0128003777313025,0,0,0,0,0,0,0,0,0,0,0,0,0,0,0,0,-0.00209674002834096,-0.00145980643924477,-0.00318185370478108,0,0,0,0,0,0,0,-0.0283669334799682
"ETS2",0,0,0,0.00159903793012813,0,0,0,0,0,-0.0719952961467884,0,0,0,0,0,0,0,-0.00371750834612629,0,0,-0.00528823441117131,0,-0.00827978926528033,0,0,0,-0.203783127892534,0.137326476513262,0.00776343764115638,0.00736565104134334,-0.0210187630829513,0,-0.205783023097797,1.56057941893241,0.0504166671672457,0.0551627055503735,0,0,0,0,0,0,0,-0.0334054419283674,0,0,-0.0357702887867326,0,0,-0.0104340431396391,0,0,0,0,-0.0822595627288003,0,0,-0.159869206755602,0,0,-0.0711465959791102,0,0,0,0,0,0,0,0,0,0,0,0.000976289380551273,0,0,0,0,0,0,0,0,0,0,0,-0.00347291585385598,0,0,0,-0.0168527322888649,0,0,0,0,0,-0.00275725838886707,-0.000976134557983723,0,0,0,0.00248106570125345,0,-0.0128324082544183,0,0,-0.202735922256068,-0.116534202714169,0,0,0,-0.00824463197353054,-0.0433264441376699,0,0,0,-0.0228452863992464,-0.0361921433756004,0,0,-0.0250032891574173,0,0.0107476652995102,0,-0.180803360851072,0,0,0,0,0,0,0,0,0,0,0,-0.00456041687120977,0,0,0,0,0,0,0,0,0,0,0,0,0,0,0,0,0.00452410191448926,0,0,-0.0948521501445053,-0.0124315223833855,0,0,0,-0.0260036576390813,-0.0626374830822092,0,-0.00598135995573867,0,0,0,0,0,0,0
"ETV3",0,0,0,0,0,0,0,0,0,0.00861036155982848,0,0,0,0,0,0,0,0.000880140422798676,0,0,0,0,0,0,0,0.0649837904762431,0,-0.497712589091052,0,-0.256402320967568,0,0,-0.213378583648306,0.0504219241616068,2.72007558895339,-0.826028022992271,-0.168394305756569,-0.325646385170887,0,0,0,0,0,0,0,-0.279949846411813,0,0,0,0,0,0,0,0,0,0,0,0,0,0,0,0,0,0,0,0,0,0,0,0,0,0,0,0,-0.00908470202006835,0,0,0.0243410925375906,0,0,0,0,0,0,0,0,0,0,0,0,0,0,0,0,0,0,0,0,0,-0.00835303021912156,0,0,0,0,0,0.0257713785979026,0,0,0,0,0,0,0,0,0,0,0,0,0,0,0,0,0,0,0,0,0,0.00339732037576336,0,0,0,0,0,0,0,0,0,0,0,0,0,0,0,0,0,0,0,0,0,0,0,0,0,0,0,0,0,0,0,0,0,0,0,0,0,0,0,0,0,0
"ETV5",0,0,-0.00323950510754352,0,0,0,0,0.00672803421131425,0,0,0,0,0,0,-0.018925397526855,0,0,0,0,0,0,0,0,0,0,0.124190897614318,0,-0.301879029593648,-0.523062344105846,-3.35476709339677,-0.3473453013149,0.000959623489778745,0,0.0551863144246148,-0.825882593344512,5.35955816516863,0.178293215695656,0,0.0354079127223626,0,0.00129543415018896,0,0,0,0.0192624650675281,-0.235136361062971,0,0,0,0,0,0.00475810653200718,0,0,0,0,0,0,0,0,0,0,0,0,0,0,0,0,-0.00906646146740329,0,0,0,0,0,0,0,0,0,0,0,0,0,0,0,0.00539038640356459,0,0.00704277048968285,0,0,0,-0.019247901498345,0,0,0,0.00495884331127648,0,-0.03012537750489,0,0,0,0,0,0,0,0,0,-0.00384648576603355,0,0,0.0431486063519534,0,0,0,0,0,0,0,0,0,0,0,0,0.402653812090818,0,0,0,0,0,0,0.00397930208131073,0,0,0.0114228735151308,0,0,0,0,0,0,0,0,0,0,-0.00655971996640107,0,0,0,0,0,0,0,-0.00190444620092208,0,0,0,0,0,0.0036042129603059,0,0,0,0,0,-0.0461042141578277,0,0,0,0,0,0
"ETV6",0,0,0,0,0,0,0,-0.0200517768188785,0,0,0,0.00462153050138206,0,0,0,0,0,0,0,0,0,0,0,0,0,0,-0.884030879550209,-0.0767131945666281,-0.259231801154202,0,0,-0.0345234739991347,-1.02045399273127,0,-0.168337578927399,0.178257293266987,3.18187253487406,0,0,0,0,0,-0.0136880442013808,-0.0589664181356208,0,0,-0.05337639316641,0,0,-0.0266240940402233,0,0,0,-0.0139919645529387,0,0,0,0,0,0,0,0,0,0,0,-0.0366664775213457,0,0,0,0,0,0,0,0,0,0,0,0,0.019779691793773,0,-0.0140989034715439,0,0,0,0,-0.00162517688762293,-0.0168836545718188,0,0,-0.0248733884375219,0,0,0,-0.0436087920532528,-0.0390996702429828,-0.0011888854091392,0,0,0,0,0,0,0,0,0,0,0,0,0,-0.0245606961775363,-0.057741588112059,-0.0280897974108185,0,0,0,0,0,0.0488123027577262,0,0.0415704245378924,0,0,-0.709177919186097,0,0,0,0,-0.0395552409171234,0,0,-0.0247372501783745,0.0123328371368629,-0.0314457537072384,-8.19511399695202e-06,-0.00534432673831062,0,0,0,0,0,0,0,-0.000967280885361013,0,0,0,0,0,0,0,0,0,0,0,0,0,0,0,-0.00400844322709802,0,0,0,-0.00398788395011779,0,0.00596289916481406,0.00838768266525923,0,-0.00938844467983557,0,0
"FLI1",0,0,0,0,0,0,0,0,0,0,0,0,0,0,-0.00694208705915855,0,0,0,0,0,0,0,0,0,-0.00295236643199529,-0.14161509424844,0,0.0453056434354444,-0.452491622445441,-0.0800930725645639,-1.64793104617328,0,-1.79910124185284,0,-0.325428183647258,0,0,6.65571429725451,0,0,0,0,0,0,0,-2.09407084107279,0,0,0,0,0,0,0,0,0,0,0,0,0,0,0,0,0,0,0,0,0,0,-0.00318352219575014,0,-0.0189878265876728,0,0,0,0,0,0,0,-0.073682575765891,-0.0048875081313979,0,0,0,0,0,0,0,0,0,0,0,0,0,0,0,0,0,0,0,0,0,0,0,-0.0313219836559031,0,0,-0.0254679506093777,0,0,0,0,0,0,0,0,0,0,0,0,-0.0237848617615469,0,-0.0593828995108861,0,0,0,0,0,0,0,0,0,-0.0151182002410855,0,0,0,0,0,0,0,0,0,0,0,-0.00854851001628037,0,0,-0.00314068673516275,0,0,0,-0.000568751807827931,0,0,-0.0189641735659201,0,0,0,0,0,-0.0196103769454917,0,0,0,0,-0.0880632484978118,0,0,0,-0.0347244875703708,0
"FOS",0,0,0,0,0.122498548450963,0,0,-1.10572789883154,0,0,0,0,-0.000580058711068423,0.0339008980808179,0.0212190873583919,0,0,0,0,0.0105428818864697,0,0.0151847969506554,0,0,0,0,0,0.0199187751551041,0,0,0,-0.0404963862506814,0,0,0,0.0352774369261534,0,0,3.93744687587044,0,0,0,0,0,0,0,0,0,0,0,0,0,0,0,0,0,0,0,0,0,0,0,0,-0.0406545584719819,-0.977066553813931,-0.24558932710726,-1.23593129829955,0,0,0,0,0,0,0,0,-0.170758014517854,0,0,0,0,0,0,0,0,0,0,-0.158829357249256,0,0,0,0,0.0256149929250809,0,-0.139510538251341,0,0,0,0,0,0,0,0,0,0,0,0,0,0,0,0,0,0,0,0,0,0,0,0,0,0,0,0,0,0,0,0,0,0,0,0,0,0,0,0,0,0,0,0,0,0,0,0,0,0,0,0,0.00357852661837854,0,-0.00465962182525984,0,0,0,0,0,0,0,0,0,-0.0123530696209949,0,0,0,0,0,0,0,0,0,0,0
"FOXD2",0,0,0,0,0,0,0,0,0,0,0,0,0,0,0,0,0,0,0,0,0,0,0,0,0,0,0,0,0,0,0,0,0,0,0,0,0,0,0,3.82864376002978,-0.169185041716794,0,-0.0575234170439786,-0.606477422088526,-2.73411485374835,0,0,0,0,-0.00176482713199802,0,0,0,0,0,0,0.0257885747091046,0,0,0,0,0,0,0,0,0,0,0,0,0,0,0,0,0,0,0,0,0,0,0,0,0,0,0,0,0,0,0,0,0,0,0,0,0,0,-0.00323980621220459,0,0,0,0,0,0,0,0,0,0,0,0,0,0,0,0,0,0,0,0,0,0,0,0,0,0,0,0,0,0,0.00735340892162549,0,0,0,0,0,0,0,0,0,-0.00364733214968197,0,0,0,0,0,0,0,0,0,0,0,0,0,0,0,0,0.00123912355920432,0,0,0,0,0,0,0,0,0.0120772095997262,0,0,0,0,0,0,0
"FOXJ2",0,-0.00898253728020973,-0.00772859508066833,0,0,0,0,0,0,0,0,0,0,0,0,0,0,0,-0.00742598437540724,0,0,0,0,0,0,0,0,0,0,0,0,0,0,0,0,0.00127701824869653,0,0,0,-0.169178413533024,1.99561182830162,-0.695810271392769,-0.312916361564526,-0.10540343689565,-0.520383168072096,0,-0.000282853569763739,0,-0.00323995436248453,0,0,-0.0150196820558931,0,0,0,0,0,0.00189743147674326,0,0,0,0,0,-4.16820713829016e-05,0,-0.0077659027925221,0,0,0,0,0,0,0,0,0,0,0,0,0,0,0,0,0,0,0,-0.00217040217309539,0,-0.00111033950845898,0,0,0,0,0,-0.00258016171664128,0,0,0,0,0,0,0,0,0,-0.002646967024376,0,0,0,0,0,0,0,0,-0.00180299081863877,-0.00114090017243215,0,0,0,0,0,0.00840622660978178,0,0,0,0,0,0,0,0,0,0,-0.00735820814885712,0,0,0,0,0,0,0,0,0,0,0,-0.00738524618333306,0,0,0,0,0,0,0,0,0,0,0,0,0,0,0,0,0,0,-0.0137835868260827,0.110620505902892,0,0.0121189937917733,0,0,0,0,-0.00898917825497307
"FOXJ3",0,-0.0259243705381676,0,0,0,-0.0157562478838675,0,-0.0151101592204575,0,0,0,0,0,0,0,0,-0.0147534066758332,-0.0115050259814339,-0.0223883502241424,0,0,0,0,0,0,0,0,0,0,0,0,0,0,0,0,0,0,0,0,0,-0.695804726826371,2.17578825740113,-0.26327116512892,-0.164542184074198,-0.0518963983798891,0,-0.0143043002399794,-0.00907836239649497,0,0,-0.00057330011791916,-0.00945941732543409,0,0,0,-0.0411627476023073,0,0,0,0.00443425859989602,0.0202285977069855,0,0,0,0,0,0,0,0,0,0,0,0,0,0,0,0,0,0,0,0,0,0,0,0,0,0,-0.0480047655588339,0,0,0,0,0,0,0,0,0,0,0,0,0,0,0,0,0,0,0,0,0,0,-0.00187327053765031,-0.0302720618574598,0,0,-0.0119248763890776,0,0,0,-0.00258739174412091,0,0,0,0,0,0,-0.146809904932063,-0.0463313472281692,0,0,0,-0.01823548623625,0,0,0,0,0,0,0,0,0,-0.00852254745374068,0,-0.0264563521980733,0,0,-0.00206611023644753,0,0,-0.0289745225729622,0,0,0,0,0,0,0,0,-0.316004248090768,0,0,0,-0.0055920223018776,-0.478574769593433,0,0,0,0,0,0,0
"FOXN3",0,-0.0434533754193936,-0.0186701274670274,0,0,0,0,0,-0.0257381712577745,0,0,0,0,-0.000730912877570778,0,0,-0.0205817507984492,0,0,0,0,0,0,0,0,0,-0.00405410888407805,0,0,0,0,0,0,0,0,0,-0.013658244519563,0,0,-0.0575342797239781,-0.312912414954109,-0.263266361352606,1.89649625266899,-0.258895142100937,-0.432786483629574,0,-0.0428791229572108,-0.00835446843368924,0,-0.0173629798160918,-0.00199588786220794,-0.00285374241163677,0,-0.0281141489590486,0,0,-0.0131424672266306,0,0,-0.00412091463807469,0,0,-0.0354533164997257,0,0,-0.0279868984126186,0,0,0,0,0,0,0,0,-0.0214482711031549,-0.0100192138880157,0,0,0,0,-0.0507677637637167,0,0,0,-0.0266593867068754,-0.00748387676951347,-0.00369099682593739,-0.00416304247084533,-0.0181510391117009,-0.00804982166536157,0,0,0,-0.0185805666666803,-0.0116633786393032,-0.0096174137289888,0,0,0.000817877408665887,0,0,0,-0.0119522283524945,0,-0.0244830129293738,-0.00718579230500184,0,-0.0428709004456437,-0.0221553439207083,-0.0382542043710195,-0.049903045693137,-0.000606729285843,-0.0158589656745269,-0.012048597112347,0,-0.0147493089504291,0,0,0,0,0,0,-0.0146078929090323,0,0,0,0,-0.0186482258346875,0,-0.00681946166309197,-0.0146782799511389,-0.00781569822405094,0,0,0,0,-0.00032345572603682,0,0,-0.00616900884120102,-0.00369681260856167,0,-0.042750461100174,0,-0.0164546888228071,-0.007441363979984,0,0,0,-0.0338233714736396,0,-0.00938805873789747,-0.00374829731002725,0,-0.0191772773967905,-0.00413123108001606,0,0,0,0,0,-0.00563061518234946,0,-0.0197941913633384,0,0,0,-0.0359569185717676,0,-0.0264506835216835
"FOXO1",0,0,0,0,-0.00361433707937375,0,0,-0.00795092602865163,-0.0180648839089772,0,0,0,0,0,0,0,0,0,0,0,0,0,0,0,0,0,0,0,0,0,0,-0.00608618862153932,0,-0.0334180362698559,0,0,-0.0589845521170413,0,0,-0.60650046550158,-0.105408356159828,-0.164541158283614,-0.258908575156909,2.08135713902416,-0.501324028270039,0,0,0,0,0,0,0,0,0,0,0,-0.000372388874455947,0,-0.00427251699234809,-0.0186029350164285,0,0,0,0,0,-0.00638151015202977,0,0,0,0,0,0,0,0,0,-0.00931602264084326,0,0,0,-0.0410335821779057,0,-0.00172255669284996,0,0,-0.0436397951359034,0,0,0,0,-0.0174426641854363,0,0,0,-0.00230051344330782,-0.0299483607742932,-0.0196501188322885,0,0,0,0,-0.019680031872588,-0.0174898939884899,-0.0051809159031813,0,0,0,0,0,-0.0353325211372657,0,0,0,0,0,-0.00889728093396344,0,0,0,0,0,0,0,-0.0230167139198076,0,0,0,0,0,0,-0.000561160941040199,0,0,0,-0.0513845156110918,0,-0.014685815460843,-0.00464255593624296,0,0,0,0,-0.00141857823862519,0,0,-0.0224843618092558,0,0,0,0,0,0,-0.00190706457273793,0,0,0,0,0,0,-0.0193992747695544,0,0,-0.0243508507648479,0,0,0,0,-0.000980381811559768,0,0,0
"FOXP1",0,0,0,0,0,0,0,0,0,0,0,0,0,0,0,0,0,0,0,0,0,0,0,0,0,0,0,0,0,0,0,0,0,0,0,0.0191314910520298,0,0,0,-2.73408800277213,-0.520369261230876,-0.0518943491756372,-0.432804729090843,-0.501338247014451,4.19389289168422,0,0,0,0,0,0,0,-0.000886791015012438,0,0,0,0,0,0,0,0,0,0,0,0,0,0.000413494319507322,0,0,0,0,0,0.0122673918465131,0,0,0,0,0,0,0,0,0,0,0,0,0,0,0,0,0,0,0,0,0,0,0,0,0,0,0,0,0,0,0,0,0,0,0,0,0,0,0,0,0,0,0,0,0,-0.00442641749218129,0.000669776114555346,0,0,0,0,0,0.0501470700176304,0.0275756209963082,0,0,0,0,0,0,0,0,0,0,0,0,0,-0.00636599318064139,0,0,0,0,0,0,0,0,0,0,0,0,0,0,0,0,0.0345329572440779,0,0,0,0,0.0488175312694607,0,0.0137868613488518,0,0,0,0.0136610619491866,0
"GABPA",0,0,0,0,0,0,0,0,0,0,0,0,0,0,0,0,0,0,0,0,0,-0.00570621509783144,0,0,0,-1.00920322895659,0,0,-2.62423644845352,-0.627478844292484,-0.883161217064982,0,-0.261243321469337,0,-0.279797998091654,-0.235565970822854,0,-2.09390102847682,0,0,0,0,0,0,0,7.87203026540787,0,0,0,0,-0.0229209777722343,0,0,0,0,0,0,0,0,0,0,0,0,0,0,0,0,0,0,0,0,0,0,-0.0189646913652186,0,0,0,0,0,0,0,0,0,0,0,0,0,0,0,0,0,0,0,0,0,0,-0.019587945103484,0,0,0,0,0.0070875930762192,0,0,0,0,-0.0317533239619164,0,0,0,0,0.0336006235421132,0,0,0,0,0,0,0,0,0,-0.0269104431890909,0,0,0,0.0174479339279058,0.0119428064984604,0,0,0,0,0,0,0,0,0,0,0,0,-0.0125116746781505,0,0,0,0,0,0,0,0,0,0,0,-0.0206439553983325,0,0,0,0,0,0.012732318108518,0,0,0,0,0,-0.0117409483794349,0,0,0,0,0,0
"GATA3",0,-0.0460959847742459,-0.0278676578873576,0,0,0,0,-0.0178721425062269,-0.0530937052570826,-0.0130489061223077,0,0,-0.00313775630151889,-0.0104051627068471,0,0,-0.0399911948636369,-0.0540065617060348,-0.0186417291407027,0,0,0,0,0,0,0,0,0,0,0,0,0,0,-0.035771226793237,0,0,-0.0533804758629137,0,0,0,-0.000286716711866825,-0.0143074393043937,-0.0428821532367739,0,0,0,1.18332448871399,-0.0254143647370284,0,-0.00492938588289625,0,-0.0225450031862501,0,-0.0138301921902919,0,0,-0.000241343075816268,0,-0.0150161145719594,0,0,-0.0397151998816143,0,0,0,-0.0390206446409705,0,0,0,0,0,0,0,0,0,-0.0271986567049199,0,0,0,0,-0.0023775412431245,-0.00130829054159093,0,0,-0.0365432241368988,-0.00741538957429154,-0.0130319316023518,-0.00103265405412134,0,0,0,0,0,0,-0.0254911502967089,-0.0067299936310059,0,0,0,0,0,-0.000867867834409846,0,0,0,0,0,0,-0.00395999164645925,-0.0487422248898221,-0.0383813428090763,-0.0150852371599162,-0.00726609021361613,0,-0.00672295723688942,-0.0516567388390046,0,0,0,0.0114078161099279,0.00834550787275368,0,-0.0197836652533263,0,0,0,0,0,-0.0179830038299408,0,-0.0170009838944622,0,0,-0.00537393741963943,-0.0105921536492571,0,-0.00457613629992366,0,0,0,-0.00408994231726752,0,-0.0244098162496093,0,-0.0195782946834467,0,0,0,0,-0.0124584891348034,0,0,-0.0140682637216846,0,-0.00350363299063599,0,0,-0.0525486685771599,0,0,-0.00468063463151246,-0.0236486600160284,0,0,0.000238983508301961,0,0,0,0,-0.0344797065390838
"GFI1",0,-0.0568352272168264,0,0,0,0,0,0,0,0,0,0,-0.0048724599612471,-0.0425847915918882,0,0,-0.00230723813238941,0,-0.0192433335600774,0,0.00496796182772555,0,0,0,0,0,0,0,0,0,0,-0.00980215750231474,0,0,0,0,0,0,0,0,0,-0.00908736690162802,-0.00836070063496198,0,0,0,-0.0254149355944251,1.04529561132265,0,-0.0164856052192427,0,-0.0156979341904237,0,0,0,-0.00186511827299469,0,-0.00069192389205338,0,-0.0117117937785778,0,0,0,0,0,0,0,0,0,0,0,0,0,0,0,-0.00743852117137915,0,0,0,0,0,0,0,0,-0.0175038039673402,-0.0127827912484338,0,0,0,-0.0336561695043945,-0.0447327823856404,0,-0.0184368117820337,0,-0.00790115699698605,0,0,0,0,-0.0936824950784155,-0.00572403184324045,0,0,-0.0015768552311042,0,0,0,0,-0.0265186852342411,0,0,0,-0.00407108745551378,0,0,0,0,0,-0.0415790469015221,0,0,0,0,0,0,-0.00524034702326165,0,-0.00500580909790461,0,-0.00373053946713463,0,0,0,0,0,-0.0137955875120964,0,0,0,-0.00481500487721978,0,0,0,0,-0.00187173623386135,0,-0.0174997068568932,0.00860194541794929,0,-0.0313983264606564,0,-0.0128667721636316,-0.0113745803862565,0,0,-0.00607020023644062,0,-0.000764559544191306,0,0,0,-0.000988585647423474,0,0,0,0,0,0,0,0
"HEYL",0,0,-0.196094920626573,-0.571257462242091,0,0,-0.0157307081561607,0,0,0,-0.338465331013535,-0.339606603028458,0,0,0,0,-0.00142094463124456,0,0,0,0,0,0,0,0,0,0,0,0,0,0,0,0,0,0,0,0,0,0,0,-0.00324186742486784,0,0,0,0,0,0,0,1.54519602287696,0,0,-0.000835071820397274,0,0,0,0,0,0,0,0,0,0,0,-0.00710463926186727,0,-0.00123827579685578,0,0,0,0,0,0,0,0,0,0,-0.0190795311293751,0,0,0,-0.00301450335155768,0,0.0674422971837031,-0.142763189101535,0,0,0,0,0.00746318576652435,0,0,0,0,0,-0.00556684912832698,-0.0205896986330058,0,0,0,0,-0.00149912923771111,0,0,0,0,0,0,-0.00480591519738913,0,0,0,0,0,0,0,0,0,0,0,0,0,0,0,0.103446782042066,0.0173227721505734,0,0,0,0,0,0,0,0,0,0,0,0,0.00582066457037075,0.231268759754043,0,0,0,-0.0349872059667607,0.249118465944242,0,0,0,0,-0.00455814143113549,0,0,-0.0215424186672611,0,0,0,0,0,0,0,-0.0201695235872029,-0.00833588411820169,0,0,0,0,0,0,-0.00936052255682527,0,0
"HIC1",0,-0.00211127297317399,0,0,0,0,0,0,-0.00520637319531911,-0.00265038109162433,0,0,-0.013211051229517,0,0,0,-0.20566671955057,-0.0247633851503879,0,0,-0.0176043167378843,0,0,0,0,0,-0.00690125760298792,0,0,0,0,0,0,-0.0104317724938207,0,0,-0.026617793471091,0,0,-0.00177501093334474,0,0,-0.017370610881848,0,0,0,-0.00492704187745297,-0.016483688797625,0,1.18124657805356,0,0,0,-0.00342720656330319,0,0,0,0,0,0,0,0,0,0,0,0,0,0,0,-0.0184136230685912,0,0,0,-0.0217025404523054,0,-0.0155003991513156,-0.00429591386106752,0,0,0,0,0,0,0,0,0,0,0,-0.00418502286198848,-0.0296459160671537,0,0,0,0,-0.0161969944480154,0,0,0,0,0,-0.0419718510055019,0,-0.030530112693434,0,-0.0122955713815824,-0.00355496229750164,-0.0605320333849198,-0.0255889987967702,0,0,0,-0.0122960682525941,-0.0146646699327263,0,-0.0439424796002487,-0.0294772820329522,0,0,-0.0211581766595925,0,0,0,-0.035095358697674,-0.021650079737361,-0.00402300310511445,0,0,0,-0.0033529790137511,0,-0.0135373316174211,0,-0.0138141348633181,-0.0261725420007236,0,0,0,0,0,0,0,-0.00851572364475956,-0.0230679728501626,0,0,-0.0214885450153646,0,0,0,0,0,0,0,0,0,0,0,0,-0.00190451689323975,-0.0352036204242353,-0.00179108193369646,-0.00841888373857376,0,0,0,-0.0309496048142017,0,-0.0194978635380161,0,0
"HINFP",-0.00235921359231115,0,0,0,-0.0404167701308702,0,-0.00798099201063283,0,0,0,0,0,0,-0.00765595740776456,-0.0198694243025069,-0.00957905084737676,0,0,0,0,0,0,0,0,0,0,0,0,0,-0.00863320910361948,-0.0179680591056172,0,0,0,0,0,0,0,0,0,0,-0.0005772261888838,-0.00199835420632115,0,0,-0.0229315426347493,0,0,0,0,1.01226200460975,0,0,0,0,0,0,0,0.000698768804520375,0.00656769295334347,0,0.0119939300744541,0,0,0,0,0,0,0,0,0,0,-0.0178453108143515,-0.00708309194879433,0,0.00626813308795343,-0.000577279846292184,0,0,0,0,0,0,0,0,0,0,0,0,-0.0183459418068138,0,-0.0189804636784029,-0.0231259849224089,0,0,0.0137207775763331,0,0,0,0,-0.000109471386801159,0,0,0,0,0,-0.0265018218556592,-0.00738420855250036,-0.0131159908354858,0,0,0,0,-0.000711807839826584,0,0,0,0,0,0,0,0,0,0,0,0,0,0,0,0,0,-0.0221354995080769,0,0,0,0.012502313985765,0,0,0,0,0,0,0,-0.00944179369018457,0,0,-0.0514838691230942,0,0,0,0,0,0.0148040382217337,0,-0.0132461255995287,0,0,0,0,0,0,-0.0094495396500708,-0.00353724808151614,-0.0054583197828493,-0.0168442417861834,0,0,0,0,0.0195778265779714
"HMG20B",0,-0.0514777451614048,0,0,0,0,0,-0.0188206909436678,-0.0440010792347741,0,0,0,0,-0.0193039857245616,0,0,-0.0305309845439612,-0.00685210050258461,-0.069185978362145,0,0,0,0,0,0,0,0,0,0,0,0,0,0,0,0,0.0047601900447701,0,0,0,0,-0.0150198943623857,-0.00945988839616174,-0.00285478098923451,0,0,0,-0.0225447532407742,-0.0156973492766131,-0.000834859652884868,0,0,1.01903897486564,0,0,0,0,0,0,0,-0.00189002365222679,0,-0.00922281025281143,0,0,0,0,0,0,0,0,0,0,0,0,0,0,0,0,0,0,0,0,0,0,-0.000641953782006793,-0.00111162561408917,0,0,0,0,0,0,0,0,-0.0315044939368226,-0.0263824013797995,0.0058958598619641,0,0,0.00318327551383855,0.0025872647167292,0,0,-0.0173854794176631,0,0,0,0,0,-0.0181490562593241,0,0,0,-0.0122222911134184,0,0,0,0,-0.00700398632123943,0,0.00945601785884578,0,0,0,0,0,0,0,0,0,0,0,-0.00298820002361692,0,0,0,0,0,0,0,0,0,-0.00119051586337911,0,0,0,0,0,0,0,0,0,0,0,0,0,0,-0.0512588772805531,0,0,0,0,-0.00323304742885463,0.00522067625525085,0,0,0,0,0,0
"HOMEZ",-0.0139835340389038,0,0,0,0,0,0,0,0,0,0,0,0,0,0,0,-0.0033689086520944,0,-0.00574708467083022,0,0,0,0,0,0,0,0,0,0,0,0,0,0,0,0,0,0,0,0,0,0,0,0,0,-0.000885641807266633,0,0,0,0,0,0,0,0.978072612801105,0,0,0,0,0,0,0,0,0,0,0,0,0,0,0,0,0,0,0,0,0,-0.0198862918225277,0,0,0,0,0,0,-0.00380857958169583,0,0,0,-0.000604045050477075,0,0,0,0,0,0,0,0,0,0,0,0,0,0,0,0,0,0,0,0,0,-0.0281338090679621,0,0,0,0,0,0,0,-0.00274142750332366,0,0,-0.00110847209923097,0,0,0,0,0,0,0,0,0,-0.0186703518119303,0,0,0,0,0,0,-0.0176086249922602,0,0,0,0,0,0,0,0,0,0,0,0,0,0,0,0,0,0,-0.00291808711251547,0,0,0,0,0,0,0,0,0,0,0,0,0,0,0
"IKZF1",-0.0073878039494171,0,-0.00375631416538169,0,0,0,0,0,-0.0553290951206753,0,0,0,0,0,0,0,-0.0155030580377396,0,0,0,0,0,0,0,0,0,0,0,0,0,0,-0.00516533425666994,-0.000142347136093018,0,0,0,-0.0139891338392855,0,0,0,0,0,-0.0281184595389367,0,0,0,-0.0138286799971033,0,0,-0.00342695400646178,0,0,0,1.05855424314531,-0.015956115203976,-0.016814686091525,-0.0028438498584301,0,0,0,0,0,-0.00296521983955093,0,0,0,0,0,0,0,0,0,0,-0.0388181724471471,0,-0.0110301073083941,-0.0153102873292226,0,0,-0.0211453122872472,-0.0170243003721796,-0.0314438251197253,0,-0.00148518875766169,0,-0.00821214292245872,-0.00984223281689066,0,-0.0131227271529432,-0.00545191899025125,0,0,0,0,-0.0338297125729688,0,0,-0.008450090523607,0,0,-0.0014986569670536,-0.00288966786869396,-0.034425442513359,0,-0.0107466446782284,0,-0.0158338033396479,-0.00414456538578391,-0.00475458394375018,0,-0.0027914277404569,0,-0.0112274846363879,0,0,0,0,0,0,0,0,0,-0.0016843982840252,0.0141999040536079,0,0,-0.0113776265935162,0,-0.0175777025705883,-0.00254165749550176,0,0,-0.0133542243839108,0,0,0,0,0,0,-0.0385626096500523,0,0,0,0,0,-0.0112673708810479,0,0,0,0,0,-0.00343059938297146,0,-0.0121579673822131,-0.000617523701340127,-0.00456898523035748,0,-0.0073919813869162,0,-0.0259688675458293,-0.0238255641745872,0,-0.000246328994905446,-0.0309232861074757,0,0,0,-0.0114554796244228,0,-0.000820352836122229
"IKZF3",0,0,0,0,0,0,0,0,0,0,0,0,0,0,0,0,-0.000697431189044355,0,0,0,0,0,-0.137304208623111,0,0,0,0,0,0,0,0,0,0,-0.0822593448330901,0,0,0,0,0,0,0,0,0,0,0,0,0,0,0,0,0,0,0,-0.0159569972465993,1.13043837079412,0,0,0,0,-0.0127502843006205,0,0,0,0,0,0,0,0,0,0,0,-0.0629972411765562,0,0,0,0,0,0,0,-0.0347206024332724,0,0,0,0,0,0,0,0,-0.00631888613416682,-0.0269834780893945,0,-0.0186660371852574,0,-0.00258104156467472,0,-0.00172825678843214,-0.0234900513069259,-0.00990634565408052,0,-0.000942077441624822,-0.0122096722095167,-0.0286626775258842,0,-0.012403499408012,-0.0113752207548981,-0.000523589270456799,0,0,-0.0125165541985436,0,0,0,-0.0154135396584458,0,0,0,0,-0.00213251936611765,0,0,0,0,0,0,0,0,0,0,0,0,-0.0114557943526099,-0.0233670862029771,-0.0058502634485527,-0.0237263537492269,0,0,0,0,0,0,0,0,-0.0177366266518395,0,0,-0.0154990533238825,-0.0256380119196969,0,0,0,0,0,0,-0.0161760550667274,0,0,0,0,-0.023186947915686,0,0,0,-0.000964214474303685,0,-0.0393521330888882,-0.0389753012601046,0,-0.00726144239420054,0,0
"IRF1",0,-0.00861980768855292,0,0,0,0,0,0,0,0,0,0,0,0,0,0,0,0,-0.00446643380615993,0,0,0,0,0,0,0,0,0,0,0,0,0,0,0,0,0,0,0,0,0,0,-0.0411945095888836,0,0,0,0,0,-0.00189515253493174,0,0,0,0,0,-0.0168138205675688,0,4.84780717207908,-2.46634252369688,-0.407338637024361,0,-0.0102038784883292,-0.329363776132327,0,0,0,0,0,0,0,0,0,0,0,0,0,0,0,0,0.0649082854513857,0,0,0,0,0,0,0,0,0,0,0,0,0,0,0,0,0,0,0,0,0,0,0,-0.103601540117185,0,0,0.0135698500712842,0.0276216729901537,0,0,0,0,0,0,0,0,0,0,-0.000839924009166782,0,0,0,0,0,0,0,0,-0.484878167409609,-1.07470288679862,0,0,0,0,0,0,0,0,0,0,0,0,0,0,0,0,0,0,0,0,0,-0.00154258948421295,0,0,0,0,0,0,0,0,-0.0295137286000794,0,0,0.00197697550017716,0,0,0,0,0,0,0,0,0
"IRF2",0,0,0,0,0,0,0,-0.00576360511772012,-0.0103373406618732,0,0,0,-0.00064022344305412,0,0,0,0,0,0,0,0,0,0,0,0,0,0,0,0,0,0.00905053604174912,0,0,0,0,0,0,0,0,0.0257499662533541,0,0,-0.0131897928038699,-0.000374343258000543,0,0,-0.000253691377687816,0,0,0,0,0,0,-0.00286682220699474,0,-2.46648819601176,4.42496599926258,0,-0.209794230975717,-0.829033705803633,-0.190263500814359,-0.224746524673828,0,0,0,0,0,0,0,0,0,0,0,0,0,0,0,0,0,0,-0.0319136175533252,0,0,0,0,-0.0105104221326049,0,0,-0.00167034017886311,0,0,0,0,0,0,-0.023062345717261,0,0,0,0,0,-0.41462039004394,0,0,0,0,0,0,0,-0.0660405434553645,0,0,0,-0.0011987896989761,0,0,-0.00903090887745047,0,0,0,0,0,0,-0.00643483539942826,0,0,-0.168892207910925,0,0,-0.00256659134171842,-0.00845254652138614,0,0,0,0,0,0,0,0,0,0,0.00829320855509869,0,0,-0.0162428835610974,-0.011040142245338,0,0,0,0,0,0,0,0,0,0,0,0,0,0,0,0,0,0,0,0,0,0,0,0
"IRF3",0,0,0,0,0,0,0,0,0,-0.355448500300126,0,0,0,0,0,0,0,0,0,0,0,0,0,0,0,0,0,0.0047847033023958,0,0,0,0,0,-0.159861542874341,0,0,0,0,0,0,0.00188087974035452,0,0,0,0,0,0,-0.000701031111583524,0,0,0,0,0,0,0,-0.407318692069459,0,2.83491153908839,-0.244713704461203,0,-0.0132170912007167,0,0,0,0,0,0,0,0,0,0,0,0,0,0,0,0,0,0,0,0,0,0,0.0192916153901642,-0.0244308320674952,0,0,0,0,0,0,0,0,0,0,0,0,0,0,0,0,-0.195959537965787,0,0,0,-0.145897573319368,0,0,0,0,0,0,0,0,0,0,0,0,0,0,0,0,-0.0234927567028999,0,0,-0.588118548554225,-0.452343526947686,0,0,0,0,0,0,0,0,0,0,0,0,0,0,0,0,0,0,0,0,0,0,0,0,0,-0.181319114934256,0,0,0,0,-0.193207786518226,0,0,-0.11356495306827,0,-0.0375225089382834,0,0,0,0,0,0,0
"IRF4",0,-0.0104029108425861,0,0,0,0,0,-0.0245138468131779,-0.0283531457286593,0,0,0,0,0,0.0343249481253861,0,-0.00898461935964532,0,0,0,0.0158686500659981,0,0,0,0,0,0,0,0,0,0,0,0,0,0,0,0,0,0,0,0,0,0,-0.0042683719078654,0,0,-0.014996228713744,0,0,0,0.000699635164192094,0,0,0,0,0,-0.209799833930852,-0.244737118427556,3.16178139732648,-0.0847368603013704,-1.92741755690216,-0.266893139692174,-0.00990550775122106,0,0,0,0,0,0,0,0,0,0,0,0,0,0,0,0,0,-0.0114480622127013,-0.00174474633456344,0,0,-0.0367663754138688,-0.0266404133793096,-0.00559437935964757,0,0,0,0,0,0,-0.018769478548996,-0.00532214825932401,0,0.0181255352621932,0,0,0,0,0,0,-0.00719837145553946,0,0,0,0,0,-0.0293279333192606,-0.018188333556431,0,0,0,0,0,0,0,0,0,0,0,-0.155438841359007,0,0,0,-0.0921769841785265,0,0,-0.0128208478860543,0,0,-0.0540838091558829,0,0,0,0,0,0,0,0,0,-0.0152854136059926,0,0,0,0.00269182036053192,0,0,-0.000232410563369445,-0.000126647972596939,0,-0.00234768454520232,0,0,0,0,0,0,0,0,0,0,0,0,0,0,-0.0156109446879288,0,0
"IRF7",0,-0.0186118913978217,0,0,0,0,0,0,-0.0438335150911205,0,0,0,0,0,0,0,0,0,-0.000642320741440674,0,0,0,0,0,0,0,0,0,0,0,0,0,0,0,0,0,0,0,0,0,0,0.00443994735166354,-0.00412803360759061,-0.0186099397779198,0,0,0,-0.0117177339451559,0,0,0.00655933517684899,-0.00188868559809636,0,0,-0.0127573549320633,-0.0101530628453255,-0.829063200991767,0,-0.084766589035544,2.1525873283924,-0.127729960381385,-0.121263961712199,0,0,0,0,0,0,0,0,0,0,0,0,0,-0.0383277016261729,0,0,-0.00756856774178217,0,0,-0.041561270588585,0,0,-0.0078699977000306,0,0,0,0,0,0,0,0,0,-0.00452432066452084,-0.003771670971609,0,0,0,0,0,-0.470277565516972,0,0,0,0,0,0,0,0,0,0,0,0,0,-0.0170931293085223,0,0,0,0,0,0,0,-0.0112205239477643,0,0,-0.204294575040508,0,0,-0.015560896206551,0,0,0,0,0,0,0,0,0,0,0,0,0,0,0,0,0.00301573036910123,0,0,-0.00513387620078267,-0.0068872290661081,0,0,-0.00261402307144159,0,0,0,0.0084831918418363,0,0,0,0,0.0554715682256543,0,0,0,-0.0220746450559083,-0.00233102606995525,0,-0.00670689574151109
"IRF8",0,0,0,0,0,0,0,0,0,0,0,0,0,0,0,0,0,0,0,0,0.000527103386247458,0,0,0,0,0,0,0,0,0,0,0,-0.00215834344913868,-0.071126858711903,0,0,0,0,0,0,0,0.0202457777561291,0,0,0,0,0,0,0,0,0,0,0,0,0,-0.329269528990078,-0.190274911448234,-0.0131399782756803,-1.92745223241461,-0.127723259087757,3.40745422949576,0,0,0,0,0,0,0,0,0,0,0,0,0,0,0,0,0,0,0,0,0,0,0,0,0,0,0,0,0,0,0.00180926014854981,0,0,0,0,0,0,0,0,0,-0.339616299939261,0,0,0,0,0,0,0,0,0,0,0,0,0,-0.00694606457886416,0,0,0,0,0,0,-0.222672205778234,0,0,0,-0.262895417617558,0,0,0,0,0,0,0,0,0,0.00315199084032454,0,0,0,0,0,0,0,0,0,0.00267545832928151,0.0273743777157894,0,-0.00211821384984919,0,0,0,0,0,0,0,0,-0.0129075294618751,0,0,0,0.089956509471674,0.00309996467435642,0,0,0,0,0,0
"IRF9",0.00334175386445089,-0.0322672333392118,0,0,0,0,0,0,0,0.00945496315342165,0,0,0,-0.0373826435019246,0,0.00298075514230119,0,-0.00562491796101184,0,0,0.00188189568941382,0,0,0,0,0,0,0,0,0.0128843665386614,0,-0.00788336068109206,0,0,0,0,0,0,0,0,0,0,0,0,0,0,-0.0397100855297034,0,0,0,0.0119946065027244,-0.00922204783156362,0,0,0,0,-0.22475570047118,0,-0.266897132905171,-0.121259777756734,0,1.24664625685783,-0.012806869307488,0,-0.0214002504527026,0,-0.00558201719711452,0,0,0,0,0,0.0144615683850321,0,0,0,0,0,0,0,-0.00642333609511168,0,0,0,-0.00499708906081158,-0.0103442350020192,-0.00487684415808612,0,0,0,0,0,0,0,0,0,0.00537935111917958,0,0,0,0,0,0,0,0,0.0101830813206611,0,0,-0.0123649885300171,0,-0.00222900397829983,0,-0.00497067838376293,0,0,0,0,0,0,0,0,0.000305294775916866,0.00746898371890277,0,0,0,-0.0363601575434484,0,0,-0.00563727869644864,-0.01736449872766,0.00202619597564786,0,0,0,0,0,0,0,0,-0.0253011666507654,0,0,0,0,0,0,0,0,-0.0105676978206014,-0.00102557706334024,0,0,0,0,0,0,0.0519199933501796,0,0,0,0,0.00581588377928057,0,0,0,0,0,0,-0.0314386529441589
"ISL2",0,-0.184299963672792,0,0,0,0,0,-0.000875118799622577,-0.0895381936847685,0,0,0.0092825027197368,0,0,0,0,0,0,0,0,0,0,0,0,0,0,0,0,0,0,0,0,0,0,0,0,0,0,0,0,0,0,-0.0354549578437835,0,0,0,0,0,0,0,0,0,0,-0.00296550919258411,0,0,0,0,-0.00990521496802067,0,0,-0.0128075200056165,1.04385349642585,0,0,0,0,0,0,0,0,0,0,0,0,-0.0119465361780499,0,0,0,0,0,-0.0276869840191349,0,0,0,-0.0152091795541565,0,0,0,0,0,0,0,0,-0.0146524346483642,0,0,0,0,0,0,0,0,0,0,0,0,0,0,0,0,0,0,0,0,0,0,0,0,0,0,0,0,0,0,0,0,0,0,0,0,0,-0.00426278103637365,0,0,-0.0175559948824133,0,0,0,0,-0.0028333557086102,0,-0.0210264129649586,0,0,0,0,0,0,0,0,0,0,0,0,0,0,0,0,0,0,0,0,0,0,0,0,0,0,0
"JDP2",0,0,0,0,-0.384696893865369,-0.497200773478032,-0.982156672429122,-0.141531243152619,0,0,0,0,0,0,-0.770132599856454,-0.311272756879315,0,0,0,0,0,0,0,0,0,0,0,0,0,0,0,0,0,0,0,0,0,0,-0.0405699684922942,0,-2.5415725621604e-05,0,0,0,0,0,0,0,-0.0070614892226405,0,0,0,0,0,0,0,0,0,0,0,0,0,0,3.71303106467544,-0.602748269291359,-0.0160678517205018,-0.517541573006212,0,0,0,0,0,0,0,0,0,0,0,0,0,0,0,0.0272426102675695,0,0,-0.00201884991476577,0,0,0,0,0,0,0,0,0,0,0,0,-0.0115270730454675,0,0,0,0,0,0,0,0,0,0,0,0,0,0,0,0,0,0,0,0,0,0,0,0,0,0,0,0,0,0,0,0,0,0,0,0,-0.00879443373694612,0,0,0,0,0,0,-0.0294983899413149,0,0,0,0,0,0,0,-0.0108935853231145,0,0,0,0,0,0,0,0,0,0,0,0,0,0,0,0,0,-0.0109493381478648,0
"JUN",0,0,0,0,-0.0722203901636468,0.0984882772992622,0.130625402917316,0,0,0,0,0,0,-0.101082810024055,0,0.0028449303144362,0,-0.0533104253122536,0,0,0,0,0,0,0,0,0,0,0,0,0,0,0,0,0,0,0,0,-0.977077476050266,0,0,0,0,0,0,0,0,0,0,0,0,0,0,0,0,0,0,0,0,0,0,-0.0213736522837437,0,-0.602932997042559,3.83877536281413,-0.708122977860822,-1.4783364151187,0,0,0,0,0,0,0,0,0,0,0,0,0,0,0,0,0,0,0,-0.036765521209564,0,0,0,0,0,0,-0.0621201072336377,0,0,0,0,-0.0148882766492921,0,0,0,0,0,0,0,0,-0.00821531052799218,0,0,0,0,0,-0.00965253400114848,0,0,0,0,0,0,0,0,0,0,0,0,0,0,0,0,0,0,0,0,-0.0140021834360947,0,0,0,0,0,0,0,0,0,0,0,0,0,0,-0.00209988883692307,0,0,0,0,0,-0.000484427108174952,0,0,0,0,0,0,0,0,0,0,0,0,0,0
"JUNB",0,0,0,0,0,0,0,-0.522241129390716,0,0,0,0,-0.00721201656094851,0,0,0.000537096417516742,-0.0129916741015518,0,-0.012735616228317,0,0,0,0,0,0,0,0,0,0,0,0,-0.0171639923134345,-0.0205090972301771,0,0,0,-0.0366169007151625,0,-0.245550121106586,0,-0.00773044224038326,0,-0.0280044396973853,-0.0063766439962499,0,0,-0.0390046232094157,0,-0.00128382761645697,0,0,0,0,0,0,0,0,0,0,0,0,0,0,-0.0160864246206998,-0.708082220569367,3.58174463668908,-1.68555255256594,0,0,0,0,0,0,0,0,-0.0109363238861599,0,0,0,0,0,0,0,0,-0.0211608468116163,0,-0.00253479103852103,0,0,-0.0179332237354925,0,0,0,-0.0123123406680153,0,-0.0144771609276964,0,0,0,0,0,0,0,0,0,0,0,0,0,0,-0.0127741291827049,-0.0155332075630135,-0.0165681119613599,0,-0.0220439463122017,0,0,0,0,0,0,0,0,-0.00704311667622377,-0.00502156117144825,0,0,-0.0136314802754299,-0.00273161995171875,0,-0.00628033194032661,0,-0.0171029125384291,-0.0350526063843657,0,0,0,-0.00438619708188403,0,0,0,0,-0.0310629803924801,0,0,0,0,0,0,-0.0282801957873544,0,0,0,0,0,0,0,0,0,0,0,0,0,0,0,0,0,-0.0125860391387632,0,-0.00779627912544842
"JUND",0,0,0,0,0,0,0.22437409813875,-0.374154281170957,0,0,0,0.0167666967033105,0,0,0.152112850585491,0.0872976292238775,0,0,0,0,0,0,0,0,0,0,0,0,0,0,0,0,0,0,0,0,0,0,-1.23592909116312,0,0,0,0,0,0.000382227090839544,0,0,0,0,0,0,0,0,0,0,0,0,0,0,0,0,-0.00555958680761424,0,-0.517400632391253,-1.47833684499483,-1.68550707466732,5.07808293090172,0,0,0,0,0,0,-0.024941578771832,0,0,0,0,0,0,0,0,0,0,-0.052583505046798,-0.0656340716377583,0,0,0,0,0,0,0,-0.0493115347007892,0,-0.0122422476395697,0,0,0,0,0,0,0,0,0,0,0,0,0,0,0,0,0,0,0,0,0,0,0,0,0,0,0,-0.0389432356833722,0,0,0,0,0,0,0,0,0,0,0,0,0,0,0,0,0,0,0,0,0,0,0,0,0,0,0,0,0,0,0,-0.0116953273730679,0,0,0,0,0,-0.000331709955004521,0,0,0,0,0,0,0,0
"KLF10",0,0,0,0,0,0,0,0,0,0,0,0,0,0,0,0,0,0,0,0,0,0,-0.0679286081011305,-0.163091567870068,-0.0824253523339031,0,0,0,0,0,0,0,0,0,0,0,0,0,0,0,0,0,0,0,0,0,0,0,0,0,0,0,0,0,0,0,0,0,0,0,0,0,0,0,0,0,0,1.95259721022722,-0.0393618086508136,-0.209742862964208,-0.173051899181936,-0.256809364103488,-0.00515776042795374,0,0,0,0,-0.00261477424039025,0,0,0,0,0,0,0,0,0,0,0,0,0,0,0,0,0,0,0,0,-0.00545403844293823,0,0,0,-0.0298368468447652,0,0,0,0,0,0,0,0,0,0,0,0,0,-0.0225811182366173,-0.0866585976275616,0,-0.0329706448453953,-0.24679748412581,0,0,0,-0.0812943545879077,0,0,0,0,0,0,0,-0.0288283879823633,-0.014700252480982,-0.0152530269020049,0,0.0371819282137137,0,0,0,0,0,0,0,0,-0.0239259159835336,-0.0102875686974138,0,0,0,0,0,0,-0.0143652471357471,0,0,-0.149116675012394,0,0,0,0,0,0,0,0,0,-0.0361604004384978,-0.00673703282407689,0,0
"KLF13",0,0,-0.00371382378781528,0,0,0,0,0,-0.0142984333447855,-0.012720953951041,0,0,0,-0.0177653774175293,0,0,-0.00672075689231477,0,0,0.216585392920055,0,0,0,0,0,0,-0.00808429102399978,0,0,0,-0.00141225000512613,0,0,0,0,-0.00908467152750848,0,-0.00313742445809323,0,0,0,0,0,0,0,0,0,0,0,0,0,0,0,0,0,0,0,0,0,0,0,0,0,0,0,0,0,-0.0393420555975224,1.31298583144418,-0.0843965558436167,0,0,-0.29485332773349,-0.238358626032492,0,0,-0.00381283797529756,0,0,0,0,0.00520294559577073,0,-0.00139779384821547,0,0,0,0,0,0,-0.0256493359324659,0,-0.0244244426976312,0,0,0,0,0.11792126317768,0,0,-0.0298244003267682,0,0,0,0,0,0,-0.0106660200922762,0,0,0,-0.00579893200232422,0,0,0,-0.0120081401132503,0,0,0,0,0,-0.308151302955981,0,-0.000648730649089604,0,0,0,0,0,0,0,-0.0344721470249765,0,-0.00265955369938796,0,0,0,0,-0.00122303885214453,0,0,0,-0.0122234115993253,-0.0123598024846355,0,-0.00236094210779209,0,0.0955812806213395,0,0,0,0,-0.00463364974549229,0,0,-0.00163845509611611,0,0,-0.0291297625222815,0,0,0,0,-0.00294507513106661,0,0,0,-0.0138759181007461,-0.000205333304659747,0
"KLF2",0,0,0,0,0,0,0,0,0,0,0,0,0,0,-0.0013944308390732,0,0,0,0,0,0,0,0.0599152785364018,0,-0.0456794821494782,0,0,0,0,0,0,0,0,0,0,0,0,0,0,0,0,0,0,0,0,0,0,0,0,-0.0183313991767758,0,0,0,0,0,0,0,0,0,0,0,0,0,0,0,0,0,-0.209641768626652,-0.0844543119640189,5.67041325086036,-0.549376478297845,-0.023857635975683,-2.2309443044263,-2.21494334270948,0,0,-0.00168278845976429,0.099569833202404,0,0,0,0,0,-0.00436155929948637,0,0,0,0,0,0,0,0,0,0,0,0,0,-0.317027437300344,-0.0109612693338838,0,0,0,0,0,0.00149981963685231,0,0,0,0,0,0,0,0,0,0,0,0,0,-0.00565163173206291,0,0,0,0,-0.0093947016365952,-0.0796836158884941,0,0,0,0,0,0,0,0,0,0,0,0,0,0,0,0,0,0,0,0,0,0,0,0,0,0,-0.0003775293671222,0,0,0,0,0,0,-0.00573369174422134,0,0,0,0,0,0,0,0,0,0,0
"KLF3",0,0,0,0,0,0,0,0,0,0.0290843956197475,0,0,0,0,0,0,0,0,0,-0.370313838909888,0,-0.0921724255867542,0,0,0,0,0,0,0,0,0,0,0,0,0,0,0,-0.0184015761865656,0,0,0,0,0,0,0,0,0,0,0,0,0,0,0,0,0,0,0,0,0,0,0,0,0,0,0,0,0,-0.173026151173393,0,-0.549572975536489,7.22355676779479,-2.01490570371653,-0.864301204343177,-0.234748898596545,0,0,0,0,0,-0.0201707047938415,0,0,0,-0.0710891125009923,0,0,0,0,0,0,0,0,0,0,0,0,0,-0.594565008537567,0,0,0,0,0,0,0,0,0,0,0,0,0,0,0,0,0,0,0,0,0,-0.168719467724764,-1.68509566567669,-0.743837152016638,0,0,0,0,0,0,0,0,0,0,0,0,0,0,0,0,0,0,0,0,0,0,0,-0.0146903440546511,0,0,0,0,0,0,0.00474562039388666,-0.0252273234143671,0,0,0,0,0,0,0,0,0,0,0,0,0.105453558770127,0,-0.0130915814311768,0
"KLF6",0,0,0,0,0,0,0,0,0,0,0,0,0,0,0,0,0,0,0,-0.0646455782886843,0,0,0,-0.00123554928301425,-0.0482646308839768,0,0,0,0,0,0,0,0,0,0,0,0,0,0,0,0,0,0,0,0,0,0,0,0,0,0,0,0,0,-0.0630035699191172,0,0,0,0,0,0,0,0,0,0,0,0,-0.256705889460713,0,-0.0233976482996638,-2.0147202517549,5.56374568922394,-0.0141787449872783,0,0,0,0,-0.550163025842496,0,-0.0423707403081965,0,0,0,0,0,0,0,0,0,0,0,0,0,0,0,0,0,-0.637115377336579,0,0,0,0,0,0,0,0,0,0,0,0,0,0,0,0,0,0,0,-0.590103004850461,0,-0.314022101058288,-0.674994635397176,-0.161973971609935,0,0,0,0,0,0,0,0,0,0,0,0,0,0,0,0,0,0,0,0,0,0,0,0,0,-0.191976367246224,0,0,0,0,0,0,0,-0.0161447722164513,0,0.00290325919687952,0,0,0,0,0,0,0,0,0,-0.0148161244523173,0,0
"KLF7",0,0,0,0,0,0,0,0,0,0,0,0,0,0,0,0,0,0,0,-0.544348349146401,0,-0.171911979597793,0.019979017125823,0,-0.0180650770686311,0,0,0,0,0,0,0,0,0.000995689850635436,0,0,0,0,0,0,0,0,0,0,0.0124611477447899,0,0,0,0,0,-0.0178392059245594,0,0,0,0,0,0,0,0,0,0,0.0145539493687961,0,0,0,0,0,-0.00514922405902198,-0.294956980108313,-2.23127077381281,-0.864494532107525,-0.0140834724329966,6.18778083714825,-1.98684943898131,0,0,0,0.293922268455523,0,0,0,0,0,0,0,0,0,7.61714706049919e-05,0,0,0,0,0,0,0,0.00106542900734783,-0.00985326030677739,0,0,0,0,0,0,0,0,0.07913976803778,0,0,0,0,0,0,0,0,0,0,0,0,0,0,0,-0.591072773693219,0,0,0,0,0,0,0,0,0,0,0,0,0,0,0,0,0,0,0,0,0,0,0,0,0,0,0,0,0,-0.0093264181156233,0.00505249751958605,0,0,0,0.197012779936767,0,0,0,0,0.00214152599541301,0,0,0.0102757314557324,0,0.00596003332591693,0,0,0
"KLF8",-0.00518118699150684,0,0,0,0,0,0,0,0,0,0,0,0,-0.00951162445806277,-0.0365649929700362,0,-0.0576161491261512,0,0,-0.05817846573058,0,-0.0983872005417538,0.110963503562624,0,-0.020673054801351,0,-0.035421368474587,0,0,0,0,0,0,0,0,0,0,0,0,0,0,0,0,0,0,-0.0194400724055372,0,0,0,-0.0217160363977806,-0.00707800487726501,0,0,-0.0388099388135359,0,0,0,0,0,0,0,0,0,0,0,0,-0.0243607635401223,0,-0.23835229274714,-2.21470676570386,-0.234753999248976,0,-1.98696639817283,5.27633657271198,0,0,-0.0511996160461787,0.0049755413255081,-0.00247254239140128,-0.0233484291095669,0,0,0,0,0,0,0,0,0,-0.00356846095158203,0,0,0,0,0,0,0,-0.139329055712343,0,0,0,0,-0.0218194836363351,0,0,0,-0.00210357954622366,0,0,0,0,-0.0129928484379508,0,0,0,0,-0.0149872850197745,0,-0.000452487493591195,0,0,-0.0329242776692444,0,0,0,0,0,-0.0107829768496852,0,0,0,0,0,-0.000824500412358476,-0.00929075306326687,0,0,0,0,0,0,0,0,0,0,0,0,0,0,0,0,0,0,-0.0126144695192092,0,0,0,0,-0.0359433731508465,-0.00141832913630757,0,0,-0.007004106652044,-0.0121931991223108,0,0,0,0,-0.115222630535213,0
"KLF9",0,0,0,-0.00215218074341841,0,0,0,0,-0.000213192965857839,0,0,0,0,0,0,0,0,0,0,0,0,0,0,0,0,0,0,0,0,0,0,0,-0.00726340357275852,0,-0.00908330413604196,0,0,0,0,0,0,0,-0.0214497650241631,0,0,0,0,0,0,0,0,0,-0.0198863017996629,0,0,0,0,0,0,0,0,0,0,0,0,0,0,0,0,0,0,0,0,0,0.980718805130574,0,0,0,0,0,0,0,-0.00046700970641504,0,0,0,0,0,-0.0125837184178977,0,0,0,0,-0.00150098887788165,-0.0153668667216703,0,0,0,0,0,-0.0225083262938512,0,0,0,0,0,-0.00740257030930165,0,0,0,0,0,0,0,0,-0.00276377317074171,0,0,0,0,0,0,0,0,0,0,0,-0.0118158277093459,-0.0136707415141234,0,0,0,0,0,0,0,0,0,0,0,0,0,0,0,-0.0105581441896889,0,0,0,0,0,0,0,0,0,0,0,0,0,0,0,0,0,0,0,0,0,0,0,0,-0.00364406574255963
"MAFK",0,-0.027928314447838,0,0,0,0,0,-0.106396170477173,-0.0252623876170494,-0.00612351049589914,0,0,0,0,0,0,-0.0225883011414329,0,0,0,0,0,0,0,0,0,-0.00131190658610377,0,0,0,0,0,0,0,0,0,0,0,-0.170757254707546,0,0,0,-0.010023425570129,-0.00931719953569939,0,0,-0.0271943269758019,-0.007437697273973,0,-0.0154957992986644,0.00626849681495028,0,0,-0.0110304430634812,0,0,0,0,0,-0.0383249035831517,0,0,-0.0119465181957233,0,0,-0.0109518348911026,0,0,0,0,0,0,0,0,0,1.39127623277855,0,0,0,0,0,-0.00942164155798065,0,0,-0.00553119671244768,0,-0.45343109447058,-0.0153568015121255,0,0,0,0,0,-0.00956807926273824,-0.0174709380914795,0,0,0,0,0,0,0,0,0,0,0,0,0,0,0,-0.0548521450809396,0,-0.0103376131559784,-0.0100251297981827,-0.0209273546851445,0,0,0,-0.0276213681073363,0,0,0,-0.00764904451479324,-0.0170615112103166,0,0,0,-0.0272124142878537,-0.000638099174184893,0,-0.00293092659039998,0,-0.00920147991018972,-0.0159779887899259,0,-0.00895768695588096,0,0,0,0,0,-0.00429167752784692,0,0,0,0,0,0,0,-0.0259658717649074,0,0,-0.00162737015254006,0,0,0,-0.00207187900086313,-1.81936391950405e-05,0,0,0,0,0,0,0,0,-0.0058546679405152,-0.0111797631683831,0,0
"MAX",0,0,-0.922721219375212,-0.134595881270944,0,0,0,0,0,0,0.410274854594825,0.0958320126927637,0,0,0,-0.0340808035986622,0,0,0,0,-0.0183741648520937,0,0,-0.0114366014746555,0,-0.0109491582595869,0,0,0,0,0,0,0,0,0,0,0,0,0,0,0,0,0,0,0,0,0,0,-0.0190822288713956,-0.00429836168176519,-0.000576667898336604,0,0,-0.0153170000082207,0,0,0,0,0,0,0,0,0,0,0,0,0,0,-0.0038376433514928,-0.00163257373623619,0,0,0,-0.0511793215161295,0,0,1.97352165753972,0,-0.0311575002912303,0,0,0,-0.269913306547069,-0.644231972941709,0,0,0,0,0,-0.00131568988939325,0,-0.0215612860403678,0,0,0,0,-0.0545007241593708,0,-0.00189969923735516,0,0,0,0,0,0,0,0,-0.00329300931443016,0,0,0,0,0,0,0,0,0,0,0,0,0,0,0,0.0423630735528587,0,0,0,0,0,0,0,0,0,-0.0140782590148726,-0.00540457205620474,-0.000299721382318301,0,0.0913239365059791,0.0788013330514389,0,0,0,-0.00317380937673749,-0.0309300389772657,0,0,0,0,0,0,0,-0.0258138378912575,0,-0.00453990459157387,0,-0.023698206798125,0,0,0,-0.0050532415226863,0,0,0,0,0,0,0,0,0,0
"MAZ",0,0,0,0.00266823324259963,0,0,0,0,0,-0.302628876040777,0.00393687477641945,0,0,0,0,0,0,0,0,0,0,0.0659184935892097,-0.175095152213191,0,0,0,0,0.0220767770547094,0,0.0391065759942501,0,0,0,0,0.0241044280380271,0,0,0,0,0,0,0,0,0,0,0,0,0,0,0,0,0,0,0,0,0.0650733166199256,0,0,0,0,0,0,0,0,0,0,0,-0.00255648860804197,0,0.099704254586038,0,-0.550291198906794,0.293763134184702,0.00485506095898962,0,0,0,4.66456996627415,0,0,0,0.0111735633651465,0,0,0,0,0,0,0,0,0,0,0,0,0,0,0,0,0,0,0,0,0,0,-0.263490355630375,-1.14633509275629,0,0,0,0,0,0,0,0,0,0,0,-0.999391324708228,0,0,0,0,0,0,-0.0379221345937686,0,0.0209267223393913,0,0.0180998511361026,0.0160162532991663,0,0,0,0,0,0,0.0277212511663455,0,0,0,0,0,0,0,0,0,0,-1.15617224056123,0,0,0,0,0,0,-0.196882810000387,-0.00520268432720287,-0.587932359316705,0.0627063734348624,0,0,-0.19080040154164,0,0,0,0,0,-0.0202739619185786,0,0,0
"MBD2",0,0,0,0,0,0,0,0,0,0,0,0,0,0,0,0,0,0,0,0,-0.0639399846155586,0,0,0,0,0,0,0,0,0,0,0,0,0,0,0,0.0197755706738173,-0.0736533409202004,0,0,0,0,0,0,0,0,0,0,0,0,0,0,0,0,0,0,0,0,0,-0.00756434651133291,0,0,0,0,0,0,0,0,0,0,0,0,0,-0.00247010680095675,0,0,-0.0311613341818271,0,1.27083353399881,-0.0234868023640122,0,0,0,0,0,0.0149045550842781,0,0.00137972560035012,0,0,0,0,0,0,0.00972877482947074,0.00985413187611456,-0.054289735264198,0,0,0,0,0,0,0,0,0,-0.0318342288370125,0,0,0,0,0.00635874798270001,0,0,0,0,0,-0.080455388410776,-0.00490624562196045,-0.196817373062001,0,0,0,0,0,0,0,0,0,0,0,-0.0275381605394987,0,0,0,0,-0.000196859688476233,0,0,0,-0.000416249906117256,0,-0.0235461893085318,0,0.000110970644997527,0,-0.0415595841964258,-0.0224320202363889,0,-0.0112904095846616,-0.0239770958749907,0,0,-0.0547442472794741,-0.0191355588164091,-0.00672402660880328,0,0.0196268244457912,0,-0.0155020392819528,0,0,0,-0.0197116621609154,-0.0756924886214382,-0.0380582278479962,0,0,-0.033114870950777,0
"MECP2",-0.0451810370269389,0,-0.0162373897223927,0,0,0,0,0,-0.0187896536068487,0,0,0,0,0,-0.00234612858388847,-0.0358787180365252,-0.00332625790666352,0,0,0,0,0,0,-0.00499992215523986,0,-0.0501121315724132,0,-0.000541217760571779,0,0,0,0,0,0,0,0,0,-0.00484176019245401,0,0,0,0,0,-0.0410380872624293,0,0,0,0,0,0,0,0,0,-0.0211458824719596,-0.0347210166031341,0,0,0,0,0,0,0,0,0,0,0,0,0,0,0,-0.0201805003032214,-0.042349978378346,0,-0.0233393979820262,0,0,0,0,-0.0234887268106763,1.22155058634454,0,0,0,-0.00173377487892219,0,0,0,0,0,-0.00751575243677326,0,-0.0398065833042483,0,0,0,0,0,-0.00623877398504437,-0.00323880909334572,0,-0.0250204815682784,0,0,-0.0223454297482094,0,0,-0.00198432824448759,0,-0.00699866853686109,0,0,0,0,0,0,0,0,0,0,-0.014079164017905,0,0,0,0,-0.0109197979393125,0,0,-0.00970163063176852,0,0,0,0,-0.000232519677861304,0,0,0,-0.00391074579405072,-0.00484596968646617,-0.00272437628249999,0,0,0,-0.0188312600380175,0,0,0,-0.0525419225912626,0,0,-0.0258413784628871,-0.00782393300556331,-0.0169158270290378,0,0,-0.0477653010910834,-0.012295726131064,0,0,0,0,0,0,0,-0.0527626833514435,-0.0441372909164937,-0.174259577564508,0,-0.00885848401688579,-0.0699844049201748,0
"MEIS3",0,0,0,0,0,0,0,-0.0115330898769285,-0.026043768753902,0,0,0,0,-0.00253285197457964,0,0,-0.019105482494935,-0.00675935392405248,0,0,0,0,0,0,0,0,-0.00085614269909489,0,0,0,0,-0.00950515795999213,-0.00638949754368707,0,0,0,-0.0140810844311492,0,0,0,0,0,-0.0507702235591118,0,0,0,-0.0023698321406931,0,-0.00302136404099291,0,0,0,0,-0.0170245661692185,0,0,-0.0318799690829379,0,-0.0114484734030771,0,0,-0.00641817281702596,0,0,0,0,0,0,0,0,0,0,0,0,0,0,0,0,0,0,1.44724724890154,0,0,0.00574249313592636,-0.00517365385841634,-0.00591350779452443,-0.0389315629898002,0,-0.000480196347692768,0,0,0,0.0163435627697283,-0.0115997417310047,0,0,0,0,0,0,-0.635835291526567,0,0,-0.0134265619304559,0,0,0,0,0,-0.0090825932441589,-0.0134062978813655,-0.0292356921759247,-0.0132914229222463,0,-0.0365231814299769,-0.0146272080440576,-0.0450802583357443,0,0,0,0,0,-0.0163214868158032,-0.024859226312797,-0.00430363966444468,0,0,-0.0340005488434656,-0.0204912875441011,0,-0.00856374171076455,0,-0.0138298511347447,-0.0239712141641029,-0.0379007696654744,0,0,0,0,0,0,0,-0.0263645471165215,0,-0.00549990066005245,0,0,0,-0.00971117476331359,-0.0394949945124801,0,0,0,-0.0199884902483589,0,0,0,0,-0.00764038795722225,-0.0115843845069584,0,0,0,0,0,0,0,0,0,-0.00965238582633868
"MEOX2",0,-0.0507740494773656,0,0,-0.00529820636769331,0,0,0,-0.0316981963137512,0,0,0,0,0,0,-0.000751930182103501,0,0,0,0,0,0,0,0,0,0,0,0,0,0,0,0,0,0,0,0,0,0,0,0,0,0,0,-0.00172304327548803,0,0,-0.0013089418941437,0,0,0,0,0,-0.00380854749516817,-0.0314443539800306,0,0,0,0,-0.00174621664493124,-0.0415624860298304,0,0,-0.0276870435428636,0,0,0,0,0,0.00520091910174793,0,0,0,0,0,0,-0.00942264816523354,0,0.0111709807090898,0,0,0,1.06806418638382,0,0,0,0,-0.0182922442594052,0,0,0,0,0,0,0,-0.0229372207603893,0,0,0,0,0,0,0,0,0,0,0,0.00732134453716902,0,-0.0380669411880619,0,0,0,-0.000521879512587952,-0.0141454726934536,0,-0.000585712157926573,0,0,0,0,0,0,0,0,0,0,0,0,-0.0060121252848519,0,0,0,0,0,0,-0.0180217992697462,0,0,0,-0.00315267355275636,0,0,0,0,-0.254954214127707,-0.0248262340703798,0,0,0,0,0,0,0,0.00651147081874985,0,0,0,0,0,0,0,0,0,-0.0167651747175638,0,0,0,0,0,0
"MLX",0.00976708148874064,0,-0.651955846020219,-0.940416240344469,0.0136382470887305,0,0,0,0,0,-0.435571890408038,0,0,0,0.0190419699191521,0,0,0,0,0,0,0,0,0,0,0,0,0,0,0,0,0,0,0,0,0,0,0,0,0,0,0,0,0,0,0,0,0,0.067404341704619,0,0,0,0,0,0,0,0,0,0,0,0,0,0,0.0272000687420858,0,0,0,0,0,0,0,0,0,0,-0.000466994454271544,0,-0.269959318953814,0,0,0,0,0,3.5795343758295,0.0591587214974077,0,0,0,0,0,0,0,0,0,0,0,0,0,0,0,0,0,0,0,0,0,0,0,0,0,0,0,0,0,0,0,0,0,0,0,0,0,0,0,-0.08159279183525,0,0,0,0,0,0,0,0,0,0.0155488091922414,0,0,0,0,-0.600145384539239,0,0,0.00579230807510773,0,-0.714251843243184,0,-0.0125021447547696,0,0,0,0,0,0,0,0,0,0,0,0,0,0,0,-0.0114052780696846,0,0,0,0,0,0,0,0
"MXD1",0,0,-0.254209230275897,-0.175499688429802,0,0,0,0,0,0,0.106698747837407,0,0,0,0,0,0,0,0,-0.00457841606747661,0,0,0,-0.024216363945072,-0.00511623001812257,0,0,-0.00234429799548353,0,0,0,0,0,0,0,0,0,0,0,0,0,0,0,0,0,0,0,0,-0.142777867651959,0,0,0,0,-0.00148490014347122,0,0,0,0.019289332396182,0,0,0,0,0,0,0,0,0,0,-0.00139401348029392,-0.00435417741450199,-0.0710300517473641,0,0,0,0,0,-0.644231693274355,0,0,-0.00173519341391491,0.00573901962060195,0,0.0591409336095606,1.61789018744462,0,0,0,0,0,0,0,0,0,0,0,0,-0.00771743332613643,-0.0218120149418805,-0.00213621328735928,0,0,0,0,0,0,0,0,0,0,0,0,0,0,0,0,0,0,0,-0.00409224380494351,-0.00520996027478235,0,0,0,0.000130059435287615,0,0,0,-0.00538636675604065,-0.0346187295855803,-0.00426821412750911,0,0,0,-0.0569323999997273,0,-0.0114902987763235,0,0,0.0561288754717239,0,0,0,0,0,0,0,-0.0410278202419769,0,0,0,0,-0.0239942887604495,0.0101969204593042,0,0,-0.0230654267175816,0,0,0,-0.0130819348307543,0,0,0,0,-0.00831936071152865,-0.0681005028487114,0,0,0,0
"NFATC1",0,0,0,0,0,0,0.00722415349552605,-0.014779632244365,-0.0250175424973707,0,0,0,-0.0025417799673802,-0.0142858752497144,0,0,0,-0.00325948566178184,0,0,0,0,0,0,0,0,0,0,0,0,0,-0.00395773378175805,0,-0.00347192272365066,0,0.00539361077760011,0,0,0,0,0,0,-0.026662916745135,-0.0436409262705342,0,0,-0.0365410739172401,-0.0175040222862517,0,0,0,-0.000642107943097818,0,0,0,0,0,-0.0244320259798776,-0.0367733009828848,-0.00787064823440008,0,-0.00499435082474668,0,0,0,-0.0211836133918834,-0.0525696800841585,0,0,0,0,0,0,0,0,-0.00553299450935396,0,0,0,0,-0.00517476720724147,0,0,0,1.10735365720462,-0.0366775070345967,0,-0.0181992841560539,0,0,0,0,0,-0.0425157617248828,-0.0182397877339247,-0.0379360174040843,0.00549342251854204,0,0,0,-0.00999816570071476,0,-0.0121335810906883,0,0,0,0,0,-0.012016267962305,0,-0.0371518733408628,0,0,0,-0.0119952804194862,-0.0117847315380043,0,0,0,0,0,0,-0.00650094884527407,0,0,0,0,-0.0113250546792099,-0.027713840633785,0,-0.0119465990894367,0,-0.0635307439369126,-0.0226174115485423,0,0,0,0,0,0,0,0,-0.00281479568172274,0,-0.0275238900425749,0,0,0,0,-0.0122265142173101,0,0,0,0,0,0,0,-0.0253501335659753,-0.0194869682310091,-0.00119278690234518,-0.0043287068280992,0,-0.00902582714852825,0,0,0,0,-0.00927453768936448,0,0
"NFE2L1",0,-0.0338153509924434,0,0,0.00851659412833035,0,0,-0.149054780539907,-0.0553221036460508,0,0,0,-0.0219063762340398,-0.00176485973077701,0.00457308854679387,0,-0.0144119570423541,-0.000762709955089156,-0.0143942719740342,0,0,0,0,0,0,0,0,0,0,0,0,0,0,0,0,0,-0.00162595617479618,0,0,0,-0.00217303969366668,0,-0.00748677895486186,0,0,0,-0.0074140828099919,-0.0127826816983655,0,0,0,-0.00111150987693786,-0.000604040438927111,-0.0082126691098337,0,0,-0.010512734903283,0,-0.0266444318931999,0,0,-0.0103423167199141,-0.0152091104483896,-0.0020246840773475,0,0,-0.0656328387010138,0,0,0,0,0,0,0,0,0,0,0,0.0149010762822888,0,-0.00591445238614738,0,0,0,-0.0366780810230341,1.0954256218923,-0.018287468774918,0,-0.0149918288395967,0,-0.00182016307755552,0,0,0,-0.0168247556037154,-0.034283965037384,0,0,0,0,-0.00179827682535862,0,0,-0.0135395267074054,0,0,0,-0.00664826329094834,0,-0.00477606661220075,0,-0.0238522257485265,0,0,0,-0.0247730642195766,0,0,0,0.0095985178630758,0,0.00168329081542547,0,0,0,0,0,-0.00540557376347714,0,-0.00226144566664831,-0.0120644897472576,0,0,0,0,0,0,0,0,0,0,0,-0.00330882842771279,0,0,0,0,0,-0.00924865092278953,0,0,0,-0.0178108353791512,0,0,0,0,-0.0139735599919697,0,0,0,-0.00210093325757737,0,0,0,0,0,-0.0181873978799998,0,0
"NFE2L2",0,0,0,0,0,-0.000584944630623319,0,-0.193188902784781,-0.0216290420166781,0,0,0,-0.00417618515743417,0,0,0,0,-0.0169384019212366,-0.0206574435715907,0,0,0,0,0,0,0,0,0,0,0,0,-0.00852962303375297,0,0,0,0.00703426283754741,-0.0168714463229055,0,-0.158823660513282,0,0,0,-0.00369169730770687,0,0,0,-0.0130281817406689,0,0,0,0,0,0,-0.00984251454287701,0,0,0,0,-0.00558555116229129,0,0,-0.00487226112445244,0,0,-0.0367646138349392,-0.002521970452946,0,0,0,0,0,0,0,0,0,-0.45343076772742,0,0,0,0,-0.0389282742822224,-0.0182906073931435,0,0,0,-0.0182854493698207,1.46077448328027,0,0,-0.0267079565734335,0,0,0.00348303661831677,-0.0191846845077761,-0.0220667384721746,0,0,0,0,0,0,-0.00531809077310032,0,-0.00386994753054164,0,0,0,0,-0.0281611452915375,-0.0291926319511375,0,0,-0.0134428886221724,-0.0027008177964408,-0.0196893270112322,0,0,0,-0.00366658959647321,0,0,0,-0.021360445613189,-0.00492732334706716,0,0,0,0,0,0,0,0,-0.0510333613965455,-0.0130484768210648,-0.0287687527455672,0,0,0,0,0,0,0,-0.0227471165668097,0,0,0,0,0,-0.00353490250807848,-0.0103072701510398,0,0,-0.0108386077699707,0,0,-0.00854529837411272,0,0,0,0,0,0,0,0,0,0,-0.00440060740572208,-0.023724421107391,0,-0.0151990265452038
"NFIL3",0,-0.0160248985043853,0,0,0,-0.0126881152940226,0,0,0,0,0,0,0,-0.285548338201035,0.00750339520876498,0,0,-0.361938457441711,0,0,0,0,0,0,0,0,0,0,0,0,0,0,0,0,0,0,0,0,0,0,-0.00112240596625865,-0.048008077416769,-0.00416439941508069,0,0,0,-0.00103492020612325,0,0,0,0,0,0,0,0,0,0,0,0,0,0,0,0,0,0,0,0,0,0,0,0,0,0,0,0,-0.0153674926527421,0,0,0.00136019600846411,0,0,0,0,0,-0.0182066054040582,0,0,1.64458829159533,0,0,0,0,0,0,0,0,0,0,0,0,0,0,0,0,0,0,0,0,0,0,-0.020556271755405,0,0,0,0,0,0,0.00225560652233068,0,0.00373729830124114,0,0,-0.0163416031053075,0,0,0,0,0,0,-0.0224156268004555,0,0,0,-0.0163345975575743,0,-0.80901032423465,0,0,0,0,-0.0135406177152364,0,0,0,0,0,0.00265698015958244,0,0,0,0,0,0,0,0,0,0,-0.00899708213231749,0,0,0,-0.00550907000082377,0,0,0,0,0,0,0,-0.00681547275061732
"NFKB1",0,0,0,0,0,0,0,0,0,0,0,0,-0.00402850143202453,0,0,0,0,0,0,0,0,0,0,0,0,0,0,0.00762381967675688,0,0,0,0,0,-0.0168425470859163,0,0,0,0,0,0,0,0,-0.0181565155136802,0,0,0,0,0,0.0074527062778004,-0.00418452688663348,0,0,0,-0.0131238276993802,-0.00632523067062984,0,-0.00164411041395012,0,0,0,0,0,0,0,0,0,0,0,0,0,0,0,0,0,-0.0125831647934858,0,0,0,0,0,-0.000473907481972374,0,0,0,0,-0.0149844589299774,0,0,2.70023882903098,-2.09512367885207,0,0,0,0,0,0,0,0,0,0,-0.0136220257499432,0,-0.0152777939640886,0,0,-0.102614185488728,0,0,0,-0.0201867290950417,-0.000518781549589715,0,-0.0108328042652642,0,0,0,0,0,0,0,0,0,0,0,-0.00943118693390937,0,0,0,0,-0.00783809753879745,-0.00219846215785481,0,0,0,0,0,0,0,0,0,0,0,0,0,0,0,0,0,0,0,0,0,0,0,0,-0.0223865519894291,0,0,0,-0.0242935648324528,0,0,0,0,0,0,0,0,-0.00921081671164246,-0.00853099249126558
"NFKB2",-0.0106117447715139,0,0,0,0,0,0,0,0,0.0158922752643596,0,0,0,0,0,-0.00118606526729902,0,0,0,-0.0120875943358979,0,0,0,0,0,0,0,0,0,0,0,0,0,0,0,0,-0.0248781295882283,0,0,0,0,0,-0.00805409681869396,-0.0174450662135752,0,0,0,-0.0336582799048831,0,-0.0296429951649912,-0.0183475992291242,0,0,-0.00545455271151074,-0.0269842104810618,0,0,0,0,0,0,0,0,0,0,-0.0179079115661962,0,0,0,0,0,0,0,-0.00363556999379399,0,0,-0.00132488533352359,0,0,-0.00752170268352164,0,0,0,0,0,0,-0.026709315484442,0,-2.09513557135451,2.73489395036182,0,0,0,0,0,0,0,-0.000134475034761902,0,0,-0.00222867831978745,-0.0216908650166266,0,0,0,-0.0796986199149007,-0.0440393295538911,0,-0.0268283870537719,0,0,0,0,0,-0.0242721326983855,-0.00561395193556834,-0.0238835956431048,0,0,0,0,0,0,-0.0162590164205772,0,0,0,0,-0.00198121166664346,-0.00118202142693193,0,0,-0.0170744552395583,-0.0180644507893118,0,0,0,0,0,0,0,0,0,0,-0.00362266689086935,0,-0.0113849756033967,0,0,0,0,0,0,0,0,0,0,0,0,0,0,0,0,0,0,0,-0.039351566909194,-0.0130158232417737,0,0
"NFYA",0,0,0,0,0,0,0,0,-0.00482730917251981,0,0,0,0,0,0,0,0,0,0,0,0,-0.0513354830538077,0,0,0,0,0,0,0,0,0,0.00418717032127224,0,0,0,-0.0192012238175179,0,0,0,0,0,0,0,0,0,0,0,-0.0447834254023001,0,0,0,0,0,0,0,0,0,0,0,0,0,0,0,0,0,0,0,0,-0.0256652124530639,0,0,0,0,0,0,0,0,0,0,0,0,0,0,0,0,-0.00182137589065388,0,0,0,0,8.03177161184096,-1.86727888625317,-5.19785320738157,0.00889992743128395,0,0,-0.0214766446059457,0,0,-0.661393067977702,0,0,0,0,-0.0020785175713121,0,-0.00553605103862296,0,0,0,0,0,0,-0.0104800068726665,0,0,0,0,0,0,0,0,0,0,0,0,0,0,0,0,0,-0.0246209131835213,0,0,0,0,0,0,0,0,0,-0.000742512471992828,0,0,0,0,0,0,0.00576612902732653,0,0,0,0,-0.00683261251944908,0,-0.00371008744618093,0,0,0,0,0,0,0,0,0,0,0,0,0,0
"NFYB",-0.0109558746576498,0,0,0,-0.035581239678299,0,0,0,0,0,0,0,0.0131559471165589,0,0,0,0,0,0,0,-0.0446661969680465,-0.00811129301095673,0,-0.00973621891774798,0,0,0,0,0,0,-0.0128853143156746,0.00722127105331869,0,0,0,0,0,0,0.0257096383415834,0,0,0,0,0,0,0,0,0,0,0,-0.0189916321357441,0,0,0,-0.0186714801663175,0,0,0,0,0,0.00162166859043229,0,0,0,0,0,0,0,0,0,0,0,0,0,0,0,-0.0214483338349871,0,0,-0.0397850879055315,0,0,0,0,0,0,0,0,0,0,-1.86724856540927,6.01266755730043,-3.00435460817048,0,0,0,0,0,0,-0.719287571582421,0,0,0,0,0,0,-0.00130097467044596,-0.0294310279469013,0,0,0,0,0,0,0,0,0,0,0,-0.0191245523332478,0,-0.0904280127661404,0,0,0,0,0,0,0,0,0,-0.0211029922646531,0,0,0,0,0,0,0,0,0,-0.0165674351101889,-0.0129599462765372,0,0,0,0,0,0.0098454975824751,0,0,-0.00957870048858289,0,-0.0194982819279616,-0.00163626672828386,0,0,0,0,0,0,0,-0.00232092622828334,-0.00279365095575164,0,-0.0410571559917629,0,0,-0.00186630197620082,0
"NFYC",0,0,0,0,0,0,0,0,0,0,0,0,0,-0.0214574673089827,0,0,0.00615150434861251,0,0,0,0,0,0,0,0,0,0,0,0,0,0,0.000474137064242301,0,0,0,0,0,0,0,0,0,0,0,0,0,0,0,-0.0184040875866732,0,0,-0.0231090449903746,0,0,0,0,0,0,0,0,0,0,0,0,0,0,0,0,0,-0.0244280265971154,0,0,0,0,0,0,0,0,0,0,0,0.0163159251466479,0,0,0,0,0,0.00343884250751152,0,0,0,-5.19797053444069,-3.00447902418868,9.42788581175706,0,0,0,-0.0229924528697257,0,0,-1.10128009605574,0,0,0,0,-0.0101812031211749,0,0,0,0,0.0179347347631954,0,0,0,0,0,0,0,0,-0.020705272179007,0,0,0,0,-0.00568699186141492,0,0,0,0,0,0,0,-0.0285097424658081,0.0156749525639899,0,0,0,0,0,0,0,0,0,0,0,0,-0.0131718573305174,0,0,0,0,0,0,0,0,0,-0.00392939158905851,0,0,0,0,0,0,-0.00144071177645636,0,0,0,0,0,0,0
"NR1D2",0,-0.00239726200806784,0,0,0,0,0,-0.00236693624219086,0,-0.0174477686074638,0,0,0,0,0.00450546816428094,0,0,0,0,0,0,0,0,0,0,0,-0.033714736737217,0.0263758782531452,0,0,0,-0.0137716074522877,0,0,0,0,-0.0436031880691806,0,-0.139538507641506,0,-0.0025867338443005,0,-0.0185891152789621,-0.00230417301213362,0,0,0,0,0,0,0,0,0,0,-0.00258635327379465,0,0,0,-0.0187897750194334,0,0,0,0,0,-0.0621497443951483,-0.0123514151142813,-0.0492711974975672,0,0,0,0,0,0,0,-0.00150106703699347,-0.00956982917436541,0,0,0,0,-0.0116027158667772,0,0,0,-0.0425147624756326,0,-0.0191868348053872,0,0,0,0.00889915649610276,0,0,1.26665325438178,-0.00190648126396865,-0.00530454438783162,0.0125371974231659,0,0,0,0,0,-0.0335280296573012,0,0,-9.68439545746215e-06,0,0,-0.243040584398467,-0.020980008411853,-0.0052044724103607,-0.0312667944354019,-0.0350140248339414,0,-0.0103222945655552,0,0,0,0,0,0,0,-0.0757669493057172,0,-0.00207799212077591,0,0,0,0,0,0,0,-0.0433660521744898,-0.00386089923386359,0,0,0,0,0.0107150747513818,0,-0.0384440813365302,0,-0.00856394932955884,0,-0.0160596733200154,0,0,0,-0.00293875228252729,-0.0129766873324672,0,0,-0.040798302799302,0,-0.013014954295379,-0.0140266760473396,0,0,-0.000775999831272729,-0.0346982602349176,0,-0.000272552044191346,0,0,0,0,0,-0.0141901227095926,0,-0.0186129390630346
"NR3C1",-0.0045865434740812,-0.0123289743202398,0,0,0,-0.0226061489500928,0,0,-0.00813052580433466,0,-0.0157445830725566,0,-0.0548952852625248,0,0,0,-0.0108856994661281,0,0,0,0,0,0,0,0,0,0,0,0,0,0,0,0,-0.00275426423498539,0,0.00495869014291875,-0.0390975773563685,0,0,0,0,0,-0.0116652751473755,-0.0299491210118022,0,0,-0.0254889547060164,-0.00790097271218971,-0.00557172634163014,-0.0161944891390962,0,-0.0315042107195841,0,-0.0338303101852269,0,0,0,0,-0.00532307479273763,-0.00452474435821556,0,0,-0.0146522660625723,0,0,0,0,0,0,0,0,0,0,0,-0.0153667174197206,-0.0174713419488338,0,0,0.00972892229016814,0,0,-0.0229366156635252,0,0,-0.0182396259685361,-0.0168237418275623,-0.022068165664972,0,0,0,0,0,0,-0.00190417212394755,1.08105900739976,-0.0226967275884423,0,0,0,0,-0.0217671841836927,0,-0.00588204808615429,0,-0.00477895601687144,-0.00458481194703968,-0.0065853476809427,-0.00103600133571944,-0.0159724460141684,-0.0324089086032953,0,0,-0.0119512462492347,-0.0118192757900163,-0.0287200785439621,0,0,0,0,0,0,0,-0.0202063797475699,-0.00214266035560063,0,0,0,-0.0080581726235282,-0.0116728311182863,0,-0.00116597593229516,0,0,-0.0116074503356627,-0.000140331989179853,-0.00430717959981225,0,0,0,0,-0.0103132342305144,0,-0.0171477312575,0,-0.0145297381670791,0,0,0,-0.0172514546112975,-0.034700315493407,0,0,0,0,0,-0.00263587065109782,0,-0.00864531787362567,-3.40514534679105e-06,0,0,0,-0.0308160852702266,0,0.0026906432406897,0,0,-0.0195364445828567,0,-0.00826960270741039
"NR4A2",-0.00481985670847561,-0.0297537100739581,0,0,0,0,0,-0.0175280503045393,-0.0314078367608839,-0.00811977671182069,0,0,-0.0481848081382485,-0.00230955249974695,0,0,-0.014361092373572,-0.0104052388315142,0,0,0,0,0,0,0,0,0,0,0,0,0,0,-0.0243586195143008,-0.000976092657507275,0,0,-0.00119033489738497,0,0,-0.00324605917519189,0,0,-0.00962191993565882,-0.0196519470897159,0,0,-0.00672885764690443,0,-0.0205930216896833,0,0.0137208204761423,-0.0263823979008976,0,0,-0.00172986042308377,0,-0.0230629576331215,0,0,-0.00376711639220303,0,0,0,0,0,-0.0144918250096755,-0.012227523586676,0,0,0,0,0,0.00105595477229576,0,0,0,0,0,0.00985286717528161,0,0,0,0,0,-0.0379358969883072,-0.034283317970042,0,0,0,0,0,0,0,-0.00530397947556068,-0.0226964919443406,1.07877067170874,0.00313215494360217,0,0,0,-0.00586323677553009,0,0,0,0,0,0,0,0,0,-0.0170763977542071,0,-0.072196705575096,0,-0.00706549094935371,-0.00378504125354055,0,0,0,0,0,0,-0.028724390200278,0,0,0,-0.00856259200961472,-0.00176664898535464,0,0,-0.0110572004207857,0,-0.0425568138547056,0,0,0,0,0,0,0,0,0,-0.00846011580091676,0,-0.0108067214827072,-0.0223593343767727,0.00441244967639483,0,-0.0158554004304873,-0.0252379554724108,-0.00305094880568233,0,0,0,0,0,0,-0.0091143846093174,0,-0.0154827306776174,0,-0.0195767604127579,0,0,0,0,0,-0.0191937696723868,0,-0.0138846433591093
"NRF1",-0.00596059095138824,0,-0.0133757139951427,0,0,0,0,0.0306504293395847,0,0,0,-0.0114618883799516,0.000698203381651259,0,-0.000758157862308658,0,0,0.00531214324867992,0,-0.0255083930357709,0,-0.0671962429231573,0,-0.0562944981828001,0,0,0,0,0,0,0,0,0,0,0,-0.030178296560295,0,0,0,0,0,0,0,0,0,-0.0196158722959693,0,0,0,0,0,0.00590140269523427,0,0,-0.0234878972139544,0,0,0,0.0181389967227659,0,0,0.00539132035362715,0,0,0,0,0,0,0,0,0,0,-0.0097851997330298,0,0,0,-0.0544731112494069,0,-0.054284778425579,0,0,0,0,-0.00771391715532096,0.00549519921674607,0,0,0,0,0,-0.0214491146609465,0,-0.0229845760531569,0.0125420431228556,0,0.00313419978399057,1.39984032753032,0,0,-0.0138179068892512,0,0,0,0,0,0,-0.0456316614763771,0,0,0,0,0,0,0,0,0,0,0,0,-0.172452408243773,-0.00484774411591519,0,0,0,0,0,0,0,0,0,0,-0.0536347376166602,0,-0.00234782205868566,0,0,-0.0137520429641292,0,0,0,0,-0.0160678914011322,-0.0101970080046725,0,0,-0.00868626936439028,-0.248743199083926,0,0,0,-0.0140012476845013,-0.0582841045348478,0,0,0,0,0,0,0,-0.00631909724856188,0,0,-0.0202833440129576,-0.0643826788281007,-0.0701772196748953,-0.0355579830196379,0,0,-0.0591562588772087,0
"PATZ1",0,0,0,0,0,0,0,0,0,0,0,0,0,-0.00478583423267566,-0.0189198781008914,0,0,0,0.00122443731153312,-0.390832058667601,0,0,0,0,-0.0986090135091291,0,0,0,0,0,0,0,0,0,0,0,0,0,0,0,0,0,0,0,0,0,0,0,0,0,0,0,0,-0.00845061068556808,-0.00990236386880461,0,0,0,0,0,0,0,0,0,0,0,0,0,0.117934169312817,-0.316760995349068,-0.594286434298842,-0.636995748781566,0,-0.139164701772535,0,0,0,0,0,-0.00620318514972162,0,0,0,-0.0217941943587588,0,0,0,0,0,-0.000137778431344039,0,0,0,0,0,0,0,3.21096138151429,0,0,0,0,-0.0715107568268044,-0.0145758554556102,0,0,0,0,0,0,0,0,0,0,0,0,0,0,-0.0073889945012423,0,-0.178949590679895,0,0,0,-0.122919433361314,0,0,0,0,0,0,-0.00206938421224143,0,-0.0173052864609777,0,0,0.0197640766405985,0,0,0,0,-0.00261167475552752,0,0,0,0,0,-0.207901117088089,0,0,-0.0280251447950578,0,0,0,0,-0.0102221662258952,-0.381434428411539,0,0,0,0,0,0,-0.00176849801198858,0,0,0,0,-0.0381833746120159,0
"PAX9",0,-0.000522308773073095,0,0,0,-0.00503500297732144,0,0,0,0,0,-0.021356492089392,0,0,-0.0184600136186629,0,-0.0268807724129709,0,0,0,0,-0.00714254950717266,-0.0122499801723268,0,0,-0.00831481603602601,0,0,0,0,0,0,0,0,0,0,0,0,0,0,0,0,0.000817840416336673,0,0,0,0,0,0,0,0,0,0,0,0,0,0,0,0,0,0,0,0,-0.0115257931240972,-0.0148793921014728,0,0,-0.0054507334128727,0,-0.0109692741456449,0,0,0,0,0,0,-0.0018990086073515,0,0,-0.00323906432897418,0,0,0,-0.00213794185192299,0,0,0,0,0,0,0,0,0,0,0,0,0,0,0.998842870025783,0,-0.00762324263676156,0,0,0,0,0,0,0,0,0,0,0,0,0,0,0,0,0,0,-0.0259632984772963,0,0,0,0,0,0,0,0,0,0,0,-0.0223776219811136,0,0,0,0,0,0,0,-0.00918956437794148,0,0.00680964795618933,0,0,0,0,-0.0147947750310639,0,0,0,-0.037105461588047,0,0,-0.00179819559069909,0,-0.000449594489154331,0,0,0,-0.00996665954624469,0,0,0,-0.0127641596630385,0,-0.0150762946633888,0,0,0,0
"PBX3",-0.000558158237876024,-0.00331205275878644,0,0,0,0,0,0,-0.0416326277254631,0,0,0,0,-0.000606974837097412,0,0,0,0,0,0,0,0,0,0,0,0,0,0,0,0,0,0,0,0.00248448200681496,-0.00838110203680022,0,0,0,0,0,0,0,0,0,0,0,0,-0.0936790492965151,0,0,0,0.00318422814016126,0,0,-0.00094805087271717,0,0,0,0,0,0,0,0,0,0,0,0,0,0,0,0,0,0,0,0,0,0,0,0,0,0,0,0,0,0,0,0,0,0,0,-0.661525768245921,-0.719306549962354,-1.10118836831388,0,0,0,-0.0138368680600321,0,0,3.07031627452516,-0.253989477042728,0,0.00440954969182875,0,0,0,0,0,0,0,0,0,0,0,0,0,0,0,-0.0117486338878843,0,0,0,0,0,0,0,0,0,0,0,0,-0.0255881696684727,0,0,0,0,0,0,0,0,0,0,0,0,0,0,0,0,0,0,-0.0078572162371885,0,0,0,0,0,0,0,0,0,0,0,0,0,0,0,-0.0240656524068372,0,0,0
"PKNOX1",-0.00678986016593069,0,0,0,-0.0222226368113557,0,0,0,0,0,0,0,0,-0.0142777942733117,0,0,0,0,0,0,0,0,0,0,-0.0198335349517757,-0.0083720636802394,-0.0247314225391669,0,0,0,0,0,-0.0350478033614489,0,0,0,0,0,0,0,0,0,0,-0.019679450324257,0,0,0,-0.00572339065063659,-0.0014954823368514,-0.0419651711266396,-0.000108314109830212,0.00258997352358261,0,-0.00149970011203081,-0.012209555721988,0,0,0,0,0,0,0,0,0,0,0,0,0,-0.0298250331153803,0,0,0,0,0,-0.0225081200761666,0,0,0,0,-0.0250183005245587,-0.635837117171803,0,0,0,-0.00999861279918171,-0.00179698249631911,0,0,-0.0136205624489841,-0.00222092292347886,0,0,0,0,-0.0217662466282905,-0.00586309017990298,0,0,-0.0076219717500136,-0.253986321241079,1.52557382897508,-0.00175714954313983,0,0,-0.024373246131642,0,-0.0176607788168793,0,-0.000756402543513338,0,0,0,-0.00565449789065158,-0.0017940186069571,-0.0225763176983665,-0.0447543331545863,-0.00250461627026909,0,-0.0137399480125577,0,0,0,0,-0.0258727093442764,0,0,0,0,0,0,0,0,0,-0.048972545988463,-0.0187027082330195,0,0,0,0,0,0,-0.000663782163959723,0,0,-0.00617957245107818,0,-0.00046046431493068,0,-0.000497884283786376,-0.00814964455856727,-0.00918830071349804,0,0,0,0,-0.00140372002834157,0,0,-0.020260287109144,-0.0228530953983795,-0.00857468861351739,-0.0139877004488502,0,0,0,-0.0105772736544646,-0.0135783517771071,-0.0240335417863498,-0.0205450050702245,0
"PRDM1",0,0,-0.0107215666373261,0,0,0,0,0,-0.0158632537797602,0,0,0,0,0,0,0,-0.0154282604139031,0,0,0,-0.00977516199594508,0,0,0,0,0,0,0,0,0,0,0,0,-0.0128180056282407,0,0,0,0,0,0,0,0,0,-0.0174741131617688,0,0.00699929017179466,-0.000867949251612058,0,0,0,0,0,0,-0.00289160732724089,-0.0286665797326101,-0.103581580607761,-0.414660676038753,-0.195944551564488,0,-0.470262705169388,-0.339590721779927,0,0,0,0,0,0,0,0,0,0,0,0,0,0,0,0,0,0,0,0,0,0,0,0,0,-0.00531888086225077,0,0,-0.0216757202403541,0,0,0,0,0,0,0,0,0,0,-0.00176172785160112,1.94630239653309,0,-0.00168561716673221,0,-0.0362178685004932,0,0,0,0,0,0,-0.00711883685373234,0,0,-0.00388482628283706,0,0,0,0,0,0,0,-0.0124893520056115,0,0,0,0,0,0,-0.00226751398953699,0,0,0,0,0,0,0,0,0,0,0,0,0,0,0,0,0,0,0,-0.0157544853293459,0,-0.0608112528504873,0,-0.0178362964338909,0,0,0,-0.0347630676019905,0,-0.0436753410529624,0,0.0810877816817012,0,0,0,0,-0.0102409681816969,0,0
"PRDM16",0,0,0,0,-0.009187382495324,-0.00553648625296767,-0.00842207180231778,0,-0.0168765385198705,0,0,-0.000969329906020531,0,0,0,0,0,0,0,0,-0.0126815982664526,0,0,0,0,0,0,0,0,0,0,-0.00560734290058605,0,0,0,0,0,0,0,0,0,0,-0.0119588843658271,-0.00518254118550643,0,0,0,0,0,-0.0305269890932604,0,0,0,-0.034426390743639,0,0,0,0,0,0,0,0,0,0,0,0,0,-0.0298258461980654,0,0,0,0,0,-0.021838092749155,0,0,0,0,0,0,0,0,0,0,-0.0121349830839027,0,0,0,-0.0152846217284272,0,0,0,0,-0.0335290611103227,-0.00588217281458886,0,0,-0.0715474763844451,0,0.00440292016143576,0,0,1.17524499537495,0,-0.0134119054816078,-0.0204202875100623,0,0,0,-0.0136082040183297,0,0,-0.0449808069711915,-0.0191592560709274,-0.0127522035406472,0,0,0,-0.2192433638334,0,0,-0.050571057808582,0,0,-0.0192543057970657,0,0,0,0,0,0,0,-0.0185717248883764,-0.0234390727187433,-0.0166237115309661,-0.00664958312982342,0,0,0,0,-0.0340538710015241,-0.00451729698062572,-0.00267900176234915,0,0,-0.00133165227886471,0,0,0,-0.023257472900522,0,-0.0373996794680931,-0.0215266913471936,0,0,0,0,0,0,-0.0242522997863874,0,-0.0188049327797461,0,-0.02663822267461,0,0,-0.0012285018011811,-0.0383971207393135,0,0
"PRDM4",0,-0.00907257606493455,0,0,0,0,0,0,0,-0.00237305836023636,0,0,0,-0.00490209852037249,0,0,-0.0253624660388239,0,0,0,0,0,0,0,-0.0174589882151106,0,0,0,0,0,-0.00803691301299683,-0.00441603339200898,0,0,0,0,0,-0.0313083469667636,0,0,-0.00264898039776406,0,0,0,0,0,0,-0.0015767527445379,0,0,0,-0.0173848338910744,0,0,-0.0124038127659762,0,0,0,-0.00720289171094927,0,0,0,0,0,0,0,0,0,0,0,0,0,0,0,0,0,0,0,0,-0.0223453957596449,-0.0134282425063903,0,0,0,0,-0.0135395887580065,-0.00387191278388279,0,0,0,0,0,0,0,0,0,0,-0.0145829232388844,0,0,0,-0.00168626132665968,0,1.00526496132713,0,0,-0.014714185352412,0,0,-0.0190926340911174,0,0,0,0,-0.00716888023985332,-0.00767190542644812,0,0,0,0,0,0,0,0,0,0,0,-0.00777785936543745,0,-0.00478129958364154,-0.000871467103548938,-0.000540155161835038,0,0,0,0.00255420682424809,0,-0.00823831585577606,0,0,0,-0.00957398547570522,-0.0182417904313762,0,0,0,0,0,-0.00690837742043701,0,-0.0233180027736172,0,0,0,-0.00538616836691987,0,0,0,-0.0107024273550897,-0.0228504102616372,0,0,-0.00121533493048028,0,0,0,-0.00982064501277049,-0.0149725615680684,0,-0.00536801490848629
"RBAK",0,0,0,0,0,-0.00582854411852839,0,0,0,-0.0649802439504412,0,0,0,0,0,0,0,0,0,0,-0.0489442087383182,0.0553825614562237,-0.0404714432406708,0,0,0,0,0,0,0,0,0,0,-0.202730656192398,0,0,0,0,0,0,0,0,-0.024488268629588,0,0,0,0,0,0,-0.0122900667563382,0,0,0,-0.0107483573803749,-0.0113764926615212,0.0136588248485997,0,0,0,0,0,0,0,0,0,0,0,0,0,0.00150583305619222,0,0,0,0,0,0,0,-0.26350573981312,0,0,0,0,0,0,0,0,0,0,0,0,-0.00206175522126979,0,-0.0100357664466064,0,-0.00477263374320081,0,0,0,0,0,-0.0243608532002926,0,-0.0133996731435095,0,1.61956489471099,-0.161343206996439,-0.00163363940502471,-0.00819805914336928,0,0,0,0,0,0,-0.026578858225136,0,-0.00923920791647611,-0.0694125866436377,0,0,0,0,0,0,-0.0104396993290004,0,0,0,0,0.00108869770023181,0,-0.0696544511002654,0,0,-0.00281711982130996,0,0,0,0,0,-0.0106730577883473,0,0,0,0,0,0,-0.104889652086571,0,0,0,0,0,0,-0.20728486411924,0,-0.00909322380657181,0.0184250256525033,0,-0.000447194661866723,-0.13613494039596,0,0,0,-0.0128754752807194,-0.00954667423485531,0,-0.0120571120590498,0,0
"RELA",0,0,0,0,0,0,0,0,0,-0.799069772752472,0,0.00416313785838179,0,0,0.0021684674045025,0,0,0,0,0.0703072039360812,0,0.0210335836079744,-0.0113403448552831,0,0,0,0,0,0.0197834558450889,0.00338778376913135,0,0,0,-0.116492245220852,0.025875869057151,0,0,0,0,0,0,0,-0.00716398225563457,0,0,0,0,0,0,-0.00353544905647118,0,0,0,0,-0.000515792285855664,0.0277070614146698,0,-0.14583473862226,0,0,0,0.0102239986706675,0,0,0,0,0,0,0,0,0,0,0.0791968444441375,0,0,0,0,-1.1462838529853,0,0,0,0,0,0,0,0,0,0,-0.102617180178652,-0.0796610408500447,0,0,0,-2.16273649068168e-05,-0.00457906862020496,0,0,0,0,0,0,-0.0362351335997921,-0.0204124740286488,0,-0.16140323434472,2.78559663128059,0,-0.00234114356792294,0,0,0,0,0,0,-0.0377977289109819,0,0,0,0,0.104674468255744,0,0,-0.0695061775829984,0,-0.0270824414547461,0,0,0,0.00240353941076135,0.00710644591731624,0,0,0,-0.00030232945342385,-0.0036282330871652,0,0.020784443375639,0,0,0,0,0,0,0,0,0,0,0,0,0,0,0,-0.121007255456722,0,-0.146835186562556,0,-0.0963180799115907,0,-0.0260140262564306,0,-0.207490274932918,0,0,0,0,0.00700450749367221,0,0,0,0
"RFX1",0,0,0,0,0,0,0,0,0,0,0,-0.0145220354187453,0,0,-0.0208629779121403,0,0,0,0,-0.0076169464673156,-0.0110546360360658,0,0,-0.047177173736229,-0.0352620301264058,-0.0183379906328896,-0.00421834738344619,0,0,0,0,0,0,0,0,-0.00387610855624514,0,-0.0253991735006909,0,0,0,0,0,0,0,-0.0318185329731962,0,0,0,-0.0605278984847048,-0.0265015010849458,0,0,-0.0158340567510167,0,0,0,0,0,0,0,0,0,0,0,0,0,0,0,0,0,0,0,-0.00209601139621208,-0.00740252759790515,0,0,0,-0.0318363039238209,-0.00198417640867348,0,0.00732246079096869,0,0,0,0,0,0,0,-0.0440287049006343,-0.00551621549696197,-0.00121739596524335,0,0,-0.00658166310726483,0,-0.0456370437563437,0,0,0,-0.017653250355089,0,0,-0.0147136669839436,-0.00162833789489678,0,1.42059985031659,-0.522113281642806,0,0,0,0,-0.0356619435761676,0,-0.0199453153252669,0,0,0,-0.000259169037529739,0,0,-0.00433371523003854,0,-0.00264173712937308,0,0,0,0,0,0,-0.00258628902519059,-0.0468968395306156,0,-0.0110446167364434,0,0.0109648601381882,-0.0195098753949438,-0.013854455569941,0,0,0,0,0,0,0,-0.00188980221732101,-0.00766796267961413,0,0,-0.014449154989846,-0.0214919960769922,0,0,-0.0111418575057625,0,-0.0222774127772424,0,0,0,-0.0176457087651525,0,0,0,-0.00120256496815713,-0.0532791043586523,-0.0536801278679084,0,-0.0147791524357761,-0.0756606881699856,0
"RFX7",-0.0304767553149504,-0.0223896214191715,0,0,0,0,0,0,-0.0248866677336699,0,0,0,0,0,0,0,-0.00349421123025011,0,0,0,0,0,0,0,0,0,0,0,0,0,0,0,0,0,0,0,0,0,0,0,0,0,-0.0428730579811119,0,0,0,0,0,-0.00480850280353091,-0.0255891406241335,-0.00738433109375133,0,-0.0281338667380721,-0.00414590379332209,0,0,0,0,0,0,0,0,0,0,-0.00819128411043918,0,0,0,-0.0106668804420884,0,0,0,0,0,0,0,-0.0032856490707364,0,0,0,0,0,0,0,0,-0.00664476990052661,0,0,0,0,0,-0.0294633219311252,0,0,-0.00103658706297291,0,0,0,0,0,0,0,0,0,-0.00820686466621001,-0.00233886288794085,-0.522115933983152,1.27277487292561,0,0,-0.0455314428045312,0,0,0,-0.0198454158221495,-0.00682353146844234,-0.0181544585539969,0,-0.0083562143731713,0,0,0,-0.0371247076258334,0,0,0,0,0,0,0,-0.00619161819543165,0,0,0,0,-0.00429224906744703,0,0,0.00844234207109366,0,0,0,-0.00549221329473901,0,0,0,0,0,0,0,0,-0.0081831738241,0,0,-0.00861456127448111,0,0,0,0,0,0,0,0,-0.00131688663282348,0,0,0,-0.0238638782452281,0,0
"RORA",0,-0.0380134772391038,0,0,-0.0121334424627861,-0.00920097830453941,0,0,-0.0358452195432035,-0.00143078057828382,0,0,-0.00815555867691827,0,0,0,-0.00923796079868438,0,0,0,0,0,0,0,0,0,0,-0.00538385497490507,0,0,0,0,0,0,0,0,0,0,0,0,0,0,-0.022151988643808,-0.0353312398757251,0,0,-0.00395694620473204,-0.026518518151363,0,0,-0.0131153319111022,0,0,-0.00475541330531733,-0.0125157179420205,0,0,0,0,0,0,-0.0123602987605972,0,0,0,0,0,0,0,0,0,0,0,0,0,0,0,0,0,-0.00699700076589692,0,-0.0380661869966584,0,0,-0.0120163806656074,0,-0.0281611624960018,0,0,-0.0268222874729586,0,0,0,-0.243038637310311,-0.0159706628721216,0,0,0,0,0,-0.00075345446316852,0,0,0,0,0,0,0,1.13802685670603,-0.00191383421651884,0,0,-0.0424107069189162,0,-0.0449387487428395,0,0,0,0,0,0,0,-0.00160176896509972,0,0,0,0,-0.0140861660221627,0,-0.0388340472948874,-0.0244749641097431,0,0,-0.00188459291017332,0,-0.0158587390796154,0,-0.0389131289493456,0,-0.0267635090001026,-0.0126882245810354,0,-0.0450699002489888,0,-0.00217215282856511,0,0.014749579379132,0,0,0,0,-0.00305501313408987,0,0,-0.00352159059708116,-0.0055759522247553,0,0,0,-4.78869082992152e-06,0,-0.00684877443991407,0,-0.0103310857310075,0,0,0,0,0,0
"RUNX1",0,-0.022457152332961,0,0,0,0,0,-0.0428706433500626,-0.0200903681867601,0,0,0,-0.753943218691007,0,0,0,-0.00598612502208001,-0.0234652050070177,-0.0188640101748,0.0213323112285361,0,0,0,0,0,0,0,0,0,0,0,0,0,-0.00821303166021844,0,0.043125095155484,-0.0245491329573713,0,0,0,0,0,-0.0382844047629669,0,0,0,-0.048716455300295,0,0,0,0,-0.0181458078188759,0,0,0,0,-0.0661228201221086,0,-0.0293503733619748,0,0,0,0,0,0,0,0,0,0,0,0,0,0,0,0,0,0,0,0,0,-0.00904486046431401,0,0,0,0,-0.004775352576921,-0.0292053704154061,0,-0.0201760309001661,0,0,0,0.0178584786387754,-0.0209652398541468,-0.0324029484374901,0,0,0,0,0,0,0,-0.0136022423797953,-0.0190934117931994,0,0,0,0,-0.00191422413105224,4.76054251258701,-2.2003312566965,-1.53512070345253,-0.0173713124188126,0,-0.0108963278183904,0,-0.0148442294820647,0.0154462227501427,0,0.0565784021161943,0.0203229955820655,0,-0.0166605987304387,-0.0135532846504863,0,0,0,0,-0.0058619851343805,0,-0.0135428117851163,0,-0.0191077861307698,0,0,0,0,0,0,0,0,0,-0.0197329808643008,0,0,0,0.0184517472688659,0,-0.00734247952631667,-0.0120867051725961,0,0.00107983154968924,0,0,0,0,0,-0.0432614685332803,0,-0.000339068974724576,0,0,0,0,0,0.00835796276837989,0,-0.00772758986913095,0,-0.00766463096583202
"RUNX2",0,0,0,0,0,0,0,-0.000977932810993006,0,0,0,0,-0.708194981590417,0,0,0,-0.0149760748494593,0,0,0,0,0,0,0,0,0,0,0,0,0,0,0,0,-0.043329310932816,0,0,-0.0577136549099506,0,0,0,0,-0.00187429274565814,-0.0499118405090815,0,0,0,-0.038378686692981,0,0,0,0,0,0,-0.00279004499231649,0,0,0,0,-0.0181380892463014,0,0,-0.00220136109353927,0,0,0,-0.0127773042430171,0,0,0,0,0,0,0,0,0,-0.0548560923613405,0,0,0,0,-0.0134000852156086,0,0,0,-0.0371509904256434,0,0,-0.0205196326868951,-0.00050631833391127,0,0,0,0,-0.00519812204874235,0,-0.0170706727684763,0,0,0,0,0,0,0,0,0,0,0,-0.0455265253598037,0,-2.20036828594712,3.90953198984655,-0.581485389769567,-0.0213361367602452,0,0,-0.0163005923008173,0,0,0,0,0,0,0,0,0,0,0,-0.00429804606332951,0,0,0,0,-0.0211653152915878,0,0,0,0,0,0,0,0,0,-0.00646349148939146,0,-0.00905033908702149,0,0,0.00342314353015564,0,0,-0.0102116951931919,0,0,0,0,0,0,0,0,0,0,0,0,0,0,0,0,-0.00535688656207231,0,-0.0369479449398812
"RUNX3",0,0,0,0,0,-0.00183730614612389,0,0,0,0,0,0,-0.337440336284953,0,0,0,-0.00406344392912054,-0.00186143979538641,0,0,0.00994672232702617,0,0,0,0,0,0,0.00556942744335855,0,0,0,-0.0331149021987202,-0.0601169280893532,0,0,0,-0.028020590455582,0,0,0,0,-0.0302528284517454,-0.000586276407961528,0,0,0.0336238801070768,-0.0150872349796529,0,0,-0.0122860327865366,0,0,0,0,0,0,0,0,0,0,0,0,0,0,0,-0.015524484743919,0,0,-0.00578980804656014,0,0,0,0,-0.0130567350662451,0,0,0,0,0.006337338182642,0,-0.029260290687161,0,0,0,0,-0.0238548448282697,0,0,0,0,0,0,0,-0.0312782347026816,0,0,0,0,0,0,0,0,0,0,0,0,0,0,0,-1.53514080681361,-0.581508987466216,2.95394719022096,0,0,-0.0474416316875793,-0.0239943249066966,0,0,0,0,0,0,0,0,-0.0119646454416566,0,0,0,0,0,0,0,0,-0.00210192488509857,-0.0272993482975654,0,0,0,0,0,-0.00134539907720035,0,0,0,-0.0090657675644473,0,0,0,0,0,0,0.0130547889756247,-0.0088342286440464,0,0,0,0,0,0,0,-9.79190388622196e-05,-0.00072253713304102,0,0,0,0.000778988828055852,0,0,0,-0.0133708465409436
"RXRB",0,0,0,0,0.0103797426573852,-0.13209670648937,0,0,-0.00323936307707583,0,0,0,0,0,0.0579097975644946,0.00230937610878696,-0.0280216151952512,0,0,0,0,0,0,0,0,0,0,0,0,0,0,-0.0331258035971269,0,0,0,0,0,0,0,0,-0.00180732091818098,0,-0.0158640695374832,0,0,0,-0.00726490633791605,-0.00407124336271823,0,-0.0146646668988681,0,0,0,-0.0112294256487369,-0.0154157568799321,0,0,0,0,0,0,-0.00496894417271625,0,0,0,-0.0165560954161208,0,0,0,0,0,0,0,0,0,-0.0103371401789456,0,0,0,0,-0.0132919324811508,-0.000521802485803946,0,0,0,0,-0.0134433674596698,0,-0.010835683689966,0,0,0,0,-0.0350128150944252,-0.0119505839268828,-0.0721972257085737,0,0,0,0,-0.00565265541324922,-0.00712297769555623,-0.0449779232089635,0,0,0,-0.0356636106935947,0,-0.0424117487700909,-0.0173732746963692,-0.0213472117862196,0,1.14438491385263,0,-0.00832111406642982,-0.0252401354218559,-0.00012334964970262,0,0,0,0,0,-0.0527197271874034,0,0,0,0,0,0,0,-0.0297590153163567,0,0,-0.0217643680709682,-0.0255545163032287,0,-0.0343466771952105,-0.0678290952491134,0,-0.010709959938508,-0.0822194251706565,0,0,-0.0149746232330443,-0.00149811648687507,-0.0122129892292439,0,0,-0.0118644782998215,-0.0223075349506628,0,-0.000971600280581202,0,0,-0.011208740304101,0,0,0,0,0,0,-0.0127983418578985,-0.0151091695898165,-0.00987688133631595,0,0,0,-0.00689085020227985,-0.0182473838802477,-0.00715172848202589
"SETBP1",-0.0219241721147257,0,0,0,0,0,0,0,0,0,0,0,0,-0.0222850879391446,0,0,-0.00638257944375272,0,0,0,-0.00655184010516275,0,0,0,0,0,0,0,0,0,0,0,0,0,0,0,0,0,0,0,-0.0011423166655754,0,-0.0120497593967881,0,0,0,0,0,0,0,-0.000711869106102303,-0.0122222056713555,0,0,0,0,-0.00119672867071498,0,0,0,0,0,0,0,-0.00964797791753001,0,0,0,0,0,0,0,0,0,0,-0.0100242918983341,0,0,0,0,0,-0.0141452485717104,0,0,0,0,-0.00270060725194985,0,0,0,-0.010476895224274,0,0,0,-0.0118188648844423,0,0,0,0,0,-0.00179355707389273,0,-0.0191587405612914,0,0,0,0,0,0,0,0,0,0,0.98084609181748,-0.00155444749765163,0,0,0,-0.00328048142888512,0,0,0,0,0,0,0,0,0,0,0,0,0,0,0,0,0,0,0,0,0,0,0,0,0,0,0,-0.00826781080900923,0,0,-0.0040980870812209,0,0,0,-0.00252154865276995,0,0,0,0,0,0,0,0,0,0,0,0,0,0,0,0
"SMAD3",0,0,0,0,0,-0.00619105866816411,0,0,-0.0118203271393345,-0.0389004133533068,0,0,-0.00168590003312501,0,0,0,-0.0825410915836689,-0.0144863688397221,0,0,0,0,0,0,-0.0148673418108607,0,0,0.00620693144121174,0,0,0,0,-0.0250659273565244,-0.0228389498911876,0,0,0,0,0,0,0,-0.0119259832317515,0,-0.00889907199090243,0,0,-0.00671925336229133,0,0,-0.0439406093520678,0,0,0,0,0,0,0,0,0,0,0,0,0,0,0,-0.0220218971764165,0,0,0,0,0,0,0,0,0,-0.0209241350156665,0,0,0,0,-0.0365205502921032,0,0,0,-0.0119945810325096,0,-0.0196879660389446,0,0,-0.0242634471129528,0,0,0,-0.0103176353018265,-0.0287176648619501,-0.00706491096580202,0,0,0,0,-0.022573370303826,0,-0.0127469355361014,-0.00716790298820893,-0.0265876244575099,-0.037796426038552,-0.0199481917027339,-0.0198452651256056,-0.0449410198821424,-0.010899261830978,0,-0.0474249052254423,-0.00831926114124489,-0.0015542879164441,1.31826466436196,-0.22890508096738,0,0,0,0,0,0,-0.0316854782122998,-0.00169958185654511,-0.00515078400123614,0,0,0,0,0,0,0,-0.0692611392996177,-0.0951483559135957,-0.0236050642891893,0,0,0,0,-0.00475919013885776,0,0,-0.0370349170874037,0,0,0,0,0,0,-0.00272040998452671,-0.0218255257812286,-0.0202186609969146,0,0,0,0,0,0,-0.0575172152730495,-0.0176268991201284,-0.00374378525871045,-0.00118113399002702,-0.020641015275635,0,0,-0.0119364563895016,0,0,-0.0299599429337521,-0.00889218162791201
"SMAD4",-0.0205135952922834,-0.00953433157301461,-0.0133903936719968,0,0,0,0,-0.015028191705852,-0.0135274715486202,0,0,0,0,-0.00114936790403621,0,0,-0.0360554340997729,-0.0280090416250155,0,0,0,0,0,0,0,0,-0.0129127878961069,0,0,0,0,-0.0148815050515325,-0.00796913652205307,-0.0361826793622547,0,0,0,0,0,0,0,0,-0.0147469945718987,0,0,0,-0.0516514157179358,0,0,-0.0294735233252275,0,0,-0.00274122788304115,0,0,0,0,0,0,-0.017083748235762,-0.0069450506739175,0,0,0,0,0,0,0,-0.0120058999387815,0,0,0,0,0,-0.00276362960638435,0,0,0,0,0,-0.0146270504040304,-0.000585880610233874,0,0,-0.0117862785669968,-0.0247730957376028,0,0,0,-0.00560864651217559,0,0,0,0,0,-0.00378579226474923,0,0,0,0,-0.0447514399916247,-0.00389041001493486,0,-0.00767105962741617,0,0,0,-0.00682319784990079,0,0,-0.0163052691996298,-0.0239879320058822,-0.0252383457731314,0,-0.22890538454422,1.22146832960825,0,0,-0.0117456788292658,0,0,0,0,-0.0147762851318541,0,0,0,-0.00119349871844669,0,0,0,0,-0.0178305376496055,-0.0206382716974894,-0.0240580391834208,0,0,0,0,0,0,0,-0.0187993517284387,0,0,0,0,0,0,0,-0.0119665636748181,0,-0.0627836069835012,0,0,0,0,0,-0.0296648021033128,-0.0347186561242245,-0.0383928345359632,0,0,0,0,0,0,-0.0385591591850493,-0.0299710384201883,-0.0606434363592967
"SNAI3",0,0,0,0,0,0,0,0,0,0,0,0.00314253076437611,0,0,0,0,-0.00176359008523476,0,0,0,0,0,0,0,0,0,0,0,0,0,0,0,0,0,0,0,0,0,0,0,0,0,0,0,0,0,0,0,0,0,0,0,0,0,0,-0.000816404548714637,-0.0089970698397888,0,0,0,0,0,0,0,0,0,0,-0.022569769254445,0,0,0,0,0,-0.014966931111616,0,0,0,0,0,0,-0.0450769312090992,0,0,0,0,0,0,0,0,-0.0238770213561758,0,0,0,0,0,0,0,0,0,0,-0.00250234346841534,0,0,0,-0.00924178492196854,0,0,-0.0181539871316442,0,-0.01481702973266,0,0,-0.000121898786312839,0,0,0,1.26098199789983,0,0,0,0,0,-0.00105020539482226,0,-0.00389958924188456,0,0,-0.00921626147510328,0,0,-0.00659340726427463,0,-0.00746523446313856,-0.0316752111285858,-0.531481049403745,0,0,0,0,0,0,0,0,0,0,0,0,0,0,0,0,0,0,0,0,0,0,0,0,0,-0.000498127490227074,0,0,0,0,0,0,0,0,0
"SP1",0,0.000148948383600017,0,0,0,0,0,0,0.00837422803591746,0,0,0,0.0257356313895003,0,0,0,0,0,0,0,0,0,-0.117796165400089,-0.169251785626915,0,0,0,0,0,0,0,0,0,0,0,0,0.0484222135855923,0,0,0,0,0,0,0,0,0,0,0,0,0,0,0,0,0,-0.00214587635673639,0,0,0,0,0,0,0,0,0,0,0,0,-0.0866661541915577,0,0,0,-0.590389438458805,0,0,0,0,0,-0.999826085463461,-0.0805599568347584,0,0,0,0,0,0,0,0,0.0021483387017052,0,0,0,0,0,0,0,0,0,0,0,0,0,0,0,0,-0.0697072127907726,0,0,0,0,0.0155680387688847,0,0,0,0,0,0,0,7.91919352916166,0,-2.17861410496217,-1.1355806717396,-0.891730223488886,0,0,0,0,0,0,0,0.0288664532871354,0,-0.0200418183886603,0,0,0,0,0,0,0,0,0,0,0,0,0,0,-0.008434815262642,-1.67139274942332,0,0,0,0,0,-0.123475962473023,0,0,0,0.0372084425420688,0,0,0,0,0,0,-0.194976679489982,-0.0175176125915591,0,0,-0.0372947992825557,0
"SP110",-0.0111932837245174,-0.00192385460376338,-0.0243069972359735,0,0,-0.0230982583224389,-0.0305526837637058,0,-0.0122502730912997,0,0,0,0,-0.000407172657313211,-0.0053562090595546,-0.00160561529554894,0,0,0,0,-0.0206849845553037,0,0,0,0,0,0,0,0,0,0,0,0,-0.0249982240275342,0,0,0,0,0,0,0,-0.00258792647254741,0,0,-0.00441004419781767,0,0,-0.0415792223156372,0,-0.0211576407254559,0,-0.00700298303007959,-0.00110846340882871,0,0,0,0,0,0,0,0,0,0,0,0,0,0,0,0,-0.00565341110569464,0,0,0,-0.000458796565639802,0,-0.0276224728801505,0,0,-0.00490893305678629,0,0,0,0,-0.00409039890363299,0,0,-0.00366948868263089,0,0,0,0,0,-0.0207324278261044,0,0,0,0,-0.00739524754913791,0,-0.0117509309812093,-0.0137401325995255,0,-0.21924233363799,0,0,0,-0.00026160530324781,-0.00835732108802041,0,0,0,0,0,-0.00328070838150726,0,-0.0117487872641316,0,0,1.11777019690799,0,0,-0.00436478349881824,0,0,-0.00977375174321345,0,0,0,0,-0.0367838006630606,0,-0.0147811977761522,0,-0.00971644221916294,0,0,0,0,0,-0.00275582823878754,0,-0.00369655334021375,-0.00105671327262813,0,0,-0.00269275501859238,0,0,0,0,0,-0.0294988896599691,-0.00474136465470816,0,-0.0131966631646691,-0.00402374895395964,0,0,-0.0131103316469986,-0.0170485434424626,-0.0149909589858606,-0.00343557325533453,0,-0.0270948237382376,-0.0270735512507893,0,0,0,-0.0233523034369639,0
"SP2",0,0,0,0,0,0,0,0,0,0.108431926788879,0,0,0.00597013436517325,0,0,0,0,0,0,-0.171844118449563,-0.0322637253145707,-0.194419321292821,0,-0.0810477004893782,0,0,0,0,0,0,0,0.0147761350012738,0,0,0,0,0.0414986146318254,-0.0230067490279886,0,0,0.00828891106063713,0,0,0,0.000641601458411415,0,0.0113707650680157,0,0,0,0,0,0,0,0,0,0,0,0,0,0,0,0,0,0,0,0,-0.0330538431834879,0,0,-0.168565897679689,-0.313549082126294,0,0,0,0,0,0,-0.196817431705628,-0.0140830196443788,0,0,0,-0.00529068876601885,0,0.00947013308190555,0,0.00388523241529501,0,0,0,-0.0189979289935439,0,0,0,0,-0.172522086814255,0,-0.0259737395433911,0,0,0,0,0,0,0.1046453144582,0,0,0,0.0564523844785187,0,0,0,0,0,0,0,-2.17775144753503,0,7.26136866363846,-2.43111382690217,-0.257656720343007,0,0,0,0,0,0,0,0.0329539268707429,0,-0.00987863240903944,0,0,0,0,0,0,0,0,0,0,0,0,0,0,-0.128783431592121,-0.494982570413209,0,0,-0.020347323541016,0,0,-0.141321350916315,0,0,0,0.00861830448275857,0,-0.0275901770200095,0,0,0,0,-0.383833532257284,-0.267824171899722,0,0,-0.309966834184386,0
"SP3",0,0,0,0,0,0,0,0,0,0,0,0,0,0,0,0,0,0,0,-0.0746454187313095,0,0,0,0,0,0,0,0,0,0,0,0.0153259325815197,0,0.0106295623487647,0,0,0,0,0,0,0,0,0,0,0,0,0.0082817579442303,0,0,0,0,0.00942750949520276,0,0,0,0,0,0,0,0,0,0,0,0,0,0,0,-0.246803861673672,0,0,-1.68527544345465,-0.674850889516808,0,0,0,0,0,0,0,0,0,0,0,0,0,0,0,0,0,0,0,0,0,0,0,0,-0.00481840449143165,-0.179137214168748,0,0,0,0,0,0,0,0,0,0,0,0.0200304111489224,0,0,0,0,0,0,0,-1.13492326487472,0,-2.43015622646064,8.52031522838941,-0.734565097529199,0,0,0,0,0,0,0,0,0,0,0,0,0,0,0,0,0,0,0,-0.0073447627119287,0,0,0,-0.010358931768782,0,-1.27067566064736,0,0,-0.00906552258438799,0,0.066250972759245,-0.00830478836175929,0,-0.0100217552510291,-0.255893471200367,0,0,0,0,0,0,0,0,0,-0.127839147602432,0,0,0
"SP4",-0.0286144642342947,0,0,0,0,0,0,0.00424649771835376,0,0,0,0,0,0,0,0,0,0,0.0100694236559319,0,0,-1.65433553115579,0,-0.526610523377496,-0.17532974205589,-0.0184717529119175,0,0,0,0,-0.0479070413305264,0.0113265243517107,0,0,0,0,0,-0.0587988208099991,0,0,0,0,0,0,0,-0.0270728078020238,0,0,0,0,0,0,0,0,0,0,0,0,0,0,0,0.000274747397688936,0,0,0,0,0,0,-0.308158220860003,0,-0.743760213918597,-0.162080844035369,-0.591466310335357,-0.0327122354905007,0,0,0,0,0,0,0,0,0,0,0,0.0016763526151073,0,0,0,0,0,-0.0903776303319845,0,0,0,0,0,0,0,0,0,0,-0.0505817501369208,0,0,0,-0.00435265349146624,0,0,0,0,0,0,0,0,0,0,-0.892149636031672,-0.00437689031247707,-0.257316291169465,-0.735282989431865,5.95708290910985,0,0,0,0,0,0,0,0,0,-0.0329660765214605,0,0,0,0,0,0,0,0,0,0,0,0,0,0,0,0,0,0,0,0,0,0,0,0,0,0,0,-0.0142477263135451,0,0,0,-0.02211037470754,0,0,0,0,-0.0673706557503358,0
"SPI1",0,0,0,0,0,0,0,0,-0.0274895291462958,-0.0440334682845896,0,0,0,0,0,0,-0.0345221632374775,-0.000958235355869174,0,0.0386730481687068,0,0.0189495635328657,0,0,0,-0.107174237500324,-0.154896504779909,0.0605932312728875,0,0,0,0,-0.585770448316956,-0.180795722869794,0,0.402702600432099,-0.709178814576995,0,0,0,0,0,-0.0146234193496118,-0.0230191582000024,0,0,-0.0197868973289016,0,0,-0.0350899579113873,0,0,0,-0.00168654071802848,0,0,0,-0.0235038149290612,-0.155400509178257,0,-0.222687992910196,0.00747358104029535,0,0,0,0,0,0,0,0,0,0,0,0,0,-0.00765066539078869,0,0,0,0,-0.0163203344840589,0,0,0,-0.00650463560726906,0,-0.0213640732229268,-0.0163251907271965,0,0,0,0,0,-0.0757593683344607,-0.0202045499953691,-0.028728101943723,0,0,0,0,0,0,0,0,0,-0.0695288247671152,0,-0.0371264952577462,-0.00160234761014159,-0.0166140870510652,0,0,-0.0527207977502763,0,-0.0316888287111786,0,-0.00106079537607215,0,0,0,0,0,2.25271598860146,0,0,0,0,0,0,0,-0.00776170310545398,0,-0.0462100602815691,0,-0.0187207088223214,0,0,0,0,0,0,0,-0.0226545188318739,0,-0.0264472750087291,0,0,0,0,0,0,0,0,0,0,0,0,0,-0.00786205002472115,-0.0250266836276195,0,0,0,0,0,0,0,-0.0387971530932783,0,0
"SREBF1",0,0,0,0,-0.0344098967723936,0,0,0,0,0,-0.241994940053022,-0.016366618761393,0,0,0,0,0,0,0,0,0,0,0,0,0,0,-0.0255485804410813,0,0,0,0,0,0,0,0,0,0,0,0,0,0,0,0,0,0,0,0,0,0.103432743531166,-0.0216500354179382,0,0,0,0.0141979297497993,0,0,-0.00640779865452871,0,0,-0.0112119805094819,0,0,0,0,0,-0.007014740524064,-0.0388853771696596,0,-0.000661536154429144,-0.00937777137661909,0,0,0,0,0,-0.0170475374614155,0.0423936337547319,0,0,0,-0.0248493708368033,0,-0.0815729537237773,0.000124597046659268,0,0,-0.00491725102059496,0,0,-0.0162358436265002,0,0,-0.00576464635575009,0,-0.00213567302558364,0,0,0,0,0,-0.0258686083015484,-0.0124840708435466,0,0,0,0,-0.00263763188309042,0,0,-0.0135548508341941,0,0,0,0,-0.00169679066223301,-0.0147759787279377,0,0,0,0,0,0,0,1.74002631603153,-0.565357025985622,0,0,0,0,0,-0.0102362708994242,0,-0.0165222053645305,0,0,0,0,-0.304233840319858,-0.0898562509494923,0,-0.000760992992835637,0,-0.0010225040349023,-0.173239212651325,0,0,0,0,0,-0.0108976533878407,-0.006606496767901,0,-0.0018576130182251,-0.00660497496959361,0,-0.0135655526898456,0,0,-0.0147326213109932,-0.0157047217233805,0,-0.0145287162213113,0,-0.00270664431579011,0,0,-0.0079971343602303,0,0,0
"SREBF2",0,0,0,0,0,0,0,-0.0154520897060849,0,0,0,-0.047390374144817,0,-0.00910334863775525,0,0,0,0,0,0,0,0.0174134296501098,0,0,0,0,0,0,0,0,0,0,0,0,0,0,0,0,0,0,0,0,0,0,0,0,0,0,0.0173234898564399,-0.00402254543027808,0,0,0,0,0,0,0,0,0,0,0,0,0,0,0,-0.00499813290467523,0,-0.0812816071721818,0,-0.0795734519069898,0,0,0,0,0,0,0,-0.0379074594854264,0,-0.0109199581153353,-0.00430245216446728,0,0,0,0,0,0,0,-0.00942885212891811,0,0,0,0,-0.0020746334806204,0,0,0,-0.122943788548608,0,0,0,0,-0.0192523906679281,0,-0.0104558747595295,-0.0270893943024512,0,0,0,0,0,-0.0119523337491312,0,0,-0.0051513299013764,0,-0.00389844240937136,0,-0.00977314007119887,0,0,0,0,-0.565357790072371,1.48542483121631,0,0,0,0,0,-0.00720955585998195,0,-0.0166819389365494,-0.0201658393437557,0,0,0,0,0,0,-0.0398702978267057,0,0,0,0,0.009234378128445,0,0,0,0,0,0,0,-0.00500467133251242,-0.0240416271225201,0,-0.107909632336382,0,-0.0251390366751008,-0.0144525963343139,-0.030418913807897,0,0,0,0,0,-0.0226044980713529,0,0,-0.0120815512687776
"STAT1",0,0,0,0,0.00761960622063511,0,0,0,0,0,0,0,0,0,0.0045136637929859,0,0,0,0,0,0,0,0,0,0,0,0,0,0,0,0,0,0,0,0,0,0,0,0,0,0,-0.146779462276625,0,0,0.0501219692533822,0.0171117955327448,0,-0.00526314963354574,0,0,0,0,0,0,0,-0.484860648375859,0,-0.588065298033206,0,0,0,0,0,0,0,0,0,0,0,0,0,0,0,0,0,0,0,0,0,0,0,0,0,0,0,0,0,0,0,0,0,0,0,0,0,0,0,0,0,0,0,0,0,0,0,0,0,0,0,0,0,0,0,0,0,0,0,0,0,0,0,0,0,0,0,4.23648521636358,-1.97004823129966,0,0,0,0,0,0,0,0,0,0,0,0,0,0,0,0,0,0,0,0,0,-0.00474189038842027,0,0,0,0,0,0,0,0,-0.858308650338518,0,0,0,0,-0.328799575014088,0,0,0,0,0,0,0
"STAT2",0,0,0,0,0,0,0,0,0,0,0.00551542534578991,0,0,0,0,0,0,0,0,0,0,0,0,0,0,0,0,0,0,0,0,0,0,0,0,0,0,0,0,0.00733659898211591,0,-0.0462938664595886,0,0,0.0276641957737536,0.0118887878672422,0,0,0,0,0,0,0,-0.0113949542213228,0,-1.07471516857803,-0.169007953182182,-0.452381264814116,-0.092159542768629,-0.204245339862989,-0.262841653246331,-0.0363279776253042,0,0,0,0,0,0,0,0,0,0,0,0,0,0,0,0.0207972752448047,0,0,0,0,0,0,0,0,0,0,0,0,0,0,0,0,0,-0.00856600963124047,0,0,0,0,0,0,0,0,0,0,0,0,0,0,0,0,0,0,0,0,0,0,0,0,0,0,0,0,0,-1.97009130425705,4.35951891188605,0,0,0,0,0,0,0,0,0,0,0,0,0,0,0,0,-0.0012274105289557,0,0,0,0,0,0,0,0.00992304958598914,0.0117275369003244,0,0,0,0,0,0,0,0.0955858003353234,0,-0.234277913071491,0,0,0,0,0,0,0
"STAT3",0,0,0,0,0,-0.0439681212989687,0,0,0,-0.0404650400387911,0,0,0,0,0,0,0,0,0,0,0,0,0,0,0,0,-0.12432532667201,0,0,0,0,0,0,0,0.00338388433915885,0,-0.0395744051031085,0,0,0,0,0,-0.0186570420559232,0,0,0,0,-0.00501083302876895,0,0,0,0,0,0,0,0,0,0,0,0,0,0,0,0,0,-0.0136392345844682,0,0,0,0,0,0,0,-0.0108414787483186,-0.0118163044288311,-0.0272155924768304,0,0,0,-0.00971054798369301,-0.0340027413242111,0,0,-0.00539518611336499,-0.011326073343037,-0.00540441571747306,0,0,0,0,0,0,0,0,-0.00805565017715637,-0.00176686439413454,0,0,0,0,0,0,0,-0.00777896702125792,0,0,0,0,-0.0140876963944358,0,-0.00432287421352752,0,0,0,0,-0.00119678496543593,-0.00922321736324474,0,0,0,0,0,0,0,0,0,0,2.36792127583824,-1.61360328028649,-0.0738690135772516,0,0,0,0,-0.0212957376771941,0,0,0,0,-0.0927257197244774,0,0,-0.0124128758520687,0,0,-0.0161701921884619,0,0,0,0,0,-0.0371341340556327,0,0,0,0,0,0,0,0,0,-0.0137479267786084,0,-0.0570003878448762,0,0,0,0,0,0
"STAT4",0,0,0,0,0,0,0,0,0,-0.0890860700551484,0,0,-0.0139762307572167,0,0,0,0,0,0,0,0,0,0,0,0,0,-0.00283057375149419,0,0,0,0,0,0,0,0,0,0,0,0,0,0,0,0,0,0,0,-0.017980863316689,0,0,-0.0033491322007136,0,0,-0.0186701979934969,-0.017576857301877,0,0,0,0,0,0,0,0,0,0,0,-0.00270029906786862,0,0,0,0,0,0,0,0,-0.0136700048904917,-0.000633583826175269,0,0.0182008232541262,0,0,-0.020475905622331,-0.00600590568576847,0,-0.0346004112116062,-0.0277053029619008,0,0,0,0,-0.00195436971173561,0,0,0,0,-0.0116638206811285,0,0,0,0,0,0,0,0,0,0,0.00241122650972222,0,0,0,-0.00582959402981565,0,0,0,0,0,0,0,0,0,0,0,0,0,0,0,0,0,-1.61358761045468,2.74808643132447,-0.843705348460751,0,0,0,0,0,0,0,0,0,0,0,0,-0.00537007892896258,0,0,0,0,0.00781451916719299,0,0,0,0,0,0,0,0,0,0,0,-0.0244456244401449,0,0,0,0,0,0,0,-0.0122544579482327,0,0
"STAT5B",0,-0.0269240178370462,0,0,0,0,0,-0.0174499874536668,-0.0283252920353485,-0.081917478546092,0.0174940441074273,0,-0.00445208620682127,0,0,0,0,0,-0.00716595701175502,0,0.0139669966912836,0,0,0,0,0,0,0,0,0.0258849890866531,0.0116668219694946,0,0,0,0,0.00399875505003958,0,0,0,0,0,0,-0.00682067484570305,-0.000560904322750693,0,0,0,-0.00373200907802665,0,0,0,0,0,-0.0025439955035313,0,0,-0.00256005767256475,0,-0.0128267998398124,-0.0155644347829773,0,-0.00563573333406312,0,0,0,0,0,0,0,0,0,0,0,0,0,0,0,0.0158855938188919,0,0,0,0,0,-0.00428781064654227,0,-0.00226771618907361,0,-0.0224172710203747,-0.00785389720308949,-0.0011932423274951,0,0,0,0,0,0,0,0,0,0,0,0,0,-0.00478434563875088,0.00106858813503065,0.0070859644886272,0,0,-0.0388392203260372,0,0,0,0,0,0,0,0,0.0287820206142538,-0.0367884597517953,0.0329777029385269,0,0,0,0,0,0,0,-0.0738802262379138,-0.843710541056317,1.57797830973219,-0.0810461702809157,0,0,0,0,0,0,0,0.016692611572222,-0.0261963346080119,0,0,0,0,0,0,0,0,-0.0210371348465965,0,0,-0.0215445114631918,0,0,0,0,0,0,0,0,0,0,0,-0.0339915529498644,0,0,0,0,0,0
"STAT6",0,-0.0122811272855382,0,0.00343892416014185,0,0,0,-0.0311073196001943,-0.045195561046012,-0.00472010671193709,0,0.00591140082455225,-0.0507244529193685,0,0,0,-0.000786428529617546,-0.00354225329593219,0,0,0,0,0,0,0,0,-0.00253628776198979,0,0,0,0,-0.0394035086817353,0,0,0,0,-0.0247408643411204,0,0,0,-0.00735847286633486,-0.018236552745251,-0.0146820509696105,0,0,0,-0.0170029476600809,0,0,-0.0135374235101661,0,0,0,0,-0.0114566099976251,0,-0.00845010023122352,0,0,0,0,-0.0173620547356824,0,0,0,-0.00628297898975347,0,0,0,0,0,0,0,0,0,-0.00293148968616212,0,0,0,0,-0.00856272883782484,0,0,0,-0.0119469749386517,-0.0120649546126847,0,0,-0.00219875704557308,0,0,0,0,0,-0.00116525955793503,-0.0110570942450015,0,0,0,0,0,-0.0022677764318303,0,-0.000871205545174788,0,0,-0.00258745969944001,-0.00619168546220251,-0.0244754613198708,-0.0135457305552345,0,0,-0.02975834414161,0,0,0,-0.00659447720499634,0,0,0,0,0,-0.00775767752957933,-0.0102354560750392,-0.0072098441569824,0,0,0,0,-0.0810449393775458,1.05958335920339,0,-0.00431663925376957,0,-0.0229781340596456,0,0,0,0,0,-0.000349642547903955,0,0,0,0,-0.000632899892864037,0,0,-0.0130733440551642,-0.0391604740521396,0,0,0,0,0,-0.00976579949965599,0,0,-0.000277502570443126,-0.00508081250399479,-0.00316173728903035,-0.00204043728278768,0,0,0,0,0,-0.008921370201344,0,-0.00886678427029345
"TAF1",0,-0.00456813510960541,0,0,0,0,0,0,0,0,0,0,0,-0.0437760825239036,-0.0368985511198528,0,-0.0511646837963056,0,0,0,-0.0135517514715072,0,-0.00529494420623677,0,0,0,0,0,0,0,-0.0389768415993244,0,0,0,0,0,0.0123326408783381,-0.0151162774432847,0,0,0,0,-0.0078205462692349,0,0,0,0,0,0,0,-0.0221353333779047,0,0,0,-0.0233679270960705,0,0,0,0,0,0,0.00203583005616722,0,0,0,0,0,0,-0.0344742485727687,0,0,0,0,0,0,0,0,0,-0.0275442762995345,0,0,0,0,0,0,0,0,0,0,0,-0.0246909921002279,-0.0210608004865662,-0.0284930375584704,0,0,0,-0.0536439002828135,-0.00208495695642411,-0.0223792231714603,-0.0255941715913821,0,0,0,-0.000540880625490002,-0.0696786885705006,0,-0.0469064711009606,0,0,0,0,0,0,0,0,0,0,-0.020086138766612,-0.0147829534721994,-0.00988203821852059,0,-0.0329858981021409,0,0,0,0,0,0,0,0,0,1.32523302049362,0,0,0,0,0,-0.0211050330346968,0,0,0,0,0,0,0,0,-0.043141578115765,-0.0743322920042872,0,0,0,0,0,-0.0918247700195837,-0.117425124671777,-0.0115805647127894,-0.0312528311058533,0,-0.00352652269560202,0,-0.0149670180586647,0,-0.00597774437512523,-0.0267340783030628,-0.0539787976487915,-0.0434637982389425,0,0,-0.0539273856864054,0
"TBX21",0,-0.00766786727895905,0,0,0,0,0,-0.0194411689536465,-0.0148625855154913,-0.0435581074904222,0,0.00862431661295005,-0.0201419354095721,0,0,0,-0.0242221014570259,-0.0151528332244901,0,0,0,0,0,0,-0.0308877058986298,0,0,0.00136183269759128,0,0,0,-0.903608231980881,-0.00487236127569601,0,0,0.0114293066495494,-0.0314424986854863,0,0,0,0,0,0,0,0,0,0,0,0,-0.0138101150504901,0,-0.00298973098948794,0,-0.0133534240628203,-0.00584882452837983,0,0,0,-0.0540802067302436,0,0,0,-0.00426271072386337,0,0,-0.0170931575780911,0,-0.0288178405367234,0,0,0,0,0,0,0,-0.00919646103042937,0,0,0,-0.000230086852339466,-0.0138229066361437,0,0,0,-0.0635298152513084,0,-0.0510325215949503,0,0,-0.0170660225936858,0,0,0.0156894498987877,-0.043359823300904,0,-0.0425547345703761,0,0,0,0,0,0,-0.0185680744755571,0,0,0,0,0,0,-0.0191075392287074,-0.0211524836534474,0,0,0,-0.0692564158730412,-0.0178281757613191,-0.00746703111864001,0,0,0,0,0,-0.0462022922196256,-0.0165228386434481,-0.0166812119743688,0,0,0,0,0,-0.00431582541919109,0,1.75548613947038,-0.0787450569481319,-0.0216178601990997,0,0,0,0,0,0,0,-0.00316093486726676,0,-0.00156494440796977,0,0,0,-0.00369388642133676,0,0,0,-0.043755063790356,0,0,0,0,-0.00454605316421656,0,-0.0111798037438634,-0.0024677550868887,-0.0151097221696298,-0.00326476112062211,0,0,0,0,-0.0399238198087945,0,0
"TCF12",0.00723165236063071,0,0,0,0,0,0,0,0,0,0,0,0,0,0,0,-0.105426403656806,-0.000114297971784122,0,0,0,0,0,0,0,0,-0.00609199382490869,0,0,0,0,-0.00508834913557466,-0.0190439258125447,0,0,0,0,0,0,0,0,0,0,-0.0513866380814603,0,0,-0.00537452678078855,0,0,-0.0261719370253743,0,0,0,0,-0.0237268238944845,0,0,0,0,0,0,0,0,0,0,-0.035041562797193,0,-0.014699307505526,-0.00266483999536707,0,0,0,0,-0.000895182709462665,0,-0.0159754503471634,-0.0140672197173832,0,0,0,-0.0239693496175852,0,0.0155534346763281,-0.0569422103983608,-0.0226190206192501,0,-0.0130502288874119,-0.0163219850928061,0,-0.0180644583955205,0,0,0,-0.00385715914605562,-0.0116046273753283,0,-0.00236703743569742,-0.0173407113313553,0,0,-0.0489670937084721,0,-0.023436152443351,0,0,-0.000283712333322014,-0.0110469648725006,0,-0.00188477503540734,0,0,-0.00208638721223244,-0.0217613346480467,0,-0.0951443046558376,-0.0206362672296975,-0.0316787864730859,0,-0.00971633792261712,0,0,0,0,0,-0.0201607763480526,0,0,0,0,0,0,0,-0.0787369828850001,1.8890131742045,-1.00580743015256,0,0,0,0.0108706903412712,0,-0.00975274189757138,0,-0.0334728061453691,0,0,0,0,0,0,-0.00945346547070002,0,-0.0120501446832641,0,0,-0.00277070623117309,-0.0106927776796226,-0.0675962964924307,0,0,-0.0237789644583701,-0.0180968168082214,0,0,-0.00486277286152487,0,0,0,-0.00857931653445713,0,-0.0285895067905478
"TCF3",0,0,0,0,0,-0.00602114953985183,0,0,0,0,0,0,-0.0211960147128778,-0.0207339076081294,0,0,-0.035821650295505,-0.00735965544479701,-0.00296582865295431,0,0,0,0,0,0,0,-0.0326554243655624,0,0,0,0,-0.0379455015546335,0,-0.00456046179222038,0,0,-0.00534383823359206,0,0,0,0,0,0,0,0,0,-0.0105920985359248,0,0,0,0,0,0,0,0,0,0,0,0,0,0,0,0,0,-0.0139615852187314,0,0,-0.0152499686722679,0,0,0,0,0,-0.00928421452626528,0,0,-0.00539578421429446,0,0,0,-0.037898396688772,0,0,0,0,0,-0.0287623222921008,0,0,0,0,0,0,0,-0.000140730447356837,0,0,0,0,0,-0.0187052069448098,0,-0.0166255775704911,0,-0.00283934497179525,-0.00364896221040593,0,0,0,0,0,-0.0273145535583092,-0.0255592419332775,0,-0.0236115201046332,-0.0240626030322478,-0.531484651052071,0,0,0,0,0,-0.0187294160422251,0,0,0,0,-0.0212972367794698,0,0,-0.0229794504104792,0,-0.0216290723971965,-1.00581417640578,2.0116743608589,0,0,0,0.0140994796070828,0,-0.0233482592155781,0,0,0,0,0,0,0,0,-0.0329562728772096,0,0,0,0,-0.0123557427807494,0,0,0,0,-0.0337815456615884,0,0,0,0,0,0,0,-0.0119932523698182,0,0
"TEF",0,-0.00646435983692183,0,0,-0.0415786956414849,0,-0.0587654520218225,0,0,0,0,0,0,-0.0324457439016082,0,-0.0327262952626716,0,0.149834324613809,0,0,0,0,0,0,0,0,0,0,0,0,0,0,0,0,0,0,0,0,0,0,0,0,0,-0.0146821390574213,0,0,0,-0.0137949350165802,0,0,0.0125035555543519,0,-0.0176085395759946,0,0,0,0,0,0,0,0,0,-0.0175558184815978,-0.0087747072016519,0,0,0,0,0,0,0,0,0,0,0,-0.00894983212444115,-0.000297981367446,0,0,0,0,-0.0180211434481392,0,-0.0114889406640263,0,0,0,-0.809006245650176,0,0,0,0,0,0,-0.00430520610920674,0,0,0,0,0,0,0,-0.00664758624578622,0.00255513708509265,0,0,0.0109673854072837,-0.00429122887123116,-0.0158579215601586,0,0,0,0,0,0,0,0,0,0,0,0,0,0,0,0,0,0,0,0,0,0,0,0,0,0,1.44654102827564,0,0,0,0,0,0,0,0,0,0,0,0,0,0,0,0,0,0,0,-0.00832801973312281,0,0,0,0,0,0,0,0,0,0,-0.00593854414592946,0,0.00714698918813395,0
"TFDP1",0,0,0,0,-0.00346223090554028,0,0,0,0,0,0,0,0,0,0,0,0,0,0,-0.131588054545483,-0.56349624324374,-0.0471888930619986,-0.289441241228014,0,0,0,0,0,0,0,0,0,0,0,0,0,0,0,0,-0.00365433599580525,0,0,-0.000317269312599934,-0.00463517360049891,0,0,-0.00457463328413434,0,0,0,0,0,0,0,0,0,0,0,0,0,0.00316039485525104,0,0,0,0,0,0,0.0371924426505937,0,0,0,0,0,0,0,0,0,0.0277723962021373,-0.000190416019381689,-0.00390715993682475,0,0,0,0,0,0,0,0,0,0,0,0,0,0,0,0,-0.0137561632330766,0.0197467500106964,0,0,0,0,0,0,0,0.0207666395991773,-0.0195144527007679,0,0,0,0,0,-0.0343467834806342,0,0,0,0,0,0,0,0,0,0,0,0,0,0,0,0,0,0,0,0,0,0,0,1.49919264414039,0,0,0,0,0,-0.00854592072356893,0,0.0116248810526013,0,-0.00293278968104195,0,0,0,0,0,0,-0.0117758133016805,0,0,0.00169783892682643,0,0,0,0.0224050191543494,0,-1.07277994472047e-05,0,0,0,0,0,-0.00585353836791833,0
"TFE3",0,0,0,-0.208142874727057,0,0,0,0,0,0,-0.0243300153225484,0,0,0,-0.0190378603048812,0,0,0,0,0,0,0,0,0,0,0,0,0,0,0,0,0,0,0,0,0,0,0,0,0,0,0,0,0,0,0,0,0,0.00577497047321153,0,0,0,0,0,0,0,0,0,0,0,0,0,0,0,0,-0.00433133681722283,0,0,0,0,0,0,0,0,0,0,0.0912772665146333,0,0,-0.00490173597769599,0,0,0,0,0,0,0,0,0,0,0,0,0,0,0,0,0,0,0,0,0,0,0,-0.00824244949807649,0,0,-0.013916332775376,0,-0.0389021009207867,0,0,0,-0.0678106725531919,0,0,0,0,0,0,0,0,0,0,-0.304272012582255,0,0,0,0,0,0,0,-0.0211631352708789,0,0,0,0,0,4.31913705088678,-1.87460352395947,0,0,0,-0.00369676294798756,-1.77350532240225,0,-0.119722703490131,0,0,0,0,0,0,0,0,0,0,0,0,0,0,0,-0.0013389906804079,-0.00415162874733475,-0.000762381960318079,0,0,0,0,0,0
"TFEB",0,0,0,-0.716607681551372,0,0,0,0,0,0,-0.155897293686864,-0.525381673106116,0,0,0,0,0,0,0,0,0,0,0,0,0,0,0,0,0,0,0,0,0,0,0,0,0,0,0,0,0,0,0,0,0,0,0,0,0.231273337345729,0,0,0,0,0,0,0,0,0,0,0,0,0,0,0,0,0,0,0,-0.0013075898211144,0,0,0,0,0,0,0,0.0787847352282252,0,0,-0.0027335766279812,0,0,-0.600148646836823,0.056097173805248,0,0,0,0,0,0,0,0,0,0.0107221303103362,0,0,0,0,0,0,0,0,0,0,0,0,0,0.0084459838308687,0,0,0,0,0,0,0,0,0,0,0,0,0,0,0,-0.0898489048162626,0,0,0,0,0,0.0167249061190721,0,0,0,0.0108502797589391,0.0141019566791759,0,0,-1.87451700913691,3.91716818494364,0,0,0,0,-0.0584239541606804,0,-0.177255506447548,-0.00059652598781435,0,0,0,0,0,0,0,0,0,0,0,0,0,0,-0.00407380478431237,0,0,0,-0.00529080692372946,0,0,0,0
"THAP11",-0.00557715713731743,0,0,0,-0.0102825353860397,0,0,0,-0.0040864641909682,0,0,0,0,0,0,0,0,0,0,0,0,0,0,0,0,0,0,-0.000444987892816115,0,0,0,0,0,0,0,0,0,0,0,0,0,0,-0.00618575395815508,0,0,-0.0124051181396155,0,-0.00482016607043298,0,0,0,0,0,-0.0385649959928726,0,0,0,0,0,0,0,0,0,0,0,0,0,0,0,0,0,0,0,0,0,0,0,0,0,0,0,-0.00315637391864018,0,0,0,0,0,0,0,0,0,0,0,0,0,0,0,0,-0.00918812999202222,0,0,0,0,0,0,0,0,0,-0.0267651552448834,0,0,0,-0.0107039458505739,0,-0.00475750759442735,0,0,0,-0.00274997038366379,0,0,0,0,0,0,0,0,-0.0927203486584607,0,-0.0261994278479081,0,0,0,0,0,0,0,0,0,3.42738554119394,0,0,0,0,0,0,0,0,0,0,0,-2.67329932201837,0,0,0,0,0,0,0,0,0,-0.0348087339921526,0,-0.309578021722115,0,0,0,0,-0.00995063007428249,0
"THRB",0,0,-0.00165256343689902,0,0,-0.09296153183699,0,0,0,0,0,0,0,0,0,0,0,0,0,0,0,0,0,-0.0164710494803153,0,0,0,0,0,0,0,0,0,0,0,0,0,0,0,0,0,-0.00852101536714194,-0.00369174980767474,0,-0.00635839651300018,0,-0.00408993225775742,0,0,0,0,0,0,0,0,0,0,0,0,0,0,-0.0253000138223488,-0.002833190382558,0,0,0,0,0,0,0,0,0,0,0,0,0,0,0,-0.00041316849430442,0,0,0,0,0,0,0,0,-0.0135367005597444,0,0,0,0,0,-0.038441877175655,-0.0103118531757866,0,0,0,0,0,0,0,-0.0340523301745061,0,-0.0106749172064262,0,0,0,-0.0126876713918469,0,0,-0.00134220424534473,-0.082217634530126,0,0,0,0,0,0,0,0,0,0,-0.000757730242216945,-0.039869615584464,0,0,0,0,0,-0.000349619418514972,0,0,-0.00975208679998737,-0.023346635964026,0,0,0,0,0,1.0253151059862,0,0,0,-0.00465172466686361,-0.00318139287119368,0.00453093139308232,0,-0.0113103636546118,0,0,0,0,0,-0.00944118188929234,0,0,0,0,0,0,0,0,0,0,0,0,-0.00530896126396652,0,0
"TIGD2",0,0,0,0,0,0,0,0,0,0,0.0253743938498421,0,0,-0.0188266977060432,0,0,0,0,0,-0.0156881438164298,0,0,0,0,0,0,0,-0.0117701451251225,0,0,0,0,0,0,0,0,0,0,0,0,0,0,0,-0.00141917044321164,0,0,0,0,0,-0.00851572410913196,0,0,0,0,0,0,0.00830119398655418,0,0,0,0,0,0,0,0,0,0,0,0,0,0,0,0,0,0,-0.00429076359109718,0,0,0,0,0,0,0.00579749269580782,0,0,0,0,0,0,0,-0.000760242665650242,-0.0165608023930651,0,0,0,0,-0.0160678827123322,-0.0026079340801472,0.00680973951150766,0,-0.00066262033479052,0,-0.00451676266204367,-0.00957375017330629,0,0,0,0,0,0,0,0,0,0,0,0,0,0,-0.00369614100019039,0,-0.00734684637945396,0,0,0,0,0,0,0,0,0,0,0,0,0,0,0,0,0,0,0,0,0.988108718643838,0,0,0,0,0,0,-0.00394795911258008,0,0,0,0,0,0,-0.00369157045062689,-0.0318476754657903,0,-0.00929097919911572,0.00733203453924232,0,0,0,-0.0129557033992391,0,0,0,-0.0229027320654701,-0.0280898564318709,-0.00351583634261444
"TRP53",0,-0.0228511989414929,-0.010045768261867,0,0,0,0,-0.0157140009635352,-0.0326230956412931,0,0,0,-0.0395452570912667,-0.00153769116379517,0,0,-0.0154741282915891,0,0,0,-0.00301713007930791,0,0,0,0,0,-0.012365418600147,0,0,0,0,0,-0.012793642425998,0,0,0,-0.000959250942475442,0,0,0,-0.00738512194126838,-0.0264521735850045,-0.0427503590185506,0,0,0,-0.0244103381777311,0,-0.0349855177950613,-0.0230663594268522,0,-0.00119142791222609,0,0,-0.0177356200218404,0,0,0,-0.015282000943949,0,0,0,-0.0210267062409637,-0.0294922249459443,0,-0.03106049825153,0,0,-0.0122216188814208,0,0,0,0,0,0,0,-0.00316637011359888,0,-0.0235484420927535,-0.0188300741793807,-0.0263622599907632,0,0,0,-0.00281445411625789,-0.00330990844779098,-0.0227460148933966,0,0,0,0,-0.0129375651271801,0,-0.00856108044665341,-0.0171455234139706,-0.00845923856566286,-0.010197845272185,0,0,0,0,0,-0.00267748237207064,-0.0182410035870394,0,0,0,-0.00549092374246532,-0.0450690232635149,-0.0197341626415,-0.00646229759537171,0,0,0,-0.0370323469971947,-0.0187982982178352,0,0,-0.00105545431680222,0,0,0,-0.0226507633823743,-0.00101412935479971,0,0,0,-0.0124060947983273,-0.0053759608492146,0,0,0,-0.0031604557786875,-0.0334712136132903,0,0,-0.00854502156824846,-0.00368625969937144,0,0,0,0,1.12991340645396,0,0,-0.0189124722956576,0,0,0,-0.0316959884745189,-0.0174045387657969,-0.018487789822179,-0.0144884009062155,0,-0.00371943183126988,-0.00871315764019008,0,0,0,-0.0115297867304537,0,-0.0169569690477556,0,0,0,0,0,0,-0.000243472038602635,0
"USF1",0.021588823180763,0,-0.0551920561931976,-0.952339771094883,0,0,0,0,0,0,-0.0248955024680245,0,0,0,0,0,0,0,0,0,0,0,0,0,0,0,0,-0.00341593776849567,0,0,0,0,0,0,0,-0.00659772068422544,0,-0.00830272523111985,0,0,0,0,0,0,0,0,0,0,0.249128969905625,0,-0.0094405896864889,0,0,0,0,0,0,0,0,0,0,0,0,0,0,0,0,0,-0.0124384112972613,0,0,0,0,0,0,0,-0.0308998899193988,0,0,0,0,0,-0.714262681351821,0,0,0,0,0,0,0,0,0,0,0,0,0,0,0,0,0,0,0,0,0,0,0,0,0,0,0,0,0,-0.0149706702280917,0,0,0,0,0,0,0,0,0,0,-0.173230535009512,0,0,-0.00111286012882233,0,0,0,0,0,0,0,0,0,0,-1.77343933491638,-0.0584279264349533,0,0,0,0,3.80008362005077,0,0,0,0,0,0,0,0,0,-0.0042872137897263,0,0,0,0,0,0,0,0,-0.00713259487022996,0,0,0,0,0,0,0
"VAX2",0,-0.0411644424556232,0,0,0,0,0,0,0,0,0,0,-0.00438010888535524,0,0,0,-0.00250643012128282,0,0,0,0,0,0,0,0,0,0,0,0,0,0,0,0,0,0,0,0,0,0,0,0,0,-0.0164550570722686,-0.0224847569979215,0,0,-0.0195781830250811,-0.00187214318834618,0,0,0,0,0,0,0,0,-0.0162454363325772,0,0,0,0,0,0,0,0,0,0,0,0,0,0,0,0,0,-0.0105581241615074,0,0,0,0.000110938800662963,0,-0.00549942629651205,-0.25495404676223,0,0,-0.0275238555098214,0,0,0,0,-0.00362272901007134,0,0,0,-0.0160588698676666,-0.0145291531748763,-0.0108066049373621,0,0,0,0,-0.00617903688256889,0,0,0,0,0,0,0,-0.00217225106313906,0,-0.00905059777903265,-0.00906489103980911,-0.00149779233615013,0,0,0,0,0,0,0,0,0,-0.0264464597465453,0,0,0,0,0,0,0,0,0,-0.00156487279239704,0,0,0,0.011624915896,0,0,0,-0.00465190692250156,0,0,0,1.06344373528996,0,0,0,-0.0137344643606139,0,0,0,0,0,0,0,0,0,0,0,0,0,0,0,0,0,0.00186669788551009,-0.00334172608295437,0,-0.00385809341454585
"XBP1",0,0,0,-0.161250429723116,-0.206452881870725,0.0303552642008091,0,0,-0.0392993301101288,0,0.117305906420833,0,0,0,0,0,0,0,0,0,-0.0141186786020273,0,-0.00224786058594317,-0.00440073970506114,0,-0.0202749556447669,-0.0103780878553266,0,0,0,-0.0135802320423053,0,0,0,0,0,0,0,0,0,0,-0.00207303652152116,-0.0074481051136578,0,0,0,0,0,0,-0.0214904646067726,0,0,0,-0.0112692045196022,-0.0155010762131399,0,-0.0110339899806566,0,0,0,0,0,0,0,0,0,0,-0.0239388718961439,-0.00236430067357153,0,-0.0146828459881516,0,0,0,0,0,0,0,0,0,0,-0.0248268704729655,-0.0125002687177944,0,0,0,0,0,0,0,0,0,-0.0132354653008618,0,0,-0.0223599924639463,-0.00869124591856219,0,0,0,0,0,-0.00133199056986349,0,0,0,-0.00188745377999668,0,0,0,0,0,-0.0122137471618355,0,0,0,0,0,-0.0026931265477507,0,-0.0102740538789575,0,0,0,0.00924112406866473,0,0,-0.0161637218920404,0,0,-0.000632128476809844,0,0,0,0,0,0,-0.119714584213161,-0.177250469578839,0,-0.00318079230317693,0,-0.0189109878616483,0,0,1.21120426706734,-0.00324378266704819,0,-0.0159967501818569,0,-0.0114266437127481,-0.00783832469132144,0,0,0,-0.00543090770506973,0,0,0,-0.00604108120638929,0,-0.00950872934522816,0,-0.000983697709495701,0,0,0,-0.000990351460662172,0,0
"ZBTB14",-0.019878755993944,0,0,0,0,0,0,0,0,0,0,-0.0366072177533174,0,0,-0.024534789910607,0,0,0.00230081195072138,0,0,-0.0919599337056104,0,0,-0.0372941830028873,0,-0.0139972354008661,0,0,0,0,0,0,0,0,0,0,0,-0.00314982608079056,0.00358316395166646,0,0,0,0,0,0,0,0,-0.0174992210628142,0,0,-0.0514831754144251,0,0,0,-0.0256366706286928,0,0,0,0.00267607352229006,0.00302013529476277,0.0026930392096965,0,0,0,0,0,0,-0.0102886355785373,0,0,0,0,0,0,0,0,0,0,-0.0415643956072139,-0.0525421438944808,0,0,0,-0.0410336372398681,0,0,0,0.00266868855220882,0,-0.0113757633367496,0,0,0,0,0,0.00441220525166208,-0.2487495690981,0,-0.0147949861595197,0,-0.000460336480949785,0,0,0,0,0,-0.00767455896596585,0,0.0147498791262617,0.0184283227609202,0,0,0,-0.00826791010208793,0,0,0,-0.00849433052221241,0,-0.128779468658484,0,0,0,0,0,0,0,0,0,0,0,-0.0431408761626366,0,0,0,0,-0.00293497684681943,0,-0.000571086659832018,0,0.00453135678253694,0,0,0,0,-0.0032435019369503,1.29804972365929,0,0,0,0,0,0,-0.00741275900375577,0,-0.0253369061129012,0,0,0,0,0,0,0,0,-0.0724456381374984,-0.0294473668265441,0,0,-0.0538190101846989,0
"ZBTB17",0,0.0161238990497056,0,0,0,0,0,0,0,0,0,0,0,0,0,0,0,0,0,0,0,0,-0.192120945449218,-0.129163195084401,0,0,0,0,0,0,0,0,0,0,0,0,0,0,0,0,0,0,0,0,0,0,0,0.0085881120653203,0,0,0,0,0,0,0,0,0,0,0,0,0.0272447785253281,0,0,0,0,0,0,0,0.09550872054817,0,0,-0.192404571580057,0,0,0,0,0,-1.1565881710354,-0.0225045977490962,0,0,0,0,0,0,0,0,0,0,0,0,0,0,0,0,0,0,-0.208320075304253,0,0,0,0,0,0,-0.105038400244087,0,0,0,0,0,0.00342308559888281,0,0,0,0,0,0,-1.67246364308681,0,-0.495058225893537,-1.27098674028644,0,0,0,0,0,0,0,0.00773296909414955,0,0,-0.0743621678801602,0,0,0,0,0,0,0,0,0,0,0,0,0,0,0,6.31489874322074,0,0,0,0,0,0,-0.0165509328245579,-0.0176773235754448,-1.04012484819751,0,0,0,0,0,0,0,-0.0431774816209037,0,0,0,0,0
"ZBTB20",0,-0.00638985527197717,0,0,0,-0.0175704373090356,0,-0.00476195795380599,-0.0262980179519207,0,0,0,0,0,0,0,0,0,-0.117852994509265,0,0,0,0,0,0,0,0,0,0,0,0,-0.0269753623875156,0,0,0,0,0,0,-0.00465845940624872,0,0,-0.0289739572257991,0,0,0,0,0,0,-0.00455840338584844,0,0,0,0,0,0,-0.0015367860349236,0,0,0,0,0,0,0,0,0,0,0,0,0,0,0,0,0,0,0,0,0,0,0,0,-0.00971027105260486,0,0,0,0,-0.00924893281512989,-0.00353481540121267,0,0,0,0.00573775668095216,0.00985780719370075,0,-0.00293761526648199,-0.0172505649461661,-0.0158549584886134,0,0,0,0,-0.00049667520651972,0,0,-0.00690795316763853,0,0,0,0,0,-0.00733656921994563,0,0,-0.0118637729210581,0,0,0,0,0,0,0,0,0,0,0,0,-0.00474191261372271,0,0,0,-0.0210362795303298,-0.0130734422536678,0,-0.0036946391220106,0,0,0,0,0,0,0,-0.0113102718453505,-0.00394786396836385,0,0,-0.0137344904232432,-0.0159962109227628,0,0,1.00890295634019,-0.0118302244180322,0,0,0,0,0,-0.00198492738815656,0,0,0,0,0,-0.00480982310158067,0,0,0,0,0,0,0,-0.00475952214708841
"ZBTB3",0,-0.00751885474968252,0,0,0,0,0,0,-0.00848658975273137,-0.00232576097022698,0,0,-0.00390245508979954,0,0,0,-0.0612909555956485,-0.000188971105902636,0,0,0,0,0,0,0,0,-0.0197081923821141,0,0,0,0,-0.0155052246849717,0,0,0,0,0,0,0,0,0,0,-0.0338200543871639,0,0,0,-0.0124582489596024,-0.031398723654554,0,0,0,0,0,0,0,0,0,0,-0.000237910618897243,-0.0051227387764751,-0.00211989645644267,-0.0105667991105029,0,0,-0.0020920074800589,-0.0282699851788411,0,0,0,0,0,0,0,0,0,-0.0259634558781446,0,0,-0.011292274837742,-0.0258416609545553,-0.0394935439503984,0,0,0,-0.0122259826568407,0,-0.01030549990298,0,0,0,0,0,0,-0.0129743919825973,-0.0346990619513283,-0.0252377200842769,0,0,0,0,-0.00814827127186608,0,-0.0232568967566102,0,0,0,-0.0144512590116714,0,0,-0.012077764953402,0,0,-0.0223064309126972,-0.00409806107538789,-0.00271971053116689,0,0,0,0,0,0,0,0,-0.010898011722248,0,0,0,0,0,0,-0.0391604999244693,0,0,-0.00945465259565444,-0.0329546110483819,0,0,0,0,0,0,0,-0.0316966941417772,0,0,0,0,0,-0.0118304630449491,1.08071226912352,0,0,-0.0120948504231089,0,0,-0.0173347408533531,0,-0.0188312097548801,-0.000884068279879555,-0.0185066748468746,0,0,0,-0.0130506842414628,0,-0.00077931115459158,-0.015038326598973,-0.0257765372247395,0,-0.0287015288996232
"ZBTB49",-0.00956004522596247,0,0,0,0,0,0,0,0,0,0,0,0,-0.0175916924772134,-0.00487237429481581,0,0,0,0,0,0,-0.00334145688559273,0,0,0,0,0,0,0,0,0,0,0,0,0,0,0,-0.000569605047855135,0,0,0,0,0,0,0,0,0,0,0,0,0,0,0,0,0,0,0,0,-0.000133049179369511,-0.00688712620450339,0,-0.00102312611149994,0,-0.0108848504095641,0,0,0,0,0,0,0,0,0,0,0,0,0,0,-0.0239781381349954,-0.00782449274229714,0,0,0,0,0,0,0,0,0,0,0,0,0,0,0,-0.00305080367902268,-0.0140035875056074,-0.0280385755757013,-0.0371058846962347,-0.00786106900454994,-0.00918881699769987,-0.0157547316938187,0,-0.0233182385585006,0,0,-0.0214955009904781,0,0,0,-0.0102119599992798,0,0,0,-0.0218268893209553,-0.0119676995008292,0,0,0,-0.0203406580262645,-0.00905093611928371,0,0,-0.00660538859620624,0,0,0,0,0,0,0,0,0,0,0,0,0,0,0,0,0,0,-0.0174039090275418,0,0,-0.0114263852999941,0,0,0,0,1.0115635981897,0,-0.0107933163267187,0,-0.0168128942115741,0,0,0,0,0,0,0,0,0,-0.00695110816268767,0,0,-0.0173029546442771,-0.0137325604050411,-0.00288336504390575
"ZFP143",-0.00580096260852302,0,-0.00396228593722412,0,-0.0110979212048514,0,0,0,0,0,0,0,0.00438297817730369,0,0,0,0,0,0,0,0,-0.0138031164710784,0,0,0,0,0,0,0,0,0,0.0241409599249758,0,0.00453985776606692,0,-0.00188332844231895,0,0,0,0,0,0,-0.0093611156112812,-0.00189157050186551,0,-0.0208795486585411,0,-0.0128621755468094,-0.0215338732983439,0,0,0,0,-0.00342574421683138,0,0,0,0,0,0,0,0,0,0,0,0,0,0,0,-0.000303536691995378,0,0,-0.00936847027693184,0,0,0,-0.0257957135453772,0,0,-0.0168996733424932,0,0,0,-0.0240011836055108,0,0,0,0,0,0,0,-0.00954261504111608,0,0,0,0,-0.0582678333491465,0,0,0,0,0,-0.0373885668742072,0,0,0,0,-0.00817806802963132,-0.00305363647205826,0.00103457232327597,0,0.0130943678635503,-0.000963526119444105,0,-0.0202143432150389,0,0,0,-0.0294974450908253,0,0,0,0,0,0,0,0.00994955744591633,-0.0371205113980363,0,-0.0215450189994727,0,0,0,-0.0120416117448206,0,0,0,0,0,-2.67326619266182,0,0,-0.018488830098559,0,0,-0.00782308554696335,0,0,0,0,0,3.47806783764137,0,0,0,0,0,0,0,0,0,-0.0133249662289661,0,-0.361288405359057,0,0,0,0,-0.00284778089018443,0
"ZFP212",0,0,0,0,0,0,0,-0.0176487693330683,-0.0131675713975615,-0.234243181533688,0,0.0006847367284095,-0.0063591436963333,0,0,0,0,0,0,0.00787140111348018,0,0,0,0,0,0,0,0,0,0,0,0,0,0,0,0,0,0,0,0,0,0,-0.00374297254137401,0,0,0,-0.014068616796882,-0.0113761831463081,0,0,0.0148036750825424,0,0,0,0,0,0,-0.181315167766785,-0.00234203107992643,0,0,0,0,0,0,0,0,0,-0.00463444782481792,0,0.00474624161677602,0,0.00493697965125345,0,0,-0.00163509173434966,0,0,0,0,0,0,0,0.010180232357242,0,-0.0178158233449714,-0.0108415969081083,0,0,0,0,0,0,-0.0407954380504536,0,0,0,0,0,0,0,-0.0608233061613594,-0.0215334099014231,0,0,-0.121053902086039,0,0,0,0,0,-0.00885195770393788,0,0,0,-0.0627922907646169,0,0,-0.00474767363834984,0,0.0661005939965514,0,0,-0.00187197049309754,0,0,0.0116812428458933,0,0,0,0,0,-0.0437683180083325,0,0,0,0,0,0,0,0,0,-0.0144949730078365,0,0,0,0,0,0,-0.0120983426902636,-0.010797016511165,0,1.40870237406856,0,0,0,0,-0.0662382457829356,0,-0.0159282882657462,-0.278065877658571,-0.0141576613944524,0,-0.00534212196474043,0,0,0,-0.0389602978107983,0,0
"ZFP213",-0.0122994342626513,0,0,0,-0.0386714116296967,0,0,0,0,0,0,0,0,0,0,0,0,0,0,-0.0224409125987012,0,0,-0.0214726652923016,0,0,-0.0216760803724747,0,0,0,0,-0.024128672256136,0,0,0,0,0,0,-0.0189543059833377,0,0.00123721988735246,0,0,0,0,0,0,0,0,0,0,0,0,0,-0.012156915471928,-0.0161737083882502,0,0,0,0,-0.00260687558273936,0,0,0,0,0,0,0,-0.0143617045823016,0,0,-0.0252135376861466,0,0,-0.0126168711394132,0,0,-0.00453061482059946,0,-0.0547464455672871,0,-0.0199883049371531,0.00651132613023083,0,0,0,0,0,0,0,0,-0.00691632544069857,-0.0195226846436302,0,0,0,0,0,0,-0.00179854654253373,0,0,0,0,0,0,0,-0.0111496381166724,0,0,0,0,0,0,-0.0025217972089962,0,0,0,-0.123529431751357,0,-0.141295846688389,-0.00830269777512567,0,0,-0.0066049204054655,-0.00500381494221736,0,0,0,0,0,0,-0.091825447639487,0,0,0,0,-0.0117788503649163,0,0,0,0,0,0,-0.00426075465329894,0,0,-0.00741019663434386,0,0,0,0,0,0,1.29307104490205,0,-0.0166024019732709,0,0,0,-0.0675810212779466,-0.0152489358192464,0,0,0,-0.0423286495608348,-0.0534048409430573,0,0,-0.0565449705813344,0
"ZFP260",-0.0134985702267688,0,0,0,0,0,0,0,-0.0016418544770269,-0.0295184408008331,0,0.000628164433393958,0,0,0.00430760251271812,0,0,0,0,0.0111223065144913,0,0,0,0,0,0,0,0,0,0,0,0,0,-0.0948652680610841,0,0,0,0,0,0,0,0,-0.0191791392665138,0,0,0,-0.00350807990784809,0,0,0,-0.013247065315731,0,-0.00291817467692372,-0.000618524527235313,0,0,0,0,0,0,0,0,0,0,0,0,0,0,0,0,0,0,0,0,0,0,0,-0.196950922184632,-0.0191464987889529,-0.0477727686311602,0,0,0,0,0,0,0,0,0,0,0,-0.00165487491652665,0,-0.0130167730398577,0,0,0,0,0,0,0,-0.017845298243916,0,-0.0053874799932626,-0.207298436863287,-0.146840532518565,0,-0.00861678065898784,-0.00352408026095481,0,0,0,-0.0112108333849294,0,0,0,0,0,-0.0131992673321258,0,0,0,0,0,-0.0240430748960157,0,0,0,0,0,0,-0.117430196167667,0,-0.00278258771841504,-0.0123532814955759,0,0,0,0,0,-0.00944228275337446,0,-0.00372153033933053,0,0,0,0,-0.0164952465481052,0,0,-0.0168130428875949,0,0,0,1.39491515858119,-0.00521070063551192,-0.0481537598593123,0,0,-0.00865560051306519,-0.01101142152371,0,0,0,-0.06522224691795,0,0,-0.00881202131353357,0,0
"ZFP263",0,0,-0.0150194637737765,0,-0.0140947177735751,0,0,0,0,0,0,0,-0.00024130034171729,0,0,0,-0.0251355328041978,0,0,-0.0169621500304399,-0.0486411135367901,0,-0.00709361424318188,0,-0.00949673271181655,-0.0271620227478178,-0.00117600897234764,0,-0.0092204967257134,0,-0.00848318743049357,0,0,-0.0124323961115837,0,0,0,0,0,0,0,0,-0.00412811415813512,0,0,0,0,-0.00606978431041109,0,0,0,0,0,-0.00456776393814858,0,0,0,0,0,0,0,0,0,0,-0.00043955291287195,0,-0.0116582007135452,0,-0.00163445433925831,0,0,-0.0161093947791612,0,0,0,0,-0.0236862831138876,-0.00516470989563378,-0.00672046680402369,-0.0122922179464893,0,0,0,-0.0230663902434081,0,0,-0.00853663444363249,0,-0.0223809802250639,0,-0.00368674683820881,0,-0.00392575381488319,-0.0140210999463403,-0.00263290262649894,0,0,-0.0102180635974746,-0.000448782550591544,0,-0.00140161477518711,0,0,0,0,0,-0.0222779113939628,0,-0.00557508832443469,0,0,0,0,0,0,0,0,0,-0.00402182137631486,0,-0.00998068955548616,0,0,-0.0135590857427701,0,0,0,0,0,0,-0.00976463704052101,-0.0115781861802315,0,-0.0106900561657776,0,-0.00832836262324923,0,0,0,0,0,-0.00369139615164386,-0.00871191664562855,0,0,-0.00542917224932928,-0.025334519994317,-0.0176689699952701,-0.00198459280445139,-0.0173336419351407,0,0,0,-0.0166017899963795,-0.0052121704936509,1.08994130949886,-0.0123086488781096,0,0,-0.0175465640422276,-0.0130537181231634,0,0,-0.0182363013664135,-0.0183735778113334,-0.0305503910106631,-0.00280923385608291,-0.0245707330473584,-0.00617777125665394,0
"ZFP281",0,0,0,0,0,0,0,0,0,0,0,0,0,0,0,0,-0.00506444918286891,0,0,0,0,0,0,-0.00845666939559739,-0.409859305928236,0,0,0,0,0,0,0,0,0,0,0,0,0,0,0,0,0,0,0,0,0,0,0,0,0,0,0,0,0,0,0,0,0,0,0,0,0,0,0,0,0,0,-0.14913286424102,0,0,0,0,0.196785813204614,0,0,-0.00213428305389175,0,-0.587898785632912,0,0,0,0,0,0,0,0,0,0,0,0,0,0,0,0,0,0,0,-0.381387242956116,0,0,0,0,0,0,-0.00908375045933571,-0.0963468191731035,0,0,0,0,0,0,0,0,0,0,0,0,0,0,-0.255677947329913,0,0,0,-0.10789955576984,0,0,0,0,0,0,-0.0312294320514031,0,-0.0675850012145901,0,0,0.00171879454137328,0,0,0,0,-0.0318443020889886,0,0,0,0,0,-1.04000940571421,0,0,0,0,0,0,-0.0481411483495858,-0.0123103134009348,3.42451441082418,0,0,0,0,-0.0393528835698458,0,-0.00431931747067611,0,0,-0.651067599846028,0,0,0
"ZFP287",0,-0.0963224912419137,0,0,0,0,0,0,-0.0482475692926125,-0.149903761973845,0,0,0,0,0,0,-0.0306385980127305,0,-0.0179181412655613,0,0,0,0,0.00810326127238244,0,0,0,0,0.00130547059472511,0,0,0,0,0,0,0.00344335348484324,0,0,0,0,0,-0.31598722156668,0,0,0.0345634503310609,0.0125191618539474,-0.0525470094046442,-0.000764224327379307,0,0,0,-0.0512618844841366,0,-0.00739176591322803,0,-0.029520786093266,0,-0.193237745564117,0,0.0084786827239875,0,0.0519248978991992,0,0,0,0,0,0,0,0,0,0.00284781610840992,0,0,0,-1.04964090293864e-05,0,0.0626555625573905,0.0196057202172524,0,0,0,0,0,-0.0253591523608345,-0.0139770516678312,0,-0.00899797498687211,0,0,0,0,0,0,-0.00865406915320251,-0.00912199743789556,0,0,0,0,0,0,0,0,0.0183862720624035,0,0,0,0,-0.0433205453047706,0,0,0,0,0,0,0,0.0370510997577453,0,0.00872100085224689,0,0,0,0,0,-0.858371661977056,0,0,0,0,0,0,-0.00457245139112033,0,0,0,0,0,0,0,0,0,0,0,0,0,0,0,0,-0.0188340447181157,0,0,-0.0662458113317984,0,0,0,0,2.34891515221061,0,0,0,0,-0.591267940118,0,0,0,0,0,0,0
"ZFP324",0,0,0,0,0,0,0,0,-0.0252745553747715,-0.0116234863186821,0,0,0,0,0,0,-0.00470628076635528,-0.0170055559792518,0,0,0,0,-0.00289153531083863,0,0,0,-0.0289563839687118,0,0,0,0,0,0,0,0,0,-0.00400649275161902,0,-0.0123408034253693,0,0,0,0,-0.0193986648624389,0,0,0,0,0,-0.00190414897028905,0,0,0,0,-0.0231863061700614,0,0,0,0,0,-0.01291731310042,0,0,0,0,0,0,0,-0.0291315466840713,-0.0057547036089548,0,0,0,-0.0359525019048672,0,0,0,0,0,0,-0.00764330948446744,0,0,0,-0.0194888418358379,0,0,0,0,0,0,0,0,-0.000779646549039585,-4.09282967686858e-06,0,0,0,0,0,-0.0202612304567326,-0.0347684183531972,0,-0.0107030297196858,0,-0.0260248315982273,0,0,0,0,0,0,0,0,-0.0575195774850121,-0.0296663469861124,0,0,-0.0131115543045498,0,0,0,-0.00786598693276163,-0.014734830825866,-0.0251399309753762,0,0,0,0,0,-0.000278166472201689,-0.00352817332078986,0,0,0,0,0,0,0,0,0,-0.00929130223439843,0,0,0,0,0,0,0,-0.000884761920969441,0,0,0,0,0,0,0,0,1.05695091947525,-0.0495269334821667,-0.017411440765577,-0.0245116976079409,0,-0.00404333672713403,0,0,0,-0.00521273087579812,-0.0111450492819675,0
"ZFP335",0,-0.00593496973779263,0,0,0,0,0,0,-0.0149777289058585,0,0,0,-0.0080351597849791,0,0,-0.00631892180198925,-0.0195499493835716,0,0,0,-3.50344349523639e-05,0,0,-0.0138072063155373,0,0,0,0,0,0,-0.00492968102038096,0,-0.00210813786792172,-0.02600996725028,0,0,0,-0.0196382791168898,0,0,0,0,0,0,0,0,0,0,-0.0201723646161134,-0.0352052571714496,0,0,0,-0.0259695886190125,0,0,0,0,0,0,0,0,0,0,0,0,0,0,0,0,0,0,0,-0.00145302159090427,0,0,-0.00505325771184137,0,-0.0155067468270043,0,-0.0115891919569967,0,0,-0.0130891154150055,-0.00119575465692313,0,0,0,-0.0243005235972802,0,0,0,0,-0.034700988670813,0,-0.015484956663418,-0.0063278351090849,0,-0.00996792652062905,0,-0.0228547900744905,0,-0.0242554542693024,-0.0228517962439158,-0.000444022094907,0,-0.0176538179400986,0,-4.55477830387502e-06,-0.000337740946792506,0,0,0,0,-0.0176317786231968,-0.0347217364686458,0,0,-0.0170503822161004,-0.0275850650566788,0,-0.0142418124930621,-0.025033094390456,-0.0157060913757636,-0.0144530409707932,0,0,0,-0.0244556259745787,0,-0.00508178331885112,0,-0.0111828280831837,-0.0237822606476997,-0.0337801932681824,0,0,0,0,0,0,0.00733217881483143,-0.0115307182648645,0,0,-0.00604240010613123,0,0,0,-0.0185060465487637,0,0,-0.0159229873029989,-0.0675813471162024,-0.00865522494872771,-0.0175471326736604,0,0,-0.04952655576104,1.15204344762895,0,-0.0285414361718977,0,-0.00337481056697054,-0.0812654947122682,0,0,0,-0.0157812824485987,-0.00254766569681488
"ZFP398",0,0,0,0,0,0,0,0,0,-0.167244998968416,0,0,0,0,0,0,0,-0.00642866337024578,0,0,0,0.0163657164278375,-0.0595471369399631,0,0,0,0,0,0,0,0,0,-0.00140473215325091,-0.0626357949321964,0,0,0,0,0,0,0,0,0,0,0,0,-0.00467543881242912,0,-0.00833737002596521,-0.00178687799636662,0,0,0,-0.0238212410732999,0,0.00202196694774592,0,-0.113548193401156,0,0,0,0,0,0,0,0,0,0,0,0,0,0,0,0,0,0,0,-0.190769409459999,0,0,0,0,0,0,-0.00432587528338855,0,0,0,0,0,0,0,0,0,0,0,0,0,0,0,-0.00856615237421569,-0.0436684826157286,0,0,-0.136136622766708,-0.207490579613574,0,0,0,0,0,-8.37076330793965e-05,0,0,-0.00374268657825809,-0.0383904099156736,-0.000500547761860282,0,-0.01498941141327,0,0,0,0,0,-0.0304159640869394,0,0.0955800242146378,0,0,0,-0.00316143225980595,-0.0149664087671095,-0.00246398852960408,-0.0181014935309781,0,0,0.0224058213122381,0,0,0,0,0,0,0,0,0,0,0,0,0,0,0,-0.278055852668718,-0.015248741313343,-0.0110113047326577,-0.013052937039066,0,0,-0.0174098689863545,0,1.53817133505513,0,0,-0.00938848834079975,0,0,-0.00111368195517863,-0.0290187875735092,0,0
"ZFP410",0.000153952830827934,0,0,0,0,0,0,-0.0053628137390584,0,0,0,0,0,-0.00636810872408896,0,0,0,0,0,0,0,0,0,0,0,0,0,0,0,0,0,0,-0.00318406832637615,0,0,0,0,0,0,0,-0.0137857681902461,-0.00559335732300892,-0.00563183808893621,-0.0243528390659391,0,0,-0.0236496224375261,-0.000988943200826973,0,-0.00841944440833361,-0.00944959395767979,0,0,0,0,0,0,0,0,0,0,0,0,0,0,0,-0.000299602325010469,0,0,0,0,0,0.00215040715796043,0,0,0,0,0,0,0,0,0,-0.0113937358786538,0,0,-0.00209889017579595,0,-0.00550469925029103,0,0,0,0,0,-0.000269981657799397,0,-0.0195756106600937,0,0,0,0,-0.0139850288282341,0,-0.0188037386657403,0,0,0,0,0,-0.00684776185423854,0,0,-0.000717757581490633,-0.0127970389793571,0,-0.00117946174716864,0,0,0,-0.00343489497027601,0,0,0,0,-0.0145262801386979,0,0,0,-0.0137454427651639,0,0,-0.00203980445565624,0,-0.0151084884711184,0,0,0,0,-0.00133631532232926,-0.00406581690586305,-0.0348083794433742,0,0,-0.0169561940587374,0,0,-0.00950811483621749,0,0,-0.00480972525526357,0,0,-0.0133289924526739,-0.0141547399863393,0,0,0,-0.0393508827376826,0,-0.0245110846678205,-0.0285404428969204,0,1.01254656388587,0,-0.0140552990120144,0,0,0,-0.000764729329479875,0,0
"ZFP422",0,-0.0289389739965119,0,0,0,0,0,0,0,0,0,0,0,0,0,0,-0.00162445281184112,-0.00666502115424545,0,0,0,0,-0.0017456779091988,0,0,0,0,0,0,0,0,0,0,-0.00598483616324829,0,0,-0.00396172756656477,0,0,0.0120771831533904,0.110616920350271,-0.478568179111258,0,0,0.0488348861497436,0,0,0,0,0,-0.00353755261421416,-0.00323095890724913,0,-0.000242507127298021,-0.000962329842275066,0,0,-0.0375074674271589,0,0.0554828736619328,0.0899695801722493,0.00581947824306597,0,0,0,0,0,0,0,0,0,0,0,-0.0070795376897444,0,0,0,0,0,0,0,0,0,0,-0.00902279795303043,0,0,0,0,0,0,-0.00226649554091803,-0.00136589636782211,0,-0.0308083716203398,0,-0.0202826596678442,0,0,0,0,0.0810916308567511,0,-0.00121298731725954,0,0,0,0,0,0,0,0,-0.015104770854465,0,-0.0206327078136621,0,0,0,0,0,0,0,0,0,0,-0.328752108436904,-0.234266824149067,0,0,0,0,-0.00596930580477167,-0.00324879127323877,0,0,0,-7.37608997280598e-06,-0.00416726682222215,0,0,0,0,0,-0.00709993497248288,0,0,0,0,0,0,0,0,0,0,0,0,0,-0.591250685825487,0,0,0,0,1.8458908333235,-0.0124981290494365,0,0,-0.00831115105145647,0,-0.0117682948398382,0
"ZFP523",0,0,0,0,-0.0119803886271247,0,0,0,0,0,0,0,0,0,-0.0164181134999106,0,0,0,0,-0.00119419847611131,0,-0.00775123570210122,-0.0306840309605392,0,-0.00031743879196314,0,0,-0.00951745100596123,0,0,0,0,0,0,0,-0.0461031169013396,0,0,0,0,0,0,-0.019790393699713,0,0,-0.011658665527534,0,0,0,0,-0.00545596749516736,0.0052199811346553,0,-0.0309197789313611,0,0,0,0,0,0,0.00311425711637081,0,0,0,0,0,0,0,-0.00294343852266422,0,0,0,0,-0.0121100218695598,0,0,0,0,-0.0197000119528521,-0.0527557885859837,0,-0.0167642321682217,0,0,0,0,0,0,0,0,0,-0.00273952098296184,0,0,0,0,-0.0643740277755845,-0.00170242455389549,-0.012762124072818,0,0,0,-0.0266336506099753,0,0,0,-0.00119091191256523,-0.00131581546206102,-0.0103286323065196,0,0,0,-0.0098743311614225,0,0,0,0,0,-0.0270914889308138,0,0,-0.022044013304554,0,-0.00269703900154612,0,0,0,-0.0569937284658752,0,-0.0339889884748494,0,-0.0267266714247936,0,-0.00485921977488592,0,0,0,-0.000760738953382791,0,-0.309565832631958,0,-0.0129548994306042,0,0,0,-0.000980727782537753,0,0,0,-0.0130493189492863,0,-0.361293916873398,-0.00533082249631559,0,0,-0.0182328126795042,-0.00429205717084177,0,-0.00404211014629817,-0.00337148676803041,-0.00938564267329772,-0.0140560700825221,-0.0125026583220192,1.44960026945133,-0.010818600790296,0,-0.00576064979415563,0,-0.030493400121404,0
"ZFP566",0,0,0,0,0,0,0,0,0,0,0,0,0.00063583691356426,0,0,-0.00319379049866348,0,0,0,0,-0.0518436478062281,0,-0.0745809343600344,0,0,0,0,0,0,0,0,0,0,0,0,0,0.00597992266302618,-0.088034263317489,0,0,0.0121122645074837,0,0,0,0.0138628464678296,0,0.000236558651825159,0,0,0,-0.0168433237190691,0,0,0,-0.0393489721206285,0,0,0,0,0,0,0,0,0,0,0,0,0,0,0,0,0,0.0102496672831876,0,0,0,0,0,-0.0756876335885548,-0.0441388523004481,0,0,0,-0.00832873419161488,0,0,0,0,0,0,0,0,0,0,0.00268814501055476,0,-0.0701856943337649,0,0,0,0,0,0,0,-0.0128746085186554,0,-0.0532925469315686,0,0,0,0,0,0,0,0,0,0,-0.194875136811394,-0.0270693034955389,-0.383738451765363,0,0,0,0,0,0,0,0,0,0,0,-0.0539686313429595,0,0,0,0,0,0,0,0,0,0,0,0,0,0,-0.0724338150442696,-0.043160467701672,0,0,-0.00695221726059453,0,0,-0.0423310136791912,-0.0652170517685972,-0.0183734354669752,0,0,0,-0.0812640101562295,0,0,0,-0.0108248912917297,1.77718922393438,-0.175857241477984,0,0,-0.113783922139153,0
"ZFP64",-0.00919948180184363,0.0105600548023347,0,0,0,0,0,0,0,0,0,0,0,0,-0.0263400359068982,0,0,0,0.0109845493895464,0,-0.0475027337661294,0,0,-0.0358733868962351,0,-0.00836250123707901,0,0,0,0,0,0,0,0,0,0,0.00839324109233963,0,0,0,0,0,0,0,0,0,0,0,0,-0.0309499966967539,0,0,0,0,-0.0389739476257032,0,0,0,0,0,0,0,0,0,0,0,0,0,0,0,0,0,0,0,0,0,0,0,-0.0380573335051705,-0.17426024444662,0,0,0,-0.0681045240151365,0,0,0,0,0,0,0,-0.0410929049728531,0,0,0,0,-0.0355648915129317,0,-0.0150769869253751,0,-0.0105787550383814,0,0,0,-0.00955290310985365,0.0069769525736158,-0.0536923824396052,0,0,0.0082833281306233,0,0.000807647845872324,0,0,-0.0119504070471168,0,0,-0.017626960117397,0,-0.267863578686353,0,0,0,0,0,0,0,0,0,0,0,-0.0434712777896678,0,0,0,0,0,0,-0.00526642326082922,0,0,0,0,0,0,0,-0.0294452361285434,0,0,-0.000782610187232003,0,0,0,-0.053404508759791,0,-0.0305521535493918,0,0,0,0,0,0,0,0,-0.17585674207855,1.45674466178932,0,0,-0.1019040550795,0.00670507772220661
"ZFP740",0,0,0,0,-0.0150442428352711,0,0,0,0,-0.00310745612401458,0,0,0,0,-0.0173355411260237,0,0,0,0,0.0621011861392923,0,0.0381061168428907,0,0,0,0,-0.00843896262676769,-0.00128889114625578,0,0,0,0,0,0,0,0,0,0,0,0,0,0,0,-0.000972810490120548,0,0,0,0,0,0,0,0,0,0,0,0,0,0,0,-0.0220678292029935,0,0,0,0,0,0,0,-0.0361533792183922,0,0,0.105490068365493,0,0.00601613180765608,0,0,-0.00584946913562521,0,-0.0202521668113972,0,0,0,0,0,0,0,0,-0.00440085731479761,0,0,-0.0393409245042518,0,0,0,0,0,0,0,0,0,-0.0240618252911768,-0.0135740667895988,0,-0.00122688946957639,-0.00981975963666733,0,0,0,0,0,0,0,0,0,0,0,0,0,0,0,0,-0.127851712248926,0,0,-0.00799027090900313,-0.0226044428026182,0,0,0,0,0,0,0,0,0,0,-0.00593876971439483,0,0,0,0,0,0,0,0,0.00186768700187403,0,0,0,0,-0.0150356059548168,0,0,0,0,0,-0.00280654882514162,-0.651054541929638,0,0,0,-0.00110627061532895,0,-0.00831068068457552,-0.00575730100228801,0,0,1.35284485717224,0,0,0
"ZFP768",0,-0.00910009476802593,0,0,0,0,0,-0.00429875330917516,-0.0125413306618833,0,0.000219900821202158,0,-0.0241482468190201,0,0,0,-0.00801981400788784,0,0,0,0,0,-0.0163673069496646,0,-0.0188195551892844,0,0,0,0,0,0,0,0,0,0,0,-0.00940216535167788,0,0,0,0,0,-0.0359623956722322,0,0,0,0,0,-0.0093657821712152,-0.0195007020864788,0,0,0,-0.0114561307739597,-0.00726249650420051,0,0,0,-0.0156255885406453,-0.00234107651882606,0,0,0,0,0,-0.0125810005530469,0,-0.00673958376884342,-0.0138804377796602,0,0,-0.014810169412885,0,0,0,-0.0111810698937651,0,0,0,-0.00885764047325714,0,0,0,0,-0.00927401899266767,-0.018186723346334,-0.0237218016145587,0,0,-0.0130118448452452,0,0,0,-0.0141877723747165,-0.0195362036490456,-0.0191935105746942,0,0,0,0,-0.0240311000255104,-0.0102376088747328,-0.0383961506148891,-0.0149721108577484,-0.0120573960417825,0,-0.0147813460748013,-0.0238624629425901,0,-0.0077330190176078,-0.00535795951708527,0,-0.00689035170731102,0,0,-0.0385581834456649,0,0,0,0,0,0,-0.0387904405444091,0,0,0,0,0,-0.0122585865873282,0,-0.00892042739310745,0,-0.0399217905438889,-0.00857919346186048,-0.0119907581549025,0,0,0,0,0,-0.00530881067349792,-0.0229023315928541,0,0,-0.00334164323081147,-0.000989119847607845,0,0,0,-0.0257748889260713,-0.0173027630556587,0,-0.0389550432600472,0,-0.00881016802668429,-0.0245696791147375,0,0,-0.00521159553714862,0,-0.0290189788246688,-0.00076481852245038,0,0,0,0,0,1.11273987741285,-0.0206277208359027,-0.0230357172054597
"ZFX",0,0.00206354832981386,0,0,0,0,0,0,0,0,0,0,0,0,-0.0105190433678742,0,-0.0222599918745113,0,0,-0.0235819879133456,0,-0.027924798458353,0,-0.00802849277275975,-0.00484024395456659,0,0,0,0,0,-0.0216419585413183,0,0,0,0,0,0,-0.0347727715305918,0,0,0,0,0,0,0.0137033189139481,0,0,0,0,0,0,0,0,0,0,0,0,0,0,0,0,0,0,-0.0109142490260911,0,0,0,0,-0.00020446522494151,0,-0.0131339023877887,0,0,-0.11527596258067,0,0,0,0,-0.0331174722414472,-0.0699893410870523,0,0,0,0,0,0,0,0,-0.00922089038319742,0,0,-0.00190428174840133,0,0,0,0,-0.0591703650772251,-0.0382306496577332,0,0,-0.02054976710045,0,0,0,0,0,-0.0756758781736656,0,0,0,0,0,-0.0182514021923221,0,-0.0299668346112206,-0.0299758210133959,0,-0.0373639911501509,-0.023353752304877,-0.309941454896824,0,-0.0673406057127486,0,0,0,0,0,0,0,0,0,-0.0539230553886568,0,0,0,0.00714506469788048,-0.00584885746730484,0,0,-0.00996443457695438,0,-0.0280891813645953,-0.000245031067223819,0,0,0,-0.0538147962245384,0,0,0,-0.0137317909267383,-0.00285188819491247,0,-0.0565434162955422,0,-0.00617673701483917,0,0,-0.0111449441886221,-0.0157781335440789,0,0,-0.0117782105668669,-0.0304965080469946,-0.113780224318121,-0.101897013603186,0,-0.0206266052953375,1.62767559980378,0
"ZSCAN20",0,-0.000881224231522964,0,0.000540243945963249,0,0,0,-0.000144858980149977,-0.0127622199867274,0,0,0,0,-0.00973339331042557,0,0,-0.0104398314422413,-0.00274060235417788,0,0,0,0,0,0,0,0,0,0,0,0,0,-0.00878508362921897,-0.0283692376600902,0,0,0,0,0,0,0,-0.00898916646857134,0,-0.0264491406316019,0,0,0,-0.0344797362480554,0,0,0,0.0195780872299311,0,0,-0.00081989680840851,0,0,0,0,0,-0.006705816813255,0,-0.0314368112346374,0,0,0,-0.00779516348837347,0,0,0,0,0,0,0,0,-0.00364400287475894,0,0,0,0,0,-0.00965226991761407,0,0,0,0,0,-0.0151986216113798,-0.00681327028289147,-0.00853068700232964,0,0,0,0,-0.0186120860474876,-0.00826955883854987,-0.01388457868221,0,0,0,0,0,0,0,-0.00536789236798725,0,0,0,0,0,-0.00766526388052785,-0.0369518150739998,-0.0133701306736682,-0.00715192023836525,0,-0.00889251232031872,-0.0606435797115141,0,0,0,0,0,0,0,0,-0.012081804114339,0,0,0,0,0,-0.00886708310031125,0,0,-0.0285915450587991,0,0,0,0,0,0,0,-0.00351594178066381,0,0,-0.00385840301702382,0,0,0,-0.00475971040821298,-0.0287015322345474,-0.00288366444138238,0,0,0,0,0,0,0,0,-0.00254725489481849,0,0,0,0,0,0.00670708329907047,0,-0.0230359335272235,0,1.03053279572949
