"","Ahr","Arnt","Arntl","Atf1","Atf2","Atf3","Atf4","Atf7","Batf","Bbx","Bcl6","Bhlhe40","Cbfb","Cdx1","Creb1","Crem","Ctcf","Ddit3","E2f1","E2f3","E2f4","Egr1","Egr2","Elf1","Elf2","Elf4","Elk1","Elk3","Elk4","Ets1","Etv3","Etv6","Fli1","Fos","Fosb","Fosl2","Foxj3","Foxn3","Foxo1","Foxo3","Foxp1","Gabpa","Gata3","Gfi1","Glis3","Gmeb1","Hic1","Hlx","Hmg20b","Homez","Hsf2","Ikzf1","Ikzf3","Irf1","Irf2","Irf3","Irf4","Irf7","Irf8","Isl2","Jun","Junb","Jund","Klf10","Klf13","Klf2","Klf3","Klf4","Klf5","Klf6","Klf7","Klf8","Mafk","Max","Maz","Mbd2","Mecp2","Meis3","Meox2","Mlx","Mxd1","Myc","Nfatc1","Nfe2l2","Nfil3","Nfkb1","Nfkb2","Nfya","Nfyb","Nfyc","Nr1i3","Nr4a1","Nr4a2","Nr4a3","Nrf1","Patz1","Pbx4","Phox2b","Pknox1","Prdm1","Rel","Rela","Relb","Rfx1","Rora","Runx1","Runx2","Runx3","Setbp1","Smad3","Snai1","Snai3","Sp1","Sp110","Sp2","Sp3","Sp4","Srebf1","Srebf2","Stat1","Stat2","Stat3","Stat4","Stat6","Taf1","Tbx21","Tcf12","Tcf3","Tcf7","Tef","Tfdp1","Tfe3","Tgif1","Thap11","Thrb","Tigd2","Tlx2","Trp53","Usf1","Usf2","Wt1","Xbp1","Zbtb17","Zbtb3","Zfp143","Zfp212","Zfp260","Zfp263","Zfp281","Zfp287","Zfp335","Zfp341","Zfp398","Zfp422","Zfp566","Zfp64","Zfp692","Zfp740","Zfx"
"Ahr",1.01679093588628,-0.0580807430654775,0,0,-0.00170599165583088,0,0,0,0,0,0,0.0042329512164054,0,0,0,0,0,0,0,-0.000349237735162448,0,0,-0.0125056201591921,-0.0472089694988874,0,0,0,0,0,0,0,0,0,0,0,0,0,-0.00797945572641573,0,0,0,0,0,0,0,0,0,0,0,0,0,0,-0.0303165527774488,0,0,0,0,0,0,0,0,-0.00484620026726899,0,0,0,0,0,-0.0259750690126037,-0.0104537286312252,0,0,0,0,0,0,-0.00935726568803169,-0.00436894082719689,0,-0.015152010833578,0,0,0,0,-0.000930813751159423,0,0,0,0,-0.00593896127313111,-0.0296357190033825,0,0,-0.00601360276331923,0,0,0,0,0,-0.000335306597859239,0,0,0,0,-0.0067941278866764,0,0,0,0,-0.0190954893632812,0,0,0,0,-0.0185974658099434,0,0,0,0,-0.00819470135563748,0,0,-0.00658295377453453,0,0,-0.00631087227883605,0,0,0,0,0,0,0,0,-0.0190617449724109,0,0,0,0,0,0,-0.010762589894323,-0.0152722156099658,-0.0222882041907387,0,-0.00300601439824377,0,0,0,0,0,-0.00240850073535614,0,0,0,0,0,-0.00774715424598784,0,0
"Arnt",-0.0580765354274078,3.07691111843387,-1.30782250630413,0,0,0,0,0,0,0,0,-0.590027655897444,0,0,0,0,0,0,0,0,0,0,0,0,-0.0174359453683448,0,0,-0.00790513870955031,0,0,0,0,0,0,0,0,0,-0.000794926609270238,0,0,0,-0.0184845477754618,0,-0.00762014775766045,-0.00614974100214429,0,0,0,0,0,0,0,0,0,0,0,0,0,0,0,0,0,0,0,0,0,0,0,0,0,0,0,0,-0.71930587488168,0,-0.0105718711680456,-0.0149828451703644,0,0,-0.0887133621386229,-0.11776854477562,-0.0682240429960822,0,0,0,0,0,0,0,0,0,0,0,0,0,0,0,0,-0.0047275633647268,-0.00899801604139196,0,0,0,0,0,0,0,0,0,-0.0165568862038178,0,0,0,0,0,0,-0.00994656707259766,0,0,0,0,0,0,0,-0.00708671640231222,0,0,0,0,0,0,0,0,0,0,0,0,0,0,-0.219451786258396,0,0,0,-0.00910481214864235,0,0,0,-0.0192268625520117,0,0,-0.00164969103260061,0,-0.00453629352595709,0,0,0,0,0,0
"Arntl",0,-1.30783375742328,4.0132064320212,0,0,0,0,0,0,0,0,-0.231457899242599,0,0,0,0,0,0,0,0,0,0,0,0,0,0,0,0,0,0,0,0,0,0,0,0.00520044992215358,0,0,0,0,0,0,0,0,0,0,0,0,0,0,0,0,0,0,0,0,0,0,0,0,0,0,0,0,0,0,0,0,0,0,0,0,0,-0.130064504144238,0,0,0,0,0,-0.940949846111109,-0.149568514258254,0,0,0,0,0,0,0,0,0,0,0,0,0,0,0,0,0,0,0,0,0,0,0,0,0,0,0,0,0,0.0190848398027541,0,0,0,0,0,0,0,0,0,0,0,0,0,0,0,0,0,0,0,0,-0.400647396363553,0,0,0,0,0,0,-0.53429185865244,-0.46644155088274,0,-0.141621683314308,0,0,0,0,0,0,0,0,0,0,0,0,0,0,0,0,0
"Atf1",0,0,0,2.33264944174638,0,-0.165082538538733,-0.0046686957470568,-0.133197882351714,0.0359416656989467,0,0,0,0,0,-1.12037672832177,-0.434259604807441,0,0,0,0,-0.00676017551554318,0,0,-0.0393807260657345,0,0,0,0,0,0,0,0,0,0.0615474455427221,0.0542616706652671,0,0,-0.0117677254358529,-0.0012726929275895,0,0,0,0,-0.020383143163923,-0.0308256604227607,-0.236517548082547,0,-0.000425770158154537,0,0,0,0,0,0,0,0,0,0,0,0,-0.069444805330517,0.00475725720385408,0,0,0,0,0,0,0,0,0,-0.00482057588468623,0,0,0,0,-0.0100334708389491,0,0,0,0,0,0,0,0,0,0,0,-0.0010243199442753,0,0,0,0,0,0,-0.00668718458287025,0,0,-0.00369554034829133,0,0,0,0,0,0,0,0,0,-0.0233538534548496,0,0,0,0,-0.0195069107125534,0,0,0,-0.0193837032394815,0,0,0,0,0,0,0,0,0,0,0,-0.0293788481937824,-0.000402383561186608,0,0,-4.22307897080553e-05,-0.0237442609455522,0,0,0,0,0,0,-0.149990127805798,0,0,0,0,0,0,0,0,0,0,0,0,0,-0.0137983506921692,0,-0.00270125498347226,0
"Atf2",-0.00173611419699056,0,0,0,4.5821573129223,-0.00743133628702382,0,-3.68076302731409,0,-0.00737505800822717,0,0,0,0,-0.175582445897749,-0.239114378840848,0,-0.0893722311121866,0,0,0,0,0,0,0,0,0,0,0,0,0,0,0,0,0,0,-0.00908908974416499,-0.00337446724371006,0,0,0,0,0,0,-0.00724722061861487,0,-0.0117804472981781,0,0,0,0,0,0,0,0,0,0,-0.000485192543094777,0,-0.000746388535489165,0,0,0,0,0,0,0,0,0,0,0,0,0,0,0,0,0,-0.0202315821985819,0,0,0,0,0,-0.0174724264690213,0,0,0,0,0,0,0,-0.00534486705342186,0,0,0,0,0,0,-0.0137549702742983,-0.00497468594091301,0,0,0,-0.0201963463024066,-0.0284976872932178,0,0,-0.00614994818789082,0,-0.0146784036033469,0,0,0,0,0,0,0,0,0,0,0,-0.0207379028379048,0,-0.00711034504124434,0,-0.00608883039421535,0,-0.00626606577117545,-0.0253286490211149,0,0,0,0,0,-0.0663974048302179,0,0,-0.0329761569109544,0,0,0,0,0,-0.0132907867880196,0,0,0,-0.0128035892006503,0,0,-0.00899376717378598,0,-0.00891537776926754,0,0,0,0,-0.00438143860149364,0
"Atf3",0,0,0,-0.165100582230824,-0.00760646875008382,2.78416354468666,0,-0.0555414761537904,0,0,0,0,0,0,-0.206606659045463,-0.205223341660623,0,0,0,0,0,0,0,0,0,0,0,0,0,0,0,0,0,0,0,-1.71669779675604,0,0,0,0,0,0,0,0,0,0,0,0,0,0,-0.0237057179881039,0,0,0,0,0,0,0,0,0,-0.197158190140808,-0.049022843582472,0,0,0,0,0,-0.0276697522935666,-0.0440827267356122,-0.0158104268029744,0,0,0,0,0.0511043085435264,0,0,0,-0.00319478906985216,0,0,0,0,0,0,0,0,0,0,0,-0.0400147147391274,0,0,0,0,0,0,0,0,0,0,0,0,0,0,0,0,0,0,0,0,0,0,0,0,0,0,0,0,0,0,0,0,0,0,0,0,0,0,0,0,0,0,-0.0179358341218572,0,0,0,0,0,0,0,-0.195229399671133,0,-0.00424729863512867,0,0,0,0,0,0,0,0,0,0,0,0,0,-0.0258511014981302,0
"Atf4",0,0,0,-0.00466757324302257,0,0,1.90881735742059,0,0,0,-0.00361939151236324,0,0,0,0,0,0,-1.09531445549691,0,0,0,0,0,0,-0.0140399990251337,0,0,0,0,0,-0.00102950985302431,0,0,0,0.038039919869806,0,0,0,0,0,0,0,0,0,-0.0179238497901021,-0.047804372098689,0,-0.000757245512733812,0,0,0,0,0,0,0,0,0,0,0,0,-0.143895273218931,0,0,0,-0.0134825346185536,0,0,0,0,-0.000747130719420996,0,0,0,0,0,0,0,0,0,0,0,-0.0100053241606415,0,0,-0.416157059148253,0,-0.00173067138090294,0,-0.01949061944907,-0.0106094284598985,0,0,-0.0385138366869589,0,0,0,-0.00227902510083411,0,0,0,0,0,0,0,0,0,0,0,0,0,0,0,0,0,0,0,0,0,0,0,0,0,-0.00374464484152804,0,0,0,0,0,0,0,0,0,0,0,-0.0121308272678754,0,-0.00210317496776317,0,0,0,0,0,0,-0.0018636356951299,0,0,0,-0.0141564945514453,0,0,0,0,-0.00569990260592919,-0.012549300147108,0,0,0,-0.0144772937760869,0
"Atf7",0,0,0,-0.133253003332504,-3.68085690937345,-0.0556703448906165,0,5.50476837215414,0,0,0,0,0,0,-0.706440343986452,-0.926142318627562,0,0,0,0,0,0,0,0,0,0,0,0,0,0,0,0,0,0,0,0,0,0,0,0,0,0,0,0,-0.00313379964284007,0.0221577877923112,0,0,0,0,0,0,0,0,0,0,0,0,0,0,0,0,0.00837153603681837,0,0,0,0,0,0,0,0,0,0,0,0,0,0,0,0,0,0,0,0,0,0,0,0,0,0,0,0,0,0,0,0,0,0,0,0,0,0,0,0,0,0,0,0,0,0,0,0,0,0,0,0,0,0,0,0,0,0,0,0,0,0,0,0,0,0,-0.0564729667039298,0,0,0,0,-0.00378206272925327,0,0,0,0,0,0,0.00947598372606397,0,0,0,0,0,0,0,0,0,0,0,0,0,0,0,0,0
"Batf",0,0,0,0.0359208002216474,0,0,0,0,2.72392852427644,-0.0194722751611565,0,0,-0.00866982396595124,-0.039521175723384,0.0132216299953063,0,0,-0.0101444992296356,0,0,0.0467705412505744,0,0,0,0,0,0,0,0,0,0,-0.00851849578166524,0,-0.442809198714465,-0.803026903369485,-0.245190101340837,-0.0138148629363549,0,-0.036073206767856,0,0,0,0,0,-0.0195695751491677,0,0,0,-0.0238458587769634,0,0,0,0,0,0,0,-0.0432236761260645,0,0,-0.027114161711103,0,-0.259980061895338,-0.460664818485277,0,0,0,0,0,0,0,0.00138030338929576,0,-0.116382037776557,0,0,0,0,0,0,0,0,0,-0.034617400659302,-0.163255096792301,0,0,0,0,0,0,0,-0.00409780617668837,0,0,0,0,0,0,0,0,0,0,0,0,0,-0.0309603963660833,-0.015521790625868,0,0,0,0,0,0,0,0,0,0,0,0,0,0,0,0,-0.0161929317592331,0,-0.0586506793626539,0,0,0,0,0,0,0,0,0,0,0,0,0,0,0,0.0112913336978045,0,0,0,0,0,-0.00910369167008698,0,-0.00503150793577583,0,0,0,-0.00279971613077005,0,0,0,0,0
"Bbx",0,0,0,0,-0.00735606937266151,0,0,0,-0.0194670754298079,1.18951318827308,-0.0247865712269156,0,-0.00695756574375008,-0.0340548035216867,0,0,-0.0101043997721159,-0.0134969342414811,0,0,0,0,0,0,0,0,0,0,0,0,0,-0.0143725418092953,0,0,0,0,0,0,-0.0495895368047287,0,0,0,-0.05597873001067,-0.0181464295248683,-0.0122859839218648,0,-0.0354189894474564,0,-0.00321872084227836,0,-0.0334793430212615,-0.033239185071642,-0.00612535536325511,-0.0132162874174239,-0.0215879241874399,0,-0.0377029360337119,-0.0201411293980146,0,-0.0622025394714847,0,-0.00395629705570943,-0.0207757480985941,0,-0.00040057877121357,0,0,0,0,0,0,0,-0.0286737431839698,0,0,0,-0.0075955330091029,-0.0226026962455176,-0.015135711069012,0,0,0,-0.0284928237188819,-0.00973969589215532,-0.00796946386394263,-0.0107222981090931,0,0,-0.00289761069015804,-0.00872634317789153,-0.0429306483605211,-0.0136250160916431,0,-0.00589473615380531,0,0,-0.0443881145177215,-0.00667436512813719,0,-0.00536449081194308,-0.0136294488039985,0,-0.0197872756419131,0,-0.0340745262840601,-0.0280965186408729,0,-0.0189091278357279,0,-0.0258308788768761,0,0,0,-0.0129151174390274,0,0,0,-0.00730277048134276,0,-0.00582915987999373,0,0,-0.0153481823143798,-0.026891823027971,0,-0.0348380778660641,0,0,-0.0509906293806567,0,0,0,0,-0.0247175557351426,-0.00852933086464572,0,-0.00181196083810727,-0.0108972757698182,0,-0.00810899774826593,0,0,0,-0.0179935025085231,0,-0.0266264540274118,-0.00437502019018243,0,0,-0.0245595497241936,-0.0177866331487298,0,0,-0.0102904955173746,0,0,0,0,0
"Bcl6",0,0,0,0,0,0,-0.00362216844388658,0,0,-0.0247770991971126,2.28823597607082,0,0,0,0,0,0,0,0,0,0,0,0,0,-0.0212226946864985,0,0,0.027258454788626,0,0,0,-0.0359338128252041,0,0,0,0,0,0,-0.015583548471834,0,0,0,-0.042849896731061,0,-0.00891556349442897,0,-0.00565482183458819,-0.000411581186960251,0,0,0,0,0,0,0,-0.396092483315137,0,0,0,0,0,0,-0.0205027523111091,0,0,0,0,0,0,0,0,0,0,0,-0.242982181861161,0,0,0,0,0,0,0,-0.0162981188997071,0,-0.00190740456630085,0,0,0,0,0,0,-0.00909882573728414,0,0,0.0206311229859216,0,0,0,-0.0112682755870109,0,0,-0.917052629284996,0,0,-0.00553373503563503,0,-0.00675954821990204,0,0,-0.0453360189457289,0,0,0,-0.00089944941673337,0.107759282721642,0,0,0,-0.0251001220875125,0,0,-0.0362393608968508,-0.0978317513462828,0,0,-0.036020007216581,0,0,-0.0616037478838703,0,0,0,0,0,0,0,0,0,0,0,-0.00633506346471017,0,0,0,0,-0.204124213809163,-0.0955240811123468,-0.00190368134537901,0,-0.101651229414777,-0.00854478230171761,0,-0.16655224696292,0,0.00254919697593087,0,0,0,0
"Bhlhe40",0.00423496346496664,-0.590047909921505,-0.231453794108479,0,0,0,0,0,0,0,0,1.97530422307187,0,0,0,0,0,0,0,0,0,0,0,0,0,0,0,0,0,0,0,0,0,0,0,0,0,0,0,0,0,0,0,0,0,0,0,0,0,0,-0.00139301806448339,0,0,0,0,0,0,0,0,0,0,0,0,0,0,0,0,0,0,0,0,0,0,0.286018782176244,0,0,0,0,0,-0.568614508015924,0,0,0,0,0,0,0,0,0,0,0,0,0,0,0,0,0,0,0,0,0,0.0138545240547776,0,0,0,0,0,0.00384570895691824,0,0,0,0,0,0,0,0,0,-0.197597805905333,0,0,0,0,0,0,0,0,0,0,0,0,-0.000274333958947341,-0.271232896766087,0,0,0,0,0,0,0,0,0,0.0643633821191554,0,0,-0.00536817640063074,0,0,0,0,0,0,0,0,0,0,0,0,0,0
"Cbfb",0,0,0,0,0,0,0,0,-0.00865929640713384,-0.00695424703472224,0,0,1.96305613038854,0,0,0,-0.0454573290369924,0,0,0,0,0,0,0,-0.0120291485097626,0,0,0,0,0,0,-0.0320495808036524,0,0,0,0,0,0,0,0,0,0,0,0,0,0,-0.00211758367835322,0,0,0,-0.0237545612625952,0,0,0,-0.00588869223635917,0,0,0,0,0,0,0,0,0,0,0,0,0,0,0,0,0,0,0,0,0,0,0,0,0,0,0,0,0,0,0,0,0,0,0,-0.00398961228756937,0,-0.00636102524408003,0,0,0,0,0,0,0,0,0,0,0,-0.00333461964540439,-0.657299084074601,-0.423556412326465,-0.338026325777138,0,-0.0317202151041883,0,0,0,0,0,0,0,0,-0.0121497092838424,0,0,0,-0.00619316349050422,-0.0243210214899396,0,-0.0087749013839215,-0.0181648221304698,0,-0.0367543966118589,0,0,0,0,0,0,0,0,0,0,0,0,0,0,0,0,-0.00298675443557856,0,0,0,0,0,0,0,0,0,0,0,0,0
"Cdx1",0,0,0,0,0,0,0,0,-0.0394895660639847,-0.0340523516288342,0,0,0,1.04361556348718,0,0,0,-0.00135511283870484,0,0,0,0,0,0,0,0,0,0,0,0,0,0,0,0,-0.0010383280041684,0,-0.039124084856742,-0.0215532908530095,0,0,0,0,-0.0331266480531197,-0.0199516023009342,0,-0.0185636412747151,-0.00913781468082793,-0.0245883775175336,-0.0289342237591105,0,0,0,0,0,0,0,-0.0180721650890649,0,0,-0.0354808588731866,0,0,0,0,0,0,0,0,0,0,0,0,0,0,0,0,0,0,-0.0183397121747049,0,0,0,-0.0304521055460185,-0.0138657105528027,-0.0605773216686582,0,0,0,0,0,-0.0129965847524205,-0.00353759313161632,-0.0144564695072705,0,0,0,0,0,0,0,0,0,0,0,0,-0.0407768617184143,-0.0127398743678745,0,0,0,-0.016443999249363,0,0,0,0,0,0,0,0,0,0,0,0,-0.0188712737808184,0,-0.021425531504516,0,0,0,0,0,0,-0.0143365582420633,0,0,0,0,-0.00112210277742621,0,0,0,0,0,0,0,-0.00182016076802523,0,0,0,-0.0275216991415081,0,0,-0.00821186933899497,-0.00994206338696737,0,0,0,0,0
"Creb1",0,0,0,-1.12033158652352,-0.175487712166996,-0.206608321340987,0,-0.706593549186904,0.0131422985485414,0,0,0,0,0,2.86050169343259,-0.534183087008886,0,0.0219184741413507,0,-0.0116914453559474,0,0,0,0,0,0,0,0,0,0,0,0,-0.011151974806697,0.0510722530288839,0.0819564845263914,0,0,0,0,0,0,0,0,0,0,0,0,0,0,0,0,0,0,0.00289625482420116,0,0,0,0,0,0,0,0,0,0,0,0,0,0,0,0,-0.0235779489198797,-0.0106395584845206,0,0,0,-0.00843540660605197,-0.00419031685727264,0,0,0,0,0,0,0,0,0,0,0,-0.0266595542272612,-0.00616659057197591,0,0,0,0,-0.0179013341457467,0,0,0,-0.00218482656948943,0,0,0,0,-0.020307637106841,0,0,0,0,0,0,0,0,0,0,0,0,0,0,0,0,0,-0.0181636938014355,0,0,-0.00842991536719989,0,0,0,0,0,-0.00389281476606321,-0.00724604467144961,0,-0.0189636258655252,0,0,0,0,0,0,0,0,0,0,0,0,0,0,0,0,0,0,0,0,0,-0.00650351329529602,0,0,-0.0151825462308579
"Crem",0,0,0,-0.43425323954616,-0.239091540914411,-0.205219870465033,0,-0.92611070315318,0,0,0,0,0,0,-0.534150233716575,2.56203430913921,0,0,0,0,0,-0.047429805979642,-0.0171021744999126,0,0,0,0,0,0,0,0,0,0,0,0,0,0,0,0,0,-0.00764425788201162,0,0,0,0,0,0,0,0,-0.0114315929387212,0,0,0,0,0,0,0,-0.0125693070410101,0,0,0,0,0.0600087399707577,0,0,0,0,0,-0.0176001399130098,0,0,0,0,0,0.00788477150782027,0,0,0,0,0,-0.0135973581375995,-0.0173282251028484,0,0,0,0,0,0,0,-0.0106886385512724,0,0,-0.0134096591460259,0,0,0,0,0,0,0,0,0,-0.010983260591474,0,0,0,0,0,0,0,0,0,0,0,0,0,0,0,0,0,0,0,0,0,0,0,0,0,0,-0.023324286873801,0,0,0,0,0,0,0,0,0,0,-0.000241394239575692,0,0,0,0,0,0,0,0,0,0,0,0,0,0,0,0,0,0
"Ctcf",0,0,0,0,0,0,0,0,0,-0.0101031992322956,0,0,-0.045453007297806,0,0,0,1.27634225878428,0,0,0,0,0,0,0,-0.0531342936628435,0,0,0,0,-0.00833221603774871,0,-0.0317760392532772,0,0,0,0,0,0,-0.00253108381360424,0,0,0,-0.00751849613794405,-0.00475856361371207,-0.0122460822754634,0,-0.156216316557294,0,0,0,0,-0.00119983362771095,0,0,0,0,0,0,0,0,0,0,-0.0403214933127093,0,0,-0.0164633988781875,0,0,0.0596590485245227,0.0413453330103133,0.00957381531459212,-0.0770430454915797,-0.0158045385764939,0,-0.0237888530094615,-0.00457050052356284,-0.00404152566385227,-0.00877976262609622,0,0,0,0,0,0,0,0,0,0,0,0,0,0,0,0,0,-0.00793316478452233,0,-0.000351568625996398,0,-0.0125075957365406,0,0,0,-0.0253053890270558,0,0,-0.0106429920446657,-0.00812048400244525,0,-0.0733923568628178,-0.0559822463976431,0,-0.0466374919267002,-0.0151801414359951,0,0,-0.062856972165967,0,-0.006586734618163,0,0,0,0,0,-0.064736140911851,-0.0099320438871875,-0.101162717229256,-0.0477685467686833,-0.00611497053083956,0,0,0,0,0,-0.00111268567394308,0,0,0,0,0,0.000765735865515609,0,0,-0.0498010985133269,0,0,0,0,-0.0688451241116253,0,-0.0359335173093897,-0.0134066791475389,0,0,0,0,-0.00312627166106483,0,-0.0233159372162341
"Ddit3",0,0,0,0,-0.0893485353757755,0,-1.09531481801643,0,-0.0101387299478064,-0.0134936324348349,0,0,0,-0.00135820078555459,0.0219151783618714,0,0,1.75451400392521,0,0,0.000404819942492669,0,0,0,-0.0011568419109401,0,0,0,0,0,0,0,0,0,0,0,-0.010273658270977,-0.000839034541159099,0,0,0,0,-0.0630181386349941,0,0,0,0,-0.00404907020088298,-0.00455982360545074,0,0,0,0,0,0,0,-0.0126709084807288,-0.0043010694472563,0,0,0,-0.00834101388136058,0,0,0,0,0,0,0,0,0,0,-0.00144432466956683,0,0,0,0,0,0,0,0,0,0,-0.000795666263293749,-0.0607189305893207,0,-0.00911012521242747,0,0,0,-0.0101636793323375,0,-0.00105642087597835,0,0,0,0,0,0,0,-0.0260863308874385,0,0,0,0,-0.00337192317843099,-0.0244081088161397,-0.020873089384305,-0.00307251550409313,0,0,0,0,0,0,0,0,0,0,0,0,0,0,0,0,-0.0266525952711266,0,-0.0107162144686664,-0.0292579270285848,0.100696357879223,0,0,0,0,0,0,-0.0128821848135072,-0.00521136001904111,0,0,0,0,0,-0.00209822540962231,0,0,0,0,0,0,0,0,0,0,0,0,0,0,0
"E2f1",0,0,0,0,0,0,0,0,0,0,0,0,0,0,0,0,0,0,4.87934260985738,-0.257772748947926,-2.35145211262454,-0.131036059259043,0,0,0,0,0,0,0,0,0,0.0229628695460888,0,0,0.00695985069491976,0,0,0,0,0,0,0,0,0,0,-0.0167313790106003,0,0,0.0072244075809539,0,0,0,0,0,0,0,0,0,0,0,0,0,0,0,0.110299812764398,0,-0.334308210102654,0,-0.279562855475515,-0.30772887030392,-0.794077544992146,0,0,0,0.0495507124843472,-0.0244528973568936,0,0,0,0,0,0,0,0,0,0,0,0,-0.0250463125462447,0,0,0,0,0,-0.0829548893772597,-0.219871183938447,0,0,0,0,0,0.0285416004766136,0,0,0,0.0194097247619847,0.00470888714178049,0,0,0.0217685407708447,0,0,0,0,0,0,0,0,0,0,0,0,0,0,0,0.0229371201034025,0,0,0,0,-0.254364844887637,0,0,0,0,0,0,0,0,0,0,0,-0.132312907763471,0,0,0.00338251338986504,0,0,0,0.00865154807302852,0,0,0,0,-0.00729050849734546,-0.0209746805424118,0,0,-0.0526258499961342
"E2f3",-0.000348652173396687,0,0,0,0,0,0,0,0,0,0,0,0,0,-0.0116752656266209,0,0,0,-0.257711270860161,1.8547245051812,-0.0525814583359488,0,0,-0.0554669933954265,0,0,0,0,-0.000840464959440215,0,0,0,0,0,0,0,0,0,0,0,0,0,0,0,-0.0189568694007905,0,-0.0173368762815879,0,0,0,0,0,-0.0331339586534571,0,0,0,0,0,0,0,0,0,0,-0.02252718212688,0,0,0,0.0491006254231944,0,0,0,0,0,0,0,-0.00850966982582535,-0.0355338168626304,0,0,0,0,-0.0251372461055755,0,0,0,-0.00604066451821206,0,0,-0.0472014959627935,0,0,0,0,0,-0.012069241562766,0,0,0,0,-0.00492020359308224,0.0193614640569985,0,0,-0.0425501128322555,0,0,0,0,0,0,0,0,-0.0791218682588633,-0.0186969440912767,-0.168476487389767,0,0,0,0,0,0,0,0,0,-0.0146636082536788,0,0,0,0,0,-0.608588985343574,0,0,0,0,0,0,0,0,-0.0173860508418586,0,0,-0.0221775492722311,0,-0.0301964425663852,0,0,-0.056557704393742,0,0,-0.00687650470510947,-0.0892174577967949,0,0,-0.0902853866755294,-0.0523592612305441,0,0,-0.0148740799348593
"E2f4",0,0,0,-0.00680783749312537,0,0,0,0,0.0467371022051834,0,0,0,0,0,0,0,0,0.000398141482762462,-2.35104295380379,-0.0524449445954745,4.6120575558932,0,0,0,0,0,0,0,0,0,0,0,0,0.0209827251750987,0,0,0,0,0,0,0,0,0,0,0,0,0,0,0,0,0,0,0,0,0,0,0,0,0,0,0,0,0,0,0,-0.0617161316190254,-0.219566164876269,0,0,0,0,-0.116375552153431,0,0,0,0,0,0,0,0,0,0,0,0,0,0,0,-0.00873750181002879,-0.0189868777923115,0,0,0,0,0,0,-0.0742607392313825,0,0,0,0,0,0.0624236832894607,0,-0.0107156378242481,0,0.0215041724929305,0,0,0,0,0,0,0,0,-0.377339027999946,0,-1.25785409665326,0,0,0,0,0,0,0,0,0.00393788107919425,0,0,0,0,-0.0181671417906273,0,0,0,0,0,0,0,0,0,0.114126335437566,0,0,0,-0.00188544512403687,0,0,0,0,0.00317460945494361,0,0,0,0,0,0,-0.0189213101878924,0,-0.097464227343962
"Egr1",0,0,0,0,0,0,0,0,0,0,0,0,0,0,0,-0.0473589491136212,0,0,-0.131010878058453,0,0,4.71297515095941,-3.19008407711414,0,0,0,0,0,0,0,0,0.0338084852582675,-0.0351144116089655,0,0,0,0,0,0,0,0,0,0,0,0,0,0,0,0,0,0,0,0,0,0,0,0,0,0,0,0,0,0,-0.113748167431429,-0.00456824871335432,0,0,-0.00276744010059007,-0.0341087682136156,-0.420771887813129,-0.0722089715458645,0,0,0,0.116423162269984,-0.0384033726698103,0,0,0,0,-0.0537528142525595,-0.0102041113287111,0,0,0,0,-0.0161933831883218,0,0,-0.0690667822316487,0,0,0,0,-0.149120719739747,0,0,0,-0.0176122527197164,0,0,0,-0.00590823758975216,0,0,0,0,0,0,0.00378709807905004,0,-0.036580940948026,0,0,0,0,0,-0.00591078945009793,0,0,0,0,0,0,0,0,0,0,0,0,0,-0.000661045033657243,0,0,-0.0132629617541355,0,0,0,0,0,-0.257198954999923,-0.00652306118913315,-0.0995072515160434,0,0,0,0,0,0,0,0,0,0,0,-0.0342365151946398,-0.0653456530334341,0,-0.00576538202572446,-0.040545711712898
"Egr2",-0.0125108436138445,0,0,0,0,0,0,0,0,0,0,0,0,0,0,-0.0171048611031588,0,0,0,0,0,-3.18994060163337,4.49457210834641,0,0,0,0,0,0,0,0,0,-0.0124136121969804,0,0,0,0,-0.0684666215591187,0,0,0,0,0,0,0,0,0,0,0,0,0,0,-0.00957061231275608,0,0,0,0,0,0,0,-0.0258367604950643,0,0,-0.189922735803358,0,0,0,-0.249145387062696,-0.161313856053596,-0.0754982563882905,0,0,0,0,0.0394232857277734,0,0,0,0,0,-0.00544231865749423,-0.00632073029721491,0,0,0,0,-0.0263691428869654,0,0,0,-0.0176279879005218,0,0,0,0,0,0,0,0,0,0,0,0,0,-0.00904903230403719,0,0,0,0,0,-0.0291260139855738,-0.0112372850109979,0,0,0,0,0,0,0,0,0,0,0,0,0,-0.0333067699018005,0,0,0,0,0,0,0,0,-0.000884929158289156,0,0,-0.00545433283434005,0,0,-0.214493770769277,0,0,0,0,0,0,-0.0105165229810218,-0.14528198932229,0,0,0,0,0,0,0,0,-0.0254605766419644,0
"Elf1",-0.0472118730012027,0,0,-0.0394191958181199,0,0,0,0,0,0,0,0,0,0,0,0,0,0,0,-0.055435951955779,0,0,0,2.83830144946559,-0.426780091310925,-0.247533310593451,-0.164601688413384,0.0188803178316374,-0.338466159870968,-0.179938533301217,0,0,-0.28736505866066,0,0,0,0,0,0,0,0,-0.856837963506354,0,0,0,0,0,0,0,0,0,0,0,0,0,0,0,0,-0.023199923114122,0,0,0,0,0,0,0,0,0,0,0,0,0,0,0,0,-0.0201659273120585,0,0,0,0,0,0,0,0,0,0,0,0,0,0,-0.00288701216456045,0,0,0,-0.0106176235179328,0,0,-0.00205392701330683,-0.0535110382355315,0,0,0,0,-0.0117981256546416,0,0,0,0,0,0,0,0,0,0,0,0,0,0,-0.0128114700568157,0,0,0,0,0,0,0,0,0,0,0,0,0,0,0,0,-0.00333272968366266,0,0,0,0,0,0,0,0,0,0,0,-0.0233499044675367,0,0,-0.00741444414051575,0,0,0,0,-0.0163528976546607,-0.0139921858048778,0,0
"Elf2",0,-0.0175117174220111,0,0,0,0,-0.0140756327028183,0,0,0,-0.0212506972870442,0,-0.0120429179714394,0,0,0,-0.0531334564057288,-0.00112348060598734,0,0,0,0,0,-0.42680170302007,2.67045536963972,-0.697627349297335,-0.215025409489142,0,-0.176212121764614,-0.0579944000983338,0,-0.75944008230951,0,0,0,0,0,0,0,0,0,0,0,0,-0.028640211408,0,-0.0176759547071685,0,0,0,0,-0.00595270443374113,-0.0154945748097771,0,0,0,0,0,0,0,0,0,-0.000710906367066669,0,0,0,0,0,0,0,0,-0.0303144019207715,-0.00629159899720192,0,0,0,0,-0.0191364034686189,0,0,0,0,0,-0.0142994509632535,0,0,0,0,0,0,0,0,0,0,0,0,0,0,0,0,0,0,0,-0.00622807000172304,0,0,0,0,0,-0.00999016017034548,0,0,0,0,0,0,-0.0209163749330593,-0.000526934255975862,0,0,0,-0.112758621429244,0,0,0,-0.0084572202037135,-0.0213245105670895,0,0,0,0,0,0,0,-0.0122462718956858,0,0,0,0,-0.0150369565295057,0,0,0,-0.00716739895167173,0,0,0,-0.0121469923765136,-0.0302336490083074,0,-0.0217924252854677,0,-0.00436659224809721,0,0,0,-0.00486488469181554,0,0
"Elf4",0,0,0,0,0,0,0,0,0,0,0,0,0,0,0,0,0,0,0,0,0,0,0,-0.247514736849064,-0.697606423020807,2.45411751382466,-0.437691288379438,-0.391864209175408,0,0.0289400204104578,-0.469788117180792,-0.00165178413749882,0.0746980761139801,0,0,0,0,0,0,0.00972050824750176,0,-0.0974908614201707,0.000441516257266283,0,0,0,0,0,0,0,0,0,0,0,0,0,0,0,0,0,0,0,0,0,0,0,0,0,0,0,0,0,0,0,0,0,0,0,0,0,0,0,0,0,0,0,0,0,0,0,0,0,0,0.00605116288646826,0,0,0,0,0,0,0,0,0,0,0,0.00803648431250197,0.00102993852469075,0,0,0,0,0,0,0,0,0,0,0,0,0,0,0,0,0,0,0,0,0,0,0,0,0,0,0,0,0,0,0,0,0,0.0317401740184393,0,0,0,0,0,0,0,0,0,0,0,0,0,0,0,0,0,0
"Elk1",0,0,0,0,0,0,0,0,0,0,0,0,0,0,0,0,0,0,0,0,0,0,0,-0.164552881842077,-0.215037344162835,-0.437787975827923,5.41170010444815,-1.70832878118407,-0.43571999646735,0,0,-0.0729013816558859,-0.334541745149053,0,0,0,0,0,0,0,0,-2.08895017649554,0,0,0,0,0,0,0,0,0,0,0,0,0,0,0,0,0,0,0,0,0,0,0,0,0,0,0,0,0,0,0,0,0,0,0,0,0,0,0,0,0,0,0,0,0,0,0,0,0,0,0,0,0,0,0,0,0,0,0,0.00410162259813439,0,0,0,0,0,0,0,0,0,0,0,0,0,0,0,0,0,0,0,0,0,0,0,0,0,0,0,0,0,0,0,0,0,0,0,0,0,0,0.0140682962612537,0,0,0,0,0,0,0,0,0,0,0,0,0,0,0,0,0,0
"Elk3",0,-0.00795099986182389,0,0,0,0,0,0,0,0,0.0271588197334505,0,0,0,0,0,0,0,0,0,0,0,0,0.0188698684152337,0,-0.391924667558916,-1.70855322965315,3.71637849120236,-0.340821066544843,0,-0.663043397460969,0,-0.066945467990377,0,0.0116771666538898,0.0248611176873158,0,0,0,0,0,-0.438410774902063,0,0,0,-0.0106991106535408,0,0,0,0,0,0,0,0,0,0.00139055154027677,0.0142418664205589,0,0.0171535745516582,0,0,0,0,0,-0.0112446521503296,0,0,0,0,0,0,0,0,0,0,0,0,0,0,0,0,0,0,0,0,0,0,0,0,0,0,0,0,0,0,0,0,0,0,0,0,0.0446102257602527,0,0,0,0.0261103538149759,0,0,0,0,0,0,0,0,0,0,0,0,0,0,0,0,0,0,0,0,0,0,0.00728067838475844,0,0,0,0,0,0,0,0,0,0,0,0,0,0,0,0,0,0,0,0,0,0,0,0,0,0,0,-0.0041697351419537,0,0
"Elk4",0,0,0,0,0,0,0,0,0,0,0,0,0,0,0,0,0,0,0,-0.000876872901195995,0,0,0,-0.338361380859817,-0.176309797946338,0,-0.436035034162046,-0.340602457328013,4.45444508187851,-0.916300075500752,-0.0490235506305479,0,-1.34813194976779,0,0,0,0,0,0,0,0,-0.726212097694921,0,0,0,0,0,0,0,0,0,0,0,0,0,0,0,0,0,0,0,0,0,0,0,0,0,0,0,0,0,0,0,-0.00863066276673749,0,0,0,0,0,0,0,0,0,0,0,0,0,0,0,0,0,0,0,0,0,0,0,0,0,0,0,0,0,-0.0274250293884188,0,0,0,0,0,0,0,0,0,0,0,0,-0.0438419710005244,0,0,0,0,0,0,0,-0.0389154864925756,0,0,0,0,0,-0.00234311219012512,0,0,0,0,0,0,0,0,0,0,0,0,0,0,0,0,0,0,0,0,-0.0103496993611763,0,0,0,0,0,0,0
"Ets1",0,0,0,0,0,0,0,0,0,0,0,0,0,0,0,0,-0.00831782231990632,0,0,0,0,0,0,-0.179832929044784,-0.058083315543002,0.0289707317995203,0,0,-0.916271129919285,3.81682697675525,-0.0327256155760067,-0.99047817782231,-0.98966573529223,0,0,0,0,0,-0.0139369321252101,0,0,-0.411109597096345,0,0,0,0,-0.000986053128662731,0,0,0,-0.00863738144282609,0,0,0,0,0,-0.0249573002055116,0,-0.089745154666946,0,0,0,-0.0502798333105506,0,0,0,0,0,0.0270345738246598,0,0,0,0,0,-0.0573319419941684,0,0,0,0,0,0,0,0,0,0,0,0,0,0,0,-0.00467814191970097,0,0,0,0,0,0,0,-0.0100401883298736,0,0,-0.00994338912216079,0,-0.00922787976529679,0,0,-0.00787102631753633,-0.0397527440863523,0,-0.0210596115369268,0,0,0,0,0,0,0,0,0,0,0,0,0,0,0,-0.00393857655465212,-0.0110600198237055,-0.0179164768479204,0,0,0,0,0,0,0,0,0,-0.000545875307751449,0,0,0,0,0,0,0,0,-0.0431664485444605,0,0,0,-0.0480922680945594,0,-0.0376294577830407,0,0,0,0,0,0
"Etv3",0,0,0,0,0,0,-0.00104979432971382,0,0,0,0,0,0,0,0,0,0,0,0,0,0,0,0,0,0,-0.46976709869829,0,-0.662990311959693,-0.0489346460799203,-0.0327398714826267,2.30699897796395,-0.0870529420062659,-0.472909319551399,0,0,0,0,0,0,0,0,-0.245883392361409,0,0,0,0,0,0,0,0,0,0,0,0,0,0,0,0,0,0,0,0,0,0,0,0,0,0,0,0,0,0,0,0,0.0459509199075921,0,0,0,0,0,0,0,0,0,0,0,0,0,0,0,0,0,0,0,0,0,0,0,0,0,0,0,0,0,0,0,0,0,-0.00138532535913484,0.0104467207363826,0,0,0,0,0,0,0,0,0,0,0,0,0,0,0,0,0,0,0,0,0,0,0,0,0,0,0,0,0,0,0,0,0,0,0,0,0,0,0,0,0,0,0,0,0,0,0,0,0
"Etv6",0,0,0,0,0,0,0,0,-0.00855484862782471,-0.0143742462436159,-0.0359521306439321,0,-0.0320548167200929,0,0,0,-0.0317704888399571,0,0.02294732607557,0,0,0.0338688291276522,0,0,-0.759451484876805,-0.00162559714910746,-0.0729713199452563,0,0,-0.990454966191893,-0.0870716722628024,2.49234427282434,0,0,0,0,-0.0054385277864506,-0.0102187269826304,-0.0557536065027945,0,0,-0.0660379808230555,-0.0444877813610216,0,0,0,-0.0101377741583623,0,-0.00486615765034067,0,-0.0267207039260696,-0.0146169503299002,0,0,-0.00813464649690826,-0.0137751086148415,-0.0451319851063595,0,-0.0415200104093114,0,0,0,-0.0199374774825304,0,0,0,0,0,0,0.0448767955484571,0.0157120076617444,0,-0.00950038163604471,0,0,0.00352685869907448,0,0,0,0,0,0,-0.0235748046866194,-0.0272632477096538,0,0,-0.0152430513392376,0,0,0.016574973639713,0,0,0,0,0.018044928486741,0,-0.00194017488245402,0,0,0,-0.0137167900399488,0,0,0,-0.0152150502991716,-0.0318211422630305,-0.0354881064867564,-0.0398206561618289,0,-0.0181542226784798,0,0,0,0,0,0,0,0,0,0,0,-0.0324928819360633,0,-0.0372906333381138,0,-0.0569826149147753,0,-0.0101570910148264,-0.0782603001898446,-0.00664329617980086,0,0,0,0,0,0,0,0,0,0,0.0389434393467145,0,0,0,0,0,0,0,0,-0.00190954698385026,-0.00651225154708543,0,0,0,0,0.0125730605711745,0,0,0
"Fli1",0,0,0,0,0,0,0,0,0,0,0,0,0,0,-0.0111531576944631,0,0,0,0,0,0,-0.0349164826769916,-0.0126097093472241,-0.287251993596384,0,0.0747911197052383,-0.334467321136973,-0.0668834972955354,-1.34819165022457,-0.989697665393523,-0.473066035181505,0,5.01612445540924,0,0,0,0,-0.00315401071161521,0,0,0,-1.32542113832839,0,0,0,-0.0330259867719033,0,0,0,0,0,0,0,0,0,0,0,0,0,0,0,-0.00369431420047673,0,0,-0.0198654997769405,0,0,-0.0381833356744067,-0.0345155966601044,-0.0461228114309244,0,0,0,0,0,0,-0.0349433278316246,0,0,0,-0.00853900339817578,0,0,0,0,0,0,0,-0.0163004276244985,-0.012632564347976,0,0,0,0,-0.0539096866082728,0,0,0,0,0,0,0,0,-0.0114725112642578,0,0,0,0,0,0,0,0,0,0,0,0,0,-0.0236105437258295,0,0,0,0,0,0,0,0,0,0,0,0,-0.0193535727940293,0,-0.000299197683611831,-0.045606210296712,0,0,0,-0.0033981503624156,0,0,-0.0169258036812847,0,0,0,0,0,0,0,0,0,0,0,0,0,-0.103928928283689,0,0,-0.00690487402045243,-0.0360471909637112
"Fos",0,0,0,0.0615575784696598,0,0,0,0,-0.442796296597072,0,0,0,0,0,0.0510731868573584,0,0,0,0,0,0.0208903574334,0,0,0,0,0,0,0,0,0,0,0,0,5.8952723403654,-3.31245594830834,-1.01152691702714,0,0,0,0,0,0.00697304317548817,0,0,0,0,0,0,0,0,0,0,0,0,0,0,0,0,0,0,-0.783375915717366,-0.129253002001617,-0.121937409315368,0,0,0,0,0,0,0,0,0,-0.101948424892282,0,0,0,0,0,0,0,0,0,-0.0113691130672941,-0.0644044354717426,0,0,0,0,0,0,0,0,0,0,0,0,0,0,0,0,-0.000552293348644664,0,0,0,0,0,0,0,0,0,-0.000865936588706266,0,0,-0.00783651698278407,0,0,0.0408645543118135,0,0,0,0,0,0,0,0,0,0,0,0,0,0,0,0,0,0,0,-0.0210568544849354,0,0,0,0,0.0221815669943541,0,0,0,-0.00327364767274386,0,0,0,0,0,0,0,0,0,0,0,0,0
"Fosb",0,0,0,0.0542360696869705,0,0,0.0380821127527385,0,-0.803012360438529,0,0,0,0,-0.00101540952235882,0.0819048711274117,0,0,0,0.00719960911286648,0,0,0,0,0,0,0,0,0.0119527207178151,0,0,0,0,0,-3.31235449290083,5.97045536203417,-0.84606695835903,0,0,0,0,0,0,0,0,0,0,0,0,0,0,0,0,0,0,0,0,0,0,0,0,-0.351875990187743,-0.597248622897154,-0.128713287922001,0,0,0,0,0,0,0,0,0,-0.00766219006983188,0,0,0,0,0,-0.00712382452406628,0,0,0,0,0,0,0,0,0.0220196681858827,0,0,0,0,0,0,0,0,0,0,0,0,0,0,0,0,0,0,0,0,0,0,0,0,0.00113102652715047,0,0.0365528496679917,0,0.00857605563529447,0,0,0,0,0,0,-0.00556877878891801,0,-0.00246164387737883,0,0,0,0,0,0,0,0,0,0,0,0,0,0,0,0.00714659735802529,0,0,0,0,0,0,0,0,0,0,0,0,0,0,0,0,0
"Fosl2",0,0,0.00531945339785832,0,0,-1.71665252341932,0,0,-0.245175873940626,0,0,0,0,0,0,0,0,0,0,0,0,0,0,0,0,0,0,0.0247384141966425,0,0,0,0,0,-1.01140249859202,-0.846132350816098,4.69403886861514,0,0,0,0,0,0,0,0,0,0,0,0,0,0,0,0,0,0,0,0,0,0,0,0,-0.570321988938496,-0.0474106299778184,-0.312929937198449,0,0,0,0,0,0,0,0,0,-0.0918116201856238,0,0,0,0,0,-0.00484772197076991,0,0,0,0,-0.090242930985357,0,0,0,0,0,0,-0.0028767176831406,0,0,0,0,0,0,0,0,0,0,0,0,0,0,0,0,0,0,0,0,0,0,0,0,0,0,0,0,0,0,0,0,0,0,0,0,0,0,0,0,0,0,0,0,0,0,0,0,0,0,0,0,0,0,-0.00585543302327002,0,0,0,0,0,0,0,0,0,0,0,0,0
"Foxj3",0,0,0,0,-0.0090488244122161,0,0,0,-0.0138227905439299,0,0,0,0,-0.0391273712638418,0,0,0,-0.0102685904327822,0,0,0,0,0,0,0,0,0,0,0,0,0,-0.00543864517366362,0,0,0,0,1.81139244458035,-0.286783582417088,-0.0974439085671014,-0.373020339828874,-0.0798419207756086,0,-0.0071330972256588,-0.0250530512990846,0,0,-0.0240356882340269,-0.0063417956227102,-0.01686923614124,0,0,-0.0206050217155558,0,-0.0495284290118501,0,0,0,0.0145012563262246,0,0,0,0,0,0,0,0,0,0,0,0,0,0,-0.0111242377601282,0,0,0,0,0,0,0,0,0,0,0,0,-0.00721387738805187,0,0,0,0,-0.00164243981799267,-0.000320417911082501,0,0,0,0,0,-0.00816460410989989,-0.00661075121579019,0,0,0,0,0,-0.00412641265063226,-0.0144679686290045,0,-0.00971743093276048,0,0,0,0,0,-0.00762477772238878,0,0,0,0,0,-0.1074588848901,-0.0601018885732687,0,0,-0.00982771781677369,0,0,0,0,-0.0277158431106778,0,0,0,0,-0.00608576619353297,0,0,0,-0.00121973130431488,0,0,0,0,0,-0.00419801218357693,-0.0114018066899656,0,0,-0.00254651109571152,0,-0.23588881532333,-0.00161991044668599,0,0,-0.397430995039629,0,0,0,0,0
"Foxn3",-0.00797917886889135,-0.000813306537047855,0,-0.0117747191381231,-0.00338542421514351,0,0,0,0,0,0,0,0,-0.0215599531517801,0,0,0,-0.000837108596830715,0,0,0,0,-0.068468535195844,0,0,0,0,0,0,0,0,-0.0102227189458541,-0.00312005865379378,0,0,0,-0.286794672662153,1.90768499047747,-0.160238108435873,-0.411300071801694,-0.415363338285464,0,-0.0579362816061927,0,-0.00615406799944874,0,-0.00276506164554326,-0.0105947653415688,-0.0127959121508481,-0.0030751375586059,-0.0188891849666159,-0.0186446430390514,-0.00242557259581211,0,0,0,-0.0268523876654558,-0.00765615625116426,0,-0.0285535687121847,-0.0123400677584534,-0.0372640135990836,0,0,0,0,0,0,0,0,0,0,-0.010813304311249,0,0,0,-0.00598006511551295,-0.0220743077043278,0,-0.00384865963763691,0,-0.00213188388847011,-0.00949661485695292,-0.0407344978787064,0,0,-0.043373757305725,0,-0.0116044018688186,0,-0.0042289659878562,0,-0.0231416124303486,0,0,0,0,-0.0157570078466023,0,0,0,0,-0.0060879580624597,-0.00830395759381628,-0.0378741340087333,-0.0364439406924663,-0.0705859952495837,0,-0.0218573208955798,0,-0.0105796267535781,-0.0191278002374418,0.0168842065851915,0,0,0,0,-0.0162943498964241,0,0,0,-0.0345294645183867,0,-0.0333546720239662,0,-0.0350448947951924,0,0,0,0,0,0,-0.0314214988577034,-0.030084928212479,-0.00178415619001244,0,0,-0.0430144424671283,0,0,-0.0114904715998966,-0.0110989891772882,0,-0.0219795869852581,0,-0.0251522787328795,-0.00578096001348652,0,0,0,0,0,0,0,0,0,0,0,0
"Foxo1",0,0,0,-0.00127552479381252,0,0,0,0,-0.0360681619278626,-0.0495788755206828,-0.015574852695204,0,0,0,0,0,-0.00252066111873857,0,0,0,0,0,0,0,0,0,0,0,0,-0.0139239289117128,0,-0.055775634166857,0,0,0,0,-0.0974951176345679,-0.16024580651935,2.18176566445916,-1.07248030306818,-0.320407494828233,0,-0.0207378153812275,0,-0.0123927382994542,0,0,0,0,0,-0.00521205738878253,0,-0.0114622470279708,0,-0.00539984592630347,0,0,0,-0.0240203945521796,0,0,-0.00977929895917985,-0.0069174549876158,0,0,0,0,0,0,0,0,0,-0.00519800784872411,0,0,0,0,0,-0.00296069064122983,0,0,0,-0.0358287013856982,-0.0114553915946755,0,-0.00315960181667867,-0.0218134041126221,0,0,0,-0.0113587655136659,-0.034472870505103,0,-0.00410362561706673,0,0,-0.00589126968508761,0,-0.0157269747096153,-0.0121104650837144,0,0,0,0,-0.00450901366993889,0,0,0,0,-0.00243595917511832,0,0,0,0,0,0,0,0,0,0,0,-0.00561359087342163,0,-0.00833933474704746,0,-0.00697380969128029,-0.0183360691638528,-0.00302163424756038,0,0,0,0,0,0,-0.00295528931902866,0,0,-0.0267570721675005,0,-0.0126667551221473,0,0,0,-0.0166181766062112,-0.00516980026446835,0,0,0,0,0,-0.0286974391253791,0,0,0,0,0,0,0,0
"Foxo3",0,0,0,0,0,0,0,0,0,0,0,0,0,0,0,0,0,0,0,0,0,0,0,0,0,0.00975535934346088,0,0,0,0,0,0,0,0,0,0,-0.373038895413854,-0.411319379925741,-1.07253112486548,3.49789072465332,-1.71316482854841,0,0,0,0,0,0,0,0,0,0,0,0,0,0,0,0,0,0,0,0,0,0,0,0,0.00401707381847356,0,0,0,0,0.0349874071065168,0,0,0,0,0,0,0,-0.0163588166714699,0,0,0,0,0,-0.00355251815772791,0,0,0,0,0,0,0,0,0,0,0,0,0,0,0,0,0,0,0,0,0,0,0,0,0,0,0,0,0,0.0192667430475387,0,0,0,0,0.0191008108813761,0,0,0,0,0,0,0,0,0,0,0,0,0,0,0,0,0,0,0,0,0,0,0,0,0,0,0,0,0,0.0232060303354155,0,0,0,0.0867968305420707,0,0,0,0,0
"Foxp1",0,0,0,0,0,0,0,0,0,0,0,0,0,0,0,-0.00761385923829264,0,0,0,0,0,0,0,0,0,0,0,0,0,0,0,0,0,0,0,0,-0.0798211643788512,-0.415343746118781,-0.320394631100749,-1.71309363788595,2.79606599634448,0,0,0,0,0,0,0,0,-0.0393919123227064,0,0,0,0.00816728956338012,0,0,0,0,0,0,0,0,0,0,0,0,0,0,0,0,0,0,0,0,0,0,0,0,0,0,0,0,0,0,0,0,0,0,0,0,0,0,0,-0.00657758546415019,0,0,0,-0.000180491594514968,0,0,0,0,0,0,0,0,0,0,0,0,0,0,0.0193732533683901,0,0,0,0,0,0,0,0.0340403713809473,0,0,0,0,0,0,0,0,0,0,0,0,0,0,0,0,0,0,0,0,0,0,0,0,0,0,0,0,0.0482737552993722,0,0,0,0.00759128678910203,0,0,0,0,0
"Gabpa",0,-0.0182950597561955,0,0,0,0,0,0,0,0,0,0,0,0,0,0,0,0,0,0,0,0,0,-0.856966204746033,0,-0.0973557673621026,-2.08878657821721,-0.438650556405361,-0.726381702293741,-0.410969373441112,-0.245823763840597,-0.066136142154917,-1.32529987125694,0.00710881294433357,0,0,0,0,0,0,0,6.13140014149413,0,0,0,-0.00457343815367636,0,0,0,0,0,0,0,0,0,0,0,0,0,0,0,0,0,0,0,0,0,0,0,0,0,0,0,0,0,-0.0100445415969572,0,0,0,0,0,0,0,0,0,0,0,0,0,0,0,0,0,0,0,0,0,0,0,0,0,0,0,-0.00993050390177632,0,0.00837432517125653,0,0.0195402553879294,0,0,0,0,0,0,0,0,-0.0856047602530275,0,0,0.0118636912083798,0,0,0,0,0,0,0,0,0,0,0,0,0,0,0,0,0,0,0,0,0,0,0,0,0,0,0,0,0,0,0,0,0,0,0,0,0,0,0
"Gata3",0,0,0,0,0,0,0,0,0,-0.0559765820882637,-0.0428448578684333,0,0,-0.0331295982081087,0,0,-0.00751524591196263,-0.0630171374317994,0,0,0,0,0,0,0,0.000444917413748097,0,0,0,0,0,-0.0444969850056024,0,0,0,0,-0.0071391385395547,-0.0579405980792379,-0.0207451396262609,0,0,0,1.22472538199613,-0.0230895372181505,0,0,-0.0405658793906482,0,-0.0215775359297874,-0.0124148459719316,0,0,-0.00956298143855207,0,0,0,-0.0430323394882366,-0.0182330683416765,0,-0.0202496241979043,0,-0.0416970288015751,0,0,-0.00668877125367792,0,0,0,0,0,0,0,-0.0448339028645703,0,0,0,0,0,0,0,0,0,-0.0305059803511957,-0.00490949530573128,-0.0189962142053077,0,-0.0151832082231943,0,0,0,0,0,-0.0506068010888167,0,0,0,-0.0455323145222129,-0.0110116268624779,0,0,-0.0454415061995906,-0.00797970339987006,0,0,-0.0259286520935295,-0.0397174377805043,-0.0669152166365214,-0.000446273575391229,0,-0.0169303623255489,-0.0253108854567855,0,0.00152962661974893,0,0.0263574292508074,0.000287776237376444,0,-0.0156772945340508,0,-0.00226041516507761,0,0,-0.0347408580504321,-0.0399677200706713,0,-0.0348576250376186,0,-0.0099795884713439,-0.0393272701239185,0,0,-0.00229087931350244,0,0,-0.0203441757864653,0,0,-0.0357801005997956,0,0,0,0,0,-0.000456053867081022,0,-0.0341761681118047,0,0,0,-0.0185162272840332,0,0,0,-0.0170192110564544,0,0,0,0,0
"Gfi1",0,-0.00761921114354602,0,-0.0203862912102265,0,0,0,0,0,-0.0181468199286373,0,0,0,-0.0199529701953596,0,0,-0.00475795634940368,0,0,0,0,0,0,0,0,0,0,0,0,0,0,0,0,0,0,0,-0.0250575856740408,0,0,0,0,0,-0.0230896539517032,1.02232372550252,-0.0126279337873838,0,-0.0166650993242,0,-0.0104531382067272,0,-0.00112473339040937,-0.00456317949463999,0,0,0,0,-0.0165167765742105,-0.0040592697368759,0,0,0,0,0,0,0,0,0,0,0,0,0,0,-0.0162643995784935,0,0,0,-0.0158193433503284,0,0,0,0,0,-0.00558661325632725,-0.0216878342249858,0,-0.00274522517045229,-0.000113139735560483,-0.0383781460236537,-0.000960512819274197,-0.0414216608287213,-0.00246822138463499,0,-0.00535750718579702,0,0,0,0,-0.0048127176537863,-0.018390794763908,0,-0.0147286816409619,0,0,0,-0.0201340416458787,0,0,0,-0.00188332060596209,0,0,0,0,-0.0125318470781262,0,0,0,0,0,-0.00274177557072118,0,-9.55700820575499e-05,-0.0197126826568273,-0.004600943033376,-8.22607991305574e-05,-0.00374548672916085,0,0,-0.0177082257068643,-0.0255912051657382,0,0,0,-0.0095934771218751,0,0,-0.0122066661470385,-0.0105014032308702,0,0,0,0,0,-0.00681905676523878,-0.00108567707862784,-0.00512310250375965,-0.0162605199931602,0,0,-0.00657193469236931,0,0,0,0,0,0,0,0,0
"Glis3",0,-0.00614248897124071,0,-0.0308311008662547,-0.00722972095501459,0,-0.0179231541582015,-0.00313694220199687,-0.0195723369210686,-0.0122851645058555,-0.00891617217164082,0,0,0,0,0,-0.0122446882426129,0,0,-0.0189530999959801,0,0,0,0,-0.0286428141647331,0,0,0,0,0,0,0,0,0,0,0,0,-0.00615449788497347,-0.0123939911799373,0,0,0,0,-0.0126273142770928,1.01943341849405,0,-0.0175910820394925,0,0,0,0,0,0,0,0,0,0,0,0,0,0,-0.00287794703680211,0,0,0,0,0,0,0,0,0,-0.00679875725310778,-0.0277937583161557,-0.0139491542399597,0,0,-0.00429900401190344,0,0,-0.00364067963957808,-0.010437184612857,0,0,0,-6.03530594896198e-07,0,0,0,0,0,-0.0142612848049042,0,0,0,0,-0.00290465266366281,-0.0134456761628938,-0.00100296900573721,0,-0.0140057842977837,0,0,0,0,0,0,0,0,0,-0.00585178752603614,0,-0.00523598854198799,0,-0.0142589688244714,0,0,0,0,0,0,0,0,0,0,-0.00789389959339942,-0.000572656327816883,-0.004918826362018,0,0,0,0,0,0,0,-0.0043539341256293,0,0,0,0,-0.00362232406992826,0,0,0,0,0,0,0,-0.0201716676647016,-0.0190820938782084,0,-0.00163127145251907,0,-0.025078718771251,0,0,0,0,-0.0342171093973427,0
"Gmeb1",0,0,0,-0.236524903008279,0,0,-0.0478058854011433,0.0221672454948455,0,0,0,0,0,-0.018564491780524,0,0,0,0,-0.0167184338620773,0,0,0,0,0,0,0,0,-0.0107011554306779,0,0,0,0,-0.0330355819831127,0,0,0,0,0,0,0,0,-0.00455467961076234,0,0,0,1.0641206966712,0,0,0,0,-0.00647778458050308,-0.023799087571012,0,0,0,0,0,0,0,0,-0.0424791031713049,0,0,0,0,0,0,0,0,0,-0.00856912818414171,0,0,0,0,0,0,0,0,0,-0.00689649252813119,0,0,-0.00324606261532612,0,0,0,0,0,0,0,0,0,0,-0.0285671268393385,0,0,0,0,0,0,0,-0.00447588627550861,0,0,0,0,0,0,0,0,0,0,0,0,0,0,0,0,0,0,0,0,0,-0.00505566767693425,0,0,-0.00358328864270415,0,0,0,0,0,0,-0.0120294540090474,-0.0450293011578343,0,0,0,0,0,0,0,0,0,0,-0.00715500251055999,0,0,0,0,0,0,-0.00526052709147398,0,0,0,0,-0.000290367665839687
"Hic1",0,0,0,0,-0.0117397201049693,0,0,0,0,-0.0354150995912402,-0.00564464984865019,0,-0.00211558235102022,-0.00913897154952536,0,0,-0.156210917095826,0,0,-0.0173305502781531,0,0,0,0,-0.0176835336486926,0,0,0,0,-0.00098409361118488,0,-0.0101388048799615,0,0,0,0,-0.0240400501446907,-0.00275337161876542,0,0,0,0,-0.0405633932858883,-0.0166637335582378,-0.0175915297010244,0,1.19453050348565,-0.0131038368082345,0,0,-0.00836665335513416,-0.0114058738483994,0,0,0,0,-0.0157494153310152,0,0,0,0,0,0,0,0,0,0,-0.0118576597289721,0,0,0,-0.0444477292517547,-0.0110829108686028,-0.000512307709734977,0,0,0,0,0,0,0,-0.0245436561760076,-0.00987250711693561,-0.0130650489593869,0,-0.0149145234225652,0,0,0,0,-0.0103494440222674,0,0,0,0,0,-0.0291986120499957,-0.010161410833628,-0.0015992084455938,0,-0.0117111498032761,0,0,-0.0480687230014586,-0.0188577461287219,0,0,-0.022111666482469,0,-0.0110355127438392,-0.0580577302240339,-0.0107751611335335,0,-0.030356834869501,0,0,0,-0.0381546394885776,-0.016650046277577,0,0,-0.0174725122642473,0,-0.00711768854683364,0,0,-0.0229644413602314,-0.00423464065509119,0,0,0,0,0,0,-0.0126089093490522,-0.000395880995191769,-0.00125625471005694,-0.0584524870602545,0,-0.0043244181991131,0,0,0,-0.00712795066052903,0,0,0,-0.0290865082097848,0,0,-0.0303544676631154,0,-0.0150849222381968,0,0,-0.0308027927462231,-0.000141438402180949,-0.0244512914733269,-0.00986216137893086
"Hlx",0,0,0,-0.000430760711691273,0,0,-0.000756163995705252,0,0,0,-0.0004135415821036,0,0,-0.0245896534078501,0,0,0,-0.00405011290445025,0,0,0,0,0,0,0,0,0,0,0,0,0,0,0,0,0,0,-0.00634373744365134,-0.0105952109174659,0,0,0,0,0,0,0,0,-0.013103537226608,1.5261941239177,-0.0169852569962675,0,0,-0.00065592600597891,0,0,0,0,0,0,-0.00874159534488926,0,0,0,0,0,0,0,0,0,0,0,0,0,0,0,0,0,0,0,-0.233082764920114,0,0,0,-0.000366931823793526,-0.00432240358672877,0,0,0,0,0,0,0,0,0,0,0,0,0,-0.145567319099329,-0.00956879600019921,0,0,-0.00791369322945036,0,0,0,0,0,0,0,0,0,0,0,0,0,0,0,0,0,0,0,0,0,0,0,-0.0019214880006357,0,0,0,0,0,0,0,0,0,0,-0.813269949627003,0,0,0,0,-0.000348651707050042,0,-0.00522047721150482,0,0,0,0,0,0,0,0,0,0,0,0,0,0,0
"Hmg20b",0,0,0,0,0,0,0,0,-0.0238481867902522,-0.00321851334886136,0,0,0,-0.0289351754744506,0,0,0,-0.00456038948438834,0.0072249904755633,0,0,0,0,0,0,0,0,0,0,0,0,-0.00486677120778761,0,0,0,0,-0.016871690177896,-0.0127981157590204,0,0,0,0,-0.0215780379447361,-0.0104531745658848,0,0,0,-0.0169861528887913,0.997838768851745,0,0,0,0,0,0,0,-0.00620975989487506,0,-0.0198759955730165,-0.0214444318540777,0,-0.000210380895723771,0,0,0,0,0,0,0,0,0,0,-0.00434470713575092,0,0,0,0,-0.00101825224022048,0,0,0,0,-0.00886962831425868,-0.00599703273080299,-0.000699900717417074,0,0,0,0,0,0,-0.0131038150856838,-0.0114989217664954,0,0,0,0,-0.000539312999670567,0,0,0,0,0,0,0,-0.00272869191559334,-0.0310907145416145,0,0,0,0,0,0,0,0,0,0,0,0,0,0,0,0,-0.0104915734243545,0,-0.0211303149996228,0,0,-0.00890727501711823,0,0,0,-0.0081763227234028,0,0,0,-0.000765590013943389,-0.00920033795444501,0,0,0,0,0,-0.00088592557167834,0,-0.00114964736369928,0,0,0,-0.00929314667981658,0,0,0,-0.0190251538167387,0,0,0,0,0
"Homez",0,0,0,0,0,0,0,0,0,0,0,0,0,0,0,-0.0114319652899707,0,0,0,0,0,0,0,0,0,0,0,0,0,0,0,0,0,0,0,0,0,-0.00307327624469712,0,0,-0.039393551922304,0,-0.0124146678380241,0,0,0,0,0,0,0.978459744337652,-0.0263504685609993,0,0,0,0,0,0,0,0,0,0,0,0,0,0,0,0,0,0,0,0,0,0,0,0,0,0,0,0,0,0,0,0,0,0,0,0,0,0,0,0.00133815195345615,0,-0.011502801102025,0,-0.0178104442433045,0,0,0,0,0,-0.0206715260171261,0,0,0,0,0,0,0,0,0,0,0,0,0,0,0,0,0,0,0,0,-0.00458391681213125,0,0,0,0,0,0,0,0,0,0,0,-0.00648751881261252,0,0,0,0,0,0,0,0,0,0,0,0,0,-0.00881038786420962,0,0,0,0,0,0,0,0,0,0,0
"Hsf2",0,0,0,0,0,-0.0237030064807974,0,0,0,-0.0334790639284145,0,-0.00139645926661452,-0.0237561539821283,0,0,0,0,0,0,0,0,0,0,0,0,0,0,0,0,-0.00864055299822296,0,-0.0267248905555708,0,0,0,0,0,-0.0188921969384635,-0.0052158337384675,0,0,0,0,-0.00112504350202749,0,-0.00647837647371491,-0.00836764342375989,0,0,-0.0263504412457279,1.02064830160259,-0.029927792547474,0,0,0,0,-0.0118069613932291,0,0,0,0,0,0,0,-0.0129318081712838,0,0,0,0,0,0,0,0,0,0,0,0,0,0,0,0,0,-0.0209642275319347,0,0,0,0,0,0,0,0,-0.00352712451203943,-0.0128398164329584,0,0,0,-0.00801126822258341,0,0,0,-0.00960749435138851,0,-0.00963912977563135,0,-0.0201883024281784,-0.00211010416923073,-0.0110473225653768,0,-0.0121674123839236,-0.0109395086555229,0,-0.0202115774284241,0,0,0,0,0,-0.00912891573783176,-0.0162751692828004,0,0,-0.00860407679423129,-0.019642986570798,-0.020964290082402,0,-0.0378108664136541,0,-0.0137508810444905,0,0,0,0,0,0,0,0,0,-0.00210327081549817,0,0,0,0,0,0,0,-0.00709528208579002,0,-0.00165706861791969,-0.0069574014569249,0,0,0,0,0,0,0,0,0,0
"Ikzf1",0,0,0,0,0,0,0,0,0,-0.0332393990829237,0,0,0,0,0,0,-0.00120061598492663,0,0,0,0,0,0,0,-0.0059482733482841,0,0,0,0,0,0,-0.0146229803895743,0,0,0,0,-0.0206089053889644,-0.0186478942060686,0,0,0,0,0,-0.0045630286019347,0,-0.0237991890102325,-0.0114066235028641,-0.000656997577902929,0,0,-0.0299274784880282,1.0634532769609,-0.0277171410731597,-0.021924965333409,0,0,0,-0.0091530102226136,0,0,0,0,-0.00558579680763316,0,-0.00460327416031442,-0.0180473667762984,0,-0.0119888753235076,0,0,0,-0.000940006558063917,0,0,0,0,-0.00839664278927665,-0.00394666012613922,-0.00606764654796291,0,-6.73732767413157e-06,-0.0203172447497302,0,0,-0.00239031237252118,0,0,0,0,0,0,0,0,0,0,0,0,-0.00129368616535565,-0.0117931674310743,-0.00861880255445894,-0.00744970014888709,-0.00555374547476923,0,0,0,0,-0.00878832660378277,0,0,-0.0350858161458206,0,0,0,-0.00623597160889493,0,0,0,0,0,0,-0.00463236072006399,-0.0120363916319643,0,-0.00829058118013391,0,-0.0345813124090456,-0.0310824567246307,0,-0.0358314173345144,0,0,0,0,0,0,0,-0.00104402830354894,-0.0172122683180749,0,-0.0078973197762125,0,0,0,-0.00886622472906433,-0.0390888202836788,0,0,-0.0105483308595898,0,0,-0.0190293928675563,0,-0.0187411012959711,0,0,0,-0.0162121098701272,0,-0.0374025443250707
"Ikzf3",-0.030317281888716,0,0,0,0,0,0,0,0,-0.00612460035923393,0,0,0,0,0,0,0,0,0,-0.0331296338545339,0,0,-0.0095712224755293,0,-0.0155054595090634,0,0,0,0,0,0,0,0,0,0,0,0,-0.00241486385955788,-0.011466745628793,0,0,0,-0.00956099406551361,0,0,0,0,0,0,0,0,-0.0277167082414424,1.14435275308441,0,0,-0.00795086627321457,0,-0.00444873889626728,0,0,0,0,0,-0.0131733090966445,0,0,0,0,0,0,0,0,-0.000777336119481198,0,0,-0.00415593717307115,-0.0344846561611652,0,0,0,0,0,-0.00551461856942779,0,0,-0.0296373625390946,-0.0171885210724368,-0.015185738740985,-0.00488768019220101,0,0,0,-0.0175657730957087,0,-0.0143920585438313,0,0,0,0,-0.0266405057132504,-0.0414810419205247,-0.0341293661398698,-0.00595767370564012,-0.0243264158925315,0,-0.00225593967696779,0,0,0,-0.0261613331770467,0,0,-0.00416659799443148,-0.00162914817120044,0,0,0,0,-0.000976569250584387,0,0,0,0,0,-0.0134099073720049,-0.00935084789228822,-0.0162799835734851,-0.0132306993749159,0,0,0,0,0,0,-0.0011552234404337,0,0,-0.0298733453725923,0,-0.0226036320681315,0,0,-0.0194062281178618,-0.003028393792393,0,0,-0.0592208974057138,0,-0.00697230530011153,0,-0.026655498608394,-0.0547666928429482,-0.0412850602660735,-0.00543577132027837,-0.00498750350475722,-0.0240281347915165,-0.00169482850499684,0,-0.0348955055293262
"Irf1",0,0,0,0,0,0,0,0,0,-0.0131920702210499,0,0,0,0,0.00282916067693366,0,0,0,0,0,0,0,0,0,0,0,0,0,0,0,0,0,0,0,0,0,-0.0495578781029459,0,0,0,0.00817181442883528,0,0,0,0,0,0,0,0,0,0,-0.0219215571524626,0,3.57147102549249,-1.49683397860308,-0.30595115333106,-0.064022963192374,-0.0929776938667829,-0.313241406422463,0,0,0,0,0,0,0,0,0,0,0,0,0,0,0,0.0420701499843144,0,0,0,0,0,0,0,0,0,0,0,0,0,0,0,0,0,0,0,0,0,0,0,0,-0.0491717617011974,0,0,0,0,0,0,0,0,0,0,0,0,0.0165490925524424,0,0,0,0,0,0,-0.530844483929494,-0.754304556325808,0,0,0,0,0,0,0,0,0,0,0,0,0,0,0,0,0,0,0,0,0,0,0,0,0,0,0,0,-0.0132044597289174,0,0,0,-0.0328138149356968,0,0,0,0,0
"Irf2",0,0,0,0,0,0,0,0,0,-0.0215825180133969,0,0,-0.00589102290408879,0,0,0,0,0,0,0,0,0,0,0,0,0,0,0,0,0,0,-0.00816314039272854,0,0,0,0,0,0,-0.00540340945331638,0,0,0,0,0,0,0,0,0,0,0,0,0,0,-1.49685961484364,2.87910657707226,-0.0427342050718009,-0.0586283112224884,-0.483018663633281,-0.131461935048285,0,0,0,0,0,0,0,0,0,0,0,0,0,0,0,0,0,0,0,0,0,0,0,0,0,0,0,0,0,0,0,0,0,0,0,0,0,0,0,-0.00425461891076581,-0.312866966586417,0,0,0,0,0,-0.0124309750967572,0,-0.0030476301557386,0,0,0,0,0,0,0,0,0,-0.00780562389845428,0,0,-0.205570420843434,0,0,-0.0170275019482532,0,0,0,0,-0.0523223032148993,0,0,0,0,0,0,0,0,0,0,0,0,0,0,0,0,0,0,0,0,0,0,0,0,0,0,0,0,0,0
"Irf3",0,0,0,0,0,0,0,0,0,0,-0.396077976834788,0,0,0,0,0,0,0,0,0,0,0,0,0,0,0,0,0.00141572499434974,0,0,0,-0.0137816039887158,0,0,0,0,0,0,0,0,0,0,0,0,0,0,0,0,0,0,0,0,-0.00794263556930893,-0.30586851134433,-0.0427327930628435,2.3895537015888,-0.151174434461749,0,-0.0486561527606414,0,0,0,0,0,0,0,0,0,0,0,0,0,0,0,0,0,0,0,0,0,0,0,0,0,0,0,0,0,0,0,0,-0.00711886663826778,0,0,0,0,0,0,0,-0.183261105353152,0,-0.149437949757612,0,0,0,0,0,0,0,0,0,0,0,0,0.0326561064316663,0,0,0,0,-0.425707695448702,-0.344725896010046,0,0,0,0,0,0,0,-0.0362144802564751,0,0,0,0,0,0,0,0,-0.00209802632912549,0,0,0,0,0,0,0,-0.196300973504922,-0.00510947621325241,0,0,-0.176466793107509,0,0,-0.114068963471953,-0.0340595542530446,0,0,0,0,0
"Irf4",0,0,0,0,0,0,0,0,-0.0432183320193249,-0.0376947968932246,0,0,0,-0.0180808357157667,0,0,0,-0.0126745008336132,0,0,0,0,0,0,0,0,0,0.0142008186116309,0,-0.0249337001091687,0,-0.0451732814757726,0,0,0,0,0,-0.0268684116826207,0,0,0,0,-0.0430317822831534,-0.0165145844306597,0,0,-0.0157471581634398,0,-0.00621149268441132,0,-0.0118039809786207,0,0,-0.0640068590180485,-0.0586507859358665,-0.151209594597332,2.61797241101862,-0.0809813196954006,-1.66677824562149,-0.000356079301551822,0,-0.000608023632712603,0,0,0,0,0,-0.00495330171022911,0,0,0,0,0,0,0,0,0,0,-0.0130902879990421,0,0,0,-0.017693085070538,0,-0.0403968336939978,0,0,0,0,0,-0.0165913260139008,-0.0442834165324638,0,0,0,0,0,-0.0203113448173094,0,0,-0.0396784029415884,0,0,0,-0.0196787723846022,-0.0262590895606031,-0.0297109660538484,-0.00898942062613434,0,0,-0.0155673001475261,0,0.0445010097382977,0,0.00655007337856374,0,0,-0.00829871603892361,0,-0.01020137137402,-0.0768151239661882,0,0,0,0,-0.0638356419341674,0,0,0,0,0,0,0,0,0,0,-0.0208036659797036,-0.0375130502006664,0,0,0,-0.00355390445728465,0,0,0,0,0,0,0,0,0,0,0,0,0,0,0,0,0
"Irf7",0,0,0,0,-0.000439388354606215,0,0,0,0,-0.0201354962107004,0,0,0,0,0,-0.0125980739469535,0,-0.00430059198907898,0,0,0,0,0,0,0,0,0,0,0,0,0,0,0,0,0,0,0.0144977357586931,-0.00766377718176551,0,0,0,0,-0.0182307293557676,-0.00405789234133774,0,0,0,0,0,0,0,-0.00915194106170137,-0.00444937529596056,-0.0929448070828006,-0.483026513193868,0,-0.0809896189746774,1.73357876680624,-0.139859776273629,-0.0210029959691972,0,0,0,0,0,0,0,0,0,0,0,-0.0135713247922926,-0.00323975946058245,0,0,0,0,0,0,0,0,-0.000731524065477658,-0.00797639123347365,0,0,-0.0219276526817798,-0.00723576149753681,0,0,0,0,0,-0.00560253751293883,0,0,0,-0.00588781204457638,0,0,-0.373641478602915,0,0,0,-0.00614856097331024,0,0,0,-0.0279726634616715,0,0,0,0,0,0,0,0,0,-0.00430457018417178,0,0,-0.163794499427676,0,0,0,0,0,0,0,-0.0689588243085876,0,0,0,0,0,0,0,0,-0.0187542835917078,0,0,0,0,0,0,0,0,0,0,0,0,0,0,0,0.0303218496788727,0,0,0,-0.0208764478883385,0
"Irf8",0,0,0,0,0,0,0,0,0,0,0,0,0,0,0,0,0,0,0,0,0,0,0,-0.0231772437780968,0,0,0,0.0172100946151712,0,-0.0897082308421719,0,-0.0415336943202122,0,0,0,0,0,0,-0.0240281654688207,0,0,0,0,0,0,0,0,-0.00874752061424672,-0.019871648025473,0,0,0,0,-0.313205932991008,-0.13147152534067,-0.0486654301396969,-1.66678881171848,-0.139858321970403,2.81409794449885,0,0,0,0,0,0,0,0,0,0,0,0,0,0,0,0,0,0,0,0,0,0,0,-0.0235741549895257,-0.0255700162704012,0,0,0,0,0,0,0,0,-0.00239092660340928,0,0.00849837000812039,0,0,0,0,-0.220826584929954,0,0,0,0,0,0,0,0,-0.00233594195925484,0,0,0,0,0,0.0094753354053536,0.000875822803931752,0,0,0,-0.0437281848562369,-0.0808616459664121,0,0,-0.0220731291581768,0,0,0,0,0,0,0,0,0,0,0,0,0,0,0,0,0,0,0,-0.00496249213280865,0,0,0,0,0,0,0,0,0,0.0858905317531327,0,0,0,0,0
"Isl2",0,0,0,0,-0.00073813145000895,0,0,0,-0.027114214795614,-0.0622016678572219,0,0,0,-0.0354817012719661,0,0,0,0,0,0,0,0,0,0,0,0,0,0,0,0,0,0,0,0,0,0,0,-0.0285539017114624,0,0,0,0,-0.0202491059037868,0,0,0,0,0,-0.0214440656064521,0,0,0,0,0,0,0,-0.000351577789685454,-0.0210011726073699,0,1.02221418131363,0,0,0,0,0,0,0,0,0,0,0,0,0,0,0,0,0,-0.0105025131883942,0,0,0,0,0,0,0,0,0,0,0,0,-0.0108032767674522,0,-0.0148980653572484,-0.00915889217591537,0,0,0,0,-0.00725134948929614,0,-0.00334922907310087,0,0,0,-0.0223628237649505,0,0,0,0,0,0,0,0,0,0,0,0,0,0,0,-0.00542794983916725,0,0,-0.00293000789749444,0,-0.00958322912299431,0,0,0,-0.0214865295848533,0,0,-0.00910443394321837,0,0,0,-0.137177329876608,-0.0161552084526916,0,0,0,0,0,0,0,0,0,0,0,0,0,0,0,0,0,0,0,0,0
"Jun",0,0,0,-0.0694707987491914,0,-0.197144383416866,-0.143906490257844,0,0,0,0,0,0,0,0,0,0,0,0,0,0,0,-0.0258051484452348,0,0,0,0,0,0,0,0,0,0,-0.783459705064568,-0.351872472651163,-0.570366429624683,0,-0.0123373527564028,0,0,0,0,0,0,0,-0.0424848527010895,0,0,0,0,0,0,0,0,0,0,0,0,0,0,3.56841630813284,-1.03583298575037,-0.418870815653113,0,0,0,0,0,0,0,0,0,0,0,0,0,0,0,0,0,0,0,0,-0.0385549294420699,0,-0.00269379579508014,0,0,0,0,0,-0.00949858082992347,-0.0471757223741752,0,0,0,0,0,0,0,-0.0023498231399224,0,-0.00891825842698121,0,0,0,0,0,-0.0132869255304465,0,0,-0.00176234089656013,0,0,0,0,0,0,0,0,0,-0.00266257283408352,0,0,0,0,0,0,0,-0.0168980553638119,0,0,0,0,0,0,0,0,0,0,0,0,0,0,0,0,0,0,0,0,0,0,0,-0.0105112417108687,0,0,0,0,0
"Junb",-0.0048524571425033,0,0,0.00471971453204492,0,-0.0490410943622971,0,0,-0.259990857966766,-0.00394681735419054,0,0,0,0,0,0,0,-0.00835012660892054,0,0,0,0,0,0,0,0,0,0,0,0,0,0,-0.00368081043292305,-0.129250056428162,-0.597205032531532,-0.0474588252939929,0,-0.0372784069560901,-0.00979379010764806,0,0,0,-0.0416880858104929,0,-0.00288302855699595,0,0,0,-0.000209029799992852,0,0,0,0,0,0,0,-0.000594199874345104,0,0,0,-1.03581874486551,2.77869722513265,-0.258098359164961,0,0,0,0,-0.0290003055400508,-0.0152767551781295,0,0,0,-0.00766233887230859,0,0,0,0,-0.0120247332678528,0,0,0,-0.000528750539326169,-0.006261686319753,0,0,0,-0.0145972335560901,0,0,0,-0.0210750202970302,-0.00442389189837885,-0.0108488386527191,0,0,0,0,-0.0102756337102431,0,0,0,0,-0.00737228061321334,0,-0.00342373513421413,0,-0.00900631171760207,-0.0144454696109927,-0.00150437295515893,0,-0.027427192660718,-0.02221880490793,0.0404050274351112,0,0,0,0,-0.0168459665274365,0,0,0,0,0,-0.0125366716928702,0,-0.0205872278459904,0,0,0,0,0,-0.00477023997291145,-0.0275657653556811,-0.0121601393650414,0,0,0,-0.0302414137166084,0,0,-0.0298390582782811,0,0,-0.0213356698483077,0,-0.00239486256134775,0,0,0,0,0,0,0,-0.0240544610504245,0,0,0,0,0
"Jund",0,0,0,0,0,0,0,0.00844613317620909,-0.460674267140697,-0.0207716489849677,-0.0205132962493644,0,0,0,0,0.0599919423484365,-0.0403259341318115,0,0,0,0,0,0,0,-0.000719700668625848,0,0,0,0,-0.0502591615473449,0,-0.0199550872022892,0,-0.121947715966648,-0.128707781160449,-0.312957988125075,0,0,-0.00693514670500302,0,0,0,0,0,0,0,0,0,0,0,0,-0.00558510941710799,0,0,0,0,0,0,0,0,-0.418911957967012,-0.258113978699003,2.15364874327379,0,0,0,0,0,0,0,0,0,0,0,0,0,0,0,0,0,0,0,-0.0353699761394215,-0.0181889801142275,0,0,0,0,0,0,0,0,0,0,0,0,0,0,0,0,0,0,0,0,0,-0.0322278971422392,0,-0.00320157014040247,0,-0.054635916077323,0,0,0,0,0,0,0,0,-0.00405480412372745,0,0,-0.0150250430471771,-0.00210434410564876,0,-0.000841801616900831,-0.0196096274604575,-0.015140486370801,0,-0.000783422058458107,0,0,0,0,0,-0.00338583678065974,0,-0.00454745288584972,0,0,0,0,0,0,-0.0102844882577448,0,0,0,-0.00357030289110922,0,0,-0.0299894750157153,0,0,0,0,0,0,0,0
"Klf10",0,0,0,0,0,0,0,0,0,0,0,0,0,0,0,0,0,0,0,-0.022502602565,0,-0.113670692159436,-0.190007996589023,0,0,0,0,0,0,0,0,0,0,0,0,0,0,0,0,0,0,0,0,0,0,0,0,0,0,0,0,0,-0.0131776358019073,0,0,0,0,0,0,0,0,0,0,2.10340107738975,-0.0224187144318072,-0.0415421915002225,-0.300382097710536,-0.0548557703719337,-0.024239862342013,-0.187001710251857,-0.0323797978541814,-0.0766925117628134,0,0,0,0,0,0,0,0,0,-0.00141839669984031,0,0,0,0,0,0,0,0,0,0,0,0,0,0,0,0,0,0,0,0,0,0,0,0,0,0,0,0,0,0,0,-0.00930111324482637,-0.0629918870227156,-0.251821456944642,0,-0.00713862231394341,-0.0697341818260178,0,0,0,0,0,0,-0.00976264257129607,-0.0110139447574649,0,0,0,0,0,0,0,-0.00836986102592157,0,0,0,0,0,-0.059669573285315,-0.0148487172302745,-0.129579567503318,-0.0142746903288378,-0.0245106575962988,0,0,0,-0.0768691432916457,0,0,0,-0.00751663663573957,0,0,-0.0225625237357706,-0.0178349136056598,-0.074822450661829,-0.00118931095282993
"Klf13",0,0,0,0,0,0,-0.0134888927828335,0,0,-0.000400212670450149,0,0,0,0,0,0,0,0,0.110331685329114,0,0,-0.00453737896725617,0,0,0,0,0,-0.0112399761941768,0,0,0,0,-0.0198749461506961,0,0,0,0,0,0,0,0,0,-0.00668784138135726,0,0,0,0,0,0,0,-0.0129326089131794,-0.00460545161725131,0,0,0,0,0,0,0,0,0,0,0,-0.0224293007543077,1.31427816369679,-0.0157025384857345,0,-0.0585987646218299,0,0,-0.414199677477985,-0.169293648152122,0,0,0,0,0,0,0,0,0,0,0,0,0,0,-0.00152096350682314,0,0,-0.037683390787731,0,0,0,0,-0.00571353685929045,0.0487958450599347,0,-0.0183087725806522,-0.0168594803367152,-0.00246676842926064,0,0,0,0,-0.0368545695154553,0,0,0,-0.00193211136919677,0,0,0,0,0,0.0355015038774094,0,-0.123787413401098,-0.0239220939400899,0,0,0,-0.000922653038732469,0,-0.00307746338886133,0,0,0,0,0,0,0,-0.0016537070254706,0,0,-0.0030086113531377,0,0,-0.0414501657360295,0,0,0,0,0,0,0,0,0,0,0,0,0,0,-0.00185952794028122,0,0,0,0,0,0
"Klf2",0,0,0,0,0,0,0,0,0,0,0,0,0,0,0,0,-0.0164488702528408,0,0,0,-0.0618156911315825,0,0,0,0,0,0,0,0,0,0,0,0,0,0,0,0,0,0,0.00414238738971318,0,0,0,0,0,0,0,0,0,0,0,-0.0180535737087211,0,0,0,0,0,0,0,0,0,0,0,-0.0414997603775881,-0.0156834308602955,3.23922465040007,-0.380558343490451,0,0.0332916175720433,0.0628091554805753,-0.528603780348122,-1.52909841920188,0,-0.00784928833952527,-0.00301140637095005,0,-0.00896285029730069,0,0,0,0,0,0,0,0,0,0,0,0,0,0,0,0,0,0,-0.278512965169593,0,0,0,0,0,0,0,-0.00614045025080717,0,0,0,0,0,-0.0364072842153458,0,0,-0.0994273429550374,0,0,0,-0.367650466029811,0,-0.0174985173843575,0,0,0,0,-0.00577872899082172,0,0,-0.0306531962843968,-0.0236442691213225,0,0,0.00811044944254923,0,0,0,0,0,0,0,0,-0.0154248032073509,0.414329018427097,0,0,0,0,0,0,0,0,0,0,0,0,0,0,0,-0.040923539922752,0,-0.0270851434478954
"Klf3",0,0,0,0,0,0,0,0,0,0,0,0,0,0,0,0,0,0,-0.334397602348868,0,-0.219891776948463,0,0,0,0,0,0,0,0,0,0,0,0,0,0,0,0,0,0,0,0,0,0,0,0,0,0,0,0,0,0,0,0,0,0,0,0,0,0,0,0,0,0,-0.300404981032171,0,-0.380825812645814,6.69362546111582,-0.234044888561054,-0.33780096533551,-0.85356096930342,-0.5788320004291,-0.218347747511154,0,0,0,0,-0.0284079179730083,0,0,0,0,0,0,0,0,0,0,0,0,0,0,0,0,0,0,-0.724508148244647,0,0,0,0,0,0,0,0,0,0,0,0,0,0,0,0,0,0,-0.505310708563015,-1.72370681338429,-0.607406332092802,0,0,0,0,0,0,0,0,0,0,0,0,0,0,0,0,0,0,0,0,0,0,0,0,0,0,0,0,0.00770683242478455,0,0,0,0,0,0,0,0,0,0,-0.0406101750405424,0,-0.0439696001862716
"Klf4",-0.0259937119476291,0,0,0,0,-0.027616373627304,0,0,0,0,0,0,0,0,0,0,0,0,0,0.0491675761318319,0,-0.00240084894288085,-0.24945395288991,0,0,0,0,0,0,0,0,0,-0.0381848816466342,0,0,0,0,0,0,0,0,0,0,0,0,0,-0.0118660147906796,0,0,0,0,-0.0120116397794933,0,0,0,0,-0.00478804238096108,0,0,0,0,-0.0288494057830758,0,-0.0548295928260545,-0.058637777021671,0,-0.234241546395415,5.30616758704705,-2.21431940729528,-0.513897439050384,-1.63191466530277,-0.562894180280972,0,0,0.194525920861154,0,0,0,0,-0.0138823355301952,-0.0336969434095788,0,0,0,0,0,-0.0057728041804257,0,0,-0.00713143456728616,-0.00522845364878767,-0.00532398374789449,-0.0204534477491914,0,0,-0.0821565554323171,0,0,-0.0104105972223796,0,0,0,0,0,-0.0209739780280276,0,0,0,0,0,-0.0342947343407471,-0.0045168364566126,0.362204374465687,0,0,0,0,-0.0265394168018743,-0.0049626721639707,0,0,-0.00609460348148369,0,0,0,0,0,0,0,0,0,0,-0.00506336772016821,-0.0299608386766504,-0.000476476200110411,-0.00387067808694343,0,0,0,0,0,0,0,0,0,0,0,0,0,0,0,0.0188734172164807,0,-0.0155127716924553,0,0,-0.0575132546393556,0,-0.0127555549633389
"Klf5",-0.0104616522816793,0,0,0,0,-0.0439892331395355,0,0,0,0,0,0,0,0,0,-0.0173710030405244,0.0597584280261122,0,-0.279246357343889,0,0,-0.0339418600297469,-0.161633347236668,0,0,0,0,0,0,0.0269873559616139,0,0,-0.0347102918292803,0,0,0,0,0,0,0,0,0,0,0,0,0,0,0,0,0,0,0,0,0,0,0,0,0,0,0,0,-0.0151101419758592,0,-0.0241725737699637,0,0.0334003448305252,-0.33803204522782,-2.21438590703076,5.23011483454463,-1.57375332578874,-0.146944712809091,0,0,0,0.139030455020402,0,0,0,0,0,-0.0588348149723997,0,0,0,0,0,-0.0433115579791722,0,0,0,0,0,0,0,0,-0.369198581620459,0,0,0,0,0,0,0,0,0,0,0,0,0,0.0287035464567508,-0.0781168808058821,0,0.0974354773816287,-0.0060947629095145,0,0,0.230475995821626,0,-0.0439672778512169,0,0,0,0,0,0,0,0,0,0,0,0,0,0,0,0,0,0,0,0,0,-0.393815483188447,0,0,0,0,0,0,0,0,0,0,0,0,0,0,0,0,0,0
"Klf6",0,0,0,0,0,-0.0156394137011344,-0.000707489012594114,0,0,0,0,0,0,0,0,0,0.0414325161054891,0,-0.307705549922131,0,0,-0.42050809435491,-0.075488644171205,0,0,0,0,0,0,0,0,0.0448247142716843,-0.046081892652046,0,0,0,0,0,0,0,0,0,0,0,0,0,0,0,0,0,0,0,0,0,0,0,0,0,0,0,0,0,0,-0.186865068586646,0,0.0630784386566683,-0.852673423683625,-0.513294725408131,-1.57271793030409,5.50116066262003,0,0,0,0,0,0,0,0,0,0,-0.0166385386698057,-0.036557304359959,0,0,0,0,0,0,0,0,0,0,0,0,-0.0586801484798045,0,0,0,0,0,0,0,-0.0185328535375257,0,0,0,0,0,0,0.0773436398164385,0,-0.0167736078129783,0,-0.00402017257138302,0,0,0,0,0,0,0,0,0,0,0,0,0,0,0,0,0,0,0,0,0,0,0,0,0,0,-1.51161215282507,-0.00408867670222035,-0.177212061392744,0,0,0,0,0,0,0,0,0,0,0,-0.0372383902917555,0,0,0,0
"Klf7",0,0,0,0,0,0,0,0,0.00136559032024691,0,0,0,0,0,-0.0235879402296763,0,0.00960353570475916,0,-0.794247753175953,0,0,-0.0720549228100045,0,0,0,0,0,0,0,0,0,0.0156560541171526,0,0,0,0,0,0,0,0.0350513887236378,0,0,0,0,0,-0.0085830287474736,0,0,0,0,0,0,0,0,0,0,0,0,0,0,0,0,0,-0.0323074953167649,-0.414202624843641,-0.528442857223616,-0.578693304049908,-1.6318189960714,-0.145801356753083,0,5.34651419168033,-1.58004995277843,0,0,0.128211319560477,0,0,0,0,0,-0.00523237932079465,0,0,0,0,0,0,0,0,0,0,0,0,0,-0.0612149453074074,0,0,0,0,0,0,0.085688758573643,0,0,0,0,0,0,0,0,0,0,0,0,0,0,-0.0398226400887269,0,0,0,0,0,0,0,0,0,0,0,0.0135642645892614,0,0,0,0,0,0,-0.0326234922558874,0,0,0,0,0,0,0,0,0,0,0,0,0.175769238535775,0,0,0,0,0,0,0,0,0,-0.00116797957825175
"Klf8",0,0,0,-0.00490266856764725,0,0,0,0,0,0,0,0,0,0,-0.010666553540873,0,-0.0770118389052265,0,0,0,-0.116475778183297,0,0,0,-0.0303950047516824,0,0,0,0,0,0,0,0,0,0,0,0,0,0,0,0,0,0,0,-0.00681378128431292,0,-0.0444580091546653,0,0,0,0,-0.000932169268844772,0,0,0,0,0,-0.013545397527419,0,0,0,0,0,-0.0767112289652141,-0.169306145855711,-1.52941749662524,-0.218847528896602,-0.563331453672195,0,0,-1.58015447021051,4.52422562658339,0,-0.0160859712483492,0,0,0,0,0,0,0,0,0,0,0,0,0,0,0,0,0,0,0,0,0,-0.0194190577193704,0,-0.00195569938625454,0,0,0,0,0,0,0,0,0,-0.00941440724156001,0,0,0,0,0,0,0,0,-0.249067061111956,0,0,0,0,0,0,-0.000589813644309669,0,0,0,0,0,0,0,0,0,0,0,0,0,0,0,-0.00725638765106591,0.185214334254437,0,0,-0.00757250636577477,-0.0127929219080444,0,0,0,0,0,0,0,0,0,0,0,-0.05939254243089,0,-0.0601295395962991
"Mafk",0,0,0,0,0,0,0,0,-0.116390477237251,-0.0286736009399781,0,0,0,0,0,0,-0.01580205196823,-0.00144276209254612,0,0,0,0,0,0,-0.00629871658885334,0,0,0,0,0,0,-0.00950589167437064,0,-0.101951400100696,-0.00772316513291233,-0.0918328998890679,-0.0111354696860646,-0.010823021005892,-0.00520501554719709,0,0,0,-0.0448338261842985,-0.0162648232475205,-0.0277966528807395,0,-0.011083855683455,0,-0.00434420604852017,0,0,0,-0.000779466073945931,0,0,0,0,-0.00324310812395993,0,0,0,-0.00765155735380409,0,0,0,0,0,0,0,0,0,0,1.41968907945804,0,0,0,-0.0164830854122727,0,0,0,-0.00489274656130578,0,-0.0170473845223715,-0.472306533960887,-0.000246078525713113,0,0,0,0,0,-6.17118068256892e-05,-0.0077627464510716,-0.00549662262925475,-0.011715064567434,0,0,0,0,0,0,-0.0197696054307793,0,0,0,-0.0114076657719245,-0.00281118974553353,-0.0398509863609337,-0.0122061619263924,0,0,-0.00221339261780916,0,0,-0.0258445289420889,0,0,0,-0.00957428342168082,0,-0.000988927453426803,0,-0.0125580089286,0,-0.00176598855870092,0,-0.021012699956398,-0.000157148206229041,-0.00379924709063788,0,-0.0109799560557641,0,0,-0.0281822506009904,0,0,-0.010704353804209,-0.00108322719429908,-0.000906750812132333,0,0,-0.0199127764778041,0,0,-0.00937859245507972,0,-0.00968343685751765,0,-0.017884783374013,0,-0.0100760469041829,-0.00325353945387355,0,0,0,0,0,0,-0.00470687603641384,0
"Max",0,-0.719330616143253,-0.130123012256278,0,0,0,0,0,0,0,0,0.285996346824456,0,0,0,0,0,0,0,0,0,0,0,0,0,0,0,0,-0.00858952835474732,0,0,0,0,0,0,0,0,0,0,0,0,0,0,0,-0.0139545905151125,0,-0.00051224963638727,0,0,0,0,0,0,0,0,0,0,0,0,0,0,0,0,0,0,-0.00784313089946292,0,0,0,0,0,-0.0160540670301492,0,2.30334982143966,0,-0.00274585381407077,0,0,0,-0.160229319026695,-0.247101724433135,-1.00303098256642,0,0,0,0,0,0,0,0,0,0,0,0,-0.0221868711196452,0,0,0,0,0,0,0,0,-0.0139359941930849,0,0,0,0,0,0,0,0,0,0,0,0,0,0.013608411120548,0,0,0,0,-0.011195434036278,0,0,0,0,0,0,0,0,0,0,0,0,0,0,0,0,-0.0837026561116589,0,0,0,0,0,0,0,0,0,0,0,0,0,0,0,0,0,0,-0.000862883199264096
"Maz",0,0,0,0,0,0.0512728026890448,0,0,0,0,-0.24296765394809,0,0,0,0,0.00794194146625236,-0.0236979522161438,0,0.0494438598060979,0,0,0.116578408754658,0.0394317315276108,0,0,0,0,0,0,-0.0572942064724077,0.0459483952208713,0,0,0,0,0,0,0,0,0,0,0,0,0,0,0,0,0,0,0,0,0,0,0.0422204167995726,0,0,0,0,0,0,0,0,0,0,0,-0.00303702467024335,0,0.194429569611029,0.139450134360484,0,0.128255798412591,0,0,0,3.56954819537031,0,0,0,0,0.0487118556646989,0.0288654468910976,0,0,0,0,0,0,0,0,0.016438159780392,0,0,0,3.38618766966515e-05,0.00708229625361691,-0.0937777642256388,0,0,0,0,0,-0.743483594632578,0,0,0,0,0,0,0,-0.114416028850208,0.0437804198345961,0,-1.14997385626183,0,0,-0.0427307114576861,-0.13012920378836,0,-0.0164075188422718,0.0190204460459014,0,0.010441659400136,0.00516082731373596,0,-0.029179662157711,0,-0.042587459567913,0,0,0,0,0,0,0,0,0,0,0,0,0,0,0,-0.255519911299547,0,0,0,-0.172276176975339,0,-0.60422828230838,0,0,-0.57418915829011,-0.189210224178641,0,0.013671239105205,0,0,0,0
"Mbd2",-0.00936027716274141,-0.0105516550838142,0,0,0,0,0,0,0,0,0,0,0,0,-0.00844953287338332,0,-0.00455584507234978,0,-0.0245058604495834,-0.0085030954154365,0,-0.0383825143549709,0,-0.0201686616009688,0,0,0,0,0,0,0,0.003506635086499,0,0,0,0,0,0,0,0,0,-0.0100431987581624,0,0,0,0,0,0,0,0,0,0,-0.00416069560204265,0,0,0,0,0,0,0,0,0,0,0,0,0,0,0,0,0,0,0,0,-0.00274589186957376,0,1.36695238577811,-0.0475166191340682,0,0,0,-0.0102269692595741,-0.0156295634151595,0,0,0,0,0,0,0,0,0,0,0,0,-0.0621265592478708,0,0,0,0,0,0,0.00531808967173679,0,-0.0495920997587022,0,0,0,0,0,0,0,0,-0.019587400753826,0,-0.284204534014427,0,0,0,0,0,0,0,0,0,-0.0420902672575606,0.00171041978341564,0,0,0.0149522451174679,0,0,0,-0.00305651216756899,0,-0.0152427147241105,-0.0101846855622284,0,0,0,0,0,-0.0240289560042772,-0.0763888623291161,0,-0.0109256896208095,0,0,0,0,0,-0.0275291084601969,0,0,0,-0.0693742595168892,-0.11977290444488,-0.00795418209189575,0,-0.0341416152550693
"Mecp2",-0.00437077489512777,-0.0149614436463797,0,-0.0100429724663616,0,0,0,0,0,-0.00759492828758871,0,0,0,0,-0.00419476494947822,0,-0.0040290159160818,0,0,-0.0355263239977206,0,0,0,0,0,0,0,0,0,0,0,0,-0.0349516650599255,0,0,0,0,-0.00598626207210578,0,0,0,0,0,-0.0158183365202949,-0.00430020728187755,0,0,0,0,0,0,-0.00839840208590927,-0.03448518869839,0,0,0,0,0,0,0,0,0,0,0,0,-0.00896960971512199,-0.028428706148407,0,0,0,0,0,-0.0164826386651827,0,0,-0.0475166602548337,1.25317143016235,0,0,0,-0.00544955703380217,0,0,0,0,0,0,-0.0142394502292265,-0.0199724317523996,0,0,0,0,0,-0.000640657604006469,0,0,0,0,0,0,0,-0.0121577296614152,-0.0704309386097341,0,0,0,0,0,-0.00952166688302454,-0.00243337574763088,0,-0.0121629064983864,0,-0.11203486850796,0,0,-0.0173005793643217,0,0,0,0,0,0,-0.0312792355185068,0,-0.0186840247337797,0,0,0,0,0,0,0,-0.000209336911805273,0,0,-0.010665289865479,0,-0.0172289645698422,0,-0.0189577193661437,0,-0.0158005108996639,-0.0538116674422999,0,-0.0248450053793256,-0.0224658348934061,0,0,-0.0140257558274063,0,-0.00758836616302172,-0.000334269829597125,-0.040259898082857,-0.112141055532375,-0.052397455944311,0,-0.0499522777347116
"Meis3",0,0,0,0,-0.0202187421389392,0,0,0,0,-0.0226011500168959,0,0,0,0,0,0,-0.00876806696069262,0,0,0,0,0,0,0,-0.0191517580557642,0,0,0,0,0,0,0,0,0,0,0,0,-0.0220879224916935,0,0,0,0,0,0,0,0,0,0,-0.00101665278549768,0,0,-0.00394658262527495,0,0,0,0,0,0,0,-0.0105030384432115,0,-0.0120100659853153,0,0,0,0,0,0,0,0,0,0,0,0,0,0,0,1.67737284603874,0,0,0,0,-0.000946941719694392,-0.0179719866368666,0,0,0,0,0,0,0,0,-0.0177200793552986,0,0,0,0,0,-0.445762267743461,-0.0162565579486243,-0.0130172002275365,0,0,0,0,-0.0359511974921728,-0.0122088728178725,0,-0.00692984530255386,-0.0348398482316339,-0.120066603277816,0,0,0,0,0,0,0,-0.00391835969397767,0,-0.00122171218183953,0,-0.0423124659625,-0.0209069638607769,0,-0.070239199440294,0,-0.0250033360928391,-0.00117795118132671,0,0,0,-0.602524884394808,0,-0.00815347641502816,0,0,-0.0305626636991411,0,0,0,-0.00812591248941289,0,-0.00380805459417374,0,-0.000807049347727112,0,0,0,0,-0.0049527688729595,0,0,-0.00802288569897471,0,0,0,0,0
"Meox2",-0.0151523183847667,0,0,0,0,-0.00319020092979109,0,0,0,-0.0151349895685551,0,0,0,-0.0183399631119392,0,0,0,0,0,0,0,0,0,0,0,0,0,0,0,0,0,0,0,0,-0.00713569060192097,-0.00485096915206885,0,0,-0.00295376246205894,-0.0163583282971647,0,0,0,0,0,0,0,-0.233083088789404,0,0,0,-0.00606786312395026,0,0,0,0,-0.0130915060450443,0,0,0,0,0,0,0,0,0,0,0,0,0,0,0,0,0,0,0,0,0,1.05638567285106,0,0,0,-0.00417748683961482,0,0,0,0,0,0,0,0,0,0,0,0,0,0,-0.116306579191536,-0.00310763697838607,0,-0.00581262729242416,0,0,0,0,0,-0.00323111896439467,0,-0.0119597687258579,0,0,0,0,0,0,0,0,0,0,0,0,0,0,0,0,-0.0254956195369041,0,-0.00109961272475724,0,-0.0107942263624971,0,0,0,0,0,0,0,0,0,0,0,0,0,0,0,0,0,0,0,-0.000120072025330175,0,0,0,0,0,0,0,0,0
"Mlx",0,-0.0886757502434081,-0.940945930087939,0,0,0,0,0,0,0,0,-0.568614911632212,0,0,0,0,0,0,0,0,0,0,0,0,0,0,0,0,0,0,0,0,0,0,0,0,0,-0.00386499421605524,0,0,0,0,0,0,-0.0036408100251341,0,0,0,0,0,0,0,0,0,0,0,0,0,0,0,0,0,0,0,0,0,0,-0.0139004474625046,0,0,0,0,0,-0.160173480828483,0.0486844049125041,0,0,0,0,2.83980991396659,-0.00641121671789127,-0.0247194746036331,0,0,0,0,0,0,0,0,0,0,0,0,-0.0064898130827477,0,0,0,0,0,0,0,0,0,0,0,0,0,0,0,0,0,0.000898924799104772,0,0,0,0,-0.0691508014872845,0,0,0,0,0,0,0,0,0,0.00066073457966137,0,0,0,-0.281716744314163,0,0,0,0.00321345149384857,0,0,-0.585496986611615,0,0,-0.0836744664719356,0,0,0,0,0,0,0,0,0,0,0,0,0,0,0,0,0
"Mxd1",0,-0.117736337522509,-0.14957260882033,0,0,0,0,0,0,0,0,0,0,0,0,-0.0135640843446798,0,0,0,0,0,-0.0537053857339076,-0.00542307104883546,0,0,0,0,0,0,0,0,0,-0.0085267988944814,0,0,0,0,0,0,0,0,0,0,0,-0.0104364204593196,-0.0068949201402482,0,0,0,0,0,-4.13259490719678e-06,0,0,0,0,0,0,0,0,0,0,0,0,0,0,0,-0.033659971532477,-0.0587021054701764,-0.0167573422291073,-0.00522871225139766,0,-0.00489153001668909,-0.247085194871976,0.0288882198457345,-0.0102168163591035,-0.00544567999166665,0,0,-0.00638984430354678,1.6384389417197,-0.510645037271294,0,0,-0.0136504994639751,0,0,0,0,-0.0128027199029858,-0.00595992741682833,0,0,0,-0.0463775671432057,0,0,0,0,0,0,0,0,0,0,0,0,0,0,0,-0.113858429038768,-0.00561082827726256,0,0,0,0,0,0,0,0,0,0,0,0,0,0,0,0,0,0,0,0,0,-0.0145039258680198,0,-0.00200421362112556,0,0,0,0,0,-0.0112490866227254,0,0,0,0,0,0,0,0,-0.0158533004398688,0,0,0,-0.00843311999154478,-0.0311142875276448,-0.0377294129994918,0,0
"Myc",0,-0.0681784134526885,0,0,0,0,-0.0100060433960445,0,0,0,0,0,0,0,0,-0.0173014343179187,0,0,0,-0.0251286388877846,0,-0.0102125617158291,-0.00630935452462659,0,0,0,0,0,0,0,0,0,0,0,0,0,0,-0.00211525580252426,0,0,0,0,0,0,0,0,-0.0245408824578171,0,0,0,0,-0.0203218750540456,0,0,0,0,0,-0.000727272485489476,0,0,0,-0.000488570327206359,0,-0.00139865039659895,0,0,0,0,0,-0.0365323588429525,0,0,0,-1.00300992174262,0,-0.0156134465630525,0,0,0,-0.0246452532129703,-0.510629401458772,2.02109015426073,0,0,0,0,-0.00221779859324468,0,-0.0407577981370616,0,0,0,0,0,-0.0227860423578053,0,0,0,0,0,0,0,-0.00550788384637079,0,0,0,0,0,0,0,-0.0138478458937353,-0.00174966495161104,0,-0.0197324037433452,0,0,0,0,0,0,0,-0.00925815123629948,-0.00501120268586401,0,0,0,-0.00410930164112071,0,0,0,0,0.214855204978677,0,0,0,0,0,0,0,0,-0.0371332636357922,0,-0.0119847280070467,0,-0.0373704672507417,0,0,-0.00752333070184555,0,0,0,0,0,0,-0.0103625502922383,-0.0221507446001698,-0.0468336671328907,0,0
"Nfatc1",0,0,0,0,0,0,0,0,-0.0346106292451024,-0.028490865052471,-0.0162933575192498,0,0,-0.0304537546449834,0,0,0,0,0,0,0,0,0,0,0,0,0,0,0,0,0,-0.0235741127473289,0,-0.0114051409171465,0,0,0,-0.00950573498085553,-0.0358352172612667,0,0,0,-0.0305075374096929,-0.00558723037748559,0,0,-0.00987359752423592,-0.000368066767044022,-0.00886972841822636,0,-0.0209644284022537,0,-0.00551679159166077,0,0,0,-0.0176997087608827,-0.0079763516308344,-0.0235751954209333,0,0,-0.00626609608709184,-0.0353705602308269,0,0,0,0,0,0,0,0,0,-0.0170490965974381,0,0,0,0,-0.00094613281466203,-0.00417725240054444,0,0,0,1.08179120553984,0,-0.0062010350803511,0,0,0,0,0,0,-0.0119357439826488,0,-0.0281056217149297,0,0,-0.0192548469427391,0,-0.00761606733177523,0,-0.0225487733814646,0,0,0,0,-0.0190648810464657,-0.0542907369775358,-0.00328397338978747,0,-0.023402593184214,0,-0.00521289539927015,0,-0.00698839601916867,0,0,0,0,0,0,0,-0.00627048449329748,-0.0266053150771952,-0.0112033735184744,0,-0.0428949942205043,-0.00111252630156303,-0.00647452409103607,0,0,0,0,0,0,-0.00779867621689601,0,0,-0.0147329550052809,0,0,0,0,0,-0.00669052923377013,0,0,0,0,0,-0.00142839231399941,-0.00204074259613771,0,0,-0.03423798278298,0,0,0,0,0
"Nfe2l2",-0.000932338386329533,0,0,0,-0.0174248546814573,0,0,0,-0.163253768419446,-0.00973494776890535,0,0,0,-0.0138729642437708,0,0,0,-0.000789881614531968,0,0,0,0,0,0,-0.0142978497185223,0,0,0,0,0,0,-0.0272589246832349,0,-0.0643711140769166,0,-0.0902450952739401,0,-0.0407367365902121,-0.0114555805387764,0,0,0,-0.00490573265511843,-0.0216861615489186,0,-0.00324418697565858,-0.0130616944512057,-0.0043240507390527,-0.00599564759893079,0,0,0,0,0,0,0,0,0,-0.0255606942287538,0,-0.0385712946016421,0,-0.0181805398409083,0,0,0,0,0,0,0,0,0,-0.472304436327863,0,0,0,0,-0.0179659380592876,0,0,0,0,0,1.42472687347004,0,0,-0.00396633004154505,0,0,0,-0.0310597949823718,0,0,0,0,0,-0.00145599686528857,-0.00381894875478674,0,-0.00849557092521996,-0.015327554924887,0,0,0,-0.0273174204690472,-0.00748094146068129,-0.0102254782562022,0,0,0,-0.00838477729347712,0,0,0,0,0,0,-0.016136355186954,0,0,0,-0.000736205488917086,0,0,0,-0.0218572481662456,0,-0.00205806184505775,-0.000467739961671959,0,0,0,0,0,-0.0155598625438232,0,0,-0.00367997554341425,0,0,0,0,0,-0.0214324982047314,0,-0.018149164957177,0,0,0,0,0,0,0,0,0,0,0,0,0
"Nfil3",0,0,0,0,0,0,-0.416155435125463,0,0,-0.00796885021903927,-0.00191028709785975,0,0,-0.0605795252484494,0,0,0,-0.0607197517066428,0,0,0,0,0,0,0,0,0,0,0,0,0,0,0,0,0,0,0,0,0,-0.00355933947161441,0,0,-0.0189960867097265,0,-1.20723871106537e-06,0,0,0,-0.000699931888268872,0,0,-0.00239271731506678,0,0,0,0,-0.040399324920436,0,0,0,0,0,0,0,0,0,0,0,0,0,0,0,-0.000247479507769722,0,0,0,0,0,0,0,-0.0136551864299844,0,-0.00620105487896286,0,1.5469550960422,0,0,0,-0.000229660223240669,0,-0.00466842518569622,0,-0.0134996536858394,0,0,0,-0.0018083337558585,-0.0067298057177161,0,0,0,0,-0.00613201374951349,0,-0.0125170823786949,0,-0.0307245572686948,0,0,0,-0.0123569358806054,0,0,0,0,0,0,0,0,0,0,0,-0.0235942833683766,0,0,0,0,0,0,-0.70405530679663,0,0,0,0,0,0,0,0,0,0,0,0,0,-0.00107812282017386,0,0,0,0,0,0,0,0,0,0,0,0,0,0,0
"Nfkb1",0,0,0,0,0,0,0,0,0,-0.010715589229215,0,0,0,0,0,0,0,0,0,-0.00603212207884864,0,0,0,0,0,0,0,0,0,0,0,0,0,0,0,0,-0.00721271357335403,0,-0.00316313437022498,0,0,0,0,-0.00274433872007886,0,0,-0.0149079421215703,0,0,0,0,0,-0.0296396136088454,0,0,0,0,-0.0219120373739498,0,0,-0.00268833001636539,0,0,0,0,0,0,0,0,0,0,0,0,0,0,0,0,0,0,0,0,0,0,0,0,2.23562050571162,-1.52341517168068,0,0,0,0,-0.0133492567137478,0,0,0,0,-0.00958310099908516,0,-0.00685351846912458,0,-0.167327184671062,-0.0516169335367908,-0.0503430602149187,-0.00626752527456361,0,0,0,0,0,-0.00269074096227134,0,0,0,-0.0213879201812238,0,0,0,0,-0.0215653529776397,0,0,0,0,0,0,0,-0.0237260542883833,0,0,0,0,0,0,0,0,0,0,0,0,0,0,0,0,-0.00373000469103583,0,0,0,0,0,0,-0.0067828859983562,0,0,0,0,0,0,-0.00602013840458706,0
"Nfkb2",0,0,0,0,0,0,-0.00173466733159873,0,0,0,0,0,0,0,0,0,0,-0.00911361482911313,0,0,0,-0.0162504904340054,-0.0263369550897338,0,0,0,0,0,0,0,0,-0.0152396475979636,0,0,0,0,0,-0.0433901770523032,-0.0218236923110865,0,0,0,-0.0151779631896979,-0.000114726537867119,0,0,0,0,0,0,0,0,-0.0171924388036047,0,0,0,0,-0.00723745877130063,0,0,0,-0.0145824719797354,0,0,-0.00151942827568098,0,0,-0.00584165166920383,-0.0431948628372932,0,0,0,0,0,0,0,0,0,0,0,0,-0.00222294113596686,0,-0.00396955682808747,0,-1.52341338984816,2.55192588739367,0,0,0,-0.0108589737701539,-0.00356800104489491,0,0,0,0,-0.0059182897978168,0,-0.0174198213061215,0,-0.186435730767888,-0.0542946558985858,-0.56045750570898,-0.0249894015466596,-0.0145981022964443,0,0,0,0,0,0,0,0,-0.00374295967358162,0,0,0,0,-0.000177460060128501,0,0,0,-0.00676857359156166,0,0,-0.00834164227476815,0,0,0,0,0,0,0,0,-0.00293151475257294,0,0,-0.0119938189635754,0,0,0,0,0,0,0,0,0,0,0,0,0,0,0,0,0,0,0,0,0
"Nfya",0,0,0,0,0,0,0,0,0,0,0,0,0,0,0,0,0,0,0,0,-0.00852100977665361,0,0,0,0,0,0,0,0,0,0,0,0,0,0.0220348526106736,0,0,0,0,0,0,0,0,-0.0384015261249568,0,0,0,0,0,0,0,0,-0.0151914426567046,0,0,0,0,0,0,0,0,0,0,0,0,0,0,0,0,0,0,0,0,0,0,0,-0.0142291961493992,0,0,0,0,0,0,0,0,0,0,3.77060390275855,-1.45954888077539,-1.80994513512875,0,0,0,0,0,0,0,0,-0.0240317928031851,-0.00525016991848466,0,0,0,-0.0226916934481858,0,0,0,0,0,0,0,0,0,0,0,0,-0.104028214571401,0,-0.00449024137896664,0,0,0,0,0,-0.0314294041234467,0,0,0,0,0,0,0,0.00389762654207806,0,0,0,0,0,0,0,0,0,0,0,-0.00556709005917356,0,-0.00260591008243396,-0.00725252280757667,0,0,0,0,0,0,0,0,0,0,0
"Nfyb",-0.00596273927529604,0,0,-0.00100600678518901,0,0,-0.0195589925817616,0,0,-0.00294182861836315,0,0,0,0,-0.0266974997955066,0,0,0,-0.0251256550106206,-0.0471416696969089,-0.0189291845973515,0,0,0,0,0,0,0,0,0,0,0,-0.0163377848845288,0,0,0,0,-0.011591180467267,0,0,0,0,0,-0.000947232266943504,0,0,0,0,0,0,0,0,-0.00487780711082479,0,0,0,0,0,0,0,0,0,0,0,0,0,0,0,0,0,0,0,0,0,0,0,-0.0199528577317291,0,0,0,0,-0.0407583650588447,0,0,-0.000210818336610258,0,0,-1.4596592478767,4.98370011628315,-3.06747432458895,0,-0.00259761789481805,0,0,-0.0136416872227588,0,-0.00339012813939219,0,-0.034359167978179,0,0,0,0,0,0,0,0,0,0,0,0,-0.00163296318669303,0,0,-0.0118013804604818,0,0,0,0,0,0,0,0,0,-0.0530415917509376,0,0,0,0,0,0,0,0,0,0,0,0,-0.00873098472637921,0,0,0,-0.0198484891538085,0,0,0,0,0,0,0,0,0,0,0,0,0,-0.0234179152657888,0,0,-0.00593064139001179
"Nfyc",-0.029625609605676,0,0,0,0,0,-0.0105673550749137,0,0,-0.00869658491840636,0,0,0,0,-0.00621132330376018,-0.0105950315486748,0,0,0,0,0,-0.0690848007694606,0,0,0,0,0,0,0,0,0,0.0165878846869227,-0.0126657535547493,0,0,0,0,0,0,0,0,0,0,-0.0414142171549217,0,0,0,0,0,0,0,0,0,0,0,0,0,0,0,0,0,0,0,0,-0.0376670314486579,0,0,-0.00727921294191285,0,0,0,0,0,0,0.0163884189830118,0,0,0,0,0,-0.0127619155397045,0,0,0,0,0,0,-1.81006156283951,-3.06763271785126,5.3000500774295,0,0,0,0,-0.0567053288047472,0,-0.0179766195554602,0,-0.11511469742333,0,0,0,0,0,0,0.00536124636348984,0.0123799394098443,0,-0.00672450836591163,0,0,0,0,0,0,0,0,0,0,0,0,0,0,0,0,0.00139941756189068,0.0150480806975097,0,0,0,0,0,0,-0.00195989573993611,0,0,0,-0.0031727537309342,0,0,-0.0171989976705901,-0.0160079836174671,0,0,0,0,0,0,0,0,0,0,0,-0.0348475422399524,0,0,0,0,0
"Nr1i3",0,0,0,0,0,-0.0400041962008237,0,0,0,-0.0429292940193921,0,0,-0.00398886564983414,-0.0129980628934672,0,0,0,-0.0101621694224302,0,0,0,0,-0.0176192607363625,-0.00287978633774559,0,0,0,0,0,-0.00466508310859558,0,0,0,0,0,-0.00289075913857459,-0.00164326841017037,-0.00423267562057413,-0.0113602324424761,0,0,0,0,-0.00246813124153082,-0.0142615244588576,0,-0.0103484004563044,0,0,0.0013382309286635,0,0,0,0,0,0,-0.016594076827173,0,0,-0.0108036578754648,0,-0.0210689017874207,0,0,0,0,0,-0.00524526256804293,0,0,0,0,-6.29820261324088e-05,0,0,0,0,0,0,0,-0.00595909451057342,0,0,-0.0310602920120267,-0.0046681397699354,0,-0.010857659234604,0,0,0,1.04854271219354,-0.0280365216065038,-0.0330024132693459,-0.00183963180117076,0,0,-0.00635856874080173,-0.0122837359305221,0,0,0,0,-0.0153597217422765,0,-0.0670013156630785,0,0,-0.00314131635074007,0,-0.0106001741337934,0,0,0,0,0,0,0,0,-0.0166614714408966,0,0,-0.0151900606938908,-0.00328150578322373,-0.0241146345701045,0,-0.0160405851189165,-0.0134120473115162,0,-0.0199165358220453,0,0,0,-0.0253618463000393,-0.00874966631263215,0,0,0,0,0,0,0,-0.0145670846283032,0,-0.0067065654650497,0,0,-0.00684499328930159,-0.0115002090203592,0,0,0,0,-0.00227769982039947,0,0,0,-0.016014666212016,0,0
"Nr4a1",0,0,0,0,-0.00532565606457292,0,0,0,-0.00410606578842072,-0.013624863641403,-0.00909506311562371,0,0,-0.00353993555206089,0,0,0,0,0,0,0,0,0,0,0,0,0,0,0,0,0,0,0,0,0,0,-0.000319792659001246,0,-0.0344754326349753,0,0,0,0,0,0,0,0,0,-0.013103386289678,0,-0.00352661938225077,0,0,0,0,-0.00712076956678532,-0.0442878560238963,0,0,0,-0.00952565896116896,-0.00441262627989558,0,0,0,0,0,-0.00533404750889554,0,0,0,0,-0.00776409616424657,0,0,0,0,0,0,0,0,0,-0.0119357249676807,0,0,-0.0133494654404482,-0.00356604635219405,0,-0.00260627803846375,0,-0.0280375629857176,1.20822283081308,-0.0619269587469087,-0.396570493625468,0,0,0,0,0,0,0,0,0,0,-0.00423165554755695,-0.00455406118103518,-0.0313798005095517,-0.000485228554843152,0,0,0,0,0,0,0,0,0,0,-0.00550638928557057,-0.0151171687889877,0,0,0,-0.00438612412447587,0,-0.0269752133856336,0,0,-0.0106586172940948,0,0,0,0,0,0,0,0,-0.00424418342589847,0,0,0,-0.0036613615238795,0,-0.0113660024805272,0,-0.0134736924037919,0,0,0,0,-0.00167219797973953,0,0,-0.02295505095068,0,0,-0.0264968104333367,-0.0227876859957801,0
"Nr4a2",-0.00601309698675465,0,0,0,0,0,-0.0385098366051822,0,0,0,0,0,-0.00635299749206894,-0.0144600398274243,0,-0.0133783410054427,0,-0.00105488996569337,0,0,0,0,0,0,0,0,0,0,0,0,0,0,0,0,0,0,0,-0.0231444200239477,0,0,0,0,-0.050598934183225,-0.00535392230368806,0,0,0,0,-0.011496374709716,-0.0115022351227333,-0.0128362975023219,0,-0.0175605716043553,0,0,0,0,-0.00559059414394843,-0.00238697862340295,-0.0149047229634201,-0.0471773299844245,-0.0108296143611649,0,0,0,0,0,-0.0204855966690244,0,0,0,0,-0.00550183538270792,0,0,0,0,-0.0177208305096762,0,0,0,0,0,0,-0.0135018366254916,0,0,0,0,0,-0.033009721871065,-0.0619337162223344,2.39015073054815,-1.72938418884236,0,0,0,0,0,0,-0.026168593386853,0,0,0,-0.0217707048461783,-0.00852245478741553,0,-0.0190084022957054,0,-0.00355713433760907,-0.0112268237272771,0,0,-0.0126577556420538,0,0,0,0,0,0,0,-0.0276522789709715,0,0,0,-0.0324273832300121,0,0,-0.0228698046259941,0,0,-0.00539867113994535,0,0,0,0,0,-0.0100748931061914,0,0,0,-0.0170269133111527,0,0,0,0,0,-0.00314056741975451,0,0,0,0,0,-0.0160479421233494,0,0,0,0,0
"Nr4a3",0,0,0,0,0,0,0,0,0,-0.0058927804415479,0,0,0,0,0,0,0,0,0,0,0,0,0,0,0,0.00603842808451228,0,0,0,0,0,0,0,0,0,0,0,0,-0.00410682411790282,0,-0.00658079348936017,0,0,0,0,0,0,0,0,0,0,0,0,0,0,0,0,0,0,-0.0091551630665991,0,0,0,0,0,0,0,0,0,0,0,0,-0.0117138326875521,0,5.46966085186642e-06,0,0,0,0,0,0,0,-0.0281113369982336,0,0,0,0,0,0,0,-0.00184006919035687,-0.39657172926543,-1.72939816831649,2.45477910934261,0,0,0,0,0,0,0,0,0,0,0,0,-0.000474459010096497,0,0,0,-0.00127533013002587,0,0.0157096416019826,0,0,0.0144326483443814,0.00815330023815741,0,0,0,0,0,0,-0.00139282038805846,0,0,0,0,0,0,0,0,0,0,0,0,0,-0.00921851444070565,0,0,0,0,0,0,0,0,0,0,0,0,0,0,0,0,0,0,0,0,0
"Nrf1",0,0,0,0,0,0,0,0,0,0,0.020643302848539,0,0,0,-0.0179150997912649,0,0,0,-0.0830274061353961,-0.0120699231013032,0,-0.14912685392407,0,-0.0106192627498638,0,0,0,0,0,0,0,0.0180409069122825,-0.053940426203186,0,0,0,0,0,0,0,0,0,0,0,0,-0.0285695094687476,0,0,0,-0.0178109801114271,0,0,-0.014397627975977,0,0,0,0,0,0.00849574281701416,0,0,0,0,0,-0.00571105079383785,0,0,0,0,-0.0587934523474297,-0.0612382220645457,0,0,-0.0221998192617671,0.00705496864392032,-0.0621351811526113,-0.000648393283257902,0,0,-0.00648970720545687,-0.0463820603424967,-0.0228072544463358,0,0,0,0,0,0,-0.0136084358618234,-0.0566932051129801,0,0,0,0,1.44360494670447,0,0,0,0,0,0,0,0,-0.0554801418173187,0,0.00547985319918453,0,0.0222036277232194,0,0,0,0,0,-0.0232491722410181,-0.0575067198033901,0,0,0,0,0,0,0,0,0,-0.0345976521620677,0,0,0,0,0,-0.0152481502974148,-0.0086250898377363,-0.00679365003186185,-0.00387289634283725,0,-0.0229141529090561,0,-0.0078139271360252,0,0,-0.0173896825810925,-0.0255323214610212,0,-0.00687589767447253,-0.0784464033626949,0,0,-0.0232540117331307,0,0,0,0,0,-0.004474237061949,-0.130798865048919,-0.0544943281275006,-0.0015486825595837,0,-0.0957497197894886
"Patz1",0,0,0,-0.00674484722420594,0,0,0,0,0,0,0,0,0,0,0,0,-0.00788932229833529,0,-0.220038304300196,0,-0.0739919949372011,0,0,0,0,0,0,0,0,0,0,0,0,0,0,0,0,0,0,0,0,0,0,0,-0.00290177571560476,0,0,0,0,0,0,0,0,0,0,0,0,0,0,0,0,0,0,0,0.0488330910944492,-0.278518667240952,-0.72452371736068,-0.0823198224263695,-0.368681744707315,0,0,-0.0194458597679685,0,0,-0.0938468078680028,0,0,0,0,0,0,0,0,0,0,0,0,0,0,0,0,0,0,0,0,3.20495962954752,0,0,0,0,0,0,-0.00297238786017671,0,0,0,0,0,0,-0.0242392594266258,0,0,0,-0.000143010864661982,0,-0.386488745849278,0,0,-0.0857024296911594,0,0,0,0,0,0,0,-0.0023330450771595,0,0,0,0,0,0,0,0,0,0,0,0,0,0,0,-0.362696408337174,0,0,0,0,0,-0.362818743213398,0,0,-0.00944093024593538,-0.00576872335455617,0,0,0,-0.0514587585761742,0,-0.0197509832594676
"Pbx4",0,0,0,0,0,0,-0.00227774195995746,0,0,-0.0443872932531651,0,0,0,0,0,0,0,0,0,0,0,0,0,0,0,0,0,0,0,0,0,-0.00193558253468266,0,0,0,0,0,0,-0.00589577279354681,0,0,0,-0.0455297485439678,0,-0.0134465884485455,0,-0.029197064403983,0,0,0,-0.00801040677740464,0,0,0,0,0,0,-0.00588029510513547,0,0,0,0,0,0,0,0,0,0,0,0,0,0,0,0,0,0,0,0,0,0,0,0,-0.0192536775593664,-0.00145509261155766,-0.00180838842449637,-0.00958324644920415,-0.00591861240082361,0,-0.00339448065103476,-0.0179796645312616,-0.00635876531185518,0,0,0,0,0,1.33918993732027,0,-0.626380743363117,-0.00645149118041772,-0.0203759727356283,0,-0.0049690500848036,0,-0.0177637447103642,0,0,0,0,0,0,0,0,0,0,0,0,0,0,0,0,0,-0.000903813099565709,0,0,-0.00517453013154655,0,0,0,0,0,-0.0202118757996091,0,0,-0.0297543875780219,0,-0.00258943265439792,0,0,-0.00333090894348249,0,0,0,0,0,0,0,0,0,0,0,0,0,-0.0140456450039411,0,0,0,-0.00122189588307057,0
"Phox2b",0,0,0,0,0,0,0,0,0,-0.00667451688980088,0,0,0,0,0,0,-0.000352253765063665,0,0,0,0,0,0,-0.00205366612466677,0,0,0,0,0,0,0,0,0,0,0,0,-0.00816531045808767,-0.0157570738435611,0,0,-0.000180252339063404,0,-0.0110109520679107,-0.0048124976819358,-0.00100281549867795,0,-0.0101609602582036,-0.145567612257148,-0.000539211576956849,0,0,-0.00129341554199487,0,0,0,0,-0.0203118281582886,0,0,0,0,-0.0102716261420758,0,0,-0.0183078465269446,0,0,0,0,0,0,-0.00195429045775533,0,0,0,0,0,0,-0.11630642740225,0,0,0,0,-0.00381874582367111,-0.00672945171651905,0,0,0,0,0,-0.0122836015020812,0,0,0,0,0,0,1.028462326887,-0.00882772334000918,0,0,0,0,0,0,0,-0.0139207136092392,-0.00599128028058114,0,0,-0.00468794516932543,0,0,-0.00623924891466745,0,0,0,0,0,0,0,0,-0.00486471739047827,0,0,-0.00919722336655112,0,-0.00585874934867471,0,0,0,0,-0.00416139560540556,0,0,0,0,-0.00459836937223178,0,0,0,0,0,-0.0015229061933326,0,0,0,0,0,0,0,0,0,0,0,0,0,0,0
"Pknox1",-0.000334676875284695,-0.00469624255473243,0,-0.0037063896340481,-0.0137006258196687,0,0,0,0,0,-0.0112433248062333,0,0,0,-0.00218215737904723,0,0,0,0,0,0,-0.0175821840892382,0,-0.0534974624708843,0,0,0,0,0,-0.0100179886971782,0,0,0,0,0,0,-0.00661254711641674,0,-0.0157283553719507,0,0,0,0,-0.0183886367294828,0,0,-0.00159258799234161,-0.00957019605503518,0,0,0,-0.0117939246267862,0,0,-0.00425579083629513,0,0,0,0,-0.00725162732683538,0,0,0,0,-0.0168508304208162,0,0,-0.0104139455347898,0,0,0,0,0,0,0,0,0,-0.44575566956463,-0.00310631043663119,0,0,0,-0.00761360951160798,0,0,-0.00685316381691735,-0.0174075116537566,-0.0240498850502135,-0.034282616135066,-0.115106399379594,0,0,0,0,0,0,-0.626376915269416,-0.00882775469990298,1.8513515556962,0,-0.00106926707982113,0,0,0,-0.00195214805632171,0,0,0,0,-0.0293786686860544,-0.0552691303250132,-0.0345003881329659,0,0,0,0,0,-0.0208147373908755,-0.00341816698845229,0,0,-0.00906256932173304,0,-0.00792976630841508,0,-0.00574315702989927,-0.000859536032178313,-0.0173689718952306,0,0,0,0,-0.329270140353994,0,-0.00737018199633946,-0.0037497117293919,0,-0.0235194782506443,0,0,0,0,0,0,0,0,0,-0.0215762388149832,-0.00526543592168527,0,-0.0325756390167588,-0.0194112098100122,0,0,0,-0.0090314455915196,0,-0.000926560211050506,-0.0168805317897311
"Prdm1",0,-0.00897133555059261,0,0,-0.00493177364926301,0,0,0,0,-0.005359512852299,0,0,0,0,0,0,-0.0124920365753206,0,0,-0.00490674355258257,0,0,0,0,0,0,0,0,0,0,0,0,0,0,0,0,0,0,-0.0121026120930512,0,0,0,0,0,-0.0140043671914871,0,0,0,0,0,0,-0.00861804784269012,-0.0266392329546878,-0.0491441325742262,-0.312876389355424,-0.183268868582378,0,-0.373625122950206,-0.220803802586592,0,0,0,0,0,-0.00245552579353688,0,0,0,0,0,0,0,0,0,0,0,0,-0.0162469951168213,0,0,0,0,0,-0.008486517334737,0,0,0,-0.0052483317962143,0,0,0,0,0,0,0,0,-0.00644813254653727,0,0,1.61150974161812,-0.0112021087996268,-0.0466182991090676,-0.0169671183936284,0,-0.00270897193662083,0,0,0,0,-0.0133127445077383,0,0,0,-0.0237738181788137,0,0,0,0,0,0,0,0,0,-0.00455127855754194,0,0,0,0,-0.0111600384362608,0,0,0,0,0,-3.89928919209267e-05,0,0,0,0,0,0,0,0,-0.011781629329577,0,-0.0388192378327463,-0.0163291084410485,-0.00113109715394208,0,0,-0.0202484090669859,0,-0.0244623224936408,0.0384871179575833,0,0,0,-0.00219486581336928,0
"Rel",0,0,0,0,0,0,0,0,0,-0.0136307202221364,0,0,0,0,0,0,0,-0.0260841790649623,0,0.0193561941070369,0,0,0,0,0,0,0,0,0,0,0,-0.0137177923813816,0,-0.000574487360306092,0,0,0,0,0,0,0,0,-0.0454427171144749,-0.0147294726095241,0,0,-0.0117122888341962,0,0,-0.0206715606947112,-0.00960744388737814,-0.00745215229235544,-0.0414833180988061,0,0,0,-0.0396836020308016,0,0,-0.00335023291947032,-0.00229232609506091,0,0,0,0,0,0,0,0,0,0,0,-0.0197593157147173,0,0,0,0,-0.0130159728596648,-0.00581144761135247,0,0,0,-0.0225460381128295,-0.0153190143858298,0,-0.167321912736114,-0.186430334529065,0,0,0,0,0,-0.0261592768887988,0,0,0,-0.0203725037151829,0,-0.0010668510816378,-0.0112001900419947,1.23153030945069,-0.0399035759417554,-0.122045515318769,0,-0.00709966541429921,-0.00420759521390898,-0.0107401427278658,-0.0261653635175845,0,-0.00327012053871816,0,0,0,0,0.0118310616171096,0.00199278357673781,0,0,-0.00498446095496206,0,0,0,-0.0221568420662627,-0.0499800614830407,0,-0.00434970661716645,0,0,-0.0155274113227614,0,0,0,-0.00732446368920352,0,-0.0171397831925574,0,0,-0.0223903878832485,0,0,0,0,0,0,0,-0.0129485634352882,0,-0.0279581079592433,0,0,0,0,0,-0.00645282234194921,0,0,0,0,0
"Rela",0,0,0,0,0,0,0,0,0,0,-0.917031357101602,0.0138635957070777,0,0,0,0,0,0,0.0283746172744375,0,0.0625147356464989,0,0,0,0,0,0.00390617371428773,0.0445573319177966,0,-0.0100471485403133,0,0,0,0,0,0,0,0,0,0,0,0,-0.0079555365991129,0,0,0,0,-0.00791591489467405,0,0,0,-0.00556089355490326,-0.0341380733739652,0,0,-0.149474998853859,0,0,0,0,0,0,0,0,0,0,0,0,0,0,0.0855148549289626,0,0,0,-0.743632362147186,0.00528394295169877,0,0,0,0,0,0,0,0,0,-0.0516584440384317,-0.0542838946719613,0,0,0,0,0,0,0,0,0,0,0,0,-0.0466647201830764,-0.0399167441971096,2.72796713377908,-0.0280398336848979,0,0,0,0,0,0,-0.0256785535015286,0,0,0,0,0.134342532899934,0,0,0,-0.0526104884980329,0,0.0300575534170805,0,0,0,-0.0165179278685282,-0.014033518291254,0,0,0,0,0,0,0,0,0,0,0,0,0,0,-0.435762708799021,0,0,0,0,-0.109849982882861,-0.14881037102496,0,-0.116973510007199,0,0,-0.152806362624203,-0.151766577263122,0,0,0,0,0,0
"Relb",0,0,0,0,0,0,0,0,0,-0.0197880354886329,0,0,0,0,0,-0.0109638603897871,0,0,0,0,0,-0.00588510707385045,0,0,0,0,0,0,0,0,0,0,0,0,0,0,0,-0.00608615102762608,0,0,0,0,0,0,0,-0.00447497744667888,0,0,0,0,-0.00963765018996975,0,-0.00595640834955296,0,0,0,0,0,0,0,-0.00894319217117159,-0.00735866679410919,0,0,0,0,0,0,0,-0.0185871166386912,0,0,0,0,0,0,-0.0121584047877492,0,0,0,0,-0.00551910269845054,0,0,-0.00613113713862092,-0.0503451486199044,-0.560452710146791,0,0,0,-0.0153600348021872,0,0,0,0,-0.00297396300194117,-0.00496768107837853,0,0,-0.0169686168989064,-0.122047167122635,-0.0280102968454678,1.37081778458102,0,0,-0.00941823429462956,-0.000997879192552309,-0.0101927857129711,0,0,-0.0296173253047954,-0.0359134120481015,0,-0.00344696270303596,0,0,0,-0.0108663873375406,0,-0.0097009607793055,0,0,0,0,0,0,0,0,0,0,0,0,-0.00662272270832055,0,0,0,0,0,0,0,0,0,0,-0.0210445442557323,-0.00158622642531058,0,0,0,0,0,0,0,0,-0.0144361877973719,0,0,-0.0190550910362266,0,0
"Rfx1",-0.0067954201900916,0,0,0,-0.0201398595220854,0,0,0,0,0,0,0,0,0,-0.0203004937274138,0,-0.0252946154873761,0,0,-0.0425477314389612,-0.0107199291903037,0,0,-0.0118021700604696,-0.00624609774153838,0,0,0,-0.0274280974914095,-0.00919828972849241,0,0,-0.0114746906105936,0,0,0,0,-0.00830904035274911,0,0,0,-0.00994930280369554,0,0,0,0,-0.0480671908158995,0,0,0,0,0,-0.0243285480486376,0,0,0,0,-0.00613877311022555,0,0,0,0,0,0,0,-0.00614211769820845,0,0,0,0,0,0,0,-0.0139387535100219,0,-0.0495930047246317,-0.0704328155141302,0,0,0,0,0,0,0,0,-0.00627495528229735,-0.0249809327545266,-0.0227479553361632,0,0,0,0,0,0,-0.0554807297820638,0,0,0,0,0,0,0,0,1.27235280083605,-0.0110027947398583,0,0,0,0,-0.0345378419311491,0,0,-0.0178761223136328,-0.0209574176195025,-0.0438043794316351,0,-0.0181660721398603,-0.00853784913507234,-0.0095753300941635,0,0,0,0,-0.0100834484099287,-0.0287264531702548,0,-0.034346516423546,-0.00774841131879192,0,0,-0.0164204598657982,0,0,0,-0.00717151323278923,0,0,0,0,-0.0212035314565377,0,-0.000655847630158848,0,0,0,0,0,0,0,0,-0.0203591961203646,-0.0277849879720723,0,0,-0.0467225749179872,-0.100268534969216,-0.016837484919091,0,-0.0689445918928747
"Rora",0,0,0,0,-0.0284869211240765,0,0,0,0,-0.034074490452106,-0.00553461967197643,0,-0.00334063702739225,0,0,0,0,0,0,0,0,0,-0.0090520783940293,0,0,0,0,0,0,0,0,-0.015217412287395,0,0,0,0,-0.00413225964976898,-0.0378789304096618,-0.00451062016052079,0,0,0,-0.0259267454360809,-0.0201340075804407,0,0,-0.0188571259237826,0,0,0,-0.0201879114469623,0,0,0,0,0,-0.0196810247530112,0,0,-0.0223630072735094,0,-0.00341036370223286,0,0,-0.0368503260772092,0,0,-0.0209658457701237,0,0,0,0,-0.0114049368374928,0,0,0,0,0,0,0,0,0,0,-0.027315780472523,-0.0125145174682396,0,-0.0145879133545307,0,0,0,-0.0670004781910934,-0.00422966330251609,-0.0217660465846282,0,0,0,-0.017762322733535,0,-0.00194716916072796,-0.00270618188243521,-0.00710093960713733,0,0,-0.0109974189602072,1.11344240079131,0,-0.0225727002963529,-0.00223379053114141,0,-0.00971984356585828,-0.00753507933689464,0,0,-0.035024966035388,0,0,0,-0.022543138486284,0,-0.00403381808417729,0,-0.00101398860428331,-0.0228200518275265,-0.0121896230541541,0,-0.0364520559027556,-0.00671350929557941,0,-0.0239246383000955,0,0,-0.0320212976644692,-0.016153104851929,-0.0387774277002796,-0.0474865428831592,-0.0112376868361551,0,-0.0271630367848511,0,0,0,-0.0225451259521419,0,-0.0109633130773801,0,-0.0142482384201712,0,0,0,0,-0.0136525074771232,0,0,0,0,0,0,-0.00913687449693581,0
"Runx1",0,0,0,0,0,0,0,0,-0.0309656207790078,-0.0280878659447782,0,0,-0.657283035056314,-0.0407915698062554,0,0,0,-0.00337087608795229,0.0191626146839089,0,0.0214634161631368,0,0,0,0,0.00806728400678048,0,0.026082856405615,0,0,0,-0.0318599029250801,0,0,0,0,-0.0144940562054962,-0.0364791234607307,0,0,0,0.00823697899662724,-0.0397216665636237,0,0,0,0,0,-0.00272663967000018,0,-0.00211037190226819,0,-0.00227953732915497,0,-0.012492625571784,0,-0.0262935019893216,0,0,0,0,0,-0.0322096975275884,0,0,0,0,0,0,0,0,0,-0.00281930718499336,0,0,0,0,-0.0359459595427358,0,0,0,0,-0.0190630754318365,-0.00748424071249752,0,0,0,0,0,0.00531935899523367,0,-0.00453924295403916,-0.00851843195429789,0,0.00546124503324033,0,0,0,0,0,-0.00423653107655399,0,-0.0094224082783038,0,0,4.3288121725688,-2.07985507521288,-1.3614094756655,0,0,0,0,0,-0.0176249973822265,0.0661629481363789,0.00986120687098381,0,0,0,-0.00704288235432063,0,0,0,-0.00818940648972414,0,-0.0411036781584252,0,-0.0145815274720392,-0.0217425812912462,0,0,0,0,0,-0.0060832864279583,0,0,0,0,0,0,0,0,0,0,-0.0105717699819172,0,0,0,-0.0323942228674986,0,0,0,0,0,0.0167622736635788,0,0,0
"Runx2",0,0,0,0,0,0,0,0,-0.0155209992795272,0,-0.00675891033499202,0,-0.423569747531963,-0.0127489070366134,0,0,-0.0106389231443161,-0.0244207424074489,0.0048540970756524,0,0,0,0,0,0,0.00101305359356412,0,0,0,-0.00793023722267402,0,-0.0355056761010372,0,0,0,0,0,-0.0706080389438717,0,0,0,0,-0.0669157104588689,0,0,0,0,0,-0.0310912796052777,0,-0.0110488440042289,-0.00880249655322608,0,0,0,0,-0.0297465976579688,0,0,0,0,-0.00903778383284347,0,0,0,0,0,0,0,0,0,0,-0.0398645214654073,0,0,0,0,-0.0122268654848116,-0.00323228437145774,0,0,0,-0.0542965535664768,-0.0102341746289311,-0.0307329526328062,0,0,0,0,0.0123730583840995,0,-0.0313941345692449,0,-0.000471625458512905,0,0,0,-0.0139250261856763,0,0,-0.0107518852085228,0,-0.00100206678863712,0,-0.0225978557262031,-2.07986147767732,3.6506533969647,-0.671950968079266,0,0,-0.0263229561821713,0,0,0,0,0,0,-0.0147544811810872,-0.0177669578533283,-0.000130379430463131,0,0,0,-0.00812935870073745,0,-0.0462632211586943,0,-0.00452606010453662,0,0,0,0,0,0,0,0,0,-0.035729350934817,0,0,0,0,0,-0.0394885851082087,0,0,0,0,0,0,-0.00660322023436335,0,0,0,0,0,0,0,0
"Runx3",0,0,0,0,-0.00612379719870702,0,0,0,0,-0.0189044607043491,0,0.00382160339738335,-0.338006590347345,0,0,0,-0.00809981365898033,-0.0208565744014029,0,0,0,0,0,0,0,0,0,0,0,-0.0396663773534922,0,-0.0397756114998823,0,0,0,0,-0.00968313019347044,0,0,0,0,0.019620760211773,-0.000441662718856898,0,0,0,-0.0221014349494389,0,0,0,0,0,0,0,-0.0030055284280767,0,-0.00895599891714252,-0.0279529206837189,0,0,0,-0.014393719856236,-0.00317888040816659,0,0,0,0,0,0,0,0,-0.00940808622548424,-0.0121929597266604,0,0,0,0,0,0,0,0,0,-0.00327960691216476,0,0,0,0,0,0,0,-0.00313929066723184,-0.000486252970732072,-0.0190001691680473,0,0.0222174548315912,0,0,-0.00599068527061715,0,0,-0.0261623615069147,0,-0.0101894676657333,0,-0.00223845064482762,-1.36137733259763,-0.671938111316599,2.82674362414347,0,-0.0148191237907626,0,0,0,0,0,0,0,0,0,0,0,0,-0.00408883632005914,0,0,0,0,-0.020556007164462,-0.00753437004989811,0,0,0,0,0,-0.00690899737789694,0,0,0,0,0,0,0,0,0,0,-0.00151566724591032,0,0,0,-0.00693725772201704,0,0,0,0,0,0,0,0,0
"Setbp1",-0.0190956401101781,0,0,-0.0233544625389424,0,0,0,0,0,0,0,0,0,0,0,0,0,-0.00307168980970018,0,0,0,0,0,0,0,0,0,0,0,0,-0.00138454503720736,0,0,0,0,0,0,-0.0218574337668019,0,0,0,0,0,-0.00188318504219577,0,0,0,0,0,0,-0.0121671845307068,0,0,0,0,0,0,0,-0.00233503966473919,0,-0.013290582828399,-0.00150252504066723,0,0,-0.00193187510555707,0,0,0,0,0,0,0,0,0,0,0,0,-0.00692937715527095,-0.0119597137498327,0,0,0,0,0,0,0,0,0,0,-0.00672168445820568,0,0,0,0,0,0,0,0,0,0,0,0,0,0,0,0,0,0,0.978148081027539,0,0,0,0,0,0,0,0,0,0,0,-0.0179271520430693,0,0,0,0,0,0,0,0,-0.000737332185221088,0,0,0,0,0,0,0,0,0,0,-0.0124207833106385,0,0,-0.00843820742273041,0,0,0,0,0,0,0,0,0,0,0,0,0,0,0
"Smad3",0,-0.0165420696965466,0,0,-0.0146397869496404,0,0,0,0,-0.0258272783244254,-0.0453219589323002,0,-0.0317109607420451,0,0,0,-0.0733833783572173,0,0.0217821868389932,0,0,0.00385253454292333,0,0,-0.0099748366741703,0,0,0,0,-0.0210207867825602,0.0104668042997309,-0.0181509242322949,0,0,0,0,0,0,-0.00241728125778069,0,0,0,-0.016919084691211,0,-0.00584894901458823,0,-0.0110278561264953,0,0,0,-0.0109358172469956,-0.035082742303252,-0.0261549739366948,0,0,0,0,0,0,0,0,0,-0.0546111584382943,0,0,-0.0363703005726525,0,0,0.028850128693665,0.0773020498650213,0,0,0,0,-0.114376911188882,0,-0.0095134349150885,-0.0348276947481595,0,0,0,0,-0.0233990952828578,0,0,-0.00268075641794401,0,0,0,0,-0.0105971661824726,0,-0.00355194493823589,0,0,-0.0242031904424411,0,0,-0.0293750084935145,-0.0133083553248579,-0.00327021716025051,-0.0256467466119085,0,-0.034530034246693,-0.00972097586004348,0,0,-0.0148139345977714,0,1.19619833164225,0,0,0,-0.00980352492807172,0,0,-0.0162222298473994,0,-0.0205592787918281,0,0,0,0,0,-0.00300275882458438,-0.0462963317210812,-0.103258141178343,-0.0278025208690283,-0.0260213133263162,0,0,0,0,0,-0.00966696197248583,0,0,-0.0286609911682057,0,0,0.038887838643582,0,0,0,0,-0.00900090236295254,-0.0152252274620656,-0.0128227102696628,-0.0224026841238749,0,-0.0399462273804576,0,-0.0163013735374358,0,0,0,-0.00875946234420393,0,0
"Snai1",0,0,0.0190831579753413,0,0,0,0,0,0,0,0,0,0,-0.0164476358505594,0,0,-0.0559769648108534,0,0,0,0,0,-0.0291173048197137,0,0,0,0,0,0,0,0,0,0,-0.000903971092787824,0,0,0,-0.0105800692597005,0,0,0,0,-0.0253034803122976,0,0,0,-0.0580552726242605,0,0,0,0,0,0,0,0,0,-0.0155711624454814,0,0,0,0,-0.02735678999994,0,0,0,0,0,-0.0342708745952122,-0.0780335548734062,0,0,0,-0.00219738365151882,0,0.0437674246739925,0,-0.00243309746698482,-0.120063803737154,0,0,-0.113855145782316,-0.0138623044501044,0,-0.00837620143099117,-0.0123514592588891,0,0,0,0,0,0,0,-0.0112139141866006,-0.0012746825394149,0,0,0,-0.00468770233864815,-0.0552730462318098,0,0,0,-0.0296170627249603,0,-0.00753908728930227,0,-0.0262862270381319,0,0,0,1.36537989673243,-0.0815383697377353,0.0275297467958143,0,0,0,0.0242230492759016,0,-0.00248708298265113,0,0,0,0,0,0,-0.0269188081059121,-0.176305354762738,0,0,0,0,0,-0.309528767017762,-0.0125465704567992,-0.00121097268220349,0,0,-0.051077995488501,0,0,-0.00878273360352371,0,0,-0.0152846210555695,0,0,0,-0.000241499674423418,0,0,0,0,0,0,0,-0.00526677409171615,-0.0149111795246418,-0.00507099052779588,0
"Snai3",0,0,0,0,0,0,0,0,0,0,0,0,0,0,0,0,0,0,0,0,0,-0.0365912168790717,-0.0112200455959372,0,0,0,0,0,0,0,0,0,0,0,0,0,0,-0.0191319076103022,0,0,0,0,0,0,-0.00523635394209333,0,-0.0107738828018673,0,0,0,-0.0202106677356042,0,0,0,0,0,0,0,0,0,-0.00175685502909196,-0.0221917552187013,0,0,0,0,0,-0.00450364695188479,0,-0.0167723866760123,0,0,0,0,0,0,0,0,0,0,-0.00560855364932129,-0.00174589688548986,-0.00521048446205467,0,0,0,0,0,-0.00162779843461486,0,0,0,0,0,0,0,0,0,-0.0344996902733643,0,0,0,-0.0359127273869495,0,0,0,0,0,0,0,-0.0815396390258692,1.23619588501301,0,0,0,0,0,0,0,0,0,-0.0275641720547489,0,-0.00381606263444185,0,-0.00988386489535713,0,-0.447545406623194,0,0,0,0,0,0,0,0,0,-0.0154474504703343,0,0,0,0,0,-0.0094133188968812,0,0,0,-0.0294880757147468,0,0,0,-0.00379230794697882,0,0,0,0,-0.00295243880388824,0,0
"Sp1",0,0,0,0,0,0,0,0,0,0,0,0,0,0,0,0,-0.0466390551376146,0,0,-0.0791173175011415,0,0,0,0,0,0,0,0,0,0,0,0,0,0,0.00116296761054314,0,0,0.0169318791513361,0,0,0.0194038598870378,0,0.00155437735999613,0,0,0,0,0,0,0,0,0,-0.00420869871692535,0.0164826112283918,0,0,0.0446009149939441,0,0,0,0,0.0405673665490028,0,0,0,-0.0994776899034674,0,0.361647352539132,0.0981898481982069,0,0,0,0,0,-1.15021074487441,-0.0195800445243751,-0.012139178211084,0,0,0.000865731315100415,0,0,0,0,0,0,0,0,0,0,0,0,0,0.0159682218918018,0,0,0,0,0,0,0,0,0,-0.0178193703965345,0,0,0,0,0,0,0.0275089150485106,0,6.63044877525036,0,-1.91843811699945,-1.25835001808219,-1.27633031855178,0,0,0.028120915065175,0,0,0.00489146806138491,0,-0.0831514439047762,0,-0.0182371567495356,0,0,0,0,0,0,0,0,0,0,0,0,0,0,0,-0.588201050365948,0,0,0,0,0,0,0,0,-0.714931390998429,0,0,0,-0.0110473869020162,0,0,-0.0368258409901328
"Sp110",-0.0185983411288469,0,0,-0.0195136868543224,0,0,0,0,0,-0.0129153360642967,-0.000899714192455646,0,0,0,0,0,-0.0151808788679679,0,0,-0.0186987202624938,0,0,0,0,0,0,0,0,0,0,0,0,0,-0.00784621517744463,0,0,-0.00762922612376675,0,0,0,0,0,0,-0.0125328205645506,-0.014260423279959,0,-0.0303575203268969,0,0,0,0,-0.00623878977256853,-0.00163024336824093,0,0,0,0,0,0,0,0,0,0,-0.00929491409710997,0,0,0,0,-0.00609438735993021,-0.0040346107311163,0,0,-0.0258486978711451,0,0,0,0,0,0,0,0,-0.0197439305829357,-0.00698887478237285,0,0,-0.02139213087742,-0.00373918731910641,0,0,0,0,0,-0.0126606376037761,0,-0.0232480726662315,-0.000143607801792696,0,-0.00623986875793001,0,-0.023777624430788,0,0,-0.0034490496024747,-0.0209556610114106,-0.0350290221853189,-0.0176269058734706,0,0,0,-0.00980730272872173,0,0,0,1.10089524274897,0,0,0,0,-0.0296539448397583,-0.000863495924782471,0,0,-0.0112138039449212,0,-0.0361471444503581,-0.000819235514108699,-0.0285640199487593,-0.0013282131422036,-0.000175042831134681,0,0,0,0,-0.0178696819188066,-0.00337317204425913,-0.008989785824714,-0.00551590607630877,0,0,0,0,0,0,-0.0101624101899634,-0.011234328251191,0,0,-0.012088354660016,0,0,-0.0362340023541946,-0.0160952087126163,-0.0427718201200732,0,-0.0513711371113679,0,-0.00261295059832916,0,-0.0600713383908755
"Sp2",0,0,0,0,0,0,0,0,0,0,0.107817853919472,0,0,0,0,0,0,0,0,-0.168594267078413,-0.377104762533889,0,0,0,0,0,0,0,0,0,0,0,0,0,0.035832633887376,0,0,0,0,0.0190074148154602,0,0,0.0263020140365084,0,0,0,0,0,0,0,0,0,0,0,0,0.0324888118193786,0.00647661120254125,0,0.00944022256409575,0,0,0,0,-0.0629738776044001,0.0355133117341713,0,-0.5059092087583,0,0,0,0,0,0,0,0,-0.284314518562056,-0.112103206636428,0,0,0,0,0,0,0,0,0,0,0,-0.011848004566436,0,0,0,0,0,-0.0575662451992134,0,0,0,0,0,0.0117582548350986,0.13448373635251,0,-0.0438342202856127,0,0.0661633338471804,0,0,0,0,0,0,-1.91878369128848,0,6.88928815606403,-2.14598075056301,-0.141859959507096,0,0,0,0,0,0.00116858298552694,0,-0.0324677683262142,0,0,0,0,0,0,0,0,0,0,0,0,0,0,0,0,0,-0.5690585826804,0,0,0.0013394439646308,0,0,0,0.0163162606480841,-0.038329159136768,-0.200392148954598,0,0,-0.359913669743511,-0.333675068588434,-0.0499771509429291,0,-0.322471745198724
"Sp3",0,0,0,0,0,0,0,0,0,0,0,0,0,0,0,0,0,0,0,0,0,0,0,0,0,0,0,0,0,0,0,0,0,0,0,0,0,0,0,0,0,0,0.000300505757485044,0,0,0,0,0,0,0,0,0,0,0,0,0,0,0,0.000864940060218848,0,0,0,0,-0.25183454784733,0,0,-1.72430891250718,0,0,0,0,0,0,0,-0.0432562631882153,0,0,0,0,0,0,0,0,0,0,0,0,0,0,0,0,0,0,0.0144024484746855,0,-0.386619264410724,0,0,0,0,0.00192104599463447,0,0,0,0,0.00970225700073782,0,0,0,0,0,0,-1.25892693286384,0,-2.14610235657091,7.89287014387319,-0.977908114808139,0,0,0.00705073164905254,0,0,0,0,0,0,0,0,0,0,0,0,0,0,0,0,0,0,0,0,0,0,-1.01778728431456,0,0,0.0162013762060497,0,0,-0.26156357115863,0.0291386836419265,0,-0.0630333430677063,0,0,0,0,0,0,0
"Sp4",0,-0.00987990929594496,0,0,0,0,0,0,0,0,0,0,0,0,0,0,-0.0628746999056603,0,0,0,-1.25760791003577,0,0,0,-0.0209311460815387,0,0,0,-0.0437430440475257,0,0,0,0,0.0408917633246327,0.00808693460544103,0,0,0,0,0,0,-0.0854912690179086,0,0,0,0,0,0,0,0,0,0,0,0,0,0,0,0,0,0,0,0,0,0,-0.123790560704031,-0.367633087207382,-0.607167183763628,0,0.230766274319855,0,-0.0397398859903175,-0.249056956875841,0,0,-0.129942582245364,0,0,0,0,0,0,0,0,0,0,0,0,-0.104018828218549,0,0,0,0,0,0.00807489004833915,0,0,0,0,0,0,0,0,0,-0.0181627274815342,0,0,0,0,0,-0.0162504380363667,0.0241959857221493,0,-1.27597849741503,0,-0.141819680856332,-0.97789513792631,5.20006739230996,0,0,0,0,0,0,0,-0.0303481392244374,0,0,0,0,0,0,0,0.00939370613020532,0,0,0,0,0,0,-0.0088217434418112,0,0,0,0,-0.00758858393890461,0.000842505234138822,0,0,-0.18010275704957,0,0,0,0,0,0,0,-0.00222097271180149,0,-0.0112474687390673
"Srebf1",0,0,0,-0.0193882051528484,0,0,0,0,0,-0.00729758152265541,0,-0.197606054758155,0,0,0,0,0,0,0,0,0,-0.00586933525976399,0,0,-0.000477225319762112,0,0,0,0,0,0,0,-0.0236111902222217,0,0,0,0,-0.0163005774027323,0,0,0,0,-0.0156863905056604,0,0,0,-0.0381519409892625,0,0,0,-0.00912743641825565,0,0,0,-0.00780667454350564,0,-0.00828912261287823,-0.00429423340342176,0,0,0,-0.0168378903353133,0,-0.00713160096896187,-0.0239247076767022,0,0,-0.0266033586790426,0,0,0,0,-0.00957236725057928,0.0136048455482363,0,0,-0.017303397204894,0,0,-0.0691354336231227,0,0,0,-0.0161325732438406,0,0,0,0,0,0,0,0,0,0,0,0,0,0,-0.0208162619201047,0,0,0,-0.0108693533178617,-0.0085394009476836,-0.022556700522644,0,-0.0147284361925837,0,0,0,0,0,0,0,0,0,0,1.66795600301719,-0.491097365622628,0,0,0,0,-0.0087586194099975,0,-0.00664202544106767,0,0,-0.00122834856310666,0,0,-0.319230885703106,-0.00633865409639422,0,-0.0184815405989151,0,0,0,-0.210792433998025,0,0,0,0,-0.00425404554456048,0,0,0,-0.00249132377097815,0,0,0,0,0,0,0,0,0,-0.0108396967668358,-0.00746720379280169
"Srebf2",-0.0081964728379971,0,0,0,0,0,0,0,0,0,-0.0251033709939471,0,-0.0121462699752107,0,0,0,-0.00659683459678408,0,0,0,0,0,0,-0.0128179047547771,0,0,0,0,0,0,0,0,0,0,0,0,0,0,0,0,0,0,0,0,0,0,-0.0166507090377302,0,0,0,-0.0162757112909549,0,-0.000978600203230816,0,0,0,0,0,0,0,0,0,-0.00404890928964037,-0.0697434051939847,0,-0.0175092041895065,0,-0.00495461110041694,-0.0439367352261031,0,0,0,0,0,-0.0163864072132743,0,0,-0.00391026636810134,0,0,0,0,0,0,0,-0.0215565413968915,-0.000179327162719033,-0.00448564106370225,0,0,-0.0166601865336534,-0.00550397845278427,0,0,0,-0.0856419948289314,0,0,-0.00341006593231246,0,-0.00498416504106995,-0.0525490831815999,0,-0.0095630266671999,0,0,-0.017732890976583,0,0,-0.0205598847557654,-0.00248436468435087,0,0,-0.0296458493567886,0,0,0,-0.491084312717998,1.44154140929833,0,0,0,0,0,0,0,-0.0197131877813224,0,-0.0064151180783976,0,0,0,0,0,-0.0327574445755949,0,0,0,0,0,0,0,-0.000488990005238733,-0.0174893129098649,-0.0178933391344986,0,-0.000254706760876223,-0.000743190113556086,-0.147794671509298,0,-0.0293846459573618,0,-0.0201773050288716,0,0,0,0,-0.00110838074516065,0
"Stat1",0,0,0,0,0,0,0,0,0,-0.00582312559651844,0,0,0,0,0,0,0,0,0,0,0,0,0,0,0,0,0,0,0,0,0,0,0,0,0,0,-0.107452219460144,0,0,0.019083746713745,0,0.0118421530775443,-0.00225503419035879,-0.0027422219526834,0,0,0,0,0,0,0,0,0,-0.530836381000975,0,-0.425682188321581,-0.0102267757800416,0,-0.0437147034264464,0,0,0,0,0,0,0,0,0,0,0,0,0,-0.000981969175668166,0,0.0189657178706658,0,0,0,0,0,0,0,0,0,0,0,0,0,0,0,0,-0.0151120964321123,0,0,0,0,0,0,0,0,0,0,-0.00970726117590535,0,-0.00405695259445376,-0.00709618033379376,-8.7239335869211e-05,0,0,0,0,0,0.0281134296823362,-0.000861411136060893,0,0.00711582504518058,0,0,0,3.36576672423026,-1.38531844904712,0,0,0,0,0,0,0,-0.0210972344349646,0,0,0,0,0,0,0,-0.0125428464757254,0,0,0,0,0,0,0,0,0,0,0,0,-0.60855096459333,0,0,0,-0.380808358876671,0,0,0,0,0
"Stat2",0,0,0,0,0,0,0,0,0,0,0,0,0,0,0,0,0,0,0,0,0,0,0,0,0,0,0,0,0,0,0,0,0,0,0,0,-0.0601047561961129,0,0,0,0.0340739160357708,0,0,0,0,0,0,0,0,0,0,-0.00463794396553277,0,-0.754346823492833,-0.20559530459263,-0.344705206981906,-0.0767733235587236,-0.163750220039796,-0.0808300846580983,-0.00542648451649059,0,0,0,0,0,0,0,0,0,0,0,0,0,0,0,0,0,-0.00119840620683,0,0,0,0,0,0,0,0,0,0,0,0,0,0,0,0,0,0,0,0,0,0,0,0.0301372895730296,0,0,0,0,0,0,-0.0179265036599453,0,0,0,0,0,0,0,0,0,0,-1.38529399590273,3.19672077305939,0,0,0,0,0,0,0,0,0,0,0,0,0,0,0,0,0,0,0,0,0,0,0,0,0.00652523638860966,0,0,0,0,0,0,0.0182542820169375,-0.148926195912938,0,0,0,0,0
"Stat3",-0.00658343505063316,0,0,0,-0.0206891328371873,0,0,0,0,0,-0.0361995804679061,0,0,0,-0.0181750931008888,0,0,0,0,0,0,0,0,0,-0.11276433421149,0,0,0,0,0,0,-0.0324877803341685,0,0,0,0,0,-0.0345388965735755,-0.0056164924449486,0,0,0,0,-9.39320293939552e-05,0,0,-0.017467336243085,0,0,-0.00458383411393252,-0.00860117148823705,-0.0120396201860228,0,0,0,0,0,0,0,0,-0.00265006503237167,0,-0.0150082019579987,0,-0.000920735384942912,0,0,-0.00611352661835177,0,0,0,0,-0.012559650262975,0,0.0104732720328236,0,0,0,0,0,0,-0.00925367237627866,-0.00626630579812736,-0.000731013198110469,0,0,0,0,0,0,-0.015188098817253,0,-0.0276482266855135,0,0,0,0,0,-0.00905581128747147,0,0,0,0,0,-0.00101005550587957,0,0,0,0,0,0,-0.0275635793394012,0,0,0,0,0,0,0,0,0,2.36216884646249,-1.67312134223331,0,0,-0.016103086342582,0,0,0,0,0,0,0,-0.069142944625477,0,0,0,-0.0128394997561505,0,0,0,-0.00415353857110254,0,0,-0.0825689397686477,0,0,0,0,0,0,0,0,0,0,0,-0.0144485422834621,0,0
"Stat4",0,0,0,0,0,0,-0.00374054744949189,0,0,-0.0153447012864976,-0.0978345870566803,0,-0.00618791654178791,0,0,0,0,0,0,0,0,0,0,0,0,0,0,0,0,0,0,0,0,0,0,0,0,0,0,0,0,0,-0.0347390735100596,-0.0197141623722654,0,0,0,0,0,0,-0.019642715396298,0,0,0,0,0,0,0,0,0,0,0,-0.00211684713453246,0,0,0,0,0,0,0,0,0,0,-0.0111910556520227,0.00509678804021456,0,0,-0.0423189273335989,0,0,0,-0.0050471859645407,-0.0266113264534899,0,-0.0235992228028711,0,-0.00677521673018842,0,0,0,-0.00328754927214995,0,0,0,0,0,-0.000910444596993309,-0.00486726849801334,0,0,-0.0221721123900957,0,0,0,-0.0228421752847754,0,0,-0.00410531553430944,0,0,0,0,0.00480441725045457,-0.0112188786907428,0.00121547166531887,0,0,0,0,0,0,-1.67313459242879,2.32164784225832,-0.0418455634115403,0,0,0,-0.00448098075798236,-0.03509827080116,0,0,0,0,0,0,0,-0.000367018620678865,-0.0249003175018982,0,0,0,0,0,0,0,0,0,-0.00922138882415196,0,0,-0.0212611067142946,0,0,-0.00540811586854869,0,0,0,0,0
"Stat6",0,0,0,0,-0.00708724143112298,0,0,0,-0.0161864795502017,-0.0268903743779805,0,0,-0.0243177507351661,-0.0188723954411514,0,0,0,0,0,0,0,0,0,0,0,0,0,0,0,0,0,-0.0372839107502041,0,0,-0.00562304942675231,0,-0.00983043964218596,-0.0333581068143711,-0.00834196961820147,0,0,0,-0.0399694690657114,-0.00460125304400486,0,0,-0.00711730392182238,0,-0.0104914402383258,0,-0.020964457156199,-0.00829172826169472,0,0,-0.0170338512738399,0,0,0,-0.0220745051704801,-0.00293082222179677,0,-0.0125407796288725,0,0,-0.00307704799792776,-0.00576828964651761,0,0,0,0,0,-0.000595961625513202,-0.00176569091205189,0,0,0,0,-0.0209042839130485,0,0,0,0,-0.0112026363805794,0,0,0,0,0,0,0,-0.0241141600838148,-0.00438487285700263,0,-0.00139204172923432,0,0,0,0,-0.00792870246612931,-0.00455117356668485,-0.0499827698432097,0,0,-0.0100820032269968,-0.0121916777444955,-0.00819281552106113,-0.00812076352432507,0,0,0,0,-0.00381675558923446,0,0,0,0,0,-0.0087580651499541,0,0,0,0,-0.041839880248117,1.06358545020735,-0.000841361257005995,-0.00467127405626322,0,-0.0143107688291873,-0.0141786170521803,0,0,0,0,0,-0.00333772809548709,0,-0.00624486560088694,-0.023791521744273,0,-0.00828645751018672,0,-0.0121759915100668,0,-0.0115292761003837,0,0,0,-0.00586608865430736,0,-0.0118057432887408,-0.0142429346975046,0,-0.00442760632204918,0,-0.0163787458595973,0,0,0,0
"Taf1",-0.00631213235517923,-0.00707579992793354,0,0,0,0,0,0,0,0,0,0,0,0,-0.00843561289639522,0,-0.0647405213685533,0,0,-0.0146728989405097,0,0,0,0,0,0,0,0,-0.0389124517768977,0,0,0,0,0,0,0,0,0,0,0,0,0,0,-8.16708363084929e-05,-0.00789413225486924,-0.00505580713788121,0,0,0,0,0,0,-0.0134103997649677,0,0,0,0,0,0,0,0,0,-0.000830500990313084,0,0,0,0,0,0,0,0,0,0,0,-0.0291739825679362,-0.0420899847209098,-0.0312772113881216,0,0,0,0,0,0,0,0,0,0,-0.0314163297041932,-0.0530573316150799,0,0,0,0,0,-0.0345943114091953,0,0,0,0,0,0,-0.0164993544057941,0,-0.0287253365128017,0,0,0,0,0,-0.00300518313716289,0,0,-0.0831424681330337,-0.0361450890510471,-0.0324032672323824,0,-0.0303017306355213,0,0,0,0,0,0,-0.00083950715987739,1.29912496834548,0,-0.00267954362903028,0,0,0,0,0,0,0,0,0,0,0,0,-0.0559965354631516,-0.00252183533563856,0,0,0,-0.011858615757348,0,-0.118603776051475,-0.0317049034284214,-0.0211492876080691,0,-0.0236571164996727,-0.042359848776727,-0.0144488199901029,0,-0.0663354292539544,-0.00663430803017548,0,0,-0.0739781639389435
"Tbx21",0,0,0,0,-0.00607841212572444,0,0,0,-0.0586510135930773,-0.0348382155522023,-0.0360146584946294,0,-0.0087744204511934,-0.0214293479534895,0,0,-0.00993571252352256,-0.0266497544929625,0.0228917132874578,0,0.00398223277610798,0,-0.0332913296815943,0,-0.00845522061341632,0,0,0,0,-0.00392873491341906,0,-0.0569749533750631,0,0,-0.00246676595517578,0,0,-0.0350420728693406,-0.00697069512497857,0,0,0,-0.0348575582059083,-0.00374468842967391,-0.00057091865459335,0,0,-0.00192018230006292,-0.0211291020559165,0,-0.0378097408661833,-0.0345818831531764,-0.00934968704028937,0,0,0,-0.0638239436762488,0,0,-0.00958233622046073,0,-0.0205689504447822,-0.019576390369508,-0.00974284952186262,0,0,0,0,0,0,0,0,-0.0210018497187471,0,0,0.00171774202836606,0,-0.0702282907539669,-0.0254936124617922,0,0,0,-0.0428900715541165,-0.0218475478997081,0,0,-0.00831802938792821,0,0,0.00142758334565264,-0.0160369820123104,-0.0269695974482757,-0.0324152946788298,0,0,0,-0.00516846878835694,-0.00919637874004887,-0.00573809835853547,0,-0.00435383325082722,-0.0139921373266279,0,0,-0.0364517443087246,-0.0410633668225764,-0.0462414654137286,0,0,-0.0462950144601452,-0.0269245298913639,-0.0098832425679425,0,-0.000812389345799131,0,0,0,-0.00663092076545499,0,0,0,-0.0160918337344419,0,-0.0046678213001091,0,1.26017856866893,-0.0441809093887456,-0.0444910205290031,-0.0203455600149532,0,0,0,-0.004901542799485,0,0,-0.00167578948455921,0,-0.0278435900158454,0,0,0,0,0,0,0,-0.0424672098488338,0,-0.0125424444095691,-0.0124268091158275,0,-0.000241456321994648,0,-0.0128881798581548,-0.00386775258625816,0,0,0,-0.0100807729059031,0
"Tcf12",0,0,0,0,0,0,0,0,0,0,0,0,-0.0181618704785773,0,0,0,-0.101172536991025,0,0,0,0,0,0,0,-0.0213328319082963,0,0,0,0,-0.0110818250177372,0,0,0,0,0,0,0,0,-0.0183416944771072,0,0,0,0,0,-0.00492086938502617,0,-0.0229630901161056,0,0,0,0,-0.0310873927137812,-0.0162855410084004,0,0,0,0,0,0,0,0,0,-0.015133460709957,-0.0110234909371404,0,-0.0306679369059049,0,0,0,0,0,0,-0.000160444538144717,0,-0.0426053449951831,0,-0.0186859273783998,0,0,0,0,-0.00412741756941181,-0.00111129046507357,0,0,-0.0237306837488324,0,0,0,0.0150613100153526,-0.0134130655201978,0,0,0,0,-0.00232450356619057,0,0,-0.000855189870988673,0,0,0,0,-0.0343445917159393,-0.00671816415332904,0,0,0,0,-0.10326130107869,-0.176314753315573,0,-0.0181259186920063,-0.0285571780435148,0,0,0,0,-0.0197170985393488,0,0,0,0,0,-0.00267946268796011,-0.0441881539154465,1.72289390699239,-0.824457815127056,0,0,0,0,0,0,-0.00390775657162462,-0.0135587975365018,0,0,0,-0.00420516652851791,0,0,0,-0.0150510386552066,0,0,0,-0.0236493917218082,-0.022320088786988,0,-0.0123150003442554,-0.0117284092150359,-0.00588120884027439,0,0,0,-0.0229412922864047,-0.0067747340702323,0
"Tcf3",0,0,0,0,-0.0062219933987377,0,0,0,0,0,0,0,0,0,0,0,-0.0477664189920638,-0.0107068976961231,0,0,0,0,0,0,0,0,0,0,0,-0.0178977507405964,0,-0.0101488546145541,0,0,0,0,0,0,-0.00301321097658216,0,0,0,-0.00997708720748995,0,0,-0.00357873331223418,-0.00423016243766187,0,0,0,-0.0137498546816002,0,-0.0132286238967902,0,0,0,0,0,0,0,0,0,0,0,0,-0.0236270044646078,0,0,0,0,0,0,-0.00380161287837171,0,0,0,0,-0.0249994881960546,-0.0010988231578507,0.000660343006053242,0,0,-0.00647467067894856,-0.00205555520135276,0,0,0,0,0,0,0,0,0,0,0,0,0,-0.00585926267908157,-0.0173710690555545,0,0,0,0,-0.00775062208643453,0,-0.0146129211820197,-0.00452116774617711,-0.0205459413428618,0,-0.0278074021422005,0,-0.447551145068175,0,-0.00133182429052961,0,0,0,0,0,0,0,0,-0.00447125392600562,-0.0143130630790176,0,-0.04450328323159,-0.824471426493628,1.80655132308439,-0.112993420562361,0,0,0,0,0,0,0,0,-0.000579943040468064,0,0,0,0,0,-0.0362947499896194,0,0,-0.002046844652359,-0.0107941441505525,0,0,-0.0453340965462725,-0.0255441803117704,-0.0215325361751994,0,0,0,-0.0035117051222662,0,-0.00210633078703412
"Tcf7",0,0,0,0,-0.0253016560502374,0,0,0,0,-0.0509884002157377,-0.061592032614774,0,-0.0367491312339578,0,0,0,-0.0061143367880327,-0.0292529666684059,0,0,0,0,0,0,0,0,0,0.00727576609619985,0,0,0,-0.0782542159616081,0,0,0,0,-0.0277110873211827,0,0,0,0,0,-0.0393250063629293,-0.0177074276602358,0,0,0,0,-0.0089058255977354,0,0,-0.035831837217096,0,0,-0.0523223657776518,-0.0362098338007266,0,-0.0689488373636366,0,0,0,0,-0.00077528262435764,0,0,0,0,0,0,0,0.0135890936135625,0,0,0,0,0.0149521587053256,0,-0.00117403564337133,0,0,0,0,0,-0.000464102492165625,0,0,0,0,0,0,-0.0199158091586074,-0.0106566359170264,-0.0228666179754996,0,0,0,0,0,0,-0.0111642253810846,-0.0155320070055079,0,0,0,-0.0239270264298084,-0.0217360239941993,0,-0.00753394347782282,0,-0.0260236753794081,0,0,0,-0.000173702218833274,0,0,0,-0.00122747156467624,-0.00642331260260808,-0.0210923662459211,0,0,-0.0350909446490377,-0.0141789235956045,0,-0.0203533025870884,0,-0.112991678832852,1.22969419809639,-0.00298545381860853,0,0,0,0,0,0,0,0,0,0,0,0,0,-0.0277385943714461,0,-0.0337285579865773,-0.0114346649083152,-0.0103181031493867,0,-0.122758354628611,-0.016510008921966,0,0,0,0,0,0,0,0
"Tef",0,0,0,-0.0293922114219766,0,0,0,-0.0564943832148948,0,0,0,0,0,0,0,-0.0233123502806499,0,0.100696237915834,0,0,0,0,0,0,0,0,0,0,0,0,0,-0.00664511967656124,0,0,0,0,0,0,0,0,0,0,0,-0.0255914169514193,0,0,0,0,0,0,0,0,0,0,0,0,0,0,0,-0.0214866463788057,-0.0168963939194179,0,0,0,0,0,0,0,0,0,0,0,-0.0109797422683987,0,0,0,0,0,-0.0107940457065038,0,0,0,0,0,-0.704055438020788,0,0,0,0,0,0,0,0,0,0,0,0,0,0,0,0,0,0,0,0,0,0,0,-0.000737336272744247,0,0,0,0,0,0,0,0,0,0,0,0,0,0,0,0,0,0,0,-0.0029856535786117,1.34871143688732,0,0,0,0,0,0,0,0,0,0,0,0,0,-0.0067804556576283,0,0,0,0,0,0,0,0,0,-0.00746015758504837,0,0,0,0,0
"Tfdp1",0,0,0,-0.000415427389695536,0,0,0,0,0,0,0,-0.000274749044151187,0,0,-0.00390106609031949,0,0,0,-0.254430217293433,-0.608591585745196,-0.018068992610206,0,0,0,0,0,0,0,-0.00234475212890789,0,0,0,-0.0194566810598312,0,0,0,0,0,0,0,0,0,0,0,0,0,0,0,0,0,0,0,0,0,0,0,0,0,0,0,0,0,0,0,0,0.00807906230853694,0,0,0,0,0,0,0,0,0,0,0,0,0,0,0,0,0,0,0,0,0,0,0,0,0,0,0,0,-0.0152549036720498,0,0,0,0,0,0,0,0,-0.016429139163756,0,0,0,0,0,0,0,0,0,0,0,0,0,0,0,0,0,0,0,0,0,0,0,0,0,0,1.48757651337934,0,0,0,0,0,0,0,0,0,0,0,0,0,-0.00573330699895885,0,0,0,0,0,0,0,0,0,-0.0694907136499182,-0.0391958623308165,0,0,0
"Tfe3",0,0,-0.400662650024011,0,0,0,0,0,0,0,0,-0.271268403985719,0,0,-0.00725400316383824,0,0,0,0,0,0,-0.00060295557598313,0,0,0,0,0,0,0,0,0,0,0,0,0,0,0,0,0,0,0,0,-0.00228294726311761,0,0,0,0,0,0,0,0,0,0,0,0,0,0,0,0,0,0,-0.00473048838425064,0,0,-0.00163997495142412,0,0,0,0,0,0,0,0,0,0,0,0,0,0,-0.28170183011397,0,0.2148402564194,0,0,0,0,0,0,0,0,0,0,-0.00538040028039167,0,-0.00859889146039988,0,-0.0201819398696164,0,0,0,0,0,0,0,-0.0320195995687851,0,0,0,0,0,0,0,0,0,0,0,0,-0.319219249811367,0,0,0,0,0,0,0,0,0,0,0,0,0,3.30743981581794,0,0,-0.00826363567632981,0,0,-0.0153224765257778,-1.59424970812625,-0.326227729880484,0,-0.169507349361659,0,0,0,0,0,0,0,0,0,0,0,0,0,0,0,0,0
"Tgif1",0,0,0,0,0,0,0,0,0,0,0,0,0,-0.014340711818078,0,0,0,0,0,0,0,0,0,0,0,0,0,0,0,0,0,0,-0.000297963988906668,0,0,0,0,-0.0314207806793543,0,0,0,0,0,0,0,0,0,0,-0.00817646360839725,0,0,0,0,0,0,0,0,0,0,-0.00910417178834148,0,-0.0276002476309998,0,0,0,0,0,-0.00516176646125499,0,0,0,0,-0.0281927161235814,0,0,-0.00306905597231622,0,-0.60253425769295,0,0,0,0,0,0,0,0,0,0.00386641128560167,0,0,-0.025364542676784,0,0,0,-0.00680062862627591,0,0,-0.0041629350763234,-0.329277710284037,0,-0.00733715938027456,0,-0.00662758083357033,0,-0.0161580682248737,0,0,0,0,0,-0.309545756862323,0,0,0,0,0,0.00938261763722924,-0.00633477706265241,0,0,0,0,0,0,0,-0.00491243976594998,0,0,0,0,0,0,1.62165017809787,0,0,0,0,0,0,0,0,0,0,0,0,0,0,0,0,0,0,0,0,0,0,0,0,0,0
"Thap11",-0.0190610562334172,0,0,-4.74662958659134e-05,0,-0.0178886680530234,0,0,0,-0.0247049180982132,0,0,0,0,-0.01895540695339,0,0,0,0,0,0,0,0,0,0,0,0,0,0,0,0,0,-0.0455657191122362,0,0,0,-0.00608377089227157,-0.0300777178921656,0,0,0,0,0,-0.00959228077448436,0,0,0,0,0,-0.00648679346421765,0,0,0,0,0,0,0,0,0,0,0,-0.0121381040004671,0,0,0,0,0,-0.0300007196699914,0,0,0,0,0,0,0,0,0,0,0,0,-0.0144959120900571,0,0,0,0,0,0,0,0,-0.00197059170285275,-0.00874773640161517,0,0,0,-0.00386383720437935,0,0,0,0,0,0,0,0,0,-0.0387752256214888,0,0,0,0,0,-0.0125506640020132,0,0,-0.0178638724229914,0,0,0,0,0,0,0,-0.0691362596413963,0,0,0,0,0,0,0,0,0,0,0,2.59101755710358,0,-0.0112266407845135,0,-0.0057946168720495,0,0,0,-0.0196195195400482,0,0,-1.96743595344291,0,0,0,0,0,0,0,0,-0.00563270931648871,0,0,0,0,0
"Thrb",0,0,0,-0.0237513229278528,-0.0663954498330833,0,-0.0121301433522993,-0.0037806216455694,0,-0.00852941212278253,0,0,0,0,0,0,-0.00111432457948585,0,0,0,0,-0.0132812178735008,-0.000868715799503929,0,-0.0122522779368264,0,0,0,0,0,0,0,0,0,0,0,0,-0.00178257726408629,-0.00295303591453808,0,0,0,-0.020343261884301,0,-0.00435424078544281,-0.012028778713986,-0.0126086740404499,0,0,0,0,0,-0.00115559402158558,0,0,0,0,0,0,0,0,0,-0.0033868448465643,-0.00837046692206517,-0.00300860943517227,0,0,-0.000485156122434932,0,0,0,0,0,0,0,-0.0152440371117689,-0.000208745161947123,-0.00815155737280203,0,0,0,0,-0.0077981928445376,-0.0155597934133302,0,0,-0.00292914551476302,0,0,0,0,0,0,0,0,0,-0.0297525485235558,0,-0.00737080225334134,-3.99808652521717e-05,-0.0171422050061579,0,0,-0.0071726804832053,-0.0474864676796515,-0.00608191675962737,0,-0.00690947737736129,0,-0.00966840763546216,-0.00121428063890966,0,0,-0.00337333592251809,0,0,0,-0.0184812110399517,-0.0327613707657384,0,0,0,0,-0.00333793999857246,0,0,-0.00390613557267491,0,0,0,0,-0.00826631001768661,0,0,1.02825633435125,0,0,0,0,0,0,-0.0202838817346931,0,0,0,0,0,-0.00129013200009307,-0.0131687097589152,0,-0.00662076103507762,0,0,-0.00850251448302159,0,0,0,0,-0.00286604947282233
"Tigd2",0,0,0,0,0,0,0,0,0,0,0,0,0,0,0,0,0,0,0,0,0,0,0,-0.00333073891782983,0,0,0,0,0,0,0,0,0,0,0,0,0,0,0,0,0,0,0,0,0,-0.0450290130981746,-0.000395555277656148,0,0,0,0,0,0,0,0,0,0,0,0,0,0,0,0,0,0,0,0,-0.00387694242751622,0,0,-0.0326203444361554,0,-0.0107045694075269,0,0,-0.0101850558370611,0,0,0,0.00321355101729149,-0.00200350546027931,0,0,0,0,0,0,0,0,0,0,0,0,0,-0.0229128145486152,0,0,0,-0.00374923331520612,0,0,0,0,0,-0.0112375885813869,0,0,0,0,0,0,0,0,-0.00898963221826999,0,0,0,0,0,0,0,0,0,0,0,-0.00167533736191193,-0.0135605527099593,0,0,0,0,0,0,-0.0112270676032645,0,0.990359147945874,0,0,0,0,0,0,0,-0.0011603062358155,0,0,-0.0153589437741072,0,0,0,0,0,0,-0.0038992651834148,-0.029143990224004,0,0,0,-0.0161047919754887
"Tlx2",0,0,0,0,0,0,-0.0021017752410647,0,0,-0.00181137898513558,0,0,0,0,0,0,0,-0.0128813199170564,0,0,0,0,0,0,0,0,0,0,0,0,0,0,0,-0.0210892800740133,0,0,0,0,0,0,0,0,0,-0.0122073579160806,0,0,-0.00125821654559076,-0.813270907915569,-0.000766167104990362,0,0,-0.00104519254834388,0,0,0,0,-0.0208134969492917,0,0,-0.137178308691622,0,0,-0.00455127110407298,0,0,0,0,0,0,0,0,0,-0.00108531684907134,0,0,0,0,0,0,0,0,0,0,0,0,0,0,0,0,0,0,0,0,0,0,0,-0.0025910826771099,0,0,0,0,0,0,0,0,0,0,0,0,0,0,0,0,-0.00551709105299838,0,0,0,0,0,-0.0125464672065694,0,0,-0.000367572460980785,-0.00624592561395849,0,0,0,0,0,0,0,0,0,0,0,0,1.46463068709451,-0.00771634491679933,0,0,0,0,0,-0.00692685026266372,0,-0.0171421992356282,0,0,0,0,0,0,0,0,0,0,0,0,0
"Trp53",0,0,0,0,-0.0329667042139419,0,0,0,0,-0.0108962182706556,0,0,0,-0.00112423013102116,0,0,0,-0.00520750528929875,0,0,0,0,-0.00546327809132365,0,0,0,0,0,0,-0.000548581198238166,0,0,-0.0034032706355786,0,0,0,-0.00122013099442486,-0.0430169946162862,-0.0267586164690701,0,0,0,-0.0357793856529924,-0.0105018919424668,0,0,-0.0584521535015892,0,-0.00920000851643176,0,-0.00210349337365625,-0.0172142842321923,-0.0298751321521982,0,0,-0.00209847737255198,-0.0375106109499159,-0.0187469450226222,0,-0.0161551699325011,0,-0.0302481377051755,0,0,-0.0414496266576406,0,0,0,0,0,0,0,-0.000905360762710956,0,0,0,-0.0106657902312084,-0.0305596340652344,0,0,0,0,-0.0147322165759548,-0.00367937753951322,0,0,-0.0119877218479222,0,-0.00871128757418703,-0.00317372060105127,0,-0.00424336224837075,-0.0100713140598609,-0.00922105871444491,-0.00781080645719948,0,0,-0.00459834340009785,-0.0235182661221106,0,-0.0223951658135009,0,0,0,-0.0271623228191139,0,-0.0357213130669895,0,0,-0.0286620013795857,-0.0510837513328317,-0.0154481969472522,0,0,0,0,0,0,0,0,0,-0.0128405277977449,-0.0248908538466086,-0.023791377946173,0,-0.0278495005671425,0,-0.000576017807164929,0,0,0,-0.0153264998936326,0,-0.00578993169581536,0,0,-0.00771511253709271,1.15079092479212,0,-0.0255572841336182,0,-0.00953033736956552,0,-0.0202668709114937,-0.0319316735004052,-0.0158464686755054,-0.00636377752717561,-0.0192379574852245,0,-0.00268296326690606,-0.0397758223309943,0,0,0,0,0,0,-0.00261816522708536,-0.0164228383874114
"Usf1",0,0,-0.534233237929506,0,0,0,0,0,0,0,0,0,0,0,0,0,0,0,0,0,0,0,0,0,0,0,0,0,0,0,0,0,0,0,0,0,0,0,0,0,0,0,0,0,0,0,0,0,0,0,0,0,0,0,0,0,0,0,0,0,0,0,0,0,0,0,0,0,0,0,0,0,0,0,0,0,0,0,0,-0.58548894242695,0,0,0,0,0,0,0,0,0,0,0,0,0,0,0,0,0,0,0,0,0,0,0,0,0,0,0,0,0,0,0,0,0,0,0,0,0,-0.210785722723879,0,0,0,0,0,0,0,0,0,0,0,0,0,-1.59421790977065,0,0,0,0,0,0,4.21380134315592,-1.33016488054044,0,0,0,0,0,0,0,0,0,0,0,0,0,0,0,0,0,0,0
"Usf2",0,-0.219432299269498,-0.466451908651027,0,0,0,0,0,0,-0.00810261138210098,0,0,0,0,0,0,0,0,0,-0.01737742029851,0,0,0,0,-0.0150188094141257,0,0,0,0,0,0,0,0,0,0,0,0,0,-0.0126723734814876,0,0,0,0,0,-0.0036250392900339,0,-0.00432356312637057,0,0,0,0,-0.00790403311571714,-0.0226066108648146,0,0,0,0,0,0,0,0,0,0,0,0,-0.0153883102855485,0,0,0,0,0,-0.00727118384043116,0,-0.0837031991737238,0,0,-0.0172192546780488,0,0,0,0,0,0,0,0,0,0,0,0,0,0,0,0,0,0,0,-0.00332792244786949,0,0,0,0,0,0,-0.0211978907333497,0,0,0,0,0,0,0,0,0,0,0,0,-0.0087799039906714,0,0,0,0,0,0,-0.00828954595007668,-0.0559966129129058,0,-0.00421898355858811,0,0,0,0,-0.326222150800545,0,0,0,0,0,-0.0255561184264278,-1.33015376749071,2.78175113895954,0,0,0,-0.00249229353694958,0,0,0,0,0,0,-0.00553589947482492,0,0,0,0,0,0,0,0
"Wt1",-0.0107712353299155,0,0,0,0,0,0,0,0,0,-0.00630829561554696,0,0,0,0,-0.000237977508436215,0.000737262959117162,0,0,0,0.114437886605174,-0.257194461389159,-0.214328056515239,0,0,0.0318005656656885,0.0141204070694423,0,0,0,0,0.0389630136183052,-0.0168490001933222,0,0,0,0,-0.0113642743702825,0,0,0,0,0,0,0,0,0,0,0,0,0,0,0,0,0,0,0,0,0,0,0,-0.029725175295162,0,-0.059708941303988,0,0.414423152913546,0,0,-0.393910123416097,-1.51176644445925,0,0.185173253279839,-0.0198800028910286,0,0,0,0,0,0,0,0,-0.0371926626411255,0,0,0,0,0,0,0,-0.0172388726757692,0,0,0,0,-0.0173591291494041,0,0,0,0,0,0,-0.435700054773561,0,0,0,0,0,0,-0.0124207821141665,0.038872110129446,-0.00882492869998076,0,0,0,0,0,0,0,0,0,0,0,0,0,-0.00257327328367271,0,0,0,0,0,0,0,0,0,0,0,0,0,0,0,4.95348623979412,0,-1.88467433272232,0,0,0,-0.0663070873117519,0,0,0,0,-0.459205288435163,-0.0106346944829703,0,-0.38919900215436,0,0,0,0
"Xbp1",-0.0152731636066731,0,-0.141624963277367,-0.149994887188974,0,-0.195208148056327,0,0.00952434706519768,0.0113052346991719,0,0,0.0643682838048912,0,0,0,0,0,0,0,0,0,-0.00648131989649185,0,0,0,0,0,0,0,0,0,0,0,0.0222382113910487,0.00709115201612506,0,0,-0.0110832315739438,0,0,0,0,0,0,0,0,0,-0.000348433189153067,0,0,0,0,0,0,0,0,-0.00353674941190051,0,0,0,0,0,0,-0.0148382124350579,0,0,0,0,0,-0.00408262552952045,0,0,0,0,0,-0.0240306526799664,-0.0189551543547205,-0.00812101771933712,0,-0.083656161480012,-0.0112435758151798,0,0,0,0,0,0,0,-0.0198533324982401,-0.0160059974456564,-0.0145674550087129,-0.00366076956325316,-0.0170253127291165,0,-0.0255336303243095,0,0,0,0,0,0,0,0,-0.000654868533586995,-0.02254501069323,0,0,0,0,0,0,0,0,0,0,0,0,0,0,0,0,-0.0041533145682772,0,-0.0121768496373359,0,0,0,0,0,0,0,-0.169504223146962,0,-0.0196247740794441,-0.0202845864506543,0,0,-0.00953283899292813,0,0,0,1.2250439876729,0,0,0,0,0,0,0,0,0,0,0,0,-0.0140089812581099,0,-0.0139966926700794,-0.00755351980794021,0
"Zbtb17",-0.0222877129279359,0,0,0,0,0,0,0,0,0,0,0,0,0,0,0,0,0,-0.132749122957554,-0.0222595475193873,0,-0.0997957385259493,0,0,0,0,0,0,0,0,0,0,0,0,0,0,0,0,0,0,0,0,0,0,0,0,0,0,0,0,0,0,-0.0194222268662735,0,0,0,0,0,0,0,0,0,0,-0.129710331307168,0,0,0,0,0,-0.177573182336294,0,0,0,0,-0.255399077369077,-0.076436074753255,0,0,0,0,0,-0.0120219710372266,0,0,0,0,0,0,0,0,0,0,0,0,0,-0.362643016486552,0,0,0,0,0,0,0,0,0,0,0,0,0,0,0,0,-0.588097086489857,0,-0.568607549598387,-1.01751640780043,0,0,-0.000491885152918934,0,0,0,0,0,0,0,0,0,0,0,0,0,0,0,0,0,0,0,0,0,-1.88432523749238,0,6.60319564695405,0,0,0,0,0,-0.83135069057284,0,0,-0.777140274371352,0,0,-0.044915902859704,0,0,-0.0137557250858574,0
"Zbtb3",0,-0.00909668933488199,0,0,-0.0132651684242133,-0.00422801583701867,-0.00185628106666294,0,0,-0.0179897955908711,0,0,0,0,0,0,-0.0497991485144674,-0.00209627110626182,0,0,0,0,0,0,-0.00715564614886467,0,0,0,0,0,0,0,0,0,0,0,-0.00419129177542795,-0.021967709953801,-0.0166108161498611,0,0,0,-0.000451835709434114,-0.00681758066037041,0,0,-0.0071238209882883,-0.00521982492470768,-0.000884892090869158,0,0,-0.00886516571381732,-0.00302520105931391,0,0,0,0,0,-0.00495777160447872,0,0,-0.0213259789976986,-0.0102771019287558,-0.014271382830886,0,0,0,0,0,0,0,-0.00756346599179848,-0.00937725443256889,0,0,0,-0.0157990792944462,-0.0038066801756653,0,0,0,0,-0.00669032142291557,-0.0214326107184743,-0.00107867320030267,-0.0037309507177301,0,0,0,0,-0.00670670421191267,-0.0113659052115035,0,0,-0.00687516241110252,0,0,-0.00152336458705924,0,-0.0117843127911976,0,0,-0.0210450340369348,0,-0.0109636149699536,0,-0.0394865354542328,0,-0.00843819075678681,0,-0.0152901976936878,-0.00941471292672933,0,-0.0101626879023771,0,0,0,-0.00425319759782404,-0.0174957734195911,0,0,0,0,-0.0115307012573935,0,0,-0.0150562496212631,-0.0362919773069936,-0.027739724613022,-0.00678019072926265,0,0,0,0,0,-0.00116037400763824,-0.00692694172664285,-0.0202683714119036,0,-0.00249532426529253,0,0,0,1.069273177149,0,-0.0128291367313007,-0.0349514341423029,-0.0187152531015471,0,0,-0.0094633845032046,0,0,0,0,0,-0.0141390734860013,0,-0.0343290410698061
"Zfp143",-0.00300463485493391,0,0,0,0,0,0,0,0,0,0,-0.0053537637630223,0,0,0,0,0,0,0,-0.0302051187638653,-0.0018663200713191,0,0,0,0,0,0,0,0,0,0,0,0,0,0,0,-0.0114058398613635,0,-0.00516609344680194,0,0,0,0,-0.001086463023735,0,0,0,0,0,0,0,-0.039091510317099,0,0,0,0,0,0,0,0,0,0,0,-0.0245093472906846,0,0,0,0,0,0,0,-0.012798857039505,0,0,0,-0.0109293004295075,-0.0538100532398401,0,0,0,0,-0.0373724004203961,0,0,0,0,0,-0.0055696940275776,0,0,0,0,0,0,-0.0784506728600401,0,0,0,0,0,0,0,-0.00158318454853617,0,0,0,0,0,0,0,0,0,0,-0.0112374089254686,0,0,-0.00758047973331657,0,-0.0179030061824669,0,0,-0.0825742403878769,0,0,-0.011865360725153,0,0,0,0,0,-0.00571441093524252,0,0,-1.96744003699563,0,0,0,-0.0319288974352244,0,0,0,0,0,0,2.63121988251271,0,0,0,0,0,0,0,-0.00975459803249681,0,0,0,0,0,-0.0533164293152795
"Zfp212",0,0,0,0,0,0,0,0,0,-0.0266254970719743,-0.204124573226443,0,-0.0029845821006984,-0.00182350249144268,0,0,0,0,0.00339619033682442,0,0,0,0,0,0,0,0,0,0,0,0,0,0,-0.00337676240155252,0,-0.00589813167356183,0,-0.0251543906142934,0,0,0,0,-0.0341804031587821,-0.00512578010977296,0,0,0,0,-0.00115081767803381,0,-0.00709796932548777,0,0,0,0,-0.196315187368275,0,0,0,0,0,-0.00239751632154745,0,0,0,0,0.007665173303378,0,0,0,0,0,-0.00968647289648721,0,0,0,0,-0.00081016477116986,0,0,0,0,0,-0.0181495919107152,0,0,0,0,0,0,0,-0.0134753203825695,0,0,0,0,0,0,0,-0.0388235417906804,-0.0129555697361159,-0.109856302219769,0,0,-0.0142497798578255,-0.0105857859460627,0,-0.00151389802603683,0,-0.00900532105216588,0,0,0,0,0.00133960007675523,0.0162541880480291,0.000858977927979544,0,0,0,0.00651926838811464,0,0,0,0,-0.042476436101506,0,0,-0.0337270501233383,0,0,0,0,0,0,0,-0.0171407236411752,-0.0158441379390738,0,0,0,0,0,-0.0128271329279105,0,1.36484555463988,0,-0.00189711713018366,0,-0.0451124112012025,-0.0153645986273974,0,-0.247126410068466,0,0,0,0,-0.0141976933155073,0
"Zfp260",0,0,0,0,0,0,0,0,0,-0.00437334352587643,-0.0955204098773477,0,0,0,0,0,0,0,0,0,0,0,0,0,0,0,0,0,0,-0.043172715798709,0,0,0,0,0,0,0,-0.00576701399506467,0,0,0,0,0,-0.0162608034852779,0,-0.00715373293153823,0,0,0,0,0,0,-0.0592209800915119,0,0,-0.00511203550092189,0,0,0,0,0,0,0,0,0,0,0,0,0,0,0,0,0,0,-0.172256286315373,0,-0.0248448564887862,0,0,0,0,0,0,0,0,0,0,-0.00260426523052776,0,0,-0.00684470739135522,0,0,0,0,0,0,0,0,-0.0163294406154617,0,-0.148817868347239,0,0,0,0,0,0,0,-0.0152276578539212,0,0,0,0,0,0,0,0,-0.000265064758183614,0,0,0,0,0,-0.118611280537377,0,0,-0.00204463250346431,-0.0114345993713467,0,0,0,0,0,0,-0.0153586505594399,0,-0.00636356319219857,0,0,-0.0662894498542248,0,0,-0.0349493185604819,0,0,1.4011499469932,-0.0448882428505216,-0.00593608957844292,0,-0.030539175969858,-0.109339859128702,-0.0937379618545443,0,-0.0401960037922775,-0.00852074651354124,0,0,0
"Zfp263",0,-0.019222665065966,0,0,-0.0127651951732706,0,-0.0141512175153553,0,-0.00910332389901094,0,-0.00189807718065912,0,0,0,0,0,0,0,0,-0.0565555322180226,0,0,-0.0105001439492352,-0.0233400447859105,-0.0121390324681898,0,0,0,0,0,0,0,0,0,0,0,-0.00254117152879138,0,0,0,0,0,0,0,-0.0201705293863698,0,-0.0290820480921344,0,0,-0.00880993259198503,-0.00165603619258537,-0.010547749077186,0,0,0,0,0,0,0,0,0,0,-0.00356256407283532,0,0,0,0,0,0,0,0,0,-0.0178807895153151,0,0,0,-0.0224612671842417,0,0,0,0,-0.00751838659012542,0,0,0,0,0,-0.0072437270239499,0,0,-0.0114985629216022,0,-0.00313768639611991,0,-0.0232493757062501,0,0,0,-0.0215712989163702,-0.00112786109445816,-0.0279598392959039,0,0,0,0,0,0,0,0,-0.0128224149814741,-0.000243211478482238,-0.0294876675827066,0,-0.0120870039159312,0,0,0,-0.00248634166581253,-0.000745924973076408,0,0,0,-0.00921296727837412,-0.00586616594986238,-0.0317080002238163,-0.012547946140241,-0.0236551761214935,-0.0107895173534721,-0.0103180583809528,0,0,0,0,0,-0.00128990091972162,0,0,-0.0192378882905102,0,0,0,0,0,-0.0187149270899379,0,-0.00189495553364473,-0.0448905683099062,1.11754393291432,-0.0543580427671822,0,-0.00994683175021882,-0.0239407475722559,-0.00188267328779212,0,0,-0.0461685563796863,-0.0280545592580193,-0.0244178363439544,-0.0116795526403502
"Zfp281",0,0,0,0,0,0,0,0,0,0,0,0,0,0,0,0,-0.0688741636784112,0,0,0,0,0,-0.14530404682077,0,-0.0301951638792555,0,0,0,0,0,0,0,0,0,0,0,0,0,0,0,0,0,0,0,-0.0190819836594779,0,0,0,0,0,-0.00695315508409337,0,-0.00695974983017055,0,0,0,0,0,0,0,0,0,0,-0.0768184881015481,0,0,0,0,0,0,0.175926942128035,0,0,0,-0.603982169210511,0,0,0,0,0,0,0,0,0,0,0,0,0,0,0,0,0,0,0,0,-0.362655358211784,0,0,-0.00520878906519039,0,0,-0.116940229747317,0,0,0,0,0,0,0,-0.0223880340432246,0,0,0,0,0,-0.261413477597179,-0.18001381021644,0,-0.147821561112417,0,0,0,0,0,-0.0211526686627668,-0.0124307477716414,-0.0223337984462733,0,0,0,0,0,0,0,-0.0131663495148281,0,0,0,0,0,0,0,-0.831482802592485,0,0,0,-0.00594998454071666,-0.0543491111357864,3.0892739956519,0,0,-0.0249765880679045,0,0,0,0,0,-0.481350609849458,0
"Zfp287",0,0,0,0,0,0,0,0,-0.00504835706278243,-0.0245643787244811,-0.101667139137334,0,0,-0.0275298442899724,0,0,0,0,0.00860253839730638,0,0.00308616237983412,0,0,0,0,0,0,0,0,0,0,-0.00195292800882788,0,0,0,0,-0.2359104043459,0,0,0.0231538455326763,0.0482848045286345,0,-0.0185236424583472,-0.00657786551231491,0,0,0,0,-0.0092944949988733,0,0,0,0,-0.0132595778424288,0,-0.176500955934389,0,0,0,0,0,0,0,0,0,0,0,0,0,0,0,0,-0.0100956929498446,0,0,0,0,0,-0.000119782856967604,0,0,0,-0.00143304228369166,0,0,0,0,0,0,0,0,0,0,0,0,0,0,0,0,0,0,0,0,0,0,-0.0324325512287596,0,-0.00693573822323282,0,0,0,0,0,0,0.0162227435349445,0.0291181535157684,0,0,0,-0.608541414116263,0,0,0,-0.0118071492191471,0,0,0,0,-0.122757048451932,0,0,0,0,0,0,0,0,-0.00268371638275846,0,0,0,0,0,0,0,-0.0451118166660484,0,0,0,1.92099748410216,0,0,0,-0.477905260259859,0,0,0,0,0
"Zfp335",-0.00240842047562554,-0.00164465460922718,0,0,-0.00894453724155286,0,0,0,0,-0.0177838819201613,-0.00853589885004307,0,0,0,0,0,-0.0359333480766456,0,0,-0.00687467384700281,0,0,0,-0.00740446156996768,-0.0217731148329031,0,0,0,0,-0.0480813838566007,0,-0.00651439941070811,0,0,0,0,-0.00161505657066315,0,-0.0286901524555839,0,0,0,0,0,-0.00163038899241722,0,-0.0303509603814454,0,0,0,0,-0.0190298441256241,-0.0266530139361779,0,0,0,0,0,0,0,0,0,-0.0299776496986876,0,0,0,0,0,0,0,0,0,-0.00325129377889582,0,0,-0.0275274185220729,-0.0140229917002666,-0.00494893745602447,0,0,-0.0158488384779033,0,-0.00204001058842119,0,0,-0.0067851053465887,0,0,0,0,0,-0.00167223731875243,0,0,0,0,0,0,-0.0325724836275502,-0.02025013183424,0,0,0,-0.0203605709626041,-0.0136521441311961,0,-0.00659466757802161,0,0,-0.0399471461397918,0,0,0,-0.0362346414451352,-0.0382502970274339,0,0,0,-0.0293860390855286,0,0,0,-0.0212482234284126,-0.014242923525199,-0.023656218082482,-0.000240631710121723,-0.0123142361256579,-0.0453278397174201,-0.0165085256321397,0,0,0,0,0,-0.00661927754685185,0,0,-0.0397733870423614,0,-0.00552929691964582,0,0,0,-0.00946134599685182,0,-0.0153648115353041,-0.0305359653395818,-0.00994348679921587,0,0,1.20106543979708,-0.0413303406939859,0,0,-0.0662058699049297,-0.00904737903174479,-0.0262369766565271,0,-0.0407616515777115
"Zfp341",0,0,0,0,0,0,0,0,0,0,0,0,0,0,0,0,-0.0134245504671522,0,0,-0.0891991354912279,0,0,0,0,0,0,0,0,-0.0102192725568544,0,0,0,0,0,0,0,0,0,0,0,0,0,0,0,0,0,0,0,0,0,0,0,-0.0547451984344249,0,0,0,0,0,0,0,0,0,0,0,0,0,0,0.0187139209534296,0,0,0,0,0,0,-0.574050253223991,0,0,0,0,0,0,0,0,0,0,0,0,0,0,0,0,0,0,0,0,-0.0094028210532907,0,0,-0.0193764870124486,0,0,-0.152820864771729,0,-0.0277856974746498,0,0,0,0,0,0,0,-0.00379350703957604,-0.715190002617079,-0.0161026987320381,-0.200615427403476,-0.0632773631234337,0,0,0,0,0,0,0,0,-0.0423848764094551,0,-0.0117590573420126,-0.0255554298929829,0,0,0,0,0,0,0,0,0,0,0,0,-0.459337356612502,0,-0.777209264898209,0,0,0,-0.109354693537779,-0.0239415160752498,-0.024999557440927,0,-0.0413429113423088,3.54444699388896,-0.0937679322393441,0,-0.113908281645748,-0.0304850394724596,0,0,0
"Zfp398",0,-0.00453046363299525,0,0,-0.00881896195390829,0,-0.00568812812244264,0,0,0,-0.166549334746366,0,0,-0.00821281093651932,0,0,0,0,0,0,0,0,0,0,-0.00435151424831949,0,0,0,0,-0.0376179069067873,0,0,0,0,0,0,0,0,0,0,0,0,0,0,-0.0250764703425023,0,-0.0150787719207413,0,0,0,0,-0.018740849107324,-0.0412813202391382,0,0,-0.114053670492147,0,0,0,0,0,0,0,-0.00750495371122953,-0.00185241058136987,0,0,0,0,0,0,0,0,0,-0.189146803166647,0,-0.00757620572562906,0,0,0,0,0,0,0,0,0,0,0,0,0,-0.00227188738205546,0,0,0,0,-0.00572031711084772,0,0,0,-0.0244485233216173,0,-0.151741543796379,0,0,0,0,0,0,0,-0.016291817230311,0,0,0,-0.0427636764405621,0,0,0,0,-0.0201754272212912,0,0.0182686301321404,0,0,-0.00442364097827467,-0.0144390362096199,-0.0128838931271652,-0.00586938951484074,-0.0215262611338694,0,0,0,0,0,0,0,0,0,0,0,0,-0.0105842592074056,0,0,0,-0.00974741635385173,-0.24712707654685,-0.0937372178310758,-0.00187849209591917,0,0,0,-0.093772259996392,1.52454198630903,0,0,0,0,0,-0.0206849359487242
"Zfp422",0,0,0,0,0,0,-0.0125464992128601,0,-0.00277192287593344,-0.0102890517308155,0,0,0,-0.00994385387255037,0,0,0,0,0,0,0,0,0,0,0,0,0,0,0,0,0,0,0,0,0,0,-0.397423293249278,0,0,0.0867985935332656,0.00759627167837715,0,-0.0170118480182121,0,0,-0.00525826335165834,0,0,-0.0190234453757354,0,0,0,-0.00543267827240332,-0.0327895543443204,0,-0.0340521739539421,0,0.0303292471431743,0.0858921913861528,0,-0.0105309393324395,-0.0240631595452803,0,0,0,0,0,-0.0155888057836912,0,0,0,0,0,0,0,0,-0.000340673758915598,-0.00803154701792303,0,0,0,0,-0.034240876389371,0,0,0,0,0,0,-0.0348441716044371,0,-0.022959610821105,-0.016052615378242,0,-0.00447992954198344,0,-0.0140492733636415,0,0,0.0384743843285154,-0.00646662068468962,0,-0.0144374631289425,0,0,0,0,0,0,0,0,0,0,0,0,0,0,0,0,-0.380832971027396,-0.148937543947691,0,-0.00540449948893285,0,0,-0.00387866025247782,0,0,0,-0.00746176359704248,0,0,0,-0.00564185966777869,-0.00850500682319293,-0.00389972373293044,0,0,0,0,0,0,0,0,0,0,0,0,0,-0.477905754428806,0,0,0,1.73722273756463,0,0,0,0,0
"Zfp566",0,0,0,0,0,0,0,0,0,0,0.0025391400055925,0,0,0,0,0,0,0,-0.00729306804318952,-0.0902857828567786,0,-0.0342667081423118,0,0,0,0,0,0,0,0,0,0,-0.103983115787118,0,0,0,0,0,0,0,0,0,0,0,0,0,0,0,0,0,0,0,-0.00498914640298562,0,0,0,0,0,0,0,0,0,0,0,0,0,0,0,0,-0.037302566713347,0,0,0,0,0.0136783473874895,-0.069379060539841,-0.0402594642745339,0,0,0,-0.00843769261695709,-0.0103615025706312,0,0,0,0,0,0,0,0,0,0,0,0,-0.130803062852156,0,0,0,0,0,0,0,0,-0.0467279328561956,0,0,0,0,0,0,0,0,0,-0.0513738776795648,-0.359846178582428,0,0,0,0,0,0,0,0,-0.0163827077784578,-0.066328041847192,0,0,0,0,0,-0.0694601850972577,0,0,0,0,-0.0291430382194968,0,0,0,0,-0.389052088886785,-0.0140003888895784,-0.0449043627990825,0,0,0,-0.040190482905978,0,0,0,-0.0662059025524107,-0.113894236000087,0,0,2.05713786221392,-0.156643507286404,-0.0103345914831724,0,-0.134158303414891
"Zfp64",0,0,0,-0.0138341915579972,0,0,0,0,0,0,0,0,0,0,-0.00649977304643167,0,0,0,-0.0210081009968583,-0.052349916908033,0,-0.0653309474813878,0,-0.016327011609289,0,0,0,0,0,0,0,0.0125867690821531,0,0,0,0,0,0,0,0,0,0,0,0,0,0,-0.0307959779688824,0,0,0,0,0,-0.0240215963973394,0,0,0,0,0,0,0,0,0,0,-0.0225388719023321,0,0,0,0,0,0,0,0,0,0,0,-0.119758726812028,-0.112127550916508,0,0,0,-0.0310999589341051,-0.0221391975962019,0,0,0,0,0,0,-0.0233940172233645,0,0,0,0,0,-0.054477609988059,0,0,0,-0.00901475877061345,0,0,0,0,-0.100259227401404,0,0.0167873514006275,0,0,0,0,-0.00526842937515531,0,-0.0109760081685236,0,-0.333631201535432,0,0,0,0,0,0,0,0,0,-0.0066318776128909,0,0,0,0,0,-0.0391783392156606,0,0,0,0,0,0,0,0,0,0,0,0,0,0,0,-0.00851773397405584,-0.0461660470538062,0,0,-0.00904838158183748,-0.0304757082178253,0,0,-0.156648253701113,1.62291827215214,-0.0978969380600857,0,-0.103996114308257
"Zfp692",-0.00774653978360519,0,0,0,0,0,0,0,0,0,0,0,0,0,0,0,-0.00312906276437314,0,0,0,-0.018903793294194,0,0,-0.0139821999758298,-0.00483542512758696,0,0,-0.00416856234616046,0,0,0,0,0,0,0,0,0,0,0,0,0,0,0,0,0,0,-0.000142115586812894,0,0,0,0,-0.0162134147953648,-0.0016932401141929,0,0,0,0,0,0,0,0,0,0,-0.0178311106588322,0,-0.0409106710255966,-0.0405983314307958,-0.0575617611526018,0,0,0,-0.0594043503416594,0,0,0,-0.00795932527935704,-0.0523997054190277,0,0,0,-0.0377322245348414,-0.0468368064066109,0,0,0,0,0,0,0,0,-0.0160153336923708,-0.0264986500812356,0,0,-0.0015530560008517,-0.0514699312590362,0,0,0,0,0,0,-0.0190578998021145,-0.016841131132259,0,0,0,0,0,-0.00876106550026824,-0.0149189466169487,-0.00295555510431892,0,-0.00261481498843959,-0.0500253949486677,0,-0.00223589675385201,0,0,0,0,-0.0144547302423354,0,0,0,0,-0.022942200564014,-0.00351188410275389,0,0,0,0,0,0,0,0,0,0,0,0,0,-0.0139975451429228,0,-0.0141386540889333,0,0,0,-0.0280546610914625,0,0,-0.0262383643441155,0,0,0,-0.0103342533084016,-0.097896418279761,1.24720625561128,0,-0.0892936548787935
"Zfp740",0,0,0,-0.00272123575644991,-0.00432739817148244,-0.025820622493959,-0.0144680946641673,0,0,0,0,0,0,0,0,0,0,0,0,0,0,-0.00576299066263247,-0.0254533043533717,0,0,0,0,0,0,0,0,0,-0.00690914612022076,0,0,0,0,0,0,0,0,0,0,0,-0.0342157829025857,0,-0.0244479978807389,0,0,0,0,0,0,0,0,0,0,-0.020866322921643,0,0,0,0,0,-0.074828355407037,0,0,0,0,0,0,0,0,-0.00470306913127628,0,0,0,0,0,0,0,0,0,0,0,0,-0.00601955459142638,0,0,0,0,0,-0.0227878866875263,0,0,0,0,-0.00122089714222554,0,-0.000934712348540995,-0.00219637891816601,0,0,0,0,-0.00913628969002563,0,0,0,0,0,-0.00507529618920533,0,0,0,0,0,0,-0.0108383536530138,-0.00111345148676525,0,0,0,0,0,0,-0.0100823929075996,-0.00677112685602672,0,0,0,0,0,0,0,0,0,0,-0.00261724127717592,0,0,0,-0.00755263220605508,-0.0137466178161785,0,0,-0.0141983015292397,0,-0.0244181326224304,-0.481361881295507,0,0,0,0,0,0,0,0,1.28280877705319,0
"Zfx",0,0,0,0,0,0,0,0,0,0,0,0,0,0,-0.015190927487701,0,-0.0233174954896283,0,-0.0526499116493864,-0.0148620332373513,-0.0974602846024725,-0.0405538501300197,0,0,0,0,0,0,0,0,0,0,-0.036094603181534,0,0,0,0,0,0,0,0,0,0,0,0,-0.000292248599821191,-0.00986696603655324,0,0,0,0,-0.0374109499343522,-0.0348979415654102,0,0,0,0,0,0,0,0,0,0,-0.0012022396075674,0,-0.0271153796986346,-0.0441370391484961,-0.0129234623020855,0,0,-0.00108787696153557,-0.0602462828340392,0,-0.000901723299849341,0,-0.0341696842796728,-0.0499725484241746,0,0,0,0,0,0,0,0,0,0,0,-0.00601194986145345,0,0,0,0,0,-0.0957801244112057,-0.0198300453243612,0,0,-0.0169076178586767,0,0,0,0,-0.0689656205201684,0,0,0,0,0,0,0,0,-0.0371398644396634,-0.0600865689785937,-0.322562139837851,0,-0.0112146760559917,-0.00747416811811208,0,0,0,0,0,0,-0.0739771060272051,0,0,-0.00211104987639566,0,0,0,0,0,0,-0.00287103176252471,-0.0161053746982663,0,-0.0164258012538957,0,0,0,0,0,-0.0343311691946543,-0.0533176895591241,0,0,-0.0116815860914531,0,0,-0.0407632497128018,0,-0.0206905825044732,0,-0.13415233435074,-0.103986605345339,-0.0892875281616255,0,1.76803476167965
